celebrity_name,season,trend_mean,trend_max,trend_min,trend_std,trend_median,trend_sum,trend_range,trend_peak_count,trend_above_50_days,trend_above_25_days,trend_zero_days,total_days,data_quality,trend_q25,trend_q75,trend_iqr,trend_skewness,trend_kurtosis,trend_cv,trend_first_week_mean,trend_last_week_mean,trend_growth_rate,trend_volatility,trend_peak_position,trend_above_mean_ratio,trend_momentum,trend_entropy,trend_vector
AJ McLean,29,15.92,100.0,0.0,23.91,8.0,1130.0,100.0,21,8,10,13,71,good,5.0,12.0,7.0,2.32,4.17,150.26,25.0,2.71,-89.14,33.56,0.01,0.2,-6.98,5.04,"12,100,25,13,8,9,8,0,6,95,17,9,9,6,8,68,12,10,5,7,6,9,63,24,12,7,7,6,4,67,15,12,5,8,9,12,80,16,9,8,8,8,6,40,8,7,0,0,0,5,90,11,8,5,0,0,0,72,17,8,8,4,0,0,8,4,7,0,0,0,0"
Aaron Carter,9,19.72,100.0,5.0,17.33,13.0,1282.0,95.0,17,4,15,0,65,good,9.0,22.0,13.0,2.38,6.56,87.84,30.71,10.43,-66.05,21.11,0.02,0.29,-3.99,5.61,"16,100,28,20,14,18,19,9,48,21,16,10,11,9,7,39,28,22,12,15,11,7,51,37,13,10,8,8,12,38,28,11,9,8,12,9,40,23,13,5,8,13,6,35,48,12,9,14,15,9,56,75,37,14,13,9,8,13,16,9,11,10,13,6,8"
Adam Carolla,6,24.48,100.0,0.0,18.32,20.0,1591.0,100.0,17,7,25,9,65,good,16.0,30.0,14.0,1.47,3.43,74.83,41.0,11.43,-72.13,17.46,0.35,0.38,-20.42,5.61,"27,70,56,45,37,32,20,31,67,56,31,30,15,18,20,51,51,30,20,22,0,25,41,100,45,44,29,14,18,25,19,26,28,0,25,16,14,22,18,20,0,0,26,22,18,16,16,17,0,23,18,21,19,22,0,0,15,20,18,21,9,0,0,13,19"
Adam Rippon,26,17.84,100.0,0.0,14.23,16.0,1017.0,100.0,15,1,10,4,57,good,11.0,21.0,10.0,3.46,17.1,79.78,14.14,18.29,29.29,19.5,0.25,0.35,-5.58,5.48,"13,30,25,15,16,0,0,17,21,21,18,16,16,21,100,12,17,16,16,17,11,41,14,16,16,23,19,32,29,13,10,12,11,31,12,31,20,10,10,0,16,12,9,8,9,8,10,0,19,30,13,22,19,9,11,9,45"
Adrian Peterson,32,13.0,100.0,4.0,15.09,9.0,741.0,96.0,15,3,5,0,57,good,7.0,13.0,6.0,4.04,18.15,116.06,27.43,5.43,-80.21,19.71,0.02,0.21,-10.74,5.3,"15,100,26,16,12,13,10,8,51,16,12,13,14,8,8,44,12,7,8,10,7,7,51,15,8,10,9,7,9,8,6,7,8,11,14,14,13,7,9,11,12,6,9,9,7,5,5,6,5,5,5,5,5,4,6,8,5"
Aiden Turner,10,4.97,100.0,0.0,15.5,0.0,323.0,100.0,65,2,2,51,65,good,0.0,0.0,0.0,4.68,23.31,311.92,15.0,0.0,-100.0,18.63,0.35,0.22,-10.09,3.13,"8,69,11,0,5,0,12,0,23,12,0,0,0,0,0,20,8,0,0,0,0,0,22,100,20,7,0,0,0,6,0,0,0,0,0,0,0,0,0,0,0,0,0,0,0,0,0,0,0,0,0,0,0,0,0,0,0,0,0,0,0,0,0,0,0"
Albert Reed,5,6.35,100.0,0.0,17.58,0.0,413.0,100.0,17,3,5,48,65,good,0.0,4.0,4.0,3.72,14.2,276.68,36.14,0.0,-100.0,14.61,0.03,0.18,-12.91,3.35,"19,49,100,51,12,11,11,10,29,75,15,8,6,0,4,4,5,0,4,0,0,0,0,0,0,0,0,0,0,0,0,0,0,0,0,0,0,0,0,0,0,0,0,0,0,0,0,0,0,0,0,0,0,0,0,0,0,0,0,0,0,0,0,0,0"
Alek Skarlatos,21,16.47,100.0,3.0,20.84,8.0,1186.0,97.0,18,5,14,0,72,good,5.75,15.25,9.5,2.46,5.84,126.52,27.57,18.0,-34.72,27.64,0.01,0.24,-7.22,5.4,"5,100,46,15,12,9,6,5,49,39,8,5,6,6,4,36,7,10,36,16,9,9,37,11,35,19,11,8,8,96,22,9,9,8,7,5,32,9,4,3,5,4,3,22,8,5,3,6,7,4,50,10,5,4,4,6,4,29,9,6,6,9,6,6,68,12,6,7,5,7,6,83"
Alexa PenaVega,21,13.58,100.0,2.0,19.86,6.0,978.0,98.0,18,4,9,0,72,good,4.0,11.25,7.25,2.95,8.83,146.24,28.43,5.86,-79.4,25.42,0.01,0.22,-3.28,5.24,"12,100,48,14,6,8,11,6,51,43,9,9,8,8,4,22,5,3,3,4,4,3,24,8,6,3,5,5,4,76,13,6,4,3,6,4,47,11,6,4,6,4,4,23,5,5,4,3,3,4,32,5,4,3,4,6,3,100,31,21,10,9,7,6,19,5,3,2,4,4,5,18"
Alexandra Raisman,16,11.95,100.0,0.0,23.0,0.0,777.0,100.0,17,7,12,41,65,good,0.0,14.0,14.0,2.3,4.84,192.41,21.14,12.0,-43.24,30.24,0.02,0.28,-3.35,4.09,"15,100,33,0,0,0,0,5,51,15,0,6,0,0,0,34,12,0,0,0,0,0,98,27,0,0,0,0,0,35,6,0,0,0,0,0,35,9,6,0,0,0,0,54,14,0,6,0,0,0,64,14,0,0,0,0,0,54,16,0,0,0,0,0,68"
Alexis Ren,27,23.87,100.0,9.0,14.85,21.0,1695.0,91.0,18,4,24,0,71,good,14.5,27.0,12.5,2.5,8.59,62.21,22.57,25.29,12.03,13.61,0.59,0.38,1.27,5.93,"11,45,31,24,23,15,9,11,31,20,25,25,58,46,41,49,26,21,15,25,29,18,13,11,12,10,10,13,9,16,24,34,21,23,19,14,17,12,11,11,10,53,100,65,29,18,14,15,23,21,23,18,12,11,18,17,19,38,22,28,23,17,26,20,35,29,26,19,24,28,16"
Alfonso Ribeiro,19,12.29,100.0,2.0,17.66,5.0,885.0,98.0,19,4,10,0,72,good,3.0,12.0,9.0,2.94,9.2,143.69,19.86,11.71,-41.01,20.78,0.31,0.22,-4.19,5.25,"3,69,36,11,7,7,6,5,29,11,4,2,3,2,2,19,4,3,3,4,2,3,100,59,24,15,12,8,11,26,8,5,4,5,3,3,26,10,5,4,4,4,4,33,8,3,2,3,3,3,13,3,3,3,3,2,3,17,7,5,6,12,11,18,67,12,6,5,6,3,4,46"
Alix Earle,34,38.17,100.0,20.0,14.05,34.0,2977.0,80.0,20,14,70,0,78,good,28.25,42.75,14.5,1.76,3.93,36.81,37.14,34.86,-6.15,10.68,0.29,0.29,-3.97,6.2,"34,28,30,35,34,43,56,70,52,33,35,37,34,38,42,37,27,26,30,34,34,33,64,100,73,53,50,45,36,32,38,31,29,38,31,36,26,28,34,47,60,50,54,56,47,42,38,33,28,28,26,23,24,27,30,34,30,33,38,38,74,65,38,34,29,23,24,20,23,23,28,23,36,48,44,40,28,25"
Ally Brooke,28,15.08,100.0,2.0,22.74,7.0,1071.0,98.0,18,8,10,0,71,good,5.0,9.5,4.5,2.47,4.92,150.75,20.57,19.86,-3.47,33.21,0.41,0.17,-3.72,5.14,"8,94,16,8,6,7,5,5,58,13,7,4,4,5,4,80,13,7,6,6,6,5,51,8,7,3,5,7,4,100,14,10,5,7,6,5,44,7,5,4,5,5,2,26,5,3,3,7,3,2,69,10,7,5,6,4,9,64,11,5,2,5,8,7,83,20,7,6,7,8,8"
Alyson Hannigan,32,15.19,100.0,4.0,17.7,9.0,866.0,96.0,17,4,8,0,57,good,7.0,12.0,5.0,2.95,9.1,116.5,24.43,18.57,-23.98,25.38,0.02,0.19,0.17,5.22,"11,100,24,12,11,7,6,9,37,14,10,7,7,5,6,51,11,7,10,6,5,4,31,8,7,6,5,6,6,64,16,11,20,9,9,9,36,12,8,13,7,5,7,37,9,6,9,7,6,7,68,12,8,14,11,8,9"
Amanda Kloots,30,11.73,100.0,1.0,18.96,5.0,751.0,99.0,17,3,8,0,64,good,3.0,8.0,5.0,3.21,10.34,161.6,21.57,20.71,-3.97,26.16,0.02,0.2,-5.72,4.94,"4,100,21,8,7,5,6,6,75,16,7,5,4,5,6,42,10,6,4,4,3,4,30,24,7,4,3,3,3,34,7,4,3,3,2,2,25,5,3,3,2,2,2,19,4,4,3,2,1,3,29,7,4,4,2,2,3,87,22,9,7,7,5,8"
Amber Riley,17,11.04,100.0,0.0,15.43,5.5,795.0,100.0,19,3,8,1,72,good,4.0,9.0,5.0,3.69,15.59,139.71,25.57,14.29,-44.13,20.02,0.01,0.21,-2.42,5.38,"6,100,32,16,9,9,7,7,54,8,5,7,6,5,4,15,4,6,4,5,3,5,26,7,5,15,7,7,5,21,8,5,5,6,5,2,17,5,3,4,5,3,4,26,11,8,7,5,4,14,26,8,4,4,4,5,3,24,5,4,0,4,4,2,41,9,4,5,6,6,5,65"
Amber Rose,23,17.76,100.0,5.0,16.7,11.0,1279.0,95.0,19,4,13,0,72,good,8.0,18.0,10.0,2.61,7.88,94.04,27.0,6.86,-74.6,19.79,0.01,0.26,-14.36,5.72,"12,100,28,15,12,12,10,11,47,45,16,17,15,11,10,39,45,18,30,34,36,24,73,39,17,13,11,11,10,51,16,11,13,20,16,10,55,22,11,18,19,11,10,11,10,8,11,10,8,10,15,9,6,6,7,7,5,8,6,7,12,8,8,7,8,7,6,7,7,8,6,7"
Amy Purdy,18,15.32,100.0,2.0,22.17,6.0,996.0,98.0,20,8,11,0,65,good,4.0,9.0,5.0,2.17,3.66,144.69,19.0,15.43,-18.8,30.96,0.66,0.2,0.33,5.01,"7,80,19,10,6,6,5,8,54,8,4,3,3,3,2,54,16,8,4,3,3,2,74,8,4,5,4,4,3,61,9,5,4,3,3,3,47,8,4,4,4,3,15,100,26,14,9,9,7,8,44,8,5,4,4,5,5,57,9,6,4,6,4,8,71"
Andy Dick,16,12.46,100.0,2.0,18.81,5.0,810.0,98.0,18,3,8,0,65,good,4.0,9.0,5.0,3.08,9.94,150.94,25.43,3.0,-88.2,22.38,0.34,0.23,-10.79,5.06,"9,92,50,11,6,5,5,4,48,27,8,5,4,6,5,37,19,7,5,6,5,3,100,39,7,6,6,5,4,20,15,5,3,4,4,3,17,23,5,4,3,5,2,23,49,13,6,9,7,4,4,4,4,5,5,3,3,3,3,3,3,3,3,2,4"
Andy Grammer,21,20.06,100.0,8.0,21.17,12.0,1444.0,92.0,24,7,10,0,72,good,10.0,15.0,5.0,2.49,5.14,105.55,31.29,10.57,-66.21,28.26,0.01,0.18,-9.61,5.64,"12,100,46,14,15,19,13,9,90,58,19,14,18,13,14,72,15,12,10,11,12,8,62,21,12,13,15,11,11,79,17,14,10,12,15,9,45,15,13,11,12,9,10,44,22,11,8,10,10,9,92,22,15,13,12,9,10,10,8,9,10,10,8,9,9,8,10,11,15,11,9,10"
Andy Richter,34,11.86,100.0,0.0,26.33,0.0,925.0,100.0,78,11,14,64,78,good,0.0,0.0,0.0,1.97,2.42,222.06,25.71,14.29,-44.44,36.79,0.96,0.18,0.69,3.76,"69,61,0,50,0,0,0,0,0,0,0,87,0,0,0,54,0,0,0,0,47,0,0,0,0,81,0,0,0,0,0,0,0,0,0,0,0,0,0,0,0,0,0,0,0,0,0,0,0,0,0,0,0,0,0,0,0,48,48,0,0,0,91,0,67,60,0,0,62,0,0,0,0,0,0,100,0,0"
Anna Delvey,33,8.61,100.0,1.0,17.24,2.0,611.0,99.0,18,2,5,0,71,good,2.0,5.5,3.5,3.91,16.31,200.3,34.57,1.86,-94.63,17.47,0.01,0.21,-14.02,4.73,"8,100,40,31,22,21,20,13,92,43,24,19,16,12,9,9,8,5,5,6,4,4,4,3,3,4,4,3,3,4,2,2,2,3,2,2,3,2,2,2,3,2,2,2,2,2,2,2,1,1,1,1,1,1,2,1,1,1,1,1,2,2,2,1,2,2,1,2,2,2,2"
Anne Heche,29,8.82,100.0,1.0,18.44,3.0,626.0,99.0,18,3,5,0,71,good,2.0,6.5,4.5,3.87,14.77,209.16,21.86,2.71,-87.58,23.64,0.31,0.14,-13.32,4.73,"7,98,19,10,7,7,5,3,3,65,11,7,5,6,4,49,7,5,3,4,3,3,100,39,14,14,8,5,4,8,7,5,4,3,3,3,3,3,2,2,4,3,2,2,1,6,1,2,3,1,2,1,1,1,1,2,2,2,1,2,2,3,2,2,2,2,2,2,6,2,3"
Antonio Brown,22,17.77,100.0,7.0,17.41,11.0,1155.0,93.0,17,4,9,0,65,good,10.0,16.0,6.0,3.17,10.01,97.99,22.71,12.29,-45.91,24.91,0.23,0.23,-5.07,5.59,"11,78,20,14,12,12,12,10,57,23,18,10,11,11,11,100,21,14,14,16,11,13,32,14,9,10,9,10,10,36,12,10,9,10,11,9,33,14,14,19,17,10,9,29,14,10,9,9,9,9,36,14,11,9,8,8,7,81,20,14,11,12,9,9,11"
Antonio Sabato Jr.,19,2.61,100.0,0.0,15.48,0.0,188.0,100.0,72,2,2,70,72,good,0.0,0.0,0.0,5.79,31.62,592.85,0.0,0.0,0.0,22.36,0.49,0.03,-5.22,1.0,"0,0,0,0,0,0,0,0,0,0,0,0,0,0,0,0,0,0,0,0,0,0,0,0,0,88,0,0,0,0,0,0,0,0,0,100,0,0,0,0,0,0,0,0,0,0,0,0,0,0,0,0,0,0,0,0,0,0,0,0,0,0,0,0,0,0,0,0,0,0,0,0"
Apolo Anton Ohno,4,15.78,100.0,0.0,25.66,0.0,2051.0,100.0,33,16,34,84,130,good,0.0,26.75,26.75,1.61,1.63,162.62,14.86,17.14,15.38,30.86,0.49,0.35,-6.66,5.32,"0,83,21,0,0,0,0,19,42,33,0,0,0,0,0,22,30,0,0,0,0,0,48,17,0,0,0,0,0,58,86,0,0,29,0,0,69,51,17,0,0,0,0,67,39,0,0,0,0,0,44,74,22,0,0,0,0,69,81,44,27,0,28,22,100,0,77,50,0,0,0,0,0,46,0,20,0,0,0,0,27,29,0,0,0,0,0,48,18,0,0,0,0,0,26,48,0,0,0,0,0,59,34,0,0,0,0,21,51,0,0,0,0,0,0,30,18,0,0,0,0,0,87,100,20,0,0,0,0,0"
Ariana Madix,32,14.09,100.0,4.0,15.88,8.0,803.0,96.0,17,1,8,0,57,good,6.0,13.0,7.0,3.3,13.15,112.76,26.86,11.71,-56.38,20.48,0.02,0.23,-2.0,5.26,"6,100,46,13,10,8,5,7,35,13,7,9,6,5,5,38,11,6,5,5,5,7,32,12,9,7,5,6,6,47,14,8,6,5,5,4,23,10,7,11,7,8,9,46,18,15,15,12,13,9,32,18,8,7,5,6,6"
Arike Ogunbowale,26,1.75,100.0,0.0,13.13,0.0,100.0,100.0,57,1,1,56,57,good,0.0,0.0,0.0,7.35,52.02,748.33,0.0,0.0,0.0,18.9,0.44,0.02,-3.57,-0.0,"0,0,0,0,0,0,0,0,0,0,0,0,0,0,0,0,0,0,0,0,0,0,0,0,0,100,0,0,0,0,0,0,0,0,0,0,0,0,0,0,0,0,0,0,0,0,0,0,0,0,0,0,0,0,0,0,0"
Ashley Hamiliton,9,3.66,100.0,0.0,16.34,0.0,238.0,100.0,65,2,2,57,65,good,0.0,0.0,0.0,5.26,26.48,446.39,32.71,0.0,-100.0,20.77,0.02,0.12,-7.44,2.04,"7,100,13,88,13,8,0,0,4,5,0,0,0,0,0,0,0,0,0,0,0,0,0,0,0,0,0,0,0,0,0,0,0,0,0,0,0,0,0,0,0,0,0,0,0,0,0,0,0,0,0,0,0,0,0,0,0,0,0,0,0,0,0,0,0"
Audrina Patridge,11,14.75,100.0,4.0,15.92,9.0,959.0,96.0,17,2,10,0,65,good,7.0,16.0,9.0,3.23,12.27,107.92,17.86,5.71,-68.0,18.44,0.57,0.26,-3.93,5.49,"16,44,31,9,8,10,7,8,69,28,12,9,8,11,7,37,20,11,9,7,8,10,42,16,9,9,7,9,6,33,18,8,9,7,7,9,21,100,39,30,20,12,13,16,12,8,5,9,7,6,6,11,6,5,6,7,5,7,7,4,7,5,6,6,5"
Babyface,23,8.46,100.0,2.0,13.7,5.0,609.0,98.0,18,2,5,0,72,good,4.0,6.25,2.25,4.93,27.27,161.98,22.43,4.86,-78.34,17.23,0.01,0.17,-9.03,5.32,"5,100,21,10,9,7,5,5,58,28,9,9,8,5,6,18,29,8,5,7,5,4,23,27,6,5,6,4,4,5,4,4,4,5,5,4,4,4,4,8,6,5,3,3,3,3,3,4,4,3,3,3,3,4,4,4,4,3,2,3,4,5,3,3,3,3,4,4,7,6,5,5"
Barbara Corcoran,25,4.77,100.0,1.0,13.58,2.0,310.0,99.0,18,2,2,0,65,good,1.0,3.0,2.0,5.91,36.24,284.82,20.0,1.43,-92.86,17.91,0.02,0.15,-6.79,4.24,"2,100,17,7,5,5,4,4,51,12,5,2,4,2,4,2,2,2,2,2,1,9,4,3,1,1,2,2,2,2,1,1,1,1,1,1,2,1,1,2,1,1,2,2,1,1,1,1,1,1,1,3,5,1,1,1,2,1,1,1,1,1,1,2,3"
Baron Davis,34,24.95,100.0,0.0,28.63,0.0,1946.0,100.0,20,25,36,42,78,good,0.0,51.75,51.75,0.56,-0.99,114.77,36.14,37.14,2.77,39.63,0.06,0.46,3.69,5.12,"54,0,0,38,0,100,61,53,64,0,45,0,53,0,37,0,37,0,0,0,0,0,0,0,44,0,0,0,0,56,41,58,0,52,0,0,57,51,0,0,76,51,0,0,51,0,0,0,37,41,50,0,0,0,73,0,95,0,0,0,0,0,52,66,36,53,54,0,0,0,50,46,53,58,62,0,0,41"
Barry Williams,32,11.51,100.0,1.0,17.88,4.0,656.0,99.0,15,2,10,0,57,good,3.0,9.0,6.0,3.02,10.34,155.36,21.57,24.86,15.23,23.95,0.02,0.23,-0.61,4.76,"4,100,18,8,9,7,5,4,32,7,5,4,3,3,2,26,4,3,3,3,2,2,39,17,10,5,4,2,2,35,7,4,3,3,2,2,26,4,3,2,2,1,1,33,7,4,3,3,2,2,73,34,34,22,5,3,3"
Belinda Carlisle,8,4.33,100.0,0.0,13.76,0.0,312.0,100.0,18,2,3,47,72,good,0.0,4.25,4.25,5.43,31.94,317.49,9.57,0.71,-92.54,14.11,0.12,0.25,-7.67,3.54,"7,37,6,5,0,5,7,0,52,100,18,6,5,10,5,6,5,3,0,0,0,0,0,0,0,0,0,5,0,0,3,0,4,5,0,0,3,0,0,0,0,0,0,0,0,3,0,0,0,0,0,0,0,0,0,0,0,0,0,3,4,0,0,0,0,0,0,5,0,0,0,0"
Bethany Mota,19,27.28,100.0,13.0,17.3,21.0,1964.0,87.0,19,7,25,0,72,good,17.0,27.0,10.0,2.26,5.0,63.41,33.57,31.43,-6.38,23.53,0.99,0.24,-1.0,5.95,"22,83,43,21,18,25,23,17,53,25,17,15,23,21,14,47,18,15,13,20,22,13,52,27,21,19,32,27,44,71,24,20,19,30,25,21,43,18,18,15,24,26,16,43,18,16,14,19,21,14,43,17,17,25,32,29,15,70,20,16,16,25,24,15,75,19,19,14,23,24,21,100"
Betsey Johnson,19,13.42,100.0,5.0,17.64,8.0,966.0,95.0,24,4,6,0,72,good,7.0,10.0,3.0,3.62,12.29,131.49,25.86,8.29,-67.96,22.58,0.11,0.11,-11.89,5.52,"15,77,46,13,10,10,10,7,100,30,12,9,10,10,9,64,12,7,9,10,10,9,85,16,12,10,8,9,12,10,9,7,6,8,9,7,7,8,7,6,8,7,6,7,7,5,6,6,8,7,6,7,8,8,7,8,7,7,8,7,9,8,10,8,8,8,9,7,8,10,8,8"
Bill Engvall,17,12.0,100.0,2.0,17.84,5.0,864.0,98.0,21,6,10,0,72,good,4.0,9.0,5.0,2.88,8.51,148.68,11.86,22.43,89.16,23.79,0.99,0.17,3.67,5.22,"5,51,9,4,5,5,4,3,54,8,6,3,5,4,4,26,6,5,4,5,3,4,35,6,5,4,3,3,4,57,9,5,2,4,4,2,21,5,4,2,5,3,3,28,10,5,3,5,3,4,42,8,9,5,6,3,4,52,11,9,6,5,5,6,69,15,11,6,9,9,7,100"
Bill Nye,17,11.42,100.0,4.0,13.48,8.0,822.0,96.0,19,2,4,0,72,good,6.75,10.0,3.25,4.66,24.97,118.07,30.29,6.29,-79.25,15.71,0.01,0.19,-8.61,5.65,"11,100,35,23,18,13,12,11,48,23,14,12,9,8,9,52,22,14,11,9,7,8,10,8,8,8,5,7,8,8,8,7,6,4,5,5,7,6,7,7,4,5,7,7,6,6,8,4,6,7,9,9,9,18,10,7,6,8,9,8,7,5,5,7,8,8,7,7,4,4,6,8"
Billy Dee Williams,18,7.31,100.0,0.0,16.56,2.0,475.0,100.0,22,3,3,2,65,good,2.0,5.0,3.0,4.44,19.58,226.61,18.57,2.0,-89.23,21.72,0.12,0.15,-10.41,4.51,"4,83,18,8,7,6,4,5,100,18,9,5,5,5,4,51,16,6,3,9,5,5,5,2,2,1,2,2,1,3,7,2,1,0,2,1,3,0,2,1,2,2,1,7,8,3,2,2,3,2,2,4,2,2,1,2,1,2,4,2,2,1,2,2,1"
Billy Ray Cyrus,4,19.97,100.0,0.0,18.65,17.0,1298.0,100.0,17,5,17,13,65,good,12.0,25.0,13.0,2.09,5.81,93.42,28.57,9.29,-67.5,22.99,0.02,0.4,2.09,5.44,"22,100,27,19,15,0,17,0,58,25,17,16,0,0,18,38,22,22,0,20,0,0,32,25,13,14,18,0,0,36,31,0,12,19,0,15,24,29,11,15,19,26,13,52,20,21,11,23,17,16,64,86,36,15,25,25,22,12,12,12,12,16,0,0,13"
Bindi Irwin,21,19.18,100.0,4.0,20.23,10.0,1381.0,96.0,18,6,18,0,72,good,7.0,21.25,14.25,2.13,4.38,105.45,27.14,20.29,-25.26,24.81,0.99,0.26,-1.47,5.58,"9,88,46,16,12,11,8,10,45,46,13,9,10,8,11,32,10,6,4,5,4,4,82,50,27,16,15,13,9,45,11,7,10,10,8,7,61,19,12,9,9,6,11,36,25,8,7,6,5,5,31,12,38,37,20,13,8,51,16,8,7,6,8,9,39,12,7,5,6,5,7,100"
Bobby Bones,27,28.1,100.0,10.0,15.6,24.0,1995.0,90.0,20,5,35,0,71,good,18.5,33.0,14.5,2.3,6.79,55.52,24.43,22.57,-7.6,17.72,0.11,0.35,-7.07,5.97,"26,47,25,27,23,13,10,26,100,51,73,41,23,19,35,34,43,55,25,16,16,22,48,37,38,26,18,15,19,23,31,38,35,14,17,20,24,33,23,24,13,13,24,31,23,34,24,14,15,13,33,27,31,35,20,14,18,28,30,82,28,20,13,21,33,29,25,22,15,13,21"
Bonner Bolton,24,9.42,100.0,1.0,15.42,4.0,612.0,99.0,17,2,6,0,65,good,3.0,8.0,5.0,3.95,17.77,163.73,28.57,3.0,-89.5,19.25,0.02,0.18,-8.72,5.02,"7,100,37,23,14,10,9,9,60,13,7,5,5,4,4,26,6,5,4,4,3,4,30,8,6,4,5,3,2,17,5,4,3,3,2,2,17,4,3,2,2,2,2,9,4,3,2,2,1,2,44,9,4,7,5,5,3,6,6,3,2,3,2,2,3"
Brandy,11,22.0,100.0,13.0,11.44,19.0,1430.0,87.0,20,1,14,0,65,good,17.0,22.0,5.0,5.09,30.81,51.99,20.14,40.71,102.13,11.52,0.89,0.23,7.02,5.9,"19,33,22,16,15,18,18,15,21,20,13,16,18,20,16,21,17,14,17,18,19,16,25,17,16,18,20,16,15,22,21,18,18,19,20,17,25,21,16,16,22,19,17,26,19,18,20,21,25,17,30,25,19,19,22,22,18,44,100,45,31,29,28,24,28"
Brant Daugherty,17,6.54,100.0,1.0,13.68,2.0,471.0,99.0,19,1,5,0,72,good,2.0,5.0,3.0,4.97,28.56,209.16,20.43,1.14,-94.41,18.45,0.01,0.19,-6.58,4.82,"8,100,14,7,5,5,4,5,45,8,4,3,4,3,3,30,10,4,2,3,3,2,28,5,3,3,2,2,2,22,5,3,2,2,1,2,14,3,2,2,2,2,1,10,2,2,1,2,2,2,34,7,4,2,2,2,2,2,1,1,1,1,1,1,1,1,1,1,1,1,1,2"
Brian Austin Green,30,9.64,100.0,1.0,15.06,5.0,617.0,99.0,16,1,6,0,64,good,2.75,9.25,6.5,3.97,18.71,156.18,26.29,2.14,-91.85,17.76,0.02,0.25,-13.59,5.05,"7,100,33,19,10,9,6,7,49,13,7,6,7,6,5,38,10,5,5,6,6,6,31,42,17,13,15,13,12,11,7,5,7,5,4,4,5,3,3,3,4,4,3,4,2,2,2,2,2,2,2,3,2,2,1,3,2,2,2,2,1,2,3,3"
Bristol Palin,11,15.95,100.0,2.0,20.53,9.0,2073.0,98.0,35,11,21,0,130,good,5.0,15.0,10.0,2.63,6.54,128.72,17.29,3.14,-81.82,19.22,0.45,0.24,3.49,6.25,"6,52,31,11,9,7,5,5,28,21,8,4,4,3,3,12,12,6,4,4,3,4,16,12,8,3,4,3,4,15,15,5,4,5,3,4,13,13,5,4,4,2,4,13,18,13,7,5,4,5,17,29,15,9,6,7,11,27,100,74,41,28,20,27,59,11,92,65,15,10,10,9,10,59,69,22,28,19,12,20,100,93,23,14,12,10,13,40,79,30,12,12,10,8,12,10,7,8,7,8,10,11,9,9,8,8,21,13,8,8,6,6,5,7,5,5,6,3,4,4,4,4,5,4,2,3,3,3,3,4"
Brooke Burke,7,21.6,100.0,8.0,19.92,13.0,1404.0,92.0,18,5,18,0,65,good,10.0,26.0,16.0,2.25,4.91,92.22,43.43,30.14,-30.59,21.15,0.02,0.31,-6.57,5.57,"14,100,90,48,16,21,15,10,37,28,13,11,10,9,13,46,26,13,9,9,11,14,42,31,14,9,11,8,11,59,37,13,10,9,9,8,26,23,11,8,10,8,9,32,10,22,11,11,9,9,35,29,13,10,8,11,13,41,60,17,15,14,9,12,84"
Brooks Nader,33,11.06,100.0,1.0,17.42,6.0,785.0,99.0,20,3,7,0,71,good,3.0,10.0,7.0,3.49,12.57,157.59,18.71,3.14,-83.21,20.91,0.41,0.21,-15.22,5.17,"15,67,18,9,8,8,6,5,83,33,15,14,9,13,10,5,5,5,4,6,6,35,48,13,9,10,10,10,7,100,28,13,13,10,7,7,9,5,6,8,8,5,4,4,3,3,3,4,2,2,2,1,3,2,1,2,4,4,3,3,2,2,2,2,3,2,2,3,2,2,8"
Buzz Aldrin,10,9.95,100.0,0.0,15.92,5.0,647.0,100.0,19,3,5,2,65,good,4.0,8.0,4.0,4.01,17.05,159.91,23.0,4.29,-81.37,19.76,0.02,0.22,-9.82,5.09,"15,100,16,8,6,4,12,6,70,25,8,5,4,4,4,33,56,12,5,4,5,6,8,14,9,14,4,5,3,3,5,5,3,3,5,3,3,3,2,3,0,0,3,4,4,3,18,13,9,7,7,3,6,5,6,5,5,16,6,5,3,3,5,4,4"
Calvin Johnson Jr.,23,5.96,100.0,0.0,15.13,0.0,429.0,100.0,72,2,8,57,72,good,0.0,0.0,0.0,3.92,19.12,253.98,10.29,14.29,38.89,18.86,0.99,0.21,0.97,3.61,"0,50,12,10,0,0,0,0,25,16,0,0,0,0,0,12,19,0,0,0,0,0,29,0,0,0,0,0,0,24,0,0,0,0,0,0,28,0,0,0,0,0,0,24,0,0,0,0,0,0,25,0,0,0,0,0,0,27,0,0,0,0,0,0,28,0,0,0,0,0,0,100"
Cameron Mathison,5,6.6,100.0,0.0,14.38,0.0,429.0,100.0,17,1,4,44,65,good,0.0,9.0,9.0,4.39,24.69,217.9,9.14,0.0,-100.0,16.42,0.78,0.32,2.72,4.01,"0,17,28,19,0,0,0,0,19,12,0,0,0,0,0,8,0,0,0,0,0,0,9,14,0,0,0,0,0,22,19,0,0,0,0,0,17,19,0,0,0,0,8,29,20,8,0,0,0,0,25,100,19,9,0,0,0,8,0,0,0,0,0,0,0"
Candace Cameron Bure,18,12.03,100.0,2.0,15.5,6.0,782.0,98.0,17,2,7,0,65,good,4.0,12.0,8.0,3.46,14.7,128.82,29.57,11.43,-61.35,18.76,0.02,0.25,-7.57,5.3,"7,100,46,19,20,7,8,6,57,27,13,8,9,4,4,33,12,7,6,4,6,5,22,6,6,5,4,3,5,35,9,5,4,3,2,4,20,7,9,8,4,5,3,22,8,5,4,5,2,5,23,6,4,2,7,3,5,24,8,4,4,6,8,14,36"
Carlos PenaVega,21,11.38,100.0,0.0,17.67,4.0,819.0,100.0,18,4,10,2,72,good,3.0,7.25,4.25,2.83,8.6,155.37,18.57,18.29,-1.54,22.25,0.99,0.21,1.97,5.11,"5,66,37,6,4,7,5,3,32,31,7,6,4,4,4,16,7,3,2,3,2,0,24,8,4,3,3,3,2,55,7,3,3,0,3,2,52,14,8,4,4,3,3,17,4,3,3,3,3,3,38,5,4,4,3,4,3,46,13,8,4,5,4,5,47,7,4,3,4,5,5,100"
Carole Baskin,29,8.72,100.0,1.0,13.23,5.0,619.0,99.0,19,1,5,0,71,good,2.5,9.0,6.5,4.98,29.77,151.69,29.29,1.86,-93.66,14.27,0.01,0.27,-8.33,5.32,"14,100,38,19,13,12,9,8,10,32,12,8,10,12,13,36,11,7,6,6,8,6,7,5,4,5,5,4,4,8,4,4,4,5,4,4,9,6,5,5,7,6,5,6,6,7,16,26,14,5,2,2,2,3,2,2,1,2,1,2,1,2,1,3,3,2,2,2,1,2,1"
Carson Kressley,13,8.86,100.0,0.0,16.53,4.0,576.0,100.0,19,2,8,23,65,good,0.0,7.0,7.0,3.53,14.37,186.49,19.86,1.43,-92.81,18.19,0.46,0.23,-14.12,4.53,"7,69,37,11,7,5,3,4,29,25,9,4,4,3,3,35,25,6,12,7,3,3,22,14,5,0,4,0,3,36,100,18,5,7,6,0,13,4,0,3,0,0,0,3,5,3,0,0,0,0,4,0,0,0,0,0,0,0,5,0,0,0,0,5,0"
Chad Ochocinco,10,20.52,100.0,5.0,18.69,13.0,1334.0,95.0,18,6,15,0,65,good,9.0,23.0,14.0,2.2,4.78,91.05,22.43,21.14,-5.73,22.99,0.34,0.29,-5.99,5.58,"17,65,19,14,13,11,18,10,59,26,12,12,12,5,10,36,30,13,23,25,13,12,100,46,17,15,15,9,14,50,23,10,10,12,8,7,32,19,11,7,8,6,8,47,31,12,9,8,11,8,41,21,8,9,9,8,13,69,73,23,14,11,9,9,9"
Chaka Khan,21,6.03,100.0,2.0,13.43,3.0,434.0,98.0,24,2,3,0,72,good,2.0,4.0,2.0,5.63,33.32,222.85,24.86,2.57,-89.66,15.86,0.01,0.11,-6.78,4.94,"8,100,37,8,8,7,6,4,56,14,6,5,6,5,4,4,4,3,3,4,3,2,3,3,4,3,4,3,2,3,3,3,3,3,3,2,2,2,3,3,3,3,2,2,2,3,3,3,3,2,2,2,2,3,4,4,2,3,2,2,2,3,3,3,4,2,2,4,3,2,3,2"
Chandler Kinney,33,13.87,100.0,2.0,19.52,7.0,985.0,98.0,18,6,8,0,71,good,4.0,12.0,8.0,2.75,7.06,140.68,20.29,16.86,-16.9,25.74,0.11,0.21,-6.62,5.27,"4,82,20,13,8,10,5,6,100,21,11,11,8,5,4,3,3,4,3,3,3,56,73,21,13,16,11,8,7,34,9,7,7,7,7,7,41,13,7,9,7,4,4,22,9,4,6,5,4,2,2,2,3,2,3,2,2,58,14,9,7,6,5,5,65,14,9,7,6,6,11"
Charity Lawson,32,21.84,100.0,0.0,24.84,14.0,1245.0,100.0,15,7,12,4,57,good,8.0,21.0,13.0,1.96,2.79,113.72,26.71,18.86,-29.41,35.99,0.14,0.25,-0.31,5.12,"20,92,29,22,17,7,0,7,100,23,17,11,9,5,7,97,18,13,0,8,0,5,63,12,10,9,9,6,7,80,18,21,15,8,5,7,47,14,38,31,14,14,15,64,16,34,17,14,8,10,81,15,12,10,6,0,8"
Charles Oakley,29,4.35,100.0,0.0,15.79,1.0,309.0,100.0,22,2,2,31,71,good,0.0,2.0,2.0,5.39,28.21,362.71,20.14,0.14,-99.29,20.53,0.01,0.14,-8.32,3.32,"3,100,17,7,6,5,3,2,2,90,18,7,6,3,4,6,2,2,2,2,1,1,2,1,1,1,1,1,0,1,1,1,0,1,0,0,1,0,0,1,0,0,1,1,0,0,0,0,0,1,1,0,0,0,0,2,0,0,0,0,0,0,0,0,0,0,0,1,0,0,0"
Charli D'Amelio,31,44.92,100.0,28.0,12.94,41.5,2875.0,72.0,18,20,64,0,64,good,36.0,51.0,15.0,1.54,3.55,28.81,54.29,35.29,-35.0,15.73,0.02,0.39,-9.66,5.95,"30,100,60,51,48,50,41,33,58,65,52,38,42,37,29,77,60,50,58,43,46,44,64,51,46,41,39,36,32,62,66,43,36,38,40,34,51,61,63,41,55,54,37,43,42,38,39,43,40,30,46,35,34,36,38,34,28,46,37,29,29,36,37,33"
Charlie White,18,18.37,100.0,6.0,19.26,11.0,1194.0,94.0,18,4,11,0,65,good,9.0,15.0,6.0,2.9,8.2,104.87,28.57,16.14,-43.5,26.87,0.02,0.22,-3.77,5.52,"23,100,24,16,11,14,12,11,85,19,12,6,8,10,9,56,17,12,10,8,11,9,41,12,7,10,11,11,8,43,13,10,9,11,10,8,41,15,9,9,11,11,9,34,13,10,9,8,8,9,37,15,9,10,10,13,10,94,26,11,12,9,13,10,32"
Charlotte McKinney,20,15.09,100.0,4.0,17.34,10.0,981.0,96.0,18,3,8,0,65,good,7.0,14.0,7.0,3.29,11.28,114.87,31.71,5.86,-81.53,20.84,0.02,0.15,-14.34,5.45,"15,100,40,22,15,15,15,10,61,23,9,10,11,7,7,86,37,12,10,13,13,14,28,28,13,10,9,6,5,9,14,49,15,12,8,14,12,8,7,7,9,6,5,6,6,5,4,6,10,13,11,8,10,11,10,8,7,6,5,4,6,7,9,6,4"
Charo,24,4.15,100.0,0.0,13.96,1.0,270.0,100.0,22,1,3,27,65,good,0.0,2.0,2.0,5.55,32.8,336.09,19.43,0.29,-98.53,18.53,0.02,0.12,-7.95,3.41,"5,100,14,6,4,4,3,2,46,7,4,3,2,2,2,35,5,2,2,2,2,1,2,1,1,1,1,1,1,1,0,0,1,1,1,0,1,0,0,0,0,0,0,0,0,0,0,0,0,0,0,0,0,0,1,1,0,0,0,0,0,1,1,0,0"
Chaz Bono,13,11.74,100.0,2.0,15.52,6.0,763.0,98.0,17,2,7,0,65,good,4.0,12.0,8.0,3.5,14.84,132.21,31.14,4.0,-87.16,16.1,0.02,0.26,-10.3,5.27,"17,100,55,14,13,10,9,7,35,35,13,11,7,5,5,24,24,7,6,6,6,6,36,26,7,5,6,4,4,21,12,7,4,4,4,4,16,49,20,9,8,6,6,10,6,3,4,4,4,3,5,5,3,2,2,3,2,6,5,4,4,5,4,3,3"
Chelsea Kane,12,20.71,100.0,5.0,21.72,11.0,1346.0,95.0,18,7,16,0,65,good,8.0,24.0,16.0,1.95,3.09,104.89,18.71,33.57,79.39,25.22,0.98,0.29,-2.18,5.43,"22,67,14,6,5,5,12,12,84,62,17,9,11,10,9,79,37,10,8,9,8,9,41,24,8,7,16,11,13,47,17,9,7,5,6,7,29,28,9,6,6,5,5,31,28,12,8,6,7,8,49,30,10,8,11,5,10,77,52,24,10,15,14,20,100"
Cheryl Ladd,31,18.61,100.0,0.0,20.26,10.0,1191.0,100.0,16,6,14,1,64,good,8.0,20.5,12.5,2.56,6.38,108.87,48.71,6.29,-87.1,19.14,0.02,0.28,-21.09,5.41,"36,100,54,63,30,30,28,25,85,29,24,16,17,27,17,93,50,25,19,22,20,16,17,13,10,10,11,10,7,12,9,8,9,13,12,9,8,8,8,6,10,8,9,6,9,8,11,14,15,8,8,0,5,8,7,9,6,6,6,5,6,8,9,4"
Chris Jericho,12,16.98,100.0,3.0,19.18,10.0,1104.0,97.0,17,4,10,0,65,good,8.0,16.0,8.0,2.71,6.92,112.93,22.0,6.29,-71.43,22.58,0.57,0.2,-10.06,5.43,"16,74,16,13,8,11,16,14,81,47,16,12,8,10,15,73,30,10,11,13,13,12,40,25,18,9,11,9,9,38,20,9,6,8,8,12,48,100,17,9,9,9,12,11,8,5,11,12,10,5,6,6,7,7,8,7,6,6,7,3,7,9,7,5,6"
Chris Kattan,24,4.03,100.0,0.0,14.12,1.0,262.0,100.0,18,2,2,16,65,good,1.0,2.0,1.0,5.7,33.11,350.37,11.86,0.43,-96.39,18.46,0.12,0.09,-7.02,3.47,"2,58,10,5,3,3,2,2,100,19,7,4,3,3,2,3,2,1,1,1,3,1,1,1,1,1,1,1,0,1,1,0,0,1,1,1,1,1,1,1,1,1,1,0,0,1,1,0,1,0,0,0,0,0,1,1,0,1,0,1,0,1,1,0,0"
Chris Mazdzer,26,1.75,100.0,0.0,13.13,0.0,100.0,100.0,57,1,1,56,57,good,0.0,0.0,0.0,7.35,52.02,748.33,0.0,0.0,0.0,18.9,0.53,0.02,3.45,-0.0,"0,0,0,0,0,0,0,0,0,0,0,0,0,0,0,0,0,0,0,0,0,0,0,0,0,0,0,0,0,0,100,0,0,0,0,0,0,0,0,0,0,0,0,0,0,0,0,0,0,0,0,0,0,0,0,0,0"
Chris Soules,20,24.63,100.0,10.0,17.38,18.0,1601.0,90.0,17,6,22,0,65,good,14.0,28.0,14.0,2.49,6.86,70.58,42.43,27.0,-36.36,16.86,0.78,0.34,-1.4,5.75,"55,92,38,31,28,27,26,27,56,31,18,19,19,14,20,41,21,14,14,13,13,16,35,19,13,11,11,13,15,32,16,13,13,12,12,13,26,13,13,11,12,10,14,33,17,17,15,16,15,16,61,100,38,25,23,20,23,33,29,24,18,18,17,24,59"
Chrishell Stause,29,10.46,100.0,2.0,14.27,6.0,743.0,98.0,19,2,5,0,71,good,4.5,10.0,5.5,4.34,21.68,136.36,13.14,2.71,-79.35,19.92,0.13,0.21,-6.8,5.45,"8,38,12,9,8,8,9,5,5,100,14,10,10,8,7,28,9,12,7,7,5,6,62,16,8,8,8,7,5,22,6,4,5,6,5,5,38,12,6,4,4,4,4,15,5,5,8,6,4,3,21,3,3,5,20,13,10,10,7,5,3,4,4,6,5,3,2,2,2,3,2"
Christina Milian,17,8.36,100.0,2.0,14.33,5.0,602.0,98.0,18,2,3,0,72,good,4.0,6.25,2.25,5.02,26.41,171.42,17.71,3.57,-79.84,19.16,0.4,0.14,-9.28,5.27,"5,74,18,8,5,6,8,5,22,8,8,9,5,5,4,29,7,5,5,20,7,6,18,6,5,3,5,5,5,100,19,10,7,6,6,4,7,5,4,3,5,4,4,5,4,3,3,3,4,3,4,5,4,4,4,4,3,4,3,2,2,3,4,3,3,4,3,5,4,4,2,3"
Christine Chiu,30,5.7,100.0,0.0,16.7,0.0,365.0,100.0,18,3,3,38,64,good,0.0,4.0,4.0,4.27,18.21,292.86,14.14,0.0,-100.0,21.53,0.23,0.16,-11.41,3.46,"4,65,15,7,5,3,0,4,67,15,6,4,4,2,3,100,19,9,5,3,3,4,6,4,2,3,0,3,0,0,0,0,0,0,0,0,0,0,0,0,0,0,0,0,0,0,0,0,0,0,0,0,0,0,0,0,0,0,0,0,0,0,0,0"
Chuck Liddell,9,18.91,100.0,0.0,14.56,14.0,1229.0,100.0,17,2,14,1,65,good,11.0,21.0,10.0,3.17,13.28,76.99,39.43,13.14,-66.67,14.81,0.02,0.31,-12.68,5.71,"29,100,48,39,24,22,14,25,58,33,25,13,13,16,14,31,38,12,11,13,12,15,28,46,28,12,19,8,11,15,21,18,14,16,19,13,16,14,12,16,13,0,9,15,9,9,11,10,27,6,13,11,12,8,18,17,10,8,11,13,10,14,20,15,9"
Chuck Wicks,8,18.96,100.0,0.0,18.72,13.0,1365.0,100.0,18,5,17,7,72,good,9.75,22.25,12.5,2.21,5.56,98.76,27.71,5.86,-78.87,21.44,0.71,0.29,-4.64,5.6,"23,87,28,11,8,11,26,11,60,37,14,13,15,20,7,42,19,12,14,16,14,13,38,18,12,8,8,10,29,43,34,16,14,11,13,11,65,41,17,0,14,9,10,52,26,10,10,0,0,10,38,100,39,22,14,18,10,11,11,7,7,10,0,0,7,13,6,0,10,0,5,7"
Chynna Phillips,13,10.37,100.0,0.0,19.83,3.0,674.0,100.0,19,4,8,3,65,good,2.0,6.0,4.0,3.04,8.83,191.24,22.57,2.29,-89.87,22.61,0.35,0.14,-16.51,4.59,"3,85,42,10,5,7,6,3,75,36,6,8,6,4,5,54,37,5,3,4,4,4,30,100,24,7,6,3,3,7,5,3,3,2,3,2,3,3,2,1,3,2,0,2,2,2,1,0,2,6,3,3,3,0,3,3,2,2,3,2,2,2,2,2,3"
Cloris Leachman,7,11.58,100.0,0.0,18.9,5.0,753.0,100.0,17,3,8,14,65,good,3.0,12.0,9.0,3.21,11.14,163.17,40.86,0.71,-98.25,16.56,0.02,0.26,-11.16,4.83,"13,100,96,45,16,8,8,7,28,23,8,4,4,5,3,31,14,2,5,8,6,5,28,19,3,0,4,3,3,23,23,7,6,9,3,6,35,54,16,12,4,5,5,6,3,4,0,0,0,3,3,0,0,0,0,6,5,11,5,0,0,0,0,0,0"
Clyde Drexler,4,7.0,100.0,0.0,19.1,0.0,455.0,100.0,65,3,8,55,65,good,0.0,0.0,0.0,3.16,10.12,272.88,14.29,0.0,-100.0,24.79,0.02,0.15,-14.22,3.13,"0,100,0,0,0,0,0,0,79,36,0,0,0,0,0,39,33,0,0,0,0,18,34,32,0,0,0,0,0,23,61,0,0,0,0,0,0,0,0,0,0,0,0,0,0,0,0,0,0,0,0,0,0,0,0,0,0,0,0,0,0,0,0,0,0"
Cody Linley,7,15.88,100.0,0.0,15.72,11.0,1032.0,100.0,17,2,9,1,65,good,7.0,18.0,11.0,3.23,12.64,98.98,29.57,25.14,-14.98,17.93,0.89,0.32,-1.04,5.55,"23,41,72,34,10,12,15,7,44,27,12,8,12,12,5,22,10,7,9,6,8,11,13,17,6,4,6,15,5,20,22,10,7,10,8,6,16,18,5,0,11,6,7,18,7,23,5,9,9,5,23,43,17,11,15,11,14,27,100,25,17,13,6,9,6"
Cody Rigsby,30,11.95,100.0,2.0,16.65,5.0,765.0,98.0,17,1,11,0,64,good,3.0,10.0,7.0,2.93,10.53,139.3,21.29,10.86,-48.99,23.23,0.02,0.22,-7.91,5.11,"7,100,19,8,5,6,4,22,46,11,8,37,12,6,7,45,8,5,5,3,4,5,31,27,9,3,4,3,3,41,10,5,3,3,3,2,28,6,3,2,3,2,3,45,6,4,3,4,3,2,30,6,4,4,4,4,3,44,10,5,4,4,4,5"
Cody Simpson,18,17.2,100.0,5.0,20.39,11.0,1118.0,95.0,19,4,6,0,65,good,8.0,15.0,7.0,3.01,8.14,118.54,25.0,10.14,-59.43,28.5,0.02,0.18,-15.67,5.42,"8,100,22,12,10,12,11,7,89,16,9,8,10,49,17,48,15,11,13,19,15,9,79,23,12,12,15,12,12,94,22,14,14,16,15,10,11,9,10,7,10,13,12,9,7,6,7,9,7,11,9,6,7,6,9,10,6,6,7,5,6,6,7,21,19"
Corbin Bleu,17,17.49,100.0,5.0,21.5,9.0,1259.0,95.0,20,8,11,0,72,good,7.0,12.0,5.0,2.35,4.41,122.97,23.71,19.14,-19.28,30.89,0.01,0.19,-1.53,5.46,"10,100,20,10,8,8,10,8,82,19,11,9,12,10,8,34,8,7,6,9,7,5,60,9,7,8,8,7,7,80,12,6,19,16,10,7,44,10,7,6,8,6,5,51,12,9,7,9,11,7,43,10,6,5,9,9,6,74,16,8,8,10,6,8,58,13,8,7,7,9,9,81"
Corey Feldman,34,29.35,100.0,16.0,14.35,25.5,2289.0,84.0,20,4,44,0,78,good,21.0,31.75,10.75,2.85,9.7,48.89,24.0,26.0,8.33,11.37,0.32,0.36,-8.64,6.15,"23,18,28,19,22,31,27,20,22,17,21,25,31,16,25,26,26,21,31,22,19,18,28,87,76,100,58,47,35,42,30,41,41,44,37,44,36,28,31,40,32,29,24,19,24,19,34,35,19,18,16,21,30,18,21,18,25,18,23,21,28,35,22,29,22,21,33,25,33,24,18,26,21,25,31,31,28,20"
Cristian de la Fuente,6,5.77,100.0,0.0,14.63,0.0,375.0,100.0,19,2,3,46,65,good,0.0,7.0,7.0,4.61,24.9,253.65,3.29,8.57,160.87,16.41,0.66,0.29,7.05,3.71,"0,15,8,0,0,0,0,0,9,0,0,0,0,0,0,11,0,0,0,0,0,0,7,7,0,0,0,0,0,0,13,0,0,0,0,0,10,16,0,0,0,0,0,100,50,16,7,0,0,0,21,11,0,0,0,0,0,14,22,0,0,0,0,9,29"
D. L. Hughley,16,7.74,100.0,0.0,20.27,0.0,503.0,100.0,65,3,7,53,65,good,0.0,0.0,0.0,3.09,9.24,261.94,20.71,0.0,-100.0,24.86,0.02,0.18,-14.8,3.28,"0,100,45,0,0,0,0,0,83,22,14,0,0,0,0,79,36,0,0,0,0,0,35,19,0,0,0,0,0,19,36,0,0,0,0,0,0,0,0,0,0,0,0,0,0,0,0,0,0,0,15,0,0,0,0,0,0,0,0,0,0,0,0,0,0"
Danelle Umstead,27,1.41,100.0,0.0,11.78,0.0,100.0,100.0,71,1,1,70,71,good,0.0,0.0,0.0,8.25,66.01,836.66,0.0,14.29,0.0,16.9,0.92,0.01,2.78,-0.0,"0,0,0,0,0,0,0,0,0,0,0,0,0,0,0,0,0,0,0,0,0,0,0,0,0,0,0,0,0,0,0,0,0,0,0,0,0,0,0,0,0,0,0,0,0,0,0,0,0,0,0,0,0,0,0,0,0,0,0,0,0,0,0,0,0,100,0,0,0,0,0"
Danica McKellar,18,11.66,100.0,2.0,17.64,5.0,758.0,98.0,19,4,7,0,65,good,4.0,9.0,5.0,3.19,10.56,151.25,23.57,2.86,-87.88,24.98,0.02,0.22,-6.02,5.08,"13,100,19,9,12,7,5,5,55,9,6,5,4,8,2,68,11,5,4,3,4,3,32,6,4,21,9,5,4,24,5,4,5,4,3,3,68,10,6,7,19,13,7,29,7,7,5,3,5,3,35,8,4,3,3,3,2,5,3,2,2,2,2,5,4"
Daniel Durant,31,15.59,100.0,0.0,16.42,10.0,998.0,100.0,16,3,9,2,64,good,7.0,15.5,8.5,2.96,10.31,105.32,18.29,30.0,64.06,21.22,0.89,0.25,-0.88,5.46,"5,66,22,12,6,11,6,11,56,24,11,15,7,10,9,36,17,4,7,9,6,0,32,18,6,8,7,6,5,25,42,14,12,10,9,8,20,11,9,4,6,6,0,15,15,9,9,11,6,8,43,18,9,11,10,9,7,100,42,22,14,12,10,10"
Danielle Fishel,34,16.56,100.0,0.0,16.08,15.0,1292.0,100.0,21,2,12,19,78,good,10.25,20.0,9.75,2.66,10.79,97.07,17.14,14.71,-14.17,15.41,0.56,0.42,4.1,5.66,"18,19,19,15,20,13,16,0,23,18,26,0,28,14,20,17,35,34,15,0,0,14,10,14,15,23,0,21,0,0,0,18,19,13,0,11,28,15,15,14,19,11,13,84,100,46,35,36,31,15,17,15,15,15,18,14,0,14,14,16,21,0,22,21,0,0,0,17,0,0,0,15,16,24,29,19,0,0"
Danny Amendola,33,14.92,100.0,2.0,18.01,9.0,1059.0,98.0,21,5,11,0,71,good,5.0,15.0,10.0,2.72,7.95,120.78,23.86,19.57,-17.96,24.48,0.01,0.3,-1.46,5.44,"6,100,26,13,10,7,5,5,55,15,10,10,6,5,5,3,3,2,3,2,3,30,33,9,7,6,7,3,3,64,17,13,23,24,15,14,57,23,20,18,27,15,11,39,14,10,13,11,7,4,2,3,3,8,5,3,3,31,8,7,5,5,4,4,79,15,10,8,9,7,9"
David Alan Grier,8,5.42,100.0,0.0,15.79,0.0,390.0,100.0,72,2,7,61,72,good,0.0,0.0,0.0,3.92,17.64,291.49,5.0,0.0,-100.0,19.18,0.42,0.15,-6.89,3.2,"0,35,0,0,0,0,0,0,17,0,0,0,0,0,0,16,0,0,0,0,0,0,29,0,0,0,0,0,0,0,100,61,0,25,36,0,0,32,0,0,0,0,0,0,0,0,23,0,0,0,0,0,0,0,0,0,0,0,0,16,0,0,0,0,0,0,0,0,0,0,0,0"
David Arquette,13,14.23,100.0,2.0,16.88,7.0,925.0,98.0,17,3,10,0,65,good,5.0,16.0,11.0,2.78,9.21,118.59,24.86,3.14,-87.36,20.93,0.02,0.26,-8.72,5.34,"6,100,41,9,7,5,6,3,35,37,16,13,12,5,4,62,36,7,6,18,8,7,32,19,5,6,8,3,5,48,21,7,5,8,6,8,38,16,20,9,6,8,7,21,51,13,7,10,7,11,9,7,10,10,6,7,3,3,4,2,3,3,4,3,3"
David Hasselhoff,11,5.48,100.0,0.0,13.9,3.0,356.0,100.0,17,2,2,4,65,good,2.0,4.0,2.0,5.76,33.55,253.79,28.29,2.14,-92.42,14.26,0.02,0.15,-6.26,4.54,"5,100,60,13,8,6,6,5,8,6,7,4,4,4,3,3,3,3,3,3,3,2,2,2,1,2,0,2,2,2,3,2,3,0,0,2,3,2,3,2,8,3,2,3,3,4,2,2,3,2,2,2,3,2,2,4,2,0,3,2,2,1,2,2,3"
David Ross,24,14.09,100.0,3.0,17.98,6.0,916.0,97.0,17,5,9,0,65,good,5.0,13.0,8.0,2.69,7.57,127.59,21.57,15.29,-29.14,24.96,0.02,0.23,-4.07,5.27,"8,100,20,8,5,6,4,5,44,10,6,5,5,7,9,61,18,7,6,6,5,9,57,11,20,7,6,7,5,32,10,8,6,6,5,4,23,7,4,4,4,3,4,35,17,10,6,5,6,6,41,13,6,5,4,4,4,60,15,14,5,5,6,7,55"
DeMarcus Ware,27,18.51,100.0,0.0,28.26,0.0,1314.0,100.0,19,15,23,48,71,good,0.0,43.0,43.0,1.12,-0.17,152.7,30.43,7.14,-76.53,39.09,0.25,0.32,-11.06,4.47,"38,50,0,0,0,53,72,55,0,0,0,0,0,0,70,38,40,0,100,0,69,0,0,0,0,0,0,79,77,0,0,47,56,0,0,60,50,0,43,0,0,0,0,0,0,0,0,0,48,0,82,0,0,0,0,0,43,0,0,0,40,0,0,54,0,0,0,0,0,0,50"
Debbie Gibson,25,6.4,100.0,1.0,16.74,2.0,416.0,99.0,24,3,3,0,65,good,1.0,3.0,2.0,4.52,19.99,261.58,20.29,1.14,-94.37,19.48,0.02,0.12,-10.23,4.2,"5,100,15,6,6,6,4,3,52,84,18,9,8,6,3,7,3,3,2,3,3,2,3,4,2,2,2,3,2,2,2,1,2,2,1,1,1,1,1,2,2,2,1,1,1,1,1,1,2,1,2,2,1,1,3,1,1,2,1,1,1,2,1,1,1"
Debi Mazar,9,5.85,100.0,0.0,14.78,0.0,380.0,100.0,21,1,4,41,65,good,0.0,5.0,5.0,4.55,23.86,252.81,14.71,1.43,-90.29,17.08,0.25,0.25,-10.4,3.81,"4,11,49,26,7,6,0,0,36,23,4,5,0,0,5,24,100,13,6,0,8,8,7,5,0,0,0,0,0,9,0,0,0,0,0,0,4,0,0,0,0,0,0,0,0,0,0,0,0,0,0,5,0,0,0,5,0,0,0,0,0,0,10,0,0"
Denise Richards,8,16.18,100.0,6.0,14.08,12.0,1165.0,94.0,19,2,13,0,72,good,8.0,18.0,10.0,3.55,16.36,87.0,22.57,8.29,-63.29,16.63,0.22,0.29,-5.25,5.81,"16,61,22,10,12,11,26,15,36,27,19,11,13,18,16,31,100,26,15,12,15,14,17,10,8,8,9,11,7,8,10,7,9,13,8,26,7,9,6,6,14,9,9,6,7,18,12,11,32,17,6,6,11,28,28,15,35,45,14,12,7,24,18,10,8,8,7,8,9,8,12,6"
Derek Fisher,25,7.12,100.0,0.0,14.08,3.0,463.0,100.0,19,2,4,1,65,good,2.0,5.0,3.0,5.04,28.05,197.61,13.29,2.0,-84.95,18.83,0.34,0.14,-8.07,4.85,"5,53,11,6,9,5,4,4,27,27,7,5,6,2,3,16,3,3,2,3,3,2,100,17,7,4,7,4,3,6,3,2,3,3,4,2,4,2,3,2,3,3,21,4,5,4,4,3,2,0,2,2,1,2,2,3,3,3,2,2,2,1,2,2,3"
Diana Nyad,18,4.68,100.0,0.0,17.05,0.0,304.0,100.0,24,2,2,33,65,good,0.0,2.0,2.0,5.21,25.87,364.46,19.43,0.29,-98.53,22.75,0.02,0.14,-8.82,3.13,"3,100,12,6,6,3,6,3,98,16,6,4,6,4,2,4,3,1,0,0,0,1,1,2,2,0,0,0,0,0,2,2,1,0,0,2,1,0,0,0,0,2,0,0,0,1,0,0,0,0,1,0,0,0,0,0,0,1,0,0,2,0,0,0,0"
Donald Driver,14,15.37,100.0,2.0,20.19,7.0,999.0,98.0,17,5,15,0,65,good,4.0,16.0,12.0,2.63,7.37,131.4,22.14,26.14,18.06,25.23,0.02,0.26,-0.75,5.19,"9,100,18,9,4,4,11,6,42,25,6,4,3,3,3,50,25,5,3,4,2,2,56,26,8,5,7,4,8,33,14,5,3,4,4,4,32,13,5,6,4,5,11,28,16,5,4,5,3,5,39,26,7,7,5,5,7,59,35,13,7,9,8,11,100"
Donny Osmond,9,14.91,100.0,0.0,18.87,8.0,969.0,100.0,17,3,12,12,65,good,5.0,19.0,14.0,2.44,6.64,126.61,20.14,28.14,39.72,22.64,0.98,0.29,1.79,5.14,"6,71,20,19,7,10,8,7,47,22,7,7,0,9,8,35,16,5,6,0,0,0,35,9,5,7,0,0,0,39,30,13,8,0,0,0,34,12,6,6,8,0,4,22,21,6,4,7,0,4,35,29,9,10,6,10,7,76,40,15,10,12,7,13,100"
Dorothy Hamill,16,5.18,100.0,0.0,14.88,1.0,337.0,100.0,17,2,3,6,65,good,1.0,3.0,2.0,4.96,25.89,287.02,20.86,1.14,-94.52,17.39,0.02,0.11,-8.68,3.91,"5,100,24,6,4,4,3,3,34,62,14,5,5,4,4,10,5,1,1,1,1,1,1,2,1,0,1,1,1,1,1,1,1,1,1,0,1,0,0,0,1,1,0,1,1,1,1,1,1,1,1,2,1,1,1,1,1,1,1,1,1,1,1,2,1"
Doug Flutie,22,8.06,100.0,0.0,18.14,3.0,524.0,100.0,25,3,6,5,65,good,1.0,4.0,3.0,3.71,13.58,225.02,19.43,0.71,-96.32,25.35,0.02,0.12,-10.96,4.34,"5,100,12,8,4,3,4,4,85,11,6,4,4,4,4,62,8,4,3,2,3,4,32,5,3,2,3,3,2,34,5,3,2,2,2,2,39,5,3,2,3,2,1,2,2,1,1,0,1,1,1,1,1,0,5,2,1,1,0,1,0,0,1,1,2"
Drew Carey,18,9.78,100.0,2.0,16.02,5.0,636.0,98.0,21,2,4,0,65,good,4.0,7.0,3.0,4.3,18.9,163.72,18.29,4.29,-76.56,21.99,0.23,0.14,-8.36,5.13,"6,81,12,8,8,8,5,9,38,8,7,7,6,5,7,100,17,9,7,6,6,6,24,6,5,5,4,5,5,18,5,6,5,5,5,10,42,9,7,6,6,3,4,4,4,3,5,4,2,3,4,3,3,5,4,4,3,4,5,5,4,4,5,3,4"
Drew Lachey,2,8.68,100.0,0.0,20.28,0.0,1007.0,100.0,30,5,10,72,116,good,0.0,8.0,8.0,3.44,11.82,233.61,5.0,0.71,-85.71,22.33,0.43,0.24,-3.67,4.7,"0,22,0,13,0,0,0,0,11,0,0,0,0,0,0,24,21,0,0,0,0,0,16,11,0,0,0,0,0,23,0,0,0,0,0,0,21,0,0,0,0,0,0,26,37,13,9,14,0,0,100,6,100,97,25,10,5,6,9,100,49,11,7,11,11,6,42,72,19,7,8,8,4,6,4,0,4,5,0,0,0,0,0,0,0,0,0,5,4,0,0,0,0,0,0,0,0,0,0,0,0,0,0,0,0,0,0,0,0,0,0,0,5,0,0,0"
Drew Scott,25,22.15,100.0,5.0,19.38,15.0,1440.0,95.0,17,6,18,0,65,good,10.0,28.0,18.0,2.21,5.41,87.49,29.43,41.14,39.81,23.49,0.02,0.29,-0.74,5.6,"16,100,33,25,8,9,15,19,55,60,22,9,19,13,7,41,13,16,6,15,10,11,55,16,14,10,8,14,10,42,16,14,6,9,12,10,35,16,9,6,9,15,5,36,13,9,9,14,9,6,36,18,20,12,23,28,12,54,21,29,17,46,45,32,98"
Dwight Howard ,33,14.39,100.0,2.0,16.91,9.0,1022.0,98.0,19,3,11,0,71,good,5.5,13.0,7.5,3.0,9.94,117.45,29.43,5.0,-83.01,22.48,0.01,0.24,-6.72,5.52,"6,100,29,19,25,18,9,8,57,17,9,10,8,6,5,5,5,5,6,6,6,33,36,12,9,9,9,8,12,76,17,10,11,10,12,9,47,16,11,26,13,9,7,46,15,9,10,8,6,3,2,4,5,5,5,5,5,45,11,13,9,7,7,6,8,5,5,4,5,4,4"
Dylan Efron,34,11.03,100.0,0.0,15.86,6.5,860.0,100.0,22,3,7,4,78,good,3.0,11.0,8.0,3.81,16.45,143.8,41.43,1.57,-96.21,11.81,0.04,0.24,-13.44,5.43,"8,8,10,100,85,50,29,29,37,25,24,23,23,13,10,12,16,17,12,13,11,9,5,10,9,10,7,5,5,6,8,10,13,11,8,7,5,4,5,5,7,4,3,4,7,17,17,11,6,10,7,5,3,4,4,2,2,0,2,3,3,4,3,5,2,2,3,3,2,3,4,3,3,3,0,0,2,0"
Elaine Hendrix,34,4.51,100.0,0.0,16.6,0.0,352.0,100.0,78,4,6,72,78,good,0.0,0.0,0.0,3.92,15.59,367.74,31.29,7.43,-76.26,17.03,0.05,0.08,-4.31,2.51,"0,0,0,61,100,58,0,0,0,0,0,0,0,0,0,0,0,0,0,0,41,0,0,0,0,0,0,0,0,0,0,0,0,0,0,0,0,0,0,0,0,0,0,0,0,0,0,0,0,0,0,0,0,0,0,0,0,0,0,0,0,0,0,40,0,0,0,0,0,0,0,0,0,52,0,0,0,0"
Elisabetta Canalis,13,6.08,100.0,0.0,13.9,3.0,395.0,100.0,17,1,3,16,65,good,2.0,5.0,3.0,5.22,30.32,228.66,15.29,2.29,-85.05,15.6,0.14,0.17,-8.1,4.47,"6,37,43,8,5,4,4,3,24,100,18,8,8,3,3,5,5,4,5,3,3,3,4,5,0,0,0,0,7,3,2,3,2,3,2,0,3,0,0,0,0,4,9,3,4,7,3,3,2,2,2,2,0,0,0,2,0,0,4,4,4,0,2,2,0"
Elizabeth Berkley Lauren,17,5.32,100.0,0.0,15.58,0.0,383.0,100.0,72,2,6,59,72,good,0.0,0.0,0.0,4.07,18.67,292.96,18.86,0.0,-100.0,21.99,0.01,0.18,-4.58,3.27,"10,100,13,0,9,0,0,0,57,0,0,0,0,0,0,20,0,0,0,0,0,0,27,0,0,0,0,0,0,38,0,0,0,0,0,0,29,0,9,0,0,0,0,12,0,0,0,0,0,0,13,0,0,0,0,0,0,46,0,0,0,0,0,0,0,0,0,0,0,0,0,0"
Emmitt Smith,3,12.88,100.0,0.0,17.71,9.0,1674.0,100.0,34,8,14,37,130,good,0.0,14.0,14.0,2.93,9.81,137.56,4.43,21.86,393.55,20.13,0.49,0.32,12.86,6.03,"0,19,12,0,0,0,0,6,13,0,7,0,9,0,0,9,8,0,0,0,0,0,8,0,0,0,0,0,0,13,5,8,0,0,0,0,19,5,0,0,0,0,11,21,13,7,0,0,0,5,18,11,0,0,0,0,0,23,25,12,8,0,11,13,100,13,100,80,13,9,10,10,10,51,22,6,8,11,9,8,28,18,4,6,8,14,7,38,17,6,8,10,14,6,43,18,8,8,11,10,7,51,15,16,8,11,11,10,55,11,9,8,10,11,10,40,23,13,14,17,20,15,75,55,29,17,13,16,12,11"
Eric Roberts,33,7.3,100.0,1.0,14.75,3.0,518.0,99.0,19,2,5,0,71,good,2.0,6.0,4.0,4.44,21.91,202.17,26.71,1.71,-93.58,17.26,0.01,0.18,-10.97,4.83,"7,100,30,15,14,12,9,7,59,15,8,8,7,5,4,4,3,3,3,3,3,35,44,9,7,6,6,4,4,4,3,3,2,2,2,3,4,4,3,3,4,2,2,2,2,1,2,2,2,1,1,2,1,2,1,2,1,1,1,1,2,1,2,1,1,2,2,2,2,1,2"
Erika Jayne,24,12.78,100.0,1.0,17.95,7.0,831.0,99.0,17,4,9,0,65,good,3.0,13.0,10.0,2.9,8.92,140.39,35.14,1.57,-95.53,18.64,0.02,0.26,-17.23,5.12,"13,100,65,26,18,15,9,7,49,22,9,7,8,7,4,27,14,9,9,7,5,12,53,36,13,12,8,6,7,69,30,13,10,7,8,5,11,15,10,4,6,4,4,5,3,2,3,3,7,5,4,3,2,2,2,2,2,2,2,1,1,3,2,1,1"
Erin Andrews,10,20.83,100.0,5.0,18.62,14.0,1354.0,95.0,19,7,15,0,65,good,9.0,23.0,14.0,2.07,4.27,89.37,22.14,16.14,-27.1,20.92,0.18,0.31,-4.64,5.59,"16,62,23,14,10,16,14,14,46,23,12,12,100,42,63,59,27,14,17,13,10,12,21,14,11,11,9,8,6,20,14,9,13,11,7,7,26,17,8,8,8,7,5,18,65,62,32,25,14,11,39,23,11,8,8,6,6,54,23,12,9,15,10,9,35"
Evan Lysacek,10,26.88,100.0,6.0,22.07,18.0,1747.0,94.0,17,8,19,0,65,good,14.0,33.0,19.0,1.88,2.81,82.11,35.43,29.57,-16.53,29.49,0.02,0.29,0.56,5.64,"23,100,33,20,30,21,21,13,69,39,18,20,17,23,15,57,39,15,9,20,11,8,36,18,15,6,11,12,10,66,35,21,17,14,12,8,48,29,16,12,19,15,10,83,38,15,11,21,14,16,92,37,13,16,16,9,12,96,48,19,18,18,19,21,64"
Evander Holyfield,1,4.97,100.0,0.0,20.65,0.0,179.0,100.0,36,2,2,34,36,good,0.0,0.0,0.0,3.97,14.05,415.3,14.29,0.0,-100.0,30.46,0.03,0.06,-9.94,0.99,"0,100,0,0,0,0,0,0,0,0,0,0,0,0,0,79,0,0,0,0,0,0,0,0,0,0,0,0,0,0,0,0,0,0,0,0"
Evanna Lynch,27,17.55,100.0,0.0,25.55,0.0,1246.0,100.0,19,8,26,45,71,good,0.0,37.0,37.0,1.27,0.89,145.61,5.57,30.71,451.28,29.54,0.69,0.37,14.21,4.61,"0,0,0,0,0,0,39,0,49,37,0,37,0,65,0,0,0,0,0,0,0,0,0,0,31,0,0,0,0,0,47,0,0,0,57,50,42,33,0,0,0,0,0,30,36,0,0,0,45,100,97,30,34,0,0,0,0,0,0,0,71,0,40,61,34,0,37,0,47,42,55"
Florence Henderson,11,5.95,100.0,0.0,14.74,2.0,387.0,100.0,24,1,6,27,65,good,0.0,3.0,3.0,4.54,23.82,247.59,24.0,0.43,-98.21,16.69,0.02,0.18,-11.05,3.99,"3,100,47,8,4,4,2,3,19,5,2,1,0,0,0,25,10,8,2,3,2,0,31,9,3,3,4,3,3,25,33,8,3,2,2,2,2,0,0,0,0,0,0,1,1,0,0,0,0,0,1,0,0,0,0,0,0,0,0,2,0,0,0,0,1"
Floyd Mayweather Jr. ,5,1.54,100.0,0.0,12.31,0.0,100.0,100.0,65,1,1,64,65,good,0.0,0.0,0.0,7.88,60.02,800.0,0.0,0.0,0.0,17.68,0.37,0.02,-3.12,-0.0,"0,0,0,0,0,0,0,0,0,0,0,0,0,0,0,0,0,0,0,0,0,0,0,0,100,0,0,0,0,0,0,0,0,0,0,0,0,0,0,0,0,0,0,0,0,0,0,0,0,0,0,0,0,0,0,0,0,0,0,0,0,0,0,0,0"
Frankie Muniz,25,8.03,100.0,1.0,13.94,3.0,522.0,99.0,17,1,5,0,65,good,2.0,7.0,5.0,4.71,26.75,173.55,21.14,7.29,-65.54,18.52,0.02,0.22,-6.83,4.95,"2,100,20,8,6,6,6,4,25,27,8,4,5,3,3,21,4,3,2,2,2,2,34,12,9,6,7,6,4,18,5,4,2,3,2,2,12,3,2,1,1,2,2,11,3,2,2,2,1,1,17,3,1,2,2,2,2,20,4,2,2,2,2,3,36"
Gabby Windey,31,16.94,100.0,3.0,16.23,11.5,1084.0,97.0,16,3,11,0,64,good,7.0,18.75,11.75,2.82,9.88,95.82,34.43,27.71,-19.5,17.01,0.03,0.34,0.62,5.53,"12,38,100,42,18,16,15,12,34,18,17,8,5,10,4,22,10,5,7,6,5,5,18,8,8,5,5,3,4,25,31,16,11,8,7,6,22,15,9,6,7,8,6,25,21,12,23,43,17,15,35,15,11,7,9,10,10,66,55,22,16,17,7,11"
Gary Busey,21,6.39,100.0,1.0,14.25,2.0,460.0,99.0,23,1,5,0,72,good,1.0,4.0,3.0,4.68,24.76,223.05,25.0,1.0,-96.0,16.23,0.01,0.15,-9.83,4.67,"6,100,39,9,7,8,6,4,48,36,9,5,5,5,3,21,6,4,4,4,4,3,35,7,4,3,3,3,2,3,2,2,2,2,2,1,2,2,2,2,3,2,1,2,2,1,1,1,2,3,2,1,1,2,1,2,1,1,1,1,2,1,1,1,2,1,1,1,1,1,1,1"
Gavin DeGraw,14,22.54,100.0,8.0,20.27,15.0,1465.0,92.0,17,7,13,0,65,good,12.0,21.0,9.0,2.32,4.51,89.93,26.86,11.14,-58.51,22.08,0.46,0.2,-19.93,5.61,"16,82,22,16,14,16,22,14,84,55,21,18,15,14,14,82,65,42,26,21,19,16,47,33,18,16,16,15,15,59,100,32,19,20,17,13,14,12,12,11,12,11,10,13,30,14,11,15,12,9,11,11,10,11,12,11,10,11,11,9,8,11,12,12,15"
George Hamilton,2,12.0,100.0,0.0,20.6,0.0,612.0,100.0,13,5,9,30,51,good,0.0,14.5,14.5,2.23,5.22,171.69,4.43,3.0,-32.26,23.86,0.73,0.27,2.12,4.0,"8,23,0,0,0,0,0,0,61,28,0,0,0,0,0,55,42,0,0,0,0,0,35,21,0,0,0,8,0,51,32,15,0,0,0,12,50,100,16,14,12,0,0,8,11,0,0,10,0,0,0"
Geraldo Rivera,22,7.97,100.0,1.0,16.9,4.0,518.0,99.0,19,2,2,0,65,good,2.0,6.0,4.0,4.89,23.53,212.0,24.43,1.86,-92.4,22.08,0.12,0.23,-10.16,4.75,"6,99,23,11,13,9,10,6,100,17,10,7,8,6,5,9,5,1,4,3,4,2,3,3,2,4,4,2,1,18,9,16,4,5,3,2,2,2,3,5,2,9,2,3,3,4,3,5,5,4,1,4,4,2,2,2,2,2,2,2,3,1,2,1,2"
Gilles Marini,8,18.47,100.0,0.0,22.29,9.0,2530.0,100.0,37,15,29,11,137,good,6.0,21.0,15.0,2.05,3.5,120.68,22.14,5.0,-77.42,25.85,0.16,0.28,-0.65,6.31,"11,90,21,12,8,0,13,0,55,29,13,7,0,9,5,70,27,9,7,8,16,29,100,72,25,21,14,7,12,85,40,13,11,13,9,13,36,21,8,6,0,0,8,23,19,6,8,0,7,6,21,17,8,8,9,0,10,29,24,5,6,0,0,7,63,36,13,0,12,8,16,53,6,84,47,12,9,7,6,12,50,27,5,6,5,6,3,26,18,6,6,5,5,4,74,36,15,6,8,7,13,100,78,24,13,14,9,13,36,23,11,5,5,6,6,44,8,4,3,6,4,5,65,78,20,7,9,5,6,7,9,6,8,0,4,4,4"
Ginger Zee,22,16.03,100.0,3.0,21.14,7.0,1042.0,97.0,18,7,12,0,65,good,5.0,13.0,8.0,2.24,4.3,131.87,26.43,26.71,1.08,27.2,0.02,0.2,-0.25,5.17,"13,100,32,14,13,7,6,8,55,13,9,6,5,4,7,45,13,7,4,5,5,6,38,10,5,5,4,3,4,57,8,6,6,9,4,5,31,8,10,5,5,5,3,40,9,5,3,3,3,6,57,10,7,5,5,5,6,83,21,10,7,7,8,60,74"
Giselle Fernandez,2,7.67,100.0,0.0,21.28,0.0,391.0,100.0,51,4,5,43,51,good,0.0,0.0,0.0,2.98,8.08,277.53,7.86,0.0,-100.0,23.7,0.16,0.16,-14.31,2.72,"0,55,0,0,0,0,0,0,100,81,0,0,0,0,0,48,58,20,0,12,0,0,0,0,0,17,0,0,0,0,0,0,0,0,0,0,0,0,0,0,0,0,0,0,0,0,0,0,0,0,0"
Gladys Knight,14,6.43,100.0,1.0,13.71,2.0,418.0,99.0,17,1,3,0,65,good,1.0,5.0,4.0,5.16,30.92,213.23,21.0,1.29,-93.88,18.44,0.02,0.17,-6.85,4.62,"3,100,12,5,5,5,17,4,37,16,3,3,3,2,2,18,10,2,2,2,2,1,18,5,2,2,3,2,2,22,5,2,2,3,2,1,22,28,6,3,3,3,2,2,1,1,1,1,1,1,1,1,1,1,1,2,1,1,1,1,1,1,1,3,1"
Hannah Brown,28,21.2,100.0,8.0,19.63,12.0,1505.0,92.0,18,7,16,0,71,good,11.0,18.5,7.5,2.23,4.34,92.62,29.29,24.71,-15.61,26.77,0.01,0.24,-0.12,5.71,"12,100,40,19,12,11,11,11,79,25,13,11,11,11,12,65,17,12,11,14,13,12,47,18,11,9,9,9,11,52,15,12,9,9,11,8,49,16,12,16,12,10,8,36,26,14,9,11,10,10,54,15,9,10,11,10,46,71,22,34,17,14,15,13,82,25,15,11,12,13,15"
Harry Hamlin,3,9.12,100.0,0.0,23.57,0.0,593.0,100.0,65,4,10,55,65,good,0.0,0.0,0.0,2.65,6.1,258.4,19.57,17.29,-11.68,26.7,0.25,0.15,-11.08,3.2,"0,93,44,0,0,0,0,0,43,0,0,0,0,0,0,48,100,42,69,0,0,0,33,0,0,0,0,0,0,0,0,0,0,0,0,0,0,0,0,0,0,0,0,0,0,0,0,0,0,0,0,0,0,0,0,0,0,0,0,0,0,0,91,30,0"
Harry Jowsey,32,22.75,100.0,6.0,20.59,15.0,1297.0,94.0,17,6,14,0,57,good,10.0,23.0,13.0,2.28,5.06,90.47,31.0,18.14,-41.47,28.25,0.02,0.3,-12.42,5.4,"12,100,31,23,22,18,11,12,43,36,32,31,23,15,16,98,30,23,19,15,12,15,78,32,19,18,17,13,12,59,22,20,15,13,11,8,36,12,10,8,6,6,6,52,17,10,8,7,10,8,60,16,10,10,15,7,9"
Hayes Grier,21,11.11,100.0,3.0,14.81,6.0,800.0,97.0,19,2,7,0,72,good,5.0,10.0,5.0,4.06,18.52,133.33,29.14,4.43,-84.8,17.23,0.01,0.18,-9.61,5.49,"9,100,45,13,11,14,12,8,67,40,11,10,13,10,8,21,8,7,5,8,9,5,29,10,6,6,7,7,7,28,7,6,6,7,7,6,19,7,6,6,6,6,6,31,10,6,6,5,6,6,6,4,5,6,5,6,4,5,4,4,3,5,5,4,4,4,3,5,5,5,4,5"
Heather Mills,4,11.92,100.0,0.0,16.55,7.0,775.0,100.0,17,2,11,15,65,good,3.0,12.0,9.0,2.88,10.72,138.8,34.43,1.0,-97.1,15.72,0.02,0.26,-14.86,5.01,"31,100,46,26,11,14,13,9,53,37,18,10,8,4,6,41,33,8,9,8,7,4,20,11,5,8,5,7,5,28,29,9,8,11,4,6,18,39,12,8,5,0,6,10,5,4,0,0,0,0,2,4,0,0,0,0,3,0,0,0,3,0,4,0,0"
Heather Morris,24,8.28,100.0,1.0,16.15,3.0,538.0,99.0,25,3,4,0,65,good,2.0,5.0,3.0,4.02,17.07,195.14,15.57,1.29,-91.74,21.45,0.55,0.17,-4.13,4.74,"12,67,12,7,3,4,4,5,57,9,6,5,5,3,3,22,7,3,3,3,2,2,31,7,4,5,3,4,3,23,5,3,2,2,3,3,100,23,10,5,5,5,5,6,2,2,1,4,2,2,3,2,2,1,2,2,1,2,2,1,1,1,1,1,2"
Heidi D'Amelio,31,17.89,100.0,0.0,19.06,12.0,1145.0,100.0,17,3,11,5,64,good,9.0,18.0,9.0,2.67,7.48,106.55,33.71,3.57,-89.41,20.9,0.02,0.27,-14.41,5.41,"13,100,44,28,17,16,18,10,36,21,17,12,13,7,5,47,21,13,13,15,13,10,39,18,14,8,10,9,9,85,85,37,20,12,17,13,33,15,15,9,9,12,7,18,11,9,0,8,6,6,38,12,9,10,9,11,8,9,7,0,0,9,0,0"
Helio Castroneves,5,10.16,100.0,0.0,20.24,0.0,1321.0,100.0,34,10,19,88,130,good,0.0,12.0,12.0,2.46,5.97,199.21,17.14,0.0,-100.0,23.18,0.44,0.27,-7.22,5.0,"0,14,55,41,10,0,0,0,49,55,0,10,0,0,0,20,13,0,0,15,0,0,15,12,0,12,0,0,0,52,25,0,0,0,0,0,34,27,0,0,0,14,0,24,15,0,0,0,0,0,49,44,10,0,0,15,0,100,50,0,0,13,16,11,75,9,100,59,13,10,0,0,0,59,37,0,0,0,0,0,35,71,13,10,0,0,0,10,0,0,0,0,0,0,0,0,0,0,0,0,0,0,0,0,0,0,0,0,0,0,0,0,0,0,0,0,0,0,0,0,0,0,0,0,0,0,0,0,0,0"
Hilaria Baldwin,34,22.92,100.0,4.0,19.95,17.0,1788.0,96.0,21,9,21,0,78,good,10.0,25.0,15.0,1.94,3.46,87.02,20.43,8.71,-57.34,9.63,0.21,0.33,-22.77,5.86,"22,17,18,23,9,25,29,25,18,11,22,21,35,57,58,79,100,75,52,76,83,53,44,32,24,38,39,34,17,18,17,20,18,36,28,23,15,16,11,18,20,28,19,12,10,13,15,10,10,8,5,8,6,7,7,7,4,5,7,8,10,9,9,9,24,24,14,19,17,14,13,11,7,11,4,9,8,11"
Hines Ward,12,11.74,100.0,2.0,16.16,6.0,763.0,98.0,17,1,8,0,65,good,3.0,12.0,9.0,3.07,11.98,137.65,10.43,17.29,65.75,20.25,0.88,0.26,4.72,5.14,"3,48,8,3,2,3,6,3,34,21,5,2,2,2,2,42,21,5,4,3,3,2,22,9,3,3,2,2,2,18,10,4,3,2,2,2,27,13,3,2,3,2,2,16,9,43,23,9,7,5,24,12,4,6,10,7,7,100,40,11,7,7,6,7,43"
Holly Madison,8,27.25,100.0,6.0,18.33,20.0,1962.0,94.0,19,9,28,0,72,good,15.0,34.0,19.0,1.79,3.36,67.27,53.29,26.14,-50.94,17.02,0.01,0.36,-17.83,5.9,"56,100,55,31,34,57,40,25,48,40,18,17,27,29,22,53,85,20,35,50,65,40,43,77,30,23,32,18,21,20,17,13,13,17,18,13,17,18,15,15,22,16,13,14,12,11,13,19,14,6,15,22,22,33,24,16,14,16,13,10,15,15,13,10,34,14,13,28,43,36,33,16"
Hope Solo,13,23.08,100.0,6.0,20.2,15.0,1500.0,94.0,19,7,19,0,65,good,10.0,28.0,18.0,2.06,4.38,87.52,24.86,20.86,-16.09,18.03,0.26,0.31,-13.51,5.6,"16,59,42,14,18,12,13,14,63,41,18,13,14,11,13,46,99,100,52,38,28,22,38,28,15,14,15,17,14,28,23,20,10,10,11,9,43,31,15,15,10,8,10,24,15,9,7,8,7,7,23,33,10,8,8,6,7,52,68,28,11,10,10,9,10"
Ian Ziering,4,11.55,100.0,0.0,19.55,0.0,751.0,100.0,17,4,14,43,65,good,0.0,22.0,22.0,2.1,5.2,169.18,11.14,18.57,66.67,23.54,0.89,0.34,0.04,4.28,"24,54,0,0,0,0,0,0,54,16,0,14,0,0,0,63,31,0,0,0,0,0,30,21,22,0,0,0,0,19,21,0,0,0,0,0,35,30,0,0,22,0,0,26,29,0,0,0,0,0,40,32,0,0,0,0,0,38,100,30,0,0,0,0,0"
Ilona Maher,33,21.01,100.0,5.0,19.39,15.0,1492.0,95.0,19,4,16,0,71,good,9.5,21.0,11.5,2.49,6.15,92.29,28.57,22.86,-20.0,26.49,0.01,0.24,2.56,5.71,"12,100,29,17,15,15,12,10,89,29,17,13,11,13,9,7,8,8,8,7,8,30,47,16,11,15,11,9,9,47,17,14,11,9,7,7,90,32,27,19,20,17,18,47,22,15,37,44,30,17,10,18,11,11,9,7,5,44,13,18,21,15,9,9,71,21,15,15,13,9,16"
Iman Shumpert,30,14.81,100.0,3.0,18.6,7.0,948.0,97.0,18,4,13,0,64,good,4.0,13.0,9.0,2.55,6.86,125.6,19.43,21.71,11.76,23.46,0.56,0.23,4.69,5.23,"4,73,29,13,7,6,4,4,36,7,6,4,7,5,3,29,7,4,3,3,3,3,36,28,8,6,4,5,4,32,8,8,4,4,4,3,100,60,21,11,11,7,7,42,10,7,5,5,5,4,39,13,12,6,5,6,6,63,27,12,13,11,9,17"
Ingo Rademacher,16,10.63,100.0,0.0,17.94,3.0,691.0,100.0,17,4,9,21,65,good,0.0,11.0,11.0,2.7,8.42,168.78,22.57,8.14,-63.92,22.69,0.02,0.26,-5.9,4.6,"12,100,32,4,2,5,3,4,52,18,6,3,0,4,3,54,18,4,5,0,0,3,55,11,3,6,0,0,0,17,9,3,0,0,3,2,37,24,5,3,0,0,2,20,10,0,0,0,0,0,41,14,3,0,3,0,0,31,40,10,4,0,0,0,3"
J.R. Martinez,13,15.38,100.0,0.0,19.95,6.0,1000.0,100.0,18,6,13,1,65,good,4.0,19.0,15.0,2.3,5.43,129.69,25.0,16.71,-33.14,24.23,0.23,0.28,-7.8,5.16,"6,55,86,8,6,5,9,3,54,38,5,3,3,3,2,100,51,8,9,5,7,4,31,15,8,4,3,0,4,54,26,4,3,3,3,5,34,19,8,5,6,4,3,20,13,3,3,5,5,3,42,21,3,7,8,4,5,29,20,11,10,9,6,19,42"
Jack Osbourne,17,13.82,100.0,3.0,19.79,6.0,995.0,97.0,18,5,11,0,72,good,4.0,10.25,6.25,2.67,6.7,143.23,21.71,18.57,-14.47,27.27,0.01,0.21,1.53,5.26,"5,100,19,9,6,7,6,4,45,9,6,5,8,3,3,32,5,4,17,17,5,5,26,5,4,5,3,4,3,65,10,6,6,3,4,6,16,4,10,4,3,5,47,47,11,10,5,7,6,5,28,7,5,4,3,4,3,50,8,6,5,4,5,3,80,11,6,12,7,5,8,81"
Jack Wagner,14,8.14,100.0,0.0,20.44,1.0,529.0,100.0,19,4,5,11,65,good,1.0,4.0,3.0,3.44,10.62,251.17,17.0,0.57,-96.64,23.07,0.25,0.17,-15.18,3.92,"9,82,10,4,2,2,10,3,81,25,5,3,3,2,5,79,100,14,6,5,4,4,18,16,3,2,4,2,1,1,1,1,1,0,1,1,1,1,1,1,0,1,1,1,1,1,1,0,1,1,1,0,0,1,0,0,0,1,1,1,1,0,0,0,1"
Jacoby Jones,16,15.83,100.0,3.0,21.07,6.0,1029.0,97.0,17,6,13,0,65,good,4.0,17.0,13.0,2.21,4.45,133.08,23.29,14.14,-39.26,27.97,0.02,0.29,-6.61,5.14,"10,100,30,8,6,5,4,6,64,23,5,4,5,3,4,86,28,8,5,6,5,4,67,22,7,4,4,3,3,44,33,8,4,4,4,5,35,17,5,5,6,4,5,32,16,5,7,7,6,6,47,18,6,4,6,4,5,53,16,6,4,4,3,5,61"
Jake Pavelka,10,18.49,100.0,0.0,15.48,13.0,1202.0,100.0,17,3,15,2,65,good,9.0,22.0,13.0,2.76,10.35,83.72,26.29,8.71,-66.85,17.07,0.57,0.35,-6.91,5.64,"25,57,28,30,11,11,22,17,42,25,13,12,13,19,14,34,33,16,17,15,15,13,36,20,7,12,10,8,9,56,42,22,12,20,13,9,26,100,40,25,14,11,10,21,19,10,9,8,11,9,15,14,7,0,7,12,7,8,8,9,7,7,0,10,20"
Jake T. Austin,23,2.6,100.0,0.0,12.57,0.0,187.0,100.0,72,1,2,66,72,good,0.0,0.0,0.0,6.7,47.62,484.04,4.86,0.0,-100.0,17.33,0.12,0.08,-3.75,2.01,"0,34,0,0,0,0,0,0,0,100,12,0,0,0,0,0,0,0,0,0,0,0,0,0,0,0,0,0,0,0,0,0,0,15,0,0,0,0,0,0,0,0,0,0,0,0,14,0,0,0,0,0,0,0,12,0,0,0,0,0,0,0,0,0,0,0,0,0,0,0,0,0"
Jaleel White,14,15.98,100.0,2.0,20.01,7.0,1039.0,98.0,17,4,12,0,65,good,5.0,19.0,14.0,2.56,6.61,125.21,24.86,3.14,-87.36,22.77,0.02,0.32,-17.82,5.25,"9,100,20,13,7,7,18,6,41,34,18,19,11,8,6,91,73,21,16,34,30,39,66,20,7,7,7,7,5,25,25,11,14,9,7,4,23,10,9,5,6,4,5,16,41,13,5,6,3,6,6,4,5,3,3,2,3,4,3,4,4,3,2,3,3"
James Hinchcliffe,23,11.18,100.0,0.0,18.57,5.0,805.0,100.0,18,4,10,8,72,good,3.0,8.5,5.5,3.04,9.55,166.11,7.86,17.57,123.64,24.79,0.5,0.21,6.75,4.98,"2,39,7,2,2,3,0,0,28,16,3,0,4,2,0,12,10,4,3,0,0,0,28,8,4,2,3,0,4,63,14,6,4,3,2,3,100,19,10,6,6,4,6,32,7,4,3,3,2,4,31,11,6,5,7,5,4,42,6,6,5,2,5,3,57,13,5,5,4,5,5,86"
James Maslow,18,14.37,100.0,3.0,20.83,6.0,934.0,97.0,21,5,10,0,65,good,5.0,9.0,4.0,2.6,5.99,144.98,12.43,17.43,40.23,29.26,0.45,0.17,-4.63,5.1,"4,57,9,5,4,4,4,4,72,11,5,5,5,9,6,42,10,5,4,5,4,5,80,13,8,6,6,6,4,100,21,12,10,9,7,6,33,8,9,8,6,5,4,42,9,6,4,5,5,3,27,6,5,5,4,3,4,44,8,6,6,6,6,8,82"
James Van Der Beek,28,4.9,100.0,1.0,12.56,1.0,348.0,99.0,20,1,2,0,71,good,1.0,3.0,2.0,6.3,43.63,256.3,6.86,19.86,189.58,16.86,0.9,0.21,1.83,4.55,"2,31,6,3,2,2,2,3,10,2,3,1,2,1,1,12,2,1,1,1,1,1,24,5,2,1,1,1,1,8,2,1,1,1,1,1,9,2,1,1,1,1,1,6,2,1,1,1,1,1,10,3,1,1,1,2,1,14,2,1,1,1,1,1,100,19,8,5,3,2,2"
Jamie Anderson,26,5.95,100.0,0.0,22.01,0.0,339.0,100.0,57,4,4,53,57,good,0.0,0.0,0.0,3.55,11.02,370.01,10.43,14.29,36.99,32.52,0.88,0.07,-5.09,1.98,"0,0,73,0,0,0,0,0,0,0,99,0,0,0,0,0,0,0,67,0,0,0,0,0,0,0,0,0,0,0,0,0,0,0,0,0,0,0,0,0,0,0,0,0,0,0,0,0,0,0,100,0,0,0,0,0,0"
Jamie Lynn Spears,32,15.74,100.0,6.0,17.05,11.0,897.0,94.0,17,2,5,0,57,good,9.0,15.0,6.0,4.13,17.12,108.33,28.71,17.71,-38.31,20.66,0.02,0.23,-6.13,5.38,"17,100,29,17,15,14,9,10,98,43,21,15,12,9,8,13,8,7,6,7,6,7,10,8,9,10,11,9,10,17,17,14,15,11,11,10,10,11,12,12,12,10,8,8,9,9,10,10,8,11,9,21,25,15,14,17,23"
Jana Kramer,23,12.65,100.0,3.0,15.7,7.0,911.0,97.0,21,3,7,0,72,good,5.0,12.0,7.0,3.51,14.1,124.09,18.71,9.14,-51.15,21.18,0.4,0.24,-5.75,5.51,"6,70,20,13,9,8,5,6,27,32,12,10,10,10,9,17,20,11,6,7,5,5,18,19,12,11,8,6,7,100,22,11,8,6,6,7,59,18,10,12,9,7,5,21,5,4,4,3,3,4,12,5,5,4,4,4,4,22,4,4,4,4,4,3,41,8,5,4,5,5,5,32"
Jane Seymour,5,16.51,100.0,0.0,20.83,8.0,1073.0,100.0,17,5,11,3,65,good,5.0,17.0,12.0,2.29,4.7,126.21,22.29,4.71,-78.85,24.06,0.14,0.26,-6.82,5.22,"9,85,28,19,6,9,0,4,70,100,12,9,12,8,6,47,20,7,8,7,6,9,17,11,4,7,5,6,5,66,26,11,9,6,5,5,46,45,16,19,10,19,13,48,65,23,13,12,5,4,7,6,5,5,0,6,4,5,4,0,8,7,5,4,5"
Janel Parrish,19,18.31,100.0,4.0,22.86,8.0,1318.0,96.0,18,9,13,0,72,good,6.0,14.25,8.25,2.18,3.67,124.89,22.14,21.57,-2.58,31.38,0.99,0.22,-0.78,5.41,"7,73,43,10,8,8,6,6,56,25,7,6,7,6,5,88,16,8,6,6,5,6,59,14,8,6,8,6,4,94,19,8,12,10,7,10,64,20,10,6,13,19,10,35,11,11,10,9,9,7,43,11,7,5,8,5,5,57,13,7,6,7,5,9,72,15,7,6,7,7,9,100"
Jason Lewis,31,7.31,100.0,2.0,13.15,4.0,468.0,98.0,26,1,3,0,64,good,3.0,5.0,2.0,5.77,36.31,179.83,31.86,3.29,-89.69,13.67,0.02,0.17,-7.88,5.08,"12,100,41,26,17,14,13,10,16,9,5,6,5,4,6,8,5,5,6,2,4,4,6,3,4,4,4,5,3,5,5,3,3,3,4,3,2,3,2,5,3,4,4,3,4,3,4,3,3,3,5,4,3,5,3,3,3,4,2,4,2,3,5,3"
Jason Mraz,32,19.05,100.0,6.0,20.47,11.0,1086.0,94.0,17,5,11,0,57,good,8.0,15.0,7.0,2.54,5.69,107.45,26.14,24.29,-7.1,28.72,0.02,0.21,-2.28,5.28,"8,100,26,15,13,13,8,8,59,19,12,13,10,9,8,79,19,13,12,11,8,8,45,13,8,8,10,11,11,69,21,14,11,9,7,7,31,13,10,9,8,8,6,41,15,10,9,9,7,25,87,25,14,15,12,8,9"
Jason Taylor,6,18.51,100.0,0.0,20.39,10.0,1203.0,100.0,18,7,13,3,65,good,7.0,19.0,12.0,2.08,3.95,110.2,20.0,17.29,-13.57,25.14,0.12,0.28,-1.03,5.36,"13,79,18,7,8,6,9,10,100,63,13,12,0,6,6,60,18,7,6,7,6,5,44,19,10,5,0,0,7,41,17,7,4,13,8,6,35,21,15,16,17,20,7,71,50,19,10,10,10,7,40,27,10,10,6,7,8,26,19,8,5,6,6,16,61"
Jeannie Mai,29,8.28,100.0,1.0,16.11,4.0,588.0,99.0,21,2,3,0,71,good,2.0,6.0,4.0,4.75,23.13,194.57,6.86,7.86,14.58,17.45,0.69,0.17,4.05,4.99,"3,21,6,3,11,2,2,2,3,21,5,3,3,2,2,20,5,3,5,2,2,2,18,5,8,8,8,5,4,18,5,4,3,2,2,2,26,6,6,2,2,2,1,10,5,3,2,2,2,100,94,9,5,5,3,3,4,4,3,4,4,2,2,2,3,3,4,24,8,7,6"
Jeffrey Ross,7,2.51,100.0,0.0,12.87,0.0,163.0,100.0,65,1,2,60,65,good,0.0,0.0,0.0,6.81,47.92,513.03,20.57,0.0,-100.0,14.54,0.03,0.08,-4.54,1.69,"0,25,100,19,0,0,0,0,0,0,0,0,0,0,0,0,0,0,0,0,0,0,10,0,0,0,0,0,0,0,0,0,0,0,0,0,0,0,0,0,0,0,0,0,0,0,9,0,0,0,0,0,0,0,0,0,0,0,0,0,0,0,0,0,0"
Jen Affleck,34,8.44,100.0,0.0,20.99,0.0,658.0,100.0,24,5,6,47,78,good,0.0,6.0,6.0,3.32,10.04,248.84,10.29,66.29,544.44,8.7,0.95,0.19,9.59,4.0,"15,13,12,11,5,7,9,15,7,6,0,0,0,6,16,0,0,0,0,0,0,0,0,0,0,7,0,9,0,4,0,0,0,0,0,0,0,0,0,0,6,0,0,5,0,0,0,0,0,0,0,0,0,0,0,0,0,4,0,0,0,5,0,0,0,5,9,6,0,6,6,4,36,91,100,93,71,69"
Jenn Tran,33,28.68,100.0,6.0,20.7,23.0,2036.0,94.0,18,9,31,0,71,good,15.5,30.5,15.0,1.82,3.22,72.2,40.43,23.71,-41.34,23.73,0.61,0.32,8.21,5.84,"28,99,45,30,29,26,26,21,61,27,17,18,12,10,9,8,6,8,8,10,10,50,61,29,17,17,15,14,13,66,22,14,13,11,8,12,95,40,29,28,22,22,23,100,68,45,48,43,28,21,14,21,24,18,31,19,22,39,67,40,32,24,21,16,29,28,23,27,24,17,18"
Jennie Finch Daigle,26,29.12,100.0,0.0,38.78,0.0,1660.0,100.0,16,21,21,36,57,good,0.0,70.0,70.0,0.65,-1.43,133.17,32.29,13.57,-57.96,55.94,0.81,0.37,4.87,4.38,"81,0,0,0,72,73,0,0,0,96,90,0,0,70,60,0,0,67,0,0,0,71,66,0,0,0,0,0,87,0,86,0,81,0,0,69,69,0,0,86,98,73,0,0,0,0,100,0,0,70,0,0,0,0,0,95,0"
Jennie Garth,5,10.85,100.0,0.0,14.96,6.0,705.0,100.0,18,1,7,16,65,good,3.0,12.0,9.0,3.57,17.21,137.94,14.57,23.0,57.84,16.81,0.89,0.28,4.62,5.07,"10,42,23,16,5,0,6,6,30,25,8,0,0,0,0,10,10,5,4,0,0,0,24,12,4,3,0,0,0,19,6,4,4,5,0,0,15,16,6,4,0,0,4,37,22,10,8,9,8,9,28,19,5,6,9,0,9,39,100,19,7,10,7,6,12"
Jennifer Grey,11,15.8,100.0,2.0,20.7,7.0,1027.0,98.0,18,6,13,0,65,good,5.0,15.0,10.0,2.59,6.52,131.03,29.57,19.29,-34.78,26.01,0.12,0.25,-4.7,5.21,"6,97,57,12,9,15,11,6,100,32,15,10,7,5,8,26,10,4,2,3,3,2,46,20,7,4,8,6,4,28,13,6,5,5,6,6,26,16,5,4,5,4,4,25,13,5,4,7,8,4,54,19,8,7,8,5,4,53,25,8,7,10,5,6,74"
Jerry Rice,2,33.94,100.0,0.0,22.78,30.0,1731.0,100.0,13,10,35,8,51,good,22.0,45.0,23.0,0.62,0.43,67.12,34.0,43.14,26.89,27.62,0.02,0.43,7.81,5.28,"37,100,37,44,20,0,0,27,57,33,0,0,20,24,29,48,47,34,31,0,19,0,76,29,37,22,0,33,30,73,62,66,46,22,23,27,61,30,41,0,28,21,29,66,87,30,35,26,36,35,53"
Jerry Springer,3,26.49,100.0,0.0,20.01,22.0,1722.0,100.0,17,8,25,8,65,good,17.0,31.0,14.0,1.46,2.42,75.53,30.86,17.0,-44.91,21.2,0.34,0.32,-9.99,5.61,"25,78,41,29,19,0,24,31,60,27,15,17,17,0,26,34,25,24,0,17,13,24,100,71,38,17,22,22,26,70,63,35,0,0,22,21,35,45,20,0,16,15,19,55,73,37,31,20,20,22,27,18,22,0,19,21,18,17,18,29,18,0,16,20,18"
Jesse Metcalfe,29,9.24,100.0,1.0,16.53,4.0,656.0,99.0,25,3,6,0,71,good,2.0,7.0,5.0,3.72,14.36,178.91,23.43,2.29,-90.24,21.82,0.01,0.17,-13.28,4.99,"9,100,25,12,7,6,5,3,4,71,15,9,8,7,6,49,8,6,4,7,11,4,43,11,7,14,7,7,5,58,10,7,5,5,4,4,5,3,7,4,5,3,2,2,2,2,2,2,9,2,2,1,3,2,1,2,2,2,3,2,1,2,2,2,2,1,2,1,2,4,4"
Jessie James Decker,31,25.91,100.0,8.0,17.98,20.0,1658.0,92.0,17,6,21,0,64,good,15.0,29.0,14.0,2.25,5.24,69.39,36.57,16.86,-53.91,20.77,0.02,0.31,-4.19,5.73,"27,100,42,27,18,20,22,19,56,19,16,17,14,14,13,43,25,15,12,9,8,19,44,24,15,12,22,21,17,64,83,39,51,40,23,20,82,33,22,36,28,30,20,15,18,20,16,18,15,15,11,12,23,21,29,29,17,20,16,13,17,10,11,31"
Jimmie Allen,30,9.92,100.0,2.0,14.21,5.0,635.0,98.0,19,1,9,0,64,good,4.0,7.0,3.0,4.29,22.83,143.17,8.71,3.71,-57.38,19.05,0.81,0.23,1.72,5.2,"3,34,7,5,5,4,3,3,25,6,4,5,5,5,4,31,6,4,5,5,4,2,22,18,6,3,5,6,7,37,7,4,5,4,4,3,25,7,3,3,4,3,2,25,6,4,10,5,5,4,28,10,100,25,15,13,6,5,4,3,4,4,3,3"
JoJo Siwa,30,31.17,100.0,15.0,16.91,24.0,1995.0,85.0,17,8,31,0,64,good,21.0,35.0,14.0,1.92,3.71,54.25,39.71,35.57,-10.43,22.69,0.02,0.28,-4.09,5.83,"21,100,48,38,25,24,22,18,78,35,28,24,20,19,15,57,25,17,17,21,19,21,47,51,32,25,23,27,25,61,31,49,42,30,23,27,58,30,21,20,21,21,15,49,24,30,35,23,24,18,48,25,19,18,22,22,18,58,29,20,21,22,22,77"
Joanna Krupa,9,16.2,100.0,0.0,16.51,11.0,1053.0,100.0,18,3,12,1,65,good,6.0,18.0,12.0,2.73,9.39,101.94,15.57,29.29,88.07,16.75,0.89,0.29,11.04,5.48,"7,9,53,21,8,6,5,7,18,9,4,5,6,4,12,20,15,5,4,5,5,2,26,13,7,3,5,5,4,25,15,6,6,0,3,14,39,19,12,15,33,11,10,39,46,22,15,9,8,11,33,28,11,10,18,15,15,67,100,35,17,16,9,13,15"
Jodie Sweetin,22,17.46,100.0,4.0,16.45,11.0,1135.0,96.0,21,2,12,0,65,good,8.0,20.0,12.0,2.9,10.26,94.23,35.29,4.71,-86.64,20.02,0.02,0.4,-12.08,5.57,"30,100,30,20,19,25,23,20,43,21,20,18,20,20,13,79,28,18,12,14,14,11,43,13,11,9,10,10,9,33,10,9,18,22,19,26,38,12,10,8,8,8,9,22,8,7,6,7,8,7,48,11,7,5,8,9,6,10,4,4,4,5,6,5,5"
Joe Amabile,27,1.41,100.0,0.0,11.78,0.0,100.0,100.0,71,1,1,70,71,good,0.0,0.0,0.0,8.25,66.01,836.66,0.0,0.0,0.0,16.9,0.86,0.01,2.78,-0.0,"0,0,0,0,0,0,0,0,0,0,0,0,0,0,0,0,0,0,0,0,0,0,0,0,0,0,0,0,0,0,0,0,0,0,0,0,0,0,0,0,0,0,0,0,0,0,0,0,0,0,0,0,0,0,0,0,0,0,0,0,0,100,0,0,0,0,0,0,0,0,0"
Joey Fatone,4,10.56,100.0,0.0,19.23,4.0,1373.0,100.0,34,9,15,60,130,good,0.0,11.0,11.0,2.81,8.06,182.1,11.43,1.29,-88.75,21.6,0.49,0.26,-3.4,5.43,"11,59,10,0,0,0,0,10,46,16,0,0,0,0,0,25,23,0,0,15,0,0,31,20,0,0,0,0,0,20,13,0,0,0,0,0,15,22,11,0,0,0,0,76,28,0,0,0,0,0,29,28,10,0,0,0,12,56,65,23,10,0,0,13,100,8,65,63,15,14,11,9,6,70,100,22,11,9,0,5,6,8,0,0,0,7,9,9,4,0,4,8,8,4,4,5,8,4,0,6,0,4,0,7,5,0,6,0,0,4,0,14,0,0,0,0,4,4,0,8,0,5,4,0,5,0,0,0,0,4"
Joey Graziadei,33,23.86,100.0,0.0,24.0,15.0,1694.0,100.0,18,11,17,3,71,good,10.0,23.5,13.5,1.84,2.45,100.61,49.0,32.43,-33.82,30.67,0.11,0.25,-6.25,5.58,"11,92,56,23,57,77,27,13,100,27,14,19,17,5,11,7,10,5,8,0,0,58,84,20,16,17,14,8,10,65,22,16,14,15,8,10,77,36,22,17,17,14,9,42,21,11,13,10,9,0,8,13,7,7,8,5,7,59,21,14,18,20,15,11,100,28,18,27,17,13,24"
Joey Lawrence,3,15.95,100.0,0.0,22.57,6.0,1037.0,100.0,17,6,15,20,65,good,0.0,23.0,23.0,2.01,3.93,141.45,13.29,25.0,88.17,26.93,0.12,0.31,2.49,4.85,"15,51,27,0,0,0,0,0,100,44,8,7,7,0,0,58,24,4,0,0,0,0,39,23,0,0,0,0,0,33,22,8,0,6,4,6,45,25,5,6,0,4,6,63,41,7,0,6,4,7,41,28,8,6,0,4,5,65,99,18,17,8,7,12,14"
Joey McIntyre,1,7.75,100.0,0.0,25.75,0.0,279.0,100.0,36,3,3,33,36,good,0.0,0.0,0.0,3.03,7.26,332.26,0.0,14.29,0.0,38.57,0.81,0.08,5.83,1.58,"0,0,0,0,0,0,0,0,0,0,0,0,0,0,0,87,0,0,0,0,0,0,92,0,0,0,0,0,0,100,0,0,0,0,0,0"
John O'Hurley,1,2.78,100.0,0.0,16.43,0.0,100.0,100.0,36,1,1,35,36,good,0.0,0.0,0.0,5.75,31.03,591.61,0.0,0.0,0.0,23.9,0.64,0.03,5.56,-0.0,"0,0,0,0,0,0,0,0,0,0,0,0,0,0,0,0,0,0,0,0,0,0,0,100,0,0,0,0,0,0,0,0,0,0,0,0"
John Ratzenberger,4,5.32,100.0,0.0,15.05,0.0,346.0,100.0,65,1,4,52,65,good,0.0,0.0,0.0,4.39,22.48,282.67,16.0,0.0,-100.0,19.69,0.02,0.2,-4.53,3.28,"12,100,0,0,0,0,0,0,38,23,0,0,0,0,0,13,14,0,0,0,0,0,15,14,0,0,0,0,0,0,15,0,0,0,0,0,13,11,0,0,0,0,0,32,46,0,0,0,0,0,0,0,0,0,0,0,0,0,0,0,0,0,0,0,0"
John Schneider,27,20.44,100.0,8.0,12.29,17.0,1451.0,92.0,18,2,16,0,71,good,14.0,23.5,9.5,4.12,22.82,60.11,18.0,22.86,26.98,15.76,0.77,0.39,7.79,5.97,"22,15,19,23,15,16,16,17,17,14,15,11,18,23,14,9,14,14,11,26,13,8,13,20,15,19,12,18,24,28,13,13,17,21,14,10,11,15,17,11,17,40,25,34,54,22,18,28,30,19,13,17,8,12,14,100,29,16,23,21,26,27,36,21,26,15,24,21,25,26,23"
Johnny Damon,26,16.81,100.0,0.0,23.54,0.0,958.0,100.0,17,4,14,31,57,good,0.0,24.0,24.0,1.69,2.91,140.04,9.57,3.43,-64.18,24.74,0.53,0.44,-8.66,4.49,"0,0,0,22,21,24,0,17,0,0,45,97,60,44,23,36,36,0,0,0,18,0,22,20,42,35,0,32,0,25,100,64,0,45,22,44,0,24,0,0,0,0,0,0,0,0,16,0,0,0,0,0,0,0,24,0,0"
Johnny Weir,29,13.99,100.0,2.0,19.97,6.0,993.0,98.0,18,6,10,0,71,good,4.0,11.5,7.5,2.61,6.33,142.75,24.29,18.14,-25.29,28.38,0.01,0.21,-2.45,5.23,"9,100,23,16,9,7,6,3,4,29,10,6,6,3,4,84,13,7,5,5,4,2,53,14,6,6,5,6,4,51,13,7,5,3,5,3,49,13,5,4,8,4,3,35,7,7,3,3,4,3,38,4,3,3,3,4,4,72,17,8,5,5,10,6,68,22,10,4,8,8,7"
Jonathan Bennett,19,10.19,100.0,2.0,16.61,4.0,734.0,98.0,19,2,7,0,72,good,3.0,9.0,6.0,3.53,13.75,162.9,30.29,2.43,-91.98,20.66,0.01,0.19,-11.67,5.12,"9,100,39,10,18,22,14,9,79,22,6,6,7,6,5,32,7,5,19,23,13,5,28,9,6,4,3,5,3,40,6,4,4,2,3,4,49,9,5,4,3,6,3,5,2,3,2,2,4,2,4,2,2,2,3,3,3,4,4,2,2,3,3,2,2,2,2,2,2,3,3,3"
Jordan Chiles,34,21.77,100.0,0.0,18.79,16.0,1698.0,100.0,20,8,20,4,78,good,11.0,25.5,14.5,2.05,4.27,86.32,46.86,23.86,-49.09,15.89,0.0,0.28,-7.59,5.85,"100,62,41,28,28,32,37,27,19,21,50,24,76,17,18,26,27,14,19,42,15,20,24,16,18,11,18,26,7,13,20,21,17,13,10,9,13,9,9,0,10,13,12,8,13,65,77,71,41,15,12,13,10,10,0,13,10,14,8,11,9,0,10,16,11,9,12,9,0,13,19,51,32,17,21,16,16,14"
Jordan Fisher,25,15.02,100.0,3.0,20.55,6.0,976.0,97.0,17,5,10,0,65,good,5.0,14.0,9.0,2.67,6.67,136.87,17.43,20.71,18.85,26.94,0.98,0.22,-3.54,5.18,"4,78,16,7,6,5,6,4,34,46,13,6,9,5,3,23,7,4,4,4,5,3,92,25,13,9,8,6,5,59,18,11,7,7,6,15,38,9,6,6,5,6,4,18,6,4,6,5,4,3,36,14,6,5,8,6,5,58,15,6,5,8,5,6,100"
Jordin Sparks,31,25.89,100.0,10.0,18.05,20.0,1657.0,90.0,16,5,17,0,64,good,17.0,26.25,9.25,2.56,6.52,69.73,37.14,14.71,-60.38,22.23,0.02,0.27,-13.78,5.74,"14,100,43,34,22,27,20,21,49,22,24,20,21,19,19,62,31,22,20,20,19,18,74,31,19,19,24,19,15,95,70,36,26,31,20,18,40,31,18,19,16,12,14,36,21,24,13,18,16,21,17,11,17,24,13,19,10,12,16,11,14,18,15,17"
Joseph Baena,31,16.02,100.0,0.0,19.63,10.0,1025.0,100.0,17,3,9,1,64,good,5.0,18.0,13.0,2.87,8.4,122.54,28.86,3.29,-88.61,20.39,0.47,0.27,-16.72,5.3,"8,96,35,20,14,15,14,15,39,18,11,8,9,10,7,44,18,13,10,13,11,10,47,22,15,10,10,10,9,78,100,41,25,20,19,19,20,10,13,9,7,9,6,5,6,5,5,5,4,4,5,3,3,5,6,6,3,5,5,3,3,0,5,2"
Josh Norman,26,14.49,100.0,0.0,16.87,9.0,826.0,100.0,16,3,8,1,57,good,6.0,15.0,9.0,3.33,12.22,116.41,14.29,9.43,-34.0,21.59,0.26,0.28,-8.44,5.23,"10,7,6,6,15,0,56,6,7,7,11,6,5,16,18,100,30,15,12,22,75,32,12,9,6,8,3,26,12,4,5,5,14,4,24,10,12,10,7,5,6,28,14,9,3,6,8,6,17,25,11,7,6,7,7,18,10"
Josie Maran,5,4.71,100.0,0.0,12.93,3.0,306.0,100.0,24,1,2,27,65,good,0.0,4.0,4.0,6.31,42.73,274.61,27.57,0.29,-98.96,15.14,0.05,0.18,-6.42,4.11,"7,31,20,100,15,13,7,5,6,6,4,4,4,0,2,4,5,3,0,0,0,0,0,4,0,0,0,4,3,2,3,3,3,6,0,0,3,4,3,3,4,0,0,2,0,0,4,0,4,0,0,2,0,0,4,4,0,3,0,0,0,0,0,0,2"
Juan Pablo Di Pace,27,2.77,100.0,0.0,16.3,0.0,197.0,100.0,71,2,2,69,71,good,0.0,0.0,0.0,5.71,30.56,587.44,0.0,0.0,0.0,23.55,0.15,0.03,-5.63,1.0,"0,0,0,0,0,0,0,0,0,0,0,100,0,0,0,0,0,0,0,0,0,0,0,0,0,0,0,0,0,97,0,0,0,0,0,0,0,0,0,0,0,0,0,0,0,0,0,0,0,0,0,0,0,0,0,0,0,0,0,0,0,0,0,0,0,0,0,0,0,0,0"
Justina Machado,29,13.49,100.0,0.0,20.16,6.0,958.0,100.0,20,7,11,1,71,good,4.0,9.0,5.0,2.58,6.19,149.38,22.57,13.86,-38.61,28.8,0.13,0.17,-6.63,5.15,"8,88,30,11,10,6,5,4,4,100,16,9,9,7,8,61,10,5,8,8,5,4,52,9,6,3,5,5,5,58,8,7,7,5,4,7,54,10,7,4,7,3,3,37,7,6,3,3,3,3,33,4,3,4,2,4,3,41,6,4,4,0,3,3,62,13,6,3,3,4,6"
Kaitlyn Bristowe,29,14.86,100.0,3.0,20.25,7.0,1055.0,97.0,19,5,12,0,71,good,5.0,12.0,7.0,2.55,6.03,136.26,25.57,15.0,-41.34,27.98,0.01,0.2,-3.15,5.29,"13,100,33,12,8,7,6,5,6,86,26,10,9,8,9,52,10,6,4,4,4,4,45,9,5,4,4,4,3,47,11,6,5,5,6,5,39,12,4,4,12,8,3,46,13,7,6,4,4,6,35,8,7,5,6,4,3,80,17,7,5,6,9,9,64,15,7,6,3,4,6"
Karamo Brown,28,14.83,100.0,0.0,20.9,8.0,1053.0,100.0,18,7,9,3,71,good,5.0,12.5,7.5,2.67,6.34,140.92,18.86,2.43,-87.12,29.86,0.41,0.15,-5.63,5.26,"11,70,14,7,7,13,10,9,73,13,14,11,9,7,6,60,7,4,5,9,6,7,60,11,6,5,9,5,6,100,14,13,9,3,6,8,94,14,5,8,8,9,3,62,11,6,4,8,12,7,23,31,27,19,12,10,10,5,5,4,4,3,0,5,3,3,0,3,4,4,0"
Kareem Abdul-Jabbar,26,13.0,100.0,0.0,18.81,8.0,741.0,100.0,16,2,9,26,57,good,0.0,22.0,22.0,2.48,7.68,144.7,0.0,41.57,0.0,17.0,0.91,0.33,20.29,4.58,"0,0,0,0,0,0,0,0,0,0,0,0,0,0,12,0,8,0,0,0,0,7,0,16,0,11,10,11,0,8,11,0,9,0,18,7,11,13,0,0,15,24,24,22,24,22,37,27,27,76,33,23,100,48,34,24,29"
Kate Flannery,28,12.31,100.0,0.0,21.81,4.0,874.0,100.0,20,6,8,1,71,good,3.0,7.0,4.0,2.69,5.97,177.2,17.71,3.0,-83.06,31.39,0.7,0.14,-2.21,4.87,"8,86,12,6,4,4,4,3,62,9,4,4,4,6,3,79,11,4,4,5,5,3,47,6,4,3,3,3,3,49,9,3,3,3,4,4,76,9,6,5,3,4,2,68,13,10,6,5,5,5,100,17,7,4,4,4,7,5,3,2,3,3,2,1,3,7,3,0,3,3,2"
Kate Gosselin,10,24.57,100.0,8.0,20.49,16.0,1597.0,92.0,17,9,19,0,65,good,11.0,29.0,18.0,1.85,2.74,83.38,26.0,10.14,-60.99,19.44,0.12,0.29,-24.61,5.63,"19,67,33,19,16,13,15,13,100,61,24,18,17,15,17,54,76,60,38,30,29,28,84,62,30,33,25,24,21,47,67,31,21,23,19,17,16,14,15,16,13,11,11,10,11,11,10,10,9,10,14,12,10,9,13,12,10,13,11,8,9,12,11,9,11"
Katherine Jenkins,14,9.48,100.0,2.0,14.88,4.0,616.0,98.0,18,2,5,0,65,good,3.0,8.0,5.0,4.08,19.82,157.06,8.57,10.14,18.33,19.52,0.88,0.22,-0.23,5.08,"5,33,8,5,2,2,5,2,56,30,6,6,3,3,2,33,22,4,7,4,3,2,14,6,3,5,6,2,3,16,6,3,2,2,2,3,21,8,8,4,3,2,2,14,7,3,2,2,3,4,17,10,3,3,8,2,3,100,24,7,4,5,4,5,22"
Kathy Ireland,9,9.55,100.0,0.0,14.38,5.0,621.0,100.0,19,2,5,2,65,good,5.0,9.0,4.0,4.68,24.05,150.49,26.57,6.43,-75.81,16.44,0.03,0.2,-9.43,5.24,"9,15,100,30,10,13,9,9,34,62,13,6,5,6,25,14,9,6,5,8,9,8,10,6,6,4,5,4,4,6,4,5,4,0,6,3,6,5,3,3,0,5,4,5,5,3,4,5,7,6,3,9,5,5,7,5,5,4,5,5,5,11,11,3,5"
Kel Mitchell,28,11.56,100.0,2.0,18.36,5.0,821.0,98.0,24,4,9,0,71,good,4.0,7.0,3.0,3.17,10.14,158.76,9.29,14.29,53.85,26.46,0.31,0.17,-4.3,5.14,"4,40,7,4,3,4,3,3,85,14,7,4,4,5,4,31,8,4,3,7,6,5,100,21,10,6,7,6,4,38,9,8,4,7,6,4,32,7,4,4,5,4,3,20,3,3,2,4,4,2,34,6,4,4,5,5,4,50,7,4,3,5,5,3,70,9,5,3,4,3,6"
Kellie Pickler,16,16.28,100.0,4.0,19.82,9.0,1058.0,96.0,17,5,10,0,65,good,6.0,17.0,11.0,2.69,7.05,121.74,25.0,24.0,-4.0,23.19,0.98,0.26,-8.26,5.33,"11,83,35,17,12,10,7,6,88,51,14,10,9,7,8,54,21,10,17,12,9,8,47,37,10,7,7,7,6,19,11,5,5,5,5,4,22,12,6,6,5,5,4,19,10,5,5,5,4,5,28,13,8,5,6,4,4,35,18,15,13,7,6,9,100"
Kelly Monaco,1,19.57,100.0,0.0,22.06,9.0,1977.0,100.0,27,12,27,5,101,good,6.0,25.0,19.0,1.88,3.1,112.71,5.43,24.14,344.74,26.43,0.29,0.33,-1.71,5.94,"5,13,6,8,0,6,0,0,53,31,13,13,12,8,8,45,12,0,0,8,10,15,66,25,19,17,14,27,22,100,50,39,30,25,25,49,5,78,55,10,6,7,6,5,31,26,6,4,5,4,3,23,23,6,4,4,3,5,100,59,24,11,9,8,8,31,23,8,6,6,5,5,39,23,8,6,7,5,5,62,12,8,8,6,5,6,58,33,12,7,6,5,5,86,39,15,9,9,8,12,77"
Kelly Osbourne,9,12.62,100.0,0.0,14.78,8.0,820.0,100.0,18,1,7,4,65,good,5.0,15.0,10.0,3.59,16.81,117.18,30.29,18.86,-37.74,16.7,0.03,0.31,-4.45,5.37,"5,12,100,44,15,17,19,13,28,17,9,7,5,8,6,23,17,7,4,8,5,7,11,8,6,5,5,5,5,28,18,9,3,0,5,3,15,13,3,4,0,6,4,21,11,5,6,5,0,5,21,18,7,4,7,0,5,41,37,10,11,12,8,11,43"
Kendra Wilkinson,12,28.75,100.0,12.0,17.83,24.0,1869.0,88.0,17,6,31,0,65,good,17.0,35.0,18.0,2.06,4.62,62.01,40.86,15.29,-62.59,19.57,0.68,0.32,-7.07,5.8,"35,91,36,36,27,28,33,25,49,45,20,24,35,27,19,45,26,19,27,48,33,26,44,51,20,19,18,24,16,39,27,23,16,17,29,22,77,65,26,15,22,21,14,39,100,55,26,30,19,16,17,15,13,12,17,15,12,17,14,13,13,20,21,13,13"
Kenny Mayne,2,5.14,100.0,0.0,18.89,0.0,262.0,100.0,51,2,4,47,51,good,0.0,0.0,0.0,3.85,14.19,367.68,31.43,0.0,-100.0,16.42,0.0,0.08,-7.18,1.9,"100,77,0,0,43,0,0,0,0,0,0,0,0,0,0,0,0,0,0,0,0,0,0,0,0,0,0,0,42,0,0,0,0,0,0,0,0,0,0,0,0,0,0,0,0,0,0,0,0,0,0"
Kenya Moore,30,19.95,100.0,5.0,20.69,12.0,1277.0,95.0,18,7,9,0,64,good,10.0,18.0,8.0,2.57,5.63,103.7,24.29,16.43,-32.35,27.84,0.56,0.22,-8.91,5.49,"10,86,28,11,11,12,12,11,86,21,17,15,13,14,10,61,21,11,11,14,10,9,57,52,20,13,10,11,9,83,19,13,18,12,11,17,100,34,15,8,12,8,10,18,9,11,11,6,10,7,10,5,6,8,12,11,12,14,17,18,22,21,14,9"
Keyshawn Johnson,17,8.28,100.0,0.0,15.3,5.0,596.0,100.0,18,2,2,12,72,good,3.0,8.25,5.25,4.94,25.19,184.86,20.43,4.14,-79.72,20.51,0.11,0.25,-6.39,5.05,"6,88,14,5,4,7,19,6,100,20,10,5,7,19,10,10,7,4,0,0,16,6,9,0,3,6,0,6,4,5,3,0,3,0,8,3,3,0,0,0,3,6,10,14,4,2,3,0,7,13,6,0,3,6,3,11,5,10,7,5,4,3,17,5,4,0,4,2,3,9,3,8"
Kim Fields,22,11.52,100.0,1.0,16.54,4.0,749.0,99.0,18,3,10,0,65,good,3.0,12.0,9.0,3.11,11.59,143.54,35.14,1.57,-95.53,16.04,0.02,0.28,-13.87,5.09,"57,100,26,15,12,16,20,29,55,9,10,4,7,8,40,31,12,7,8,9,14,15,28,6,6,4,4,5,4,25,5,3,4,5,3,3,23,5,3,3,3,4,3,39,7,4,4,3,4,3,4,2,3,3,2,2,2,3,1,2,2,1,1,2,2"
Kim Kardashian,7,37.75,100.0,19.0,16.71,31.0,2454.0,81.0,18,12,54,0,65,good,27.0,43.0,16.0,1.69,2.76,44.27,63.57,27.71,-56.4,12.71,0.14,0.34,-19.14,5.9,"58,79,88,63,47,57,53,37,65,100,57,40,56,55,44,77,47,35,30,42,43,39,30,27,27,28,43,41,32,28,29,22,27,31,29,25,26,32,23,24,34,46,36,21,19,23,29,35,34,28,28,25,24,21,31,30,30,30,27,22,24,30,31,24,36"
Kim Zolciak-Biermann,21,8.14,100.0,0.0,19.32,0.0,586.0,100.0,72,3,9,57,72,good,0.0,0.0,0.0,2.89,8.67,237.37,8.29,0.0,-100.0,18.14,0.21,0.21,-13.61,3.67,"0,20,19,19,0,0,0,0,0,0,46,84,36,44,21,100,46,57,0,0,0,0,0,0,28,18,0,0,0,0,0,0,0,0,0,0,0,0,0,0,0,0,0,0,0,0,0,0,0,0,0,0,0,0,0,19,0,0,29,0,0,0,0,0,0,0,0,0,0,0,0,0"
Kirstie Alley,12,20.04,100.0,2.0,21.28,11.0,2605.0,98.0,34,10,34,0,130,good,7.0,25.0,18.0,2.15,4.62,106.2,30.0,12.57,-58.1,26.45,0.01,0.32,7.77,6.41,"7,100,27,12,25,17,22,8,42,29,7,4,4,4,3,93,44,12,8,7,5,4,34,13,8,5,4,3,4,22,11,9,9,6,4,4,24,16,5,2,4,4,3,24,16,10,7,5,5,4,38,23,9,8,6,5,4,43,25,7,8,15,9,9,92,15,100,55,38,15,13,12,9,67,31,11,8,10,7,9,41,31,10,7,13,13,9,47,30,10,11,11,9,7,43,18,11,8,8,6,7,84,36,13,22,53,31,20,97,43,42,47,35,27,18,52,38,16,9,10,7,6,11,15,13,21,16,9,7,7"
Kristi Yamaguchi,6,18.14,100.0,0.0,21.26,12.0,1179.0,100.0,17,5,16,17,65,good,0.0,24.0,24.0,1.92,3.76,117.23,22.0,21.43,-2.6,25.0,0.98,0.31,-2.56,5.16,"12,20,90,23,9,0,0,10,62,47,16,11,12,0,7,40,26,10,0,0,0,7,36,32,11,8,0,0,12,63,46,12,0,0,18,8,68,24,17,10,12,15,10,44,25,14,10,11,20,0,28,16,11,0,0,0,7,39,25,13,0,0,0,12,100"
Kristin Cavallari,13,9.88,100.0,3.0,14.07,6.0,642.0,97.0,19,2,3,0,65,good,4.0,9.0,5.0,4.78,25.29,142.49,14.0,10.29,-26.53,14.37,0.25,0.25,-8.43,5.32,"7,39,22,6,6,7,11,8,21,15,7,8,9,5,6,58,100,20,10,7,9,7,16,7,5,5,3,5,8,6,6,4,5,4,4,3,6,5,4,3,4,4,3,4,4,3,4,4,5,4,10,4,5,4,5,6,6,4,6,12,10,9,10,13,12"
Kurt Warner,11,13.57,100.0,3.0,16.79,7.0,882.0,97.0,18,3,8,0,65,good,6.0,12.0,6.0,3.1,10.57,123.7,26.43,5.57,-78.92,20.86,0.02,0.25,-6.57,5.35,"12,100,39,11,6,9,8,7,64,16,7,5,6,6,9,39,17,7,6,6,15,11,47,14,5,5,5,5,6,31,11,6,4,7,6,7,21,14,5,6,5,10,6,23,17,6,4,5,7,7,38,61,12,8,3,8,6,6,5,5,4,4,8,7,6"
Kyle Massey,11,13.88,100.0,0.0,19.17,7.0,902.0,100.0,18,4,9,6,65,good,4.0,14.0,10.0,2.73,7.54,138.11,31.29,27.14,-13.24,20.45,0.02,0.28,-1.29,5.11,"10,100,75,13,5,10,6,5,48,32,7,4,11,7,4,31,14,3,0,5,0,7,17,6,0,3,5,0,8,16,10,3,5,6,0,4,17,9,3,4,5,4,2,19,12,4,3,4,5,0,29,22,8,8,8,6,6,54,44,18,14,14,10,11,79"
Laila Ali,4,21.57,100.0,0.0,27.57,13.0,1402.0,100.0,17,12,20,30,65,good,0.0,33.0,33.0,1.19,0.23,127.82,19.14,36.71,91.79,30.11,0.12,0.34,8.88,4.84,"33,68,16,17,0,0,0,0,100,70,15,0,0,0,0,40,35,0,0,0,0,0,31,22,0,14,0,0,0,44,41,0,14,0,0,14,79,62,13,0,0,0,0,66,68,21,13,0,0,13,76,54,19,0,0,0,16,71,69,27,26,0,20,24,91"
Lamar Odom,28,12.3,100.0,2.0,15.75,7.0,873.0,98.0,18,3,7,0,71,good,5.5,11.5,6.0,3.81,15.66,128.13,18.57,3.57,-80.77,21.34,0.31,0.23,-5.78,5.49,"6,75,15,12,9,8,5,6,63,13,9,6,6,6,7,26,8,6,7,5,6,5,100,27,11,9,7,7,6,7,4,24,9,7,6,8,11,16,22,19,13,9,30,12,11,9,8,10,7,7,5,5,8,6,6,5,4,29,22,13,6,4,5,5,5,4,3,4,4,3,2"
Lance Bass,7,22.78,100.0,0.0,23.77,17.0,1481.0,100.0,17,7,17,13,65,good,9.0,26.0,17.0,1.77,2.73,104.33,40.14,41.71,3.91,25.25,0.89,0.34,-1.35,5.32,"18,84,79,41,23,14,22,20,89,53,12,14,22,19,0,33,16,11,17,0,0,9,38,27,12,0,0,16,0,26,23,13,9,0,0,10,24,20,16,10,21,0,0,41,10,19,14,39,19,14,37,26,18,9,0,0,9,73,100,23,24,17,0,32,96"
Lauren Alaina,28,17.82,100.0,5.0,20.88,10.0,1265.0,95.0,18,5,11,0,71,good,7.5,14.5,7.0,2.73,6.93,117.18,24.0,20.29,-15.48,28.86,0.8,0.24,4.54,5.52,"24,87,24,10,10,7,6,8,57,13,9,11,14,8,11,40,12,8,7,6,6,6,37,11,7,7,8,8,7,38,11,7,7,6,5,9,98,34,21,12,11,10,12,32,11,7,7,11,10,8,41,11,22,19,11,8,9,100,23,13,8,8,7,7,85,15,9,8,9,7,9"
Lauren Jauregui,34,1.28,100.0,0.0,11.25,0.0,100.0,100.0,78,1,1,77,78,good,0.0,0.0,0.0,8.66,73.01,877.5,0.0,0.0,0.0,16.12,0.72,0.01,2.56,-0.0,"0,0,0,0,0,0,0,0,0,0,0,0,0,0,0,0,0,0,0,0,0,0,0,0,0,0,0,0,0,0,0,0,0,0,0,0,0,0,0,0,0,0,0,0,0,0,0,0,0,0,0,0,0,0,0,0,100,0,0,0,0,0,0,0,0,0,0,0,0,0,0,0,0,0,0,0,0,0"
Laurie Hernandez,23,15.31,100.0,3.0,18.65,8.0,1102.0,97.0,18,4,14,0,72,good,6.0,14.25,8.25,3.04,9.83,121.87,27.43,19.57,-28.65,24.01,0.01,0.22,-3.17,5.5,"11,100,32,15,15,10,9,7,40,27,10,6,10,8,8,27,17,9,7,6,6,7,67,30,12,8,9,6,12,34,13,8,6,5,6,5,25,9,6,8,6,3,4,19,6,5,4,5,4,4,28,8,8,5,6,6,5,38,8,9,9,7,7,6,99,34,14,8,9,8,8,56"
Lawrence Taylor,8,10.54,100.0,0.0,19.82,0.0,759.0,100.0,19,4,11,49,72,good,0.0,17.0,17.0,2.37,5.96,188.04,19.43,4.43,-77.21,24.06,0.01,0.32,-6.86,4.25,"17,100,19,0,0,0,0,0,78,31,13,15,0,0,0,55,18,0,0,0,0,0,46,17,0,0,0,0,0,36,43,0,0,0,0,15,44,26,0,0,0,0,0,38,58,20,17,0,0,0,22,0,0,0,0,0,0,0,0,0,0,0,0,0,0,14,0,0,0,0,0,17"
Lea Thompson,19,10.25,100.0,1.0,18.17,4.0,738.0,99.0,20,4,10,0,72,good,3.0,6.0,3.0,3.18,10.33,177.31,21.71,1.57,-92.76,25.2,0.01,0.17,-6.0,4.94,"6,100,26,7,4,5,4,3,63,20,6,4,4,4,5,40,6,4,6,6,4,5,43,8,5,4,4,4,3,52,7,4,3,3,3,2,32,4,3,2,4,2,3,27,5,3,3,3,3,2,25,4,2,2,4,3,2,82,11,4,4,3,3,2,3,2,1,1,2,2,1,2"
Leah Remini,17,19.24,100.0,7.0,19.64,12.0,1385.0,93.0,18,4,13,0,72,good,9.0,19.25,10.25,2.78,7.43,102.08,30.71,11.43,-62.79,27.88,0.11,0.25,-6.03,5.68,"17,95,24,14,32,20,13,11,100,35,15,10,20,14,12,33,11,9,11,13,7,7,43,10,9,10,7,9,9,81,16,13,11,31,11,18,46,20,11,9,11,9,9,42,13,12,8,11,10,7,36,13,8,15,12,10,7,32,11,8,10,22,8,8,86,19,12,10,12,7,8,12"
Leeza Gibbons,4,6.86,100.0,0.0,16.66,0.0,446.0,100.0,17,2,6,48,65,good,0.0,7.0,7.0,3.65,15.23,242.85,11.14,0.0,-100.0,19.66,0.35,0.26,-11.97,3.64,"0,68,10,0,0,0,0,26,41,26,9,0,0,0,0,26,8,0,0,0,12,0,24,100,24,17,16,0,0,0,0,7,0,0,0,0,0,0,8,0,0,0,0,0,0,0,0,0,0,0,0,0,0,0,0,24,0,0,0,0,0,0,0,0,0"
Lele Pons,32,18.3,100.0,4.0,21.57,10.0,1043.0,96.0,16,6,10,0,57,good,7.0,16.0,9.0,2.56,5.8,117.88,25.14,7.0,-72.16,30.27,0.51,0.21,-1.38,5.18,"20,77,25,15,15,16,8,7,59,18,9,17,11,10,7,51,12,8,11,9,7,7,70,12,8,8,9,6,8,100,25,12,10,8,7,6,40,10,6,9,9,7,6,98,29,19,16,15,13,9,12,9,4,6,6,7,5"
Lil' Kim,8,17.19,100.0,6.0,14.83,13.0,1238.0,94.0,19,4,9,0,72,good,10.0,18.0,8.0,3.49,13.97,86.26,19.29,10.71,-44.44,16.66,0.5,0.26,7.11,5.83,"13,53,19,11,10,13,16,10,32,16,9,10,10,14,6,27,18,9,9,8,10,6,20,12,8,12,10,9,7,22,15,10,10,8,11,8,100,70,16,12,23,19,14,30,19,14,11,15,13,11,23,17,11,10,12,13,18,37,56,32,17,18,16,12,13,10,9,10,13,14,10,9"
Lindsey Stirling,25,23.55,100.0,10.0,19.66,16.0,1531.0,90.0,18,8,12,0,65,good,13.0,22.0,9.0,2.34,4.78,83.45,24.71,29.14,17.92,26.53,0.98,0.22,-1.25,5.66,"12,82,25,16,13,13,12,10,56,55,22,12,16,12,10,90,24,16,14,14,12,10,57,22,22,18,14,14,12,40,15,14,16,19,13,11,39,20,17,13,12,11,23,61,19,13,15,14,14,13,36,17,18,17,18,18,17,69,24,18,15,18,16,13,100"
Lisa Rinna,2,27.27,100.0,0.0,20.51,19.0,1391.0,100.0,13,7,21,2,51,good,13.0,38.5,25.5,1.29,1.57,75.21,15.86,44.86,182.88,23.56,0.86,0.39,6.11,5.29,"13,43,18,14,0,10,13,16,30,44,18,14,20,19,8,65,58,20,21,9,8,14,68,39,22,13,11,9,9,44,37,19,15,11,11,11,52,32,18,0,13,66,36,66,100,29,41,38,27,38,41"
Lisa Vanderpump,16,11.48,100.0,2.0,17.66,5.0,746.0,98.0,19,3,7,0,65,good,3.0,10.0,7.0,3.3,11.53,153.88,27.71,2.29,-91.75,19.63,0.02,0.22,-16.97,5.05,"9,100,33,14,14,12,12,20,82,35,15,11,10,9,8,41,21,10,8,6,10,8,54,43,11,6,7,6,5,7,9,7,4,5,5,3,5,4,3,3,4,4,3,3,3,3,3,4,4,3,2,3,3,2,4,2,3,2,3,2,2,2,3,2,2"
Lolo Jones,19,5.08,100.0,0.0,14.95,1.0,366.0,100.0,34,2,3,1,72,good,1.0,2.0,1.0,5.25,27.63,294.04,35.57,1.14,-96.79,12.43,0.03,0.14,-7.5,4.17,"4,78,100,33,13,10,11,7,9,6,3,2,3,2,1,2,1,2,2,6,2,2,3,2,1,1,2,2,1,1,1,1,1,1,1,1,1,2,2,5,2,2,1,1,2,1,1,1,2,1,1,1,1,1,1,2,1,2,1,1,1,1,0,1,1,1,1,1,1,1,1,2"
Louie Vito,9,14.12,100.0,0.0,21.27,9.0,918.0,100.0,17,5,13,27,65,good,0.0,14.0,14.0,2.25,5.02,150.61,25.43,0.86,-96.63,23.83,0.02,0.23,-12.19,4.73,"13,100,32,24,9,0,0,12,58,32,9,0,0,0,0,70,38,13,10,9,0,13,41,30,10,10,0,0,11,61,28,17,0,0,9,6,38,89,29,14,9,14,13,11,9,7,0,0,0,6,0,8,0,0,0,0,0,0,0,0,0,0,0,0,6"
Macy Gray,9,4.48,100.0,0.0,15.58,0.0,291.0,100.0,18,2,3,42,65,good,0.0,3.0,3.0,5.12,26.03,347.94,32.86,0.0,-100.0,13.87,0.03,0.15,-7.99,3.12,"4,7,100,77,25,10,7,6,10,7,4,3,0,0,0,4,0,0,0,0,0,0,3,2,0,0,0,0,0,0,2,2,0,0,0,0,0,3,2,0,0,0,3,0,0,0,3,0,0,0,0,2,5,0,0,0,0,0,0,0,0,0,0,0,0"
Margaret Cho,11,11.22,100.0,4.0,17.16,6.0,729.0,96.0,20,2,5,0,65,good,5.0,8.0,3.0,4.24,18.04,153.04,20.0,6.29,-68.57,16.45,0.23,0.14,-10.72,5.23,"24,49,32,11,8,9,7,6,28,16,4,4,7,8,6,100,97,20,7,8,10,6,8,6,7,9,7,8,5,7,5,4,6,4,8,6,6,6,7,5,6,6,5,4,6,5,6,5,7,4,5,6,6,5,5,12,6,5,7,5,7,7,8,5,5"
Maria Menounos,14,18.88,100.0,5.0,20.09,10.0,1227.0,95.0,18,7,13,0,65,good,7.0,21.0,14.0,2.07,3.88,106.42,17.43,17.29,-0.82,23.75,0.45,0.28,-5.47,5.42,"15,62,12,9,7,6,11,7,38,24,8,7,5,16,23,76,39,30,11,11,8,7,39,17,7,6,6,5,11,100,52,18,14,10,9,16,25,10,6,5,5,5,6,49,21,7,6,5,6,11,57,23,10,13,8,5,11,70,61,21,9,7,7,7,9"
Marie Osmond,5,7.85,100.0,0.0,13.44,4.0,510.0,100.0,19,1,4,3,65,good,1.0,8.0,7.0,5.13,31.38,171.29,4.14,7.29,75.86,16.38,0.45,0.29,1.79,4.97,"2,16,6,3,1,0,1,1,10,4,1,1,1,1,1,6,4,1,1,1,0,1,6,3,1,1,1,0,1,100,32,14,7,7,4,3,8,7,3,3,3,2,1,19,26,8,11,15,8,5,11,11,30,12,7,6,7,13,12,6,4,3,2,5,19"
Marilu Henner,23,11.62,100.0,0.0,19.62,4.0,837.0,100.0,18,6,11,1,72,good,2.0,6.25,4.25,2.45,5.6,168.76,20.86,1.43,-93.15,27.13,0.01,0.18,-5.81,4.88,"9,100,16,7,5,5,4,4,64,41,8,5,4,5,3,44,33,5,4,3,9,4,53,13,4,2,4,3,2,40,5,3,3,2,4,3,61,8,4,3,5,3,2,56,6,3,1,2,2,2,49,5,2,3,4,2,2,60,5,4,2,3,1,2,2,1,2,1,2,2,0,2"
Mario,6,61.49,100.0,46.0,13.19,57.0,3997.0,54.0,18,56,65,0,65,good,51.0,69.0,18.0,1.12,0.54,21.44,56.43,64.0,13.42,13.27,0.63,0.37,12.11,5.99,"50,55,51,48,56,69,66,46,51,52,50,52,68,67,48,46,48,50,53,70,73,46,58,51,52,54,73,72,47,49,49,51,54,76,69,51,53,54,56,61,86,100,74,70,64,61,66,93,96,54,59,63,58,70,86,90,59,55,57,56,58,80,82,55,60"
Mario Lopez,3,14.17,100.0,3.0,16.38,9.0,921.0,97.0,17,3,11,0,65,good,5.0,17.0,12.0,3.09,11.22,115.61,11.57,24.71,113.58,19.4,0.98,0.26,-3.3,5.4,"3,35,18,9,7,6,3,6,61,27,9,11,11,7,7,64,25,9,9,9,5,7,35,21,9,5,6,5,5,42,19,12,9,6,5,5,27,24,8,9,4,4,4,19,14,5,5,3,4,5,17,14,6,5,6,4,4,25,26,10,11,8,8,10,100"
Marissa Jaret Winokur,6,10.22,100.0,0.0,17.31,0.0,664.0,100.0,17,2,9,40,65,good,0.0,17.0,17.0,2.67,9.52,169.49,16.43,18.0,9.57,19.21,0.89,0.37,-0.68,4.38,"0,20,56,22,0,0,17,25,43,33,0,0,0,0,0,30,21,0,0,0,0,0,21,11,0,0,0,0,0,23,16,0,0,0,0,0,16,23,0,0,0,0,0,16,19,0,0,0,0,0,35,25,10,0,0,0,13,43,100,13,0,0,13,0,0"
Mark Cuban,5,14.57,100.0,0.0,17.87,8.0,947.0,100.0,17,4,11,5,65,good,5.0,16.0,11.0,2.67,7.98,122.65,36.57,5.71,-84.38,16.11,0.03,0.26,-15.99,5.27,"9,54,100,58,16,12,7,8,38,31,13,9,5,6,12,41,21,18,13,8,5,5,23,31,10,8,11,6,6,40,73,29,10,5,5,6,8,5,7,5,0,0,3,6,0,5,4,8,0,6,17,21,25,12,8,4,6,5,7,5,11,0,6,4,7"
Mark Dacascos,9,9.65,100.0,0.0,17.55,0.0,627.0,100.0,18,2,10,38,65,good,0.0,12.0,12.0,3.09,11.46,181.99,26.0,0.0,-100.0,21.08,0.02,0.34,-6.48,4.34,"10,100,26,25,9,0,12,0,38,20,10,0,0,0,15,28,18,0,0,0,0,0,29,15,8,0,0,0,8,27,16,0,0,0,0,0,34,21,9,0,0,0,0,31,77,11,10,0,0,12,0,0,8,0,0,0,0,0,0,0,0,0,0,0,0"
Marla Maples,22,10.17,100.0,1.0,16.39,5.0,661.0,99.0,18,4,4,0,65,good,3.0,9.0,6.0,3.83,15.12,161.17,23.86,2.29,-90.42,21.91,0.02,0.2,-11.24,5.07,"8,100,18,10,11,10,10,9,68,12,8,6,6,9,7,53,12,8,4,5,5,5,58,18,6,5,4,5,3,7,13,5,3,4,4,2,3,3,2,3,4,4,2,2,8,6,16,13,6,3,3,3,2,8,12,8,8,5,3,2,3,3,2,1,2"
Marlee Matlin,6,10.37,100.0,0.0,16.65,5.0,674.0,100.0,17,2,5,21,65,good,0.0,14.0,14.0,3.55,14.63,160.6,24.71,1.14,-95.38,18.52,0.57,0.31,-4.63,4.82,"18,24,79,17,15,10,10,13,40,28,7,4,0,0,0,21,12,5,6,6,0,5,21,15,4,0,0,0,5,20,15,7,8,8,12,19,31,100,18,4,9,14,4,4,9,0,0,0,7,4,4,0,0,0,0,0,0,4,4,0,0,0,0,0,4"
Martin Kove,30,4.14,100.0,0.0,14.76,0.0,265.0,100.0,16,2,2,35,64,good,0.0,2.25,2.25,5.43,29.66,356.38,13.71,0.0,-100.0,19.37,0.12,0.12,-7.78,3.16,"2,66,12,6,4,3,3,3,100,16,8,5,4,4,3,5,2,3,2,0,0,0,2,2,2,0,0,0,0,0,0,0,0,0,1,0,0,0,2,1,0,1,0,0,1,0,1,0,0,1,0,0,0,0,0,0,0,0,0,0,0,0,0,0"
Martina Navratilova,14,4.49,100.0,0.0,15.22,0.0,292.0,100.0,18,3,3,37,65,good,0.0,2.0,2.0,4.83,24.21,338.86,21.0,0.0,-100.0,18.72,0.02,0.15,-8.88,3.11,"3,100,11,5,6,5,17,3,56,51,8,5,2,2,2,2,2,1,1,2,1,1,0,0,0,0,0,0,0,0,1,1,1,0,0,0,1,1,0,0,0,0,1,0,0,0,0,0,0,0,0,0,0,0,0,0,0,0,0,0,0,0,0,0,0"
Mary Lou Retton,27,21.72,100.0,0.0,24.61,25.0,1542.0,100.0,19,10,36,35,71,good,0.0,36.0,36.0,0.85,0.04,113.29,32.14,0.0,-100.0,27.71,0.58,0.51,-16.56,5.07,"34,0,29,38,29,35,60,0,0,0,0,33,62,54,0,36,39,54,0,0,42,36,27,0,45,33,57,56,49,31,32,0,0,81,62,38,31,28,48,0,73,100,0,0,0,0,27,35,0,0,0,30,26,27,0,0,25,0,0,0,0,0,0,0,0,0,0,0,0,0,0"
Mary Wilson,28,5.96,100.0,0.0,16.03,2.0,423.0,100.0,20,2,2,1,71,good,2.0,4.0,2.0,5.51,29.04,268.98,20.43,2.14,-89.51,21.74,0.11,0.14,-7.47,4.55,"5,98,13,11,6,5,5,4,100,12,6,4,4,5,6,7,3,3,5,4,4,3,3,2,2,2,2,2,2,3,2,2,2,2,2,2,2,3,2,3,0,2,2,2,10,3,1,2,2,2,2,2,2,1,2,3,1,2,2,3,2,2,3,2,1,2,2,2,2,3,3"
Master P,2,16.47,100.0,0.0,23.3,0.0,840.0,100.0,13,6,16,29,51,good,0.0,27.5,27.5,1.49,1.83,141.47,15.71,2.71,-82.73,25.55,0.45,0.41,-26.15,4.27,"0,57,0,0,0,32,21,0,70,48,27,0,21,27,17,50,64,42,33,25,16,0,57,100,38,0,0,17,0,28,0,0,0,0,0,0,0,31,0,0,0,0,0,0,0,0,19,0,0,0,0"
Matt James,30,20.55,100.0,7.0,17.71,15.0,1315.0,93.0,16,5,12,0,64,good,12.0,19.25,7.25,2.89,8.39,86.21,33.0,10.57,-67.97,20.27,0.02,0.22,-16.91,5.64,"17,100,35,20,22,17,20,17,62,44,28,30,25,16,15,68,26,18,16,16,13,13,54,89,29,18,13,17,16,21,19,14,17,12,15,13,19,16,14,11,8,10,10,18,10,8,11,7,15,14,13,11,11,13,15,12,10,9,13,12,11,7,9,13"
Matt Walsh,32,9.63,100.0,4.0,12.86,7.0,549.0,96.0,22,1,2,0,57,good,6.0,8.0,2.0,6.19,40.01,133.5,29.43,6.14,-79.13,14.26,0.02,0.14,-7.32,5.31,"19,100,33,18,15,12,9,10,13,9,8,9,9,9,8,8,8,7,7,7,7,9,8,7,8,6,6,5,7,8,7,6,6,7,5,6,7,6,5,5,4,4,8,7,6,7,5,5,5,6,6,6,7,5,7,6,6"
Maureen McCormick,23,9.83,100.0,1.0,19.34,3.0,708.0,99.0,18,5,7,0,72,good,2.0,5.25,3.25,3.09,8.86,196.71,20.14,1.14,-94.33,26.41,0.01,0.17,-9.67,4.7,"4,100,16,7,5,5,4,5,79,30,9,6,6,4,3,14,20,4,3,3,3,3,62,15,6,4,3,3,4,70,10,5,3,4,4,2,46,5,3,3,2,2,1,63,7,3,2,2,2,3,3,2,1,5,2,1,1,2,1,3,2,1,2,1,1,1,1,2,1,1,1,1"
Maurice Greene,7,7.91,100.0,0.0,19.81,0.0,514.0,100.0,65,3,10,54,65,good,0.0,0.0,0.0,2.79,7.78,250.47,24.86,0.0,-100.0,21.77,0.78,0.17,-5.48,3.31,"0,48,78,48,0,0,0,0,41,26,0,0,0,0,0,43,0,0,0,0,0,0,0,0,0,0,0,0,0,29,29,0,0,0,0,0,0,22,0,0,0,0,0,0,0,0,0,0,0,0,50,100,0,0,0,0,0,0,0,0,0,0,0,0,0"
Mauricio Umansky,32,14.46,100.0,3.0,17.95,7.0,824.0,97.0,16,2,8,0,57,good,5.0,13.0,8.0,2.86,8.9,124.16,12.43,5.29,-57.47,17.44,0.53,0.21,6.58,5.12,"3,46,13,7,7,6,5,4,37,10,7,6,10,11,6,49,11,6,5,5,3,4,23,5,4,3,4,11,23,74,100,46,24,17,11,9,38,26,13,14,13,10,12,11,8,8,7,5,3,4,7,7,5,7,4,3,4"
Mel B,5,12.71,100.0,0.0,21.78,0.0,826.0,100.0,18,6,11,41,65,good,0.0,18.0,18.0,2.03,3.77,171.4,7.71,31.43,307.41,22.97,0.98,0.35,16.23,4.29,"0,39,15,0,0,0,0,0,19,0,0,0,0,0,0,20,0,0,0,0,0,0,12,0,0,0,0,0,0,24,14,0,0,0,0,0,41,32,0,14,0,0,0,58,56,0,18,0,0,0,74,46,15,14,0,0,23,72,55,25,0,0,18,22,100"
Melanie C,30,8.58,100.0,0.0,18.95,3.0,549.0,100.0,18,4,6,31,64,good,0.0,6.0,6.0,3.31,10.77,220.96,21.57,0.0,-100.0,24.79,0.02,0.2,-15.22,4.07,"5,100,21,10,5,6,4,5,75,11,4,5,4,3,0,50,12,4,0,0,0,4,29,35,9,5,4,0,5,76,17,10,0,6,0,6,6,6,4,0,0,0,0,0,0,0,0,0,0,3,0,0,0,0,0,0,0,0,0,0,0,0,0,0"
Melissa Gilbert,14,11.49,100.0,1.0,18.45,4.0,747.0,99.0,17,3,9,0,65,good,3.0,12.0,9.0,3.1,10.17,160.5,18.86,1.43,-92.42,22.95,0.34,0.26,-11.03,4.92,"5,86,13,5,4,4,15,5,47,20,4,12,5,6,5,43,22,4,3,4,3,3,100,55,13,6,7,4,6,26,9,3,3,3,3,4,26,13,3,2,3,2,2,18,9,4,2,2,3,3,27,35,9,3,3,3,2,3,3,2,1,1,1,1,1"
Melissa Joan Hart,9,22.72,100.0,0.0,20.17,16.0,1477.0,100.0,17,5,21,3,65,good,11.0,27.0,16.0,2.24,5.34,88.76,30.57,15.57,-49.07,19.76,0.58,0.32,0.93,5.58,"25,25,92,33,11,11,17,10,37,25,13,13,16,14,16,40,22,14,13,19,11,11,56,41,22,17,13,0,0,39,28,8,17,0,17,12,43,94,100,60,31,31,27,16,40,22,13,25,13,9,7,7,13,8,17,12,11,11,9,15,9,10,18,37,11"
Melissa Rycroft,8,15.01,100.0,0.0,18.16,8.0,2056.0,100.0,35,8,23,2,137,good,4.0,17.0,13.0,2.5,6.89,121.02,38.14,28.86,-24.34,19.42,0.01,0.29,-1.01,6.35,"60,100,37,21,13,16,20,13,47,28,11,10,10,15,8,27,16,7,5,8,6,4,19,12,13,7,6,8,7,17,12,6,3,4,5,5,16,13,6,5,4,4,3,17,10,4,4,0,4,2,47,33,9,10,9,8,10,75,45,18,7,13,9,7,22,16,9,10,7,6,15,25,6,59,38,9,6,5,4,4,21,16,4,3,4,2,2,28,23,5,6,4,0,2,33,9,4,2,3,2,71,42,24,7,3,3,4,3,38,17,5,3,5,3,3,34,6,4,3,4,3,3,48,21,9,5,5,3,3,60,50,14,9,8,8,13,100"
Melora Hardin,30,13.86,100.0,3.0,19.8,6.0,887.0,97.0,16,5,10,0,64,good,4.0,10.25,6.25,2.43,5.49,142.9,22.29,13.57,-39.1,28.13,0.02,0.19,-6.28,5.05,"8,100,20,9,7,6,6,6,67,12,6,5,5,3,4,70,13,6,5,6,5,3,45,41,11,6,6,4,4,43,7,5,5,7,3,3,49,10,5,3,4,3,4,35,6,4,4,4,3,3,54,14,5,6,6,5,3,58,13,7,5,5,3,4"
Meryl Davis,18,13.78,100.0,3.0,16.34,8.0,896.0,97.0,17,3,10,0,65,good,6.0,11.0,5.0,3.0,10.56,118.53,10.29,23.29,126.39,21.1,0.98,0.2,5.48,5.38,"8,35,9,6,5,5,4,3,34,11,5,4,5,4,3,32,10,7,6,4,5,4,45,12,7,5,6,6,6,39,10,7,7,6,6,5,51,15,10,7,7,8,6,41,11,8,10,8,9,7,48,14,10,8,10,11,8,50,15,10,9,9,10,10,100"
Metta World Peace (Ron),13,2.55,100.0,0.0,13.48,0.0,166.0,100.0,65,1,3,62,65,good,0.0,0.0,0.0,6.19,40.0,527.67,18.29,0.0,-100.0,17.16,0.03,0.05,-2.85,1.36,"0,28,100,0,0,0,0,0,0,0,0,0,0,0,0,0,0,0,0,0,0,0,0,0,0,0,0,0,0,0,0,0,0,0,0,0,0,0,0,0,0,0,0,0,0,0,0,0,0,0,0,0,0,0,0,38,0,0,0,0,0,0,0,0,0"
Michael Bolton,11,10.35,100.0,0.0,18.09,4.0,673.0,100.0,18,4,7,2,65,good,3.0,6.0,3.0,3.31,10.94,174.69,18.71,2.86,-84.73,17.51,0.14,0.18,-15.06,4.85,"8,76,26,5,5,6,5,5,65,100,39,26,23,12,14,15,55,17,9,8,7,5,5,5,4,6,5,3,5,3,5,4,4,3,4,4,3,4,3,4,3,0,3,2,3,4,3,3,3,0,3,3,4,4,3,4,2,1,3,3,3,4,2,2,3"
Michael Irvin,9,13.51,100.0,0.0,17.61,0.0,878.0,100.0,18,1,16,33,65,good,0.0,24.0,24.0,2.01,6.73,130.38,30.14,0.0,-100.0,17.95,0.02,0.46,-8.6,4.82,"38,100,29,27,17,0,0,16,47,22,15,0,0,0,16,29,28,16,16,0,0,23,26,24,0,0,0,0,14,40,29,0,0,0,0,21,43,30,13,0,0,0,0,34,37,18,0,0,0,25,24,13,0,23,25,0,0,0,0,0,0,0,0,0,0"
Michael Sam,20,18.31,100.0,6.0,17.95,12.0,1190.0,94.0,17,4,10,0,65,good,9.0,19.0,10.0,3.13,10.04,98.02,32.57,7.43,-77.19,21.78,0.02,0.26,-16.57,5.58,"21,100,28,21,15,16,27,35,75,30,18,43,28,16,21,51,24,16,14,14,14,10,93,24,16,15,12,9,9,17,11,12,9,9,8,13,11,7,9,9,12,9,9,13,9,11,22,19,14,10,13,10,11,10,9,10,8,9,7,8,7,8,7,9,6"
Michael Waltrip,19,10.51,100.0,0.0,18.53,4.0,757.0,100.0,18,6,9,8,72,good,2.75,6.25,3.5,2.82,7.84,176.21,15.29,0.71,-95.33,25.89,0.69,0.15,-2.42,4.85,"4,64,22,5,5,4,3,4,53,32,7,5,2,0,3,57,7,4,2,4,3,3,39,9,5,3,4,5,2,41,4,4,2,5,4,2,61,8,7,8,5,4,3,53,7,5,3,5,4,3,100,14,5,5,6,5,3,5,2,0,2,2,0,2,3,0,0,2,0,0,0,3"
"Mike ""The Miz"" Mizanin",30,2.77,100.0,0.0,15.53,0.0,177.0,100.0,64,2,2,62,64,good,0.0,0.0,0.0,5.53,29.15,561.61,0.0,0.0,0.0,22.49,0.8,0.03,0.72,0.99,"0,0,0,0,0,0,0,0,0,0,0,0,0,0,0,0,0,0,0,0,0,0,0,77,0,0,0,0,0,0,0,0,0,0,0,0,0,0,0,0,0,0,0,0,0,0,0,0,0,0,0,100,0,0,0,0,0,0,0,0,0,0,0,0"
Mike Catherwood,12,4.22,100.0,0.0,13.61,0.0,274.0,100.0,19,1,3,39,65,good,0.0,3.0,3.0,5.71,35.62,322.8,10.29,0.0,-100.0,15.41,0.14,0.15,-8.32,3.4,"6,39,9,4,3,3,8,5,29,100,16,7,3,3,2,4,4,0,1,2,0,0,0,0,0,14,3,3,0,0,2,0,0,0,0,1,0,0,0,0,0,0,0,2,0,1,0,0,0,0,0,0,0,0,0,0,0,0,0,0,0,0,0,0,0"
Milo Manheim,27,7.03,100.0,0.0,12.51,8.0,499.0,100.0,19,1,1,32,71,good,0.0,10.0,10.0,5.76,40.03,178.05,19.14,5.86,-69.4,17.41,0.04,0.51,-0.96,4.87,"0,8,9,100,9,8,0,12,0,8,0,0,10,0,0,8,8,0,7,0,0,0,0,0,0,0,0,8,13,8,24,0,13,10,0,10,0,7,0,11,9,19,0,9,11,0,0,13,11,7,9,8,0,0,15,10,0,0,0,0,9,14,13,10,9,0,9,9,0,14,0"
Mira Sorvino,32,11.11,100.0,2.0,17.59,5.0,633.0,98.0,16,5,6,0,57,good,3.0,9.0,6.0,3.18,10.7,158.39,22.86,2.29,-90.0,22.7,0.02,0.18,-7.3,4.81,"5,100,22,12,10,7,4,5,53,13,7,6,5,4,4,51,11,7,5,6,4,4,36,10,7,7,6,4,4,53,53,12,9,11,9,5,5,5,4,5,3,4,3,2,2,2,3,2,3,3,2,3,2,3,2,2,2"
Mirai Nagasu,26,1.75,100.0,0.0,13.13,0.0,100.0,100.0,57,1,1,56,57,good,0.0,0.0,0.0,7.35,52.02,748.33,0.0,0.0,0.0,18.9,0.82,0.02,3.45,-0.0,"0,0,0,0,0,0,0,0,0,0,0,0,0,0,0,0,0,0,0,0,0,0,0,0,0,0,0,0,0,0,0,0,0,0,0,0,0,0,0,0,0,0,0,0,0,0,0,100,0,0,0,0,0,0,0,0,0"
Mischa Barton,22,8.35,100.0,2.0,16.55,4.0,543.0,98.0,18,3,3,0,65,good,3.0,6.0,3.0,4.35,18.41,198.12,17.71,2.57,-85.48,21.37,0.12,0.12,-10.63,4.85,"8,79,15,6,5,5,6,13,100,18,9,7,7,8,6,63,16,8,5,7,5,5,7,4,4,4,4,3,3,3,4,3,3,4,5,3,4,3,4,4,4,4,3,4,2,4,3,3,3,3,3,3,3,3,2,3,2,3,3,3,2,3,2,2,3"
Misty May-Treanor,7,5.23,100.0,0.0,15.68,0.0,340.0,100.0,65,2,6,54,65,good,0.0,0.0,0.0,4.17,19.64,299.81,17.14,0.0,-100.0,12.88,0.23,0.17,-10.62,3.05,"26,42,25,15,12,0,0,0,8,0,0,0,0,17,54,100,31,0,10,0,0,0,0,0,0,0,0,0,0,0,0,0,0,0,0,0,0,0,0,0,0,0,0,0,0,0,0,0,0,0,0,0,0,0,0,0,0,0,0,0,0,0,0,0,0"
Monica Aldama,29,9.63,100.0,0.0,19.91,3.0,684.0,100.0,19,6,8,26,71,good,0.0,6.0,6.0,2.74,6.88,206.63,30.0,1.29,-95.71,28.03,0.01,0.14,-9.29,4.32,"4,100,19,9,55,16,7,5,3,64,9,6,5,2,2,58,6,6,4,3,2,0,48,9,4,0,2,2,2,44,3,3,0,0,0,0,73,7,5,0,0,0,0,57,8,4,3,3,0,3,4,0,0,0,0,0,0,0,0,0,2,0,0,4,4,3,0,2,0,0,0"
Monica Seles,6,5.17,100.0,0.0,16.58,0.0,336.0,100.0,65,3,3,49,65,good,0.0,0.0,0.0,4.29,18.53,320.81,18.14,0.0,-100.0,16.38,0.14,0.17,-10.32,3.05,"8,24,65,12,9,0,9,6,64,100,14,5,0,0,6,5,3,0,0,0,0,0,0,3,0,0,0,0,0,0,0,0,0,0,0,0,0,0,0,0,0,0,0,0,0,3,0,0,0,0,0,0,0,0,0,0,0,0,0,0,0,0,0,0,0"
Monique Coleman,3,9.45,100.0,0.0,17.93,0.0,614.0,100.0,19,2,10,45,65,good,0.0,15.0,15.0,2.61,8.46,189.78,10.86,4.57,-57.89,20.66,0.78,0.31,-1.58,4.08,"0,44,15,17,0,0,0,0,42,0,0,0,0,0,0,54,35,16,0,0,0,0,27,15,0,0,0,0,0,32,31,0,0,0,0,0,15,0,0,0,0,0,14,36,24,0,0,0,0,0,43,100,22,0,0,0,0,0,0,0,0,0,0,15,17"
Mr. T,24,6.12,100.0,1.0,14.16,2.0,398.0,99.0,21,1,4,0,65,good,2.0,4.0,2.0,5.07,28.18,231.26,20.57,1.86,-90.97,19.11,0.02,0.12,-9.11,4.55,"6,100,15,7,5,6,5,3,44,7,4,8,5,4,3,38,5,4,3,3,3,4,35,6,4,3,2,3,2,3,2,2,1,2,1,2,2,2,2,2,1,1,1,1,2,1,2,2,1,2,2,1,2,1,2,2,1,2,1,2,1,2,4,1,2"
Mya,9,32.54,100.0,17.0,16.97,26.0,2115.0,83.0,17,9,38,0,65,good,22.0,35.0,13.0,2.07,4.15,52.16,32.71,48.43,48.03,19.47,0.98,0.28,0.51,5.86,"20,29,72,31,26,28,23,19,59,42,24,27,31,27,21,58,40,27,26,26,29,23,64,40,31,27,24,23,20,43,32,21,22,24,29,22,37,28,18,21,21,17,17,35,26,21,22,24,23,18,61,54,25,23,24,20,22,89,70,37,26,33,31,42,100"
Nancy Grace,13,7.48,100.0,1.0,15.64,3.0,486.0,99.0,18,2,3,0,65,good,2.0,7.0,5.0,4.73,22.76,209.12,4.43,1.71,-61.29,14.18,0.12,0.22,-9.83,4.74,"2,12,7,3,3,2,2,2,100,79,35,14,11,9,7,15,18,11,9,8,6,4,7,6,3,3,2,2,2,8,4,3,2,3,2,2,4,3,3,3,2,2,2,4,4,2,2,2,1,2,7,9,4,2,2,2,2,2,2,2,2,2,1,1,2"
Nancy Kerrigan,24,9.98,100.0,0.0,17.47,4.0,649.0,100.0,19,3,7,1,65,good,2.0,7.0,5.0,3.2,11.01,175.0,29.29,0.86,-97.07,23.53,0.02,0.2,-13.2,4.77,"9,100,20,34,12,21,9,5,63,11,5,4,5,4,3,48,9,5,3,4,7,3,63,15,7,4,4,4,3,39,7,4,4,4,4,3,26,5,3,3,2,2,2,24,5,2,2,2,2,2,3,1,1,2,1,1,1,2,1,1,1,0,1,1,1"
Nancy McKeon,27,8.1,100.0,0.0,14.68,0.0,575.0,100.0,23,2,4,41,71,good,0.0,12.0,12.0,3.92,20.17,181.3,3.43,8.57,150.0,14.47,0.51,0.42,8.37,4.55,"0,12,12,0,0,0,0,10,0,0,11,0,19,15,0,0,0,0,0,15,0,0,0,0,0,0,0,0,0,12,16,13,0,0,0,22,100,54,30,28,17,16,0,12,12,0,11,0,0,10,17,0,0,14,0,0,0,10,12,0,0,0,15,0,11,0,0,10,0,20,19"
Nastia Liukin,20,19.74,100.0,0.0,24.81,10.0,1283.0,100.0,17,7,12,1,65,good,7.0,14.0,7.0,2.2,3.55,125.72,21.71,23.71,9.21,32.76,0.88,0.18,-1.56,5.25,"14,90,19,9,6,8,6,7,92,25,8,8,9,9,7,93,16,11,10,10,7,12,75,18,7,9,0,5,7,45,11,4,7,10,7,8,42,11,10,8,7,11,7,43,13,9,5,6,7,10,59,35,11,7,11,10,6,100,91,19,12,12,13,7,12"
Natalie Coughlin,9,7.05,100.0,0.0,15.63,0.0,458.0,100.0,22,2,2,40,65,good,0.0,7.0,7.0,4.1,19.45,221.89,16.29,0.0,-100.0,18.23,0.46,0.22,-13.02,4.05,"0,13,66,21,7,7,0,18,24,17,7,5,0,0,7,24,19,7,7,0,0,0,24,16,0,7,0,0,5,17,100,19,6,0,0,0,7,8,0,0,0,0,0,0,0,0,0,0,0,0,0,0,0,0,0,0,0,0,0,0,0,0,0,0,0"
NeNe Leakes,18,32.2,100.0,13.0,19.67,25.0,2093.0,87.0,18,11,36,0,65,good,21.0,31.0,10.0,1.77,2.67,61.1,31.29,23.43,-25.11,23.93,0.02,0.25,1.56,5.8,"26,100,27,17,19,17,13,43,67,21,24,29,21,25,28,65,21,13,13,16,19,42,64,24,17,14,15,22,62,65,31,25,21,17,19,51,63,29,27,21,22,27,66,100,46,29,25,21,22,76,41,29,24,28,23,28,38,31,27,25,29,19,26,21,17"
Nelly,29,26.46,100.0,14.0,16.71,21.0,1879.0,86.0,18,7,15,0,71,good,18.5,23.5,5.0,2.77,7.71,63.13,36.14,38.29,5.93,22.96,0.01,0.17,-0.32,5.94,"20,100,37,26,22,26,22,14,17,46,26,23,23,22,17,64,21,19,18,22,18,15,33,20,16,20,20,19,16,60,23,22,20,24,21,17,52,24,21,22,23,23,17,39,21,20,20,21,20,22,65,15,16,15,19,20,17,40,22,18,18,18,20,14,62,24,20,22,22,23,95"
Nev Schulman,29,17.17,100.0,0.0,22.26,8.0,1219.0,100.0,18,9,11,1,71,good,6.0,14.5,8.5,2.15,3.35,129.64,19.57,17.86,-8.76,32.66,0.41,0.17,-4.06,5.33,"6,78,25,13,6,9,0,4,5,63,17,8,11,9,6,75,16,7,5,8,7,4,69,16,10,8,13,7,6,100,17,15,12,8,10,6,62,14,9,6,6,7,8,74,19,8,8,6,7,5,62,6,6,4,5,5,4,46,10,8,4,5,6,5,69,15,10,7,6,9,9"
Nick Carter,21,10.89,100.0,2.0,15.35,5.0,784.0,98.0,18,2,9,0,72,good,4.0,9.25,5.25,3.5,14.83,140.97,27.29,10.14,-62.83,19.47,0.01,0.24,-5.06,5.33,"3,100,49,12,10,9,8,6,25,26,7,5,6,5,3,29,8,4,4,4,3,2,56,15,7,7,7,5,5,21,5,4,9,7,4,3,19,4,3,3,4,3,3,18,14,5,3,3,4,2,39,11,4,4,3,6,2,18,5,4,4,2,4,2,34,7,5,5,5,4,5,40"
Nick Lachey,25,12.25,100.0,3.0,17.97,6.0,796.0,97.0,17,2,7,0,65,good,5.0,10.0,5.0,3.78,14.88,146.71,23.86,5.29,-77.84,23.82,0.02,0.17,-11.21,5.21,"14,100,20,11,8,7,7,6,42,40,12,9,9,7,7,31,9,7,5,5,6,6,100,20,10,8,6,7,5,35,11,4,6,5,4,5,40,10,5,6,5,4,8,13,6,4,5,5,6,3,5,3,11,7,8,4,3,4,4,6,5,6,5,4,7"
Nick Viall,24,18.91,100.0,6.0,15.56,13.0,1229.0,94.0,17,3,13,0,65,good,10.0,21.0,11.0,2.78,9.84,82.32,46.57,13.14,-71.78,14.68,0.02,0.29,-13.05,5.67,"44,100,59,42,30,28,23,21,43,22,20,13,14,17,13,34,16,12,12,13,12,13,53,21,16,14,13,13,12,39,19,16,11,10,11,10,33,16,11,9,9,10,9,40,16,11,10,8,12,11,12,8,6,7,9,7,9,15,9,8,9,9,9,15,33"
"Nicole ""Snooki"" Polizzi",17,6.75,100.0,0.0,18.61,0.0,486.0,100.0,72,4,10,62,72,good,0.0,0.0,0.0,3.03,9.25,275.75,17.71,0.0,-100.0,26.08,0.6,0.14,-3.94,3.19,"0,64,29,31,0,0,0,0,37,36,0,0,0,0,0,0,0,0,0,0,0,0,62,0,0,0,0,0,0,55,0,0,0,0,0,0,46,0,0,0,0,0,0,100,0,0,0,0,0,26,0,0,0,0,0,0,0,0,0,0,0,0,0,0,0,0,0,0,0,0,0,0"
Nicole Scherzinger,10,22.25,100.0,7.0,19.21,14.0,1446.0,93.0,17,7,17,0,65,good,11.0,25.0,14.0,2.09,4.12,86.34,29.57,25.14,-14.98,25.5,0.02,0.28,-4.75,5.62,"19,100,25,13,12,16,22,14,83,38,18,13,14,14,12,56,31,16,13,19,12,11,55,26,13,12,13,9,9,47,24,10,10,12,8,9,41,17,7,8,11,9,8,39,27,10,13,14,10,9,66,36,14,11,9,13,9,61,35,15,13,18,15,16,64"
Niecy Nash,10,13.11,100.0,0.0,17.26,9.0,852.0,100.0,17,3,7,17,65,good,0.0,17.0,17.0,2.86,9.86,131.67,21.86,1.71,-92.16,21.17,0.78,0.29,-4.04,5.09,"17,63,17,19,13,9,15,6,45,13,11,6,0,0,0,68,21,8,5,0,0,10,30,24,9,8,0,0,10,23,22,13,7,8,13,5,23,16,7,9,0,0,5,29,20,9,0,0,11,6,32,100,22,11,10,0,6,6,5,0,7,0,0,0,0"
Nikki Bella,25,25.83,100.0,12.0,15.03,20.0,1679.0,88.0,18,7,23,0,65,good,17.0,28.0,11.0,2.48,7.67,58.21,34.57,16.0,-53.72,20.09,0.02,0.34,-8.95,5.83,"16,100,33,29,22,22,20,20,54,52,44,22,28,20,15,61,26,25,17,21,17,15,57,28,29,20,26,19,16,48,22,28,19,26,19,16,41,22,53,30,27,24,17,50,30,24,18,18,19,16,22,20,13,14,15,14,13,15,15,15,12,16,17,17,20"
Nikki Glaser,27,16.94,100.0,4.0,17.06,10.0,1203.0,96.0,18,5,15,0,71,good,6.0,21.5,15.5,2.42,7.15,100.72,28.57,7.14,-75.0,14.7,0.11,0.35,-21.58,5.61,"57,36,33,13,17,27,17,16,100,39,58,27,22,17,15,24,32,33,65,52,35,29,29,24,21,17,17,14,12,15,12,12,11,10,18,14,9,7,6,5,7,7,5,5,5,7,5,7,5,4,6,5,5,5,5,5,5,4,9,6,4,5,8,7,7,9,8,7,7,7,5"
Noah Galloway,20,9.72,100.0,2.0,15.59,4.0,632.0,98.0,20,2,6,0,65,good,3.0,8.0,5.0,3.93,17.5,160.31,20.57,13.14,-36.11,20.78,0.02,0.23,-3.32,5.05,"5,100,17,8,5,5,4,3,34,10,3,3,3,3,7,16,6,3,3,4,3,3,39,15,16,8,6,3,3,18,5,4,3,3,2,8,20,4,3,3,2,3,2,11,7,2,2,2,2,2,9,7,2,3,2,2,2,67,28,8,5,5,11,5,30"
Normani,24,10.35,100.0,1.0,17.42,4.0,673.0,99.0,18,2,8,0,65,good,2.0,8.0,6.0,3.31,11.79,168.22,6.71,14.43,114.89,24.34,0.77,0.2,5.99,4.88,"5,27,5,3,2,2,3,2,31,5,3,2,2,2,1,48,7,4,3,2,2,2,15,3,2,3,2,2,1,30,8,5,3,3,2,2,37,6,4,2,2,2,2,21,5,3,3,3,3,5,100,14,8,13,9,5,5,76,15,9,9,6,6,7,49"
Nyle DiMarco,22,17.62,100.0,5.0,19.6,10.0,1145.0,95.0,17,6,11,0,65,good,8.0,15.0,7.0,2.65,6.56,111.26,27.29,20.57,-24.61,26.25,0.02,0.22,-6.73,5.44,"8,100,32,15,11,11,14,18,52,14,11,10,9,7,7,40,14,9,8,8,6,10,59,25,16,11,10,9,7,87,22,13,12,10,8,9,31,12,9,7,6,8,6,24,9,7,5,6,9,6,31,11,10,10,8,8,6,60,17,9,9,10,9,11,79"
Olivia Jade,30,9.05,100.0,1.0,14.03,4.0,579.0,99.0,17,1,7,0,64,good,3.0,9.0,6.0,4.5,25.04,155.08,23.86,2.14,-91.02,18.41,0.02,0.22,-7.16,5.09,"5,100,27,11,9,8,7,7,31,10,5,4,4,3,3,29,7,4,3,3,3,3,18,21,7,3,15,7,6,27,9,5,3,4,2,2,31,9,4,3,3,3,3,21,4,3,3,3,2,2,29,11,5,3,2,3,2,4,3,2,2,1,1,2"
Paige VanZant,22,19.18,100.0,5.0,20.42,11.0,1247.0,95.0,18,5,11,0,65,good,8.0,17.0,9.0,2.32,4.92,106.44,18.71,28.0,49.62,28.12,0.98,0.18,2.39,5.45,"10,61,13,9,10,18,10,10,85,17,9,7,6,8,7,47,14,8,7,16,8,16,49,18,8,6,7,15,6,54,9,7,6,7,16,5,43,14,9,7,7,6,7,47,19,15,41,18,12,8,45,12,9,6,11,11,9,86,21,16,14,15,13,17,100"
Pamela Anderson,10,15.42,100.0,7.0,15.02,11.0,2004.0,93.0,36,4,15,0,130,good,9.0,15.0,6.0,4.35,20.62,97.43,32.71,10.14,-69.0,15.8,0.01,0.23,-4.37,6.64,"11,100,28,25,17,19,29,14,45,21,15,13,13,14,13,32,18,16,12,17,15,12,59,31,19,15,18,17,10,25,15,10,12,18,14,11,28,17,10,11,13,11,10,25,38,15,14,15,14,11,10,12,7,8,11,10,8,10,9,8,8,11,9,8,10,21,100,99,30,22,19,17,13,12,13,8,10,12,12,11,10,11,9,8,10,12,10,9,11,8,8,11,9,9,7,8,9,9,10,9,8,7,8,8,9,12,11,9,9,7,8,8,10,10,10,8,8,7,9,9,9,9,10,9,9,10,14,13,9,7"
Patti LaBelle,20,8.89,100.0,2.0,15.31,4.0,578.0,98.0,18,3,6,0,65,good,3.0,6.0,3.0,4.05,18.4,172.14,22.29,3.0,-86.54,21.53,0.02,0.17,-8.95,4.98,"5,100,13,18,8,6,6,5,50,14,5,4,4,5,3,40,6,5,4,6,7,3,51,9,4,4,4,4,3,26,5,3,3,3,3,3,34,6,4,4,4,4,2,4,12,4,2,3,3,2,2,2,4,4,5,5,3,2,2,4,3,3,4,3,2"
Paula Deen,21,26.51,100.0,14.0,15.35,21.0,1909.0,86.0,19,5,29,0,72,good,17.0,27.0,10.0,2.42,6.69,57.88,35.71,42.57,19.2,18.48,0.01,0.26,-2.58,5.98,"20,100,46,19,17,23,25,17,69,47,20,17,24,27,17,41,17,14,17,26,25,17,60,21,17,19,25,24,19,44,19,19,18,25,28,18,49,19,15,17,25,25,17,21,17,16,16,24,28,15,14,14,14,15,24,30,18,18,18,16,19,26,32,25,23,27,26,27,46,60,46,66"
Paulina Porizkova,4,4.2,100.0,0.0,13.37,0.0,273.0,100.0,17,1,2,48,65,good,0.0,4.0,4.0,5.83,37.87,318.32,8.71,0.0,-100.0,15.53,0.14,0.25,-6.75,3.29,"19,30,7,0,5,0,0,0,21,100,18,0,10,0,0,5,6,0,0,0,0,0,0,6,0,0,0,0,0,0,0,17,8,0,0,7,0,5,0,0,0,0,0,0,5,4,0,0,0,0,0,0,0,0,0,0,0,0,0,0,0,0,0,0,0"
Penn Jillette,6,5.02,100.0,0.0,18.56,0.0,326.0,100.0,65,4,5,60,65,good,0.0,0.0,0.0,3.81,13.75,370.15,11.43,8.0,-30.0,21.68,0.14,0.08,-6.74,2.22,"0,80,0,0,0,0,0,0,60,100,30,0,0,0,0,0,0,0,0,0,0,0,0,0,0,0,0,0,0,0,0,0,0,0,0,0,0,0,0,0,0,0,0,0,0,0,0,0,0,0,0,0,0,0,0,0,0,0,0,0,0,0,56,0,0"
Petra Nemcova,12,10.52,100.0,0.0,19.88,4.0,684.0,100.0,17,4,8,23,65,good,0.0,11.0,11.0,3.03,9.13,188.87,27.0,0.43,-98.41,23.55,0.02,0.26,-18.79,4.45,"11,100,15,11,12,18,22,12,74,42,10,4,5,4,0,53,25,5,5,3,4,6,29,14,5,3,6,4,4,25,89,22,9,0,5,3,4,3,2,0,0,0,0,0,3,0,0,0,0,0,2,3,0,0,0,0,0,5,3,0,0,0,0,0,0"
Phaedra Parks,33,12.44,100.0,0.0,20.2,6.0,883.0,100.0,20,4,7,5,71,good,3.0,10.0,7.0,3.05,8.63,162.44,28.43,5.14,-81.91,25.96,0.01,0.23,-11.54,5.06,"7,100,33,15,16,18,10,9,82,16,10,6,10,7,5,0,3,4,3,5,2,43,47,14,8,9,10,6,6,85,18,13,7,8,5,7,83,18,15,6,8,5,3,6,5,5,5,4,3,3,0,0,0,3,4,4,3,0,3,3,3,3,2,3,5,5,4,5,6,5,6"
Priscilla Presley,6,8.38,100.0,0.0,15.25,4.0,545.0,100.0,18,2,5,13,65,good,1.0,9.0,8.0,4.03,19.05,181.93,23.0,0.57,-97.52,17.28,0.03,0.28,-13.58,4.71,"4,18,100,17,7,6,9,9,56,41,19,10,8,5,5,37,19,10,5,4,9,5,12,9,5,3,3,5,2,14,25,8,9,8,7,4,3,3,2,2,3,0,1,1,1,2,0,0,2,1,1,0,0,1,0,0,1,0,0,0,0,0,2,2,0"
Rachel Hunter,1,23.61,100.0,0.0,23.94,23.0,850.0,100.0,9,5,17,14,36,good,0.0,39.25,39.25,0.96,0.87,101.4,32.29,29.43,-8.85,30.76,0.61,0.47,2.44,4.31,"50,39,0,53,59,25,0,0,40,16,0,0,0,0,30,68,23,0,0,20,0,0,100,39,0,0,23,28,31,46,44,41,0,29,19,27"
Ralph Macchio,12,11.06,100.0,2.0,16.95,5.0,719.0,98.0,18,3,8,0,65,good,3.0,10.0,7.0,3.37,12.54,153.21,23.71,7.86,-66.87,21.53,0.02,0.23,-6.53,5.05,"9,100,19,10,6,5,17,7,74,44,6,4,5,3,6,54,14,7,7,5,3,2,17,7,3,2,2,3,2,10,5,2,2,2,2,2,28,15,3,2,2,2,2,22,11,3,7,3,3,4,25,16,5,6,6,3,3,25,30,9,4,4,3,2,3"
Randy Couture,19,6.01,100.0,0.0,15.2,2.0,433.0,100.0,23,3,4,18,72,good,0.75,4.0,3.25,4.59,21.99,252.72,23.57,1.29,-94.55,18.88,0.01,0.11,-9.19,4.32,"3,100,33,9,5,10,5,6,65,16,6,4,4,3,3,54,10,4,4,4,4,2,4,3,2,4,3,0,0,4,2,2,2,0,0,2,2,2,0,0,2,3,3,2,4,0,2,0,2,0,2,1,0,2,2,0,2,0,2,2,0,0,5,0,2,0,0,2,2,3,0,2"
Rashad Jennings,24,9.83,100.0,1.0,16.4,4.0,639.0,99.0,18,2,7,0,65,good,3.0,7.0,4.0,3.36,13.02,166.79,11.29,11.14,-1.27,22.84,0.34,0.2,-2.3,4.9,"4,52,10,4,3,3,3,2,40,7,5,3,2,3,2,17,4,3,1,1,2,1,100,20,9,7,4,4,3,23,6,4,3,2,3,1,38,8,4,9,6,5,3,20,5,3,2,3,2,2,27,5,2,2,2,2,3,47,10,5,3,3,4,4,49"
Ray Lewis,28,11.72,100.0,5.0,14.68,8.0,832.0,95.0,19,3,4,0,71,good,6.0,11.0,5.0,4.47,20.9,125.26,25.57,8.57,-66.48,19.82,0.01,0.24,-7.04,5.59,"10,100,20,14,12,11,12,10,51,12,9,9,9,12,12,74,16,9,9,10,13,9,12,6,6,6,9,7,5,7,5,7,6,7,9,10,8,7,6,5,6,8,6,6,6,5,6,8,6,39,6,7,6,6,7,7,5,5,8,11,13,7,10,7,8,7,5,6,6,15,13"
Redfoo,20,4.35,100.0,0.0,14.18,1.0,283.0,100.0,26,2,2,7,65,good,1.0,2.0,1.0,5.7,32.79,325.65,12.57,0.71,-94.32,18.91,0.12,0.11,-7.0,3.82,"5,61,8,3,4,4,3,2,100,16,3,4,5,4,1,5,2,2,1,4,2,2,2,2,1,1,1,0,1,1,2,1,0,1,2,1,1,1,1,1,1,1,1,1,2,0,1,1,1,1,1,1,1,1,2,1,0,0,1,1,0,1,1,0,1"
Reginald VelJohnson,33,10.31,100.0,0.0,18.88,4.0,732.0,100.0,23,4,8,17,71,good,2.0,9.0,7.0,3.28,10.74,183.1,24.43,1.29,-94.74,19.48,0.31,0.23,-17.36,4.76,"9,88,26,13,13,13,9,9,73,29,26,24,13,7,6,11,5,5,4,0,4,61,100,31,16,12,10,9,9,8,5,6,9,3,3,4,5,0,3,7,4,2,4,3,3,0,0,3,0,0,0,0,0,0,0,0,0,2,0,2,4,2,2,4,3,0,2,0,2,0,2"
Rick Fox,11,8.29,100.0,1.0,14.97,3.0,539.0,99.0,18,1,6,0,65,good,2.0,6.0,4.0,4.12,20.02,180.48,22.57,1.57,-93.04,18.36,0.02,0.18,-6.26,4.85,"3,100,35,6,6,5,3,4,28,12,4,3,5,3,3,46,17,5,3,3,3,3,21,6,3,3,2,1,2,20,6,3,4,3,2,4,14,8,2,2,2,2,2,31,42,9,6,3,3,3,4,2,2,2,3,2,2,2,2,2,1,2,2,1,1"
Rick Perry,23,7.9,100.0,2.0,14.16,4.0,569.0,98.0,23,1,4,0,72,good,3.0,6.0,3.0,4.61,24.01,179.14,21.86,7.71,-64.71,17.08,0.01,0.19,-7.75,5.12,"7,100,21,10,5,6,4,4,48,42,9,8,6,7,6,24,46,8,6,4,4,3,6,5,2,4,4,2,4,4,2,3,3,2,2,3,3,3,7,2,2,2,2,3,3,3,2,2,2,3,3,3,2,2,3,3,3,3,5,8,5,4,3,2,3,3,6,9,5,3,16,12"
Ricki Lake,13,21.05,100.0,4.0,23.87,9.0,1368.0,96.0,17,9,17,0,65,good,7.0,30.0,23.0,1.71,1.87,113.42,21.57,25.14,16.56,29.5,0.12,0.28,-3.66,5.31,"9,70,44,7,6,7,8,8,100,61,13,9,5,4,4,78,48,15,14,12,9,8,66,30,10,6,6,8,6,42,15,5,5,6,6,6,50,34,11,7,9,7,6,37,22,7,9,7,7,7,59,30,11,7,6,5,6,92,46,12,10,9,10,12,77"
Riker Lynch,20,17.92,100.0,4.0,21.74,8.0,1165.0,96.0,17,7,12,0,65,good,6.0,16.0,10.0,2.13,3.52,121.28,18.29,24.71,35.16,30.61,0.55,0.22,0.59,5.29,"11,73,15,8,6,8,7,4,65,13,5,6,6,8,5,65,13,8,9,7,6,6,82,16,11,7,7,7,6,49,16,9,8,9,7,5,100,18,9,9,9,9,8,34,8,6,4,6,6,5,46,26,6,7,8,8,6,61,40,11,9,9,16,18,70"
Rob Kardashian,13,28.18,100.0,10.0,20.34,18.0,1832.0,90.0,17,13,22,0,65,good,15.0,39.0,24.0,1.6,1.87,72.17,27.57,36.71,33.16,23.63,0.98,0.29,2.7,5.71,"17,76,43,19,10,13,15,14,53,39,16,17,20,11,14,58,32,13,17,14,19,52,64,40,18,14,15,17,19,53,22,14,15,17,16,14,54,30,16,16,25,13,26,62,50,27,18,18,16,15,54,46,21,14,15,12,19,88,67,24,14,17,15,20,100"
Robert Herjavec,20,20.22,100.0,5.0,21.25,12.0,1314.0,95.0,17,6,15,0,65,good,8.0,22.0,14.0,2.27,4.72,105.12,32.29,14.57,-54.87,28.26,0.02,0.28,-6.22,5.45,"7,100,36,34,14,22,13,10,94,31,9,7,16,9,7,66,16,11,12,20,16,16,61,16,9,9,14,8,5,41,12,7,5,10,7,6,48,11,7,5,9,6,6,38,10,6,6,14,8,5,58,88,28,15,21,13,9,25,22,12,11,29,13,7,8"
Robert Irwin,34,7.06,100.0,0.0,16.62,2.0,551.0,100.0,25,3,5,18,78,good,1.0,4.0,3.0,4.09,17.15,235.26,0.57,2.0,250.0,9.65,0.41,0.17,-5.82,4.47,"1,0,0,0,1,1,1,1,1,0,0,0,1,0,0,0,0,0,1,0,0,0,0,1,1,1,1,0,0,0,25,81,100,69,32,24,18,15,13,11,8,4,5,4,4,4,4,4,3,3,22,9,7,6,4,3,2,3,3,3,3,2,3,2,3,2,3,3,4,3,4,2,2,2,3,2,2,1"
Rocco DiSpirito,7,8.92,100.0,0.0,18.11,0.0,580.0,100.0,17,2,9,42,65,good,0.0,11.0,11.0,3.08,10.77,203.0,30.86,3.14,-89.81,18.86,0.03,0.32,-13.26,4.07,"14,34,100,41,11,16,0,10,34,37,0,0,0,0,0,29,31,0,9,0,0,0,32,79,14,10,0,0,0,0,0,0,0,0,17,0,5,7,11,0,17,0,0,0,0,0,0,0,0,0,0,0,0,0,0,0,0,0,0,0,0,0,13,0,9"
Romeo,12,51.28,100.0,29.0,13.95,49.0,3333.0,71.0,18,32,65,0,65,good,41.0,59.0,18.0,1.03,1.37,27.21,52.14,56.71,8.77,15.28,0.02,0.43,5.29,5.97,"44,100,50,44,41,35,51,48,87,65,53,40,32,40,38,63,47,45,41,33,38,44,71,59,49,41,29,39,42,56,49,41,32,33,36,40,70,65,50,43,33,46,47,68,62,55,51,45,56,62,74,86,66,52,43,53,54,59,61,55,55,43,57,66,60"
Roshon Fegan,14,15.42,100.0,0.0,18.33,7.0,1002.0,100.0,17,4,13,1,65,good,5.0,15.0,10.0,2.31,5.83,118.89,24.57,3.29,-86.63,23.32,0.02,0.25,-7.25,5.3,"12,100,19,8,6,8,19,9,47,61,9,7,9,9,5,46,27,6,5,8,8,9,45,22,7,6,7,8,6,51,15,7,6,10,7,5,43,29,7,4,7,7,4,36,27,6,5,6,6,4,55,49,12,13,5,6,4,5,5,3,0,4,4,2,5"
Rumer Willis,20,16.11,100.0,4.0,18.07,8.0,1047.0,96.0,17,5,13,0,65,good,6.0,18.0,12.0,2.36,6.08,112.21,22.43,18.0,-19.75,24.45,0.02,0.28,-2.25,5.38,"6,100,21,10,8,6,6,7,57,26,9,8,7,5,5,50,17,6,7,7,7,11,59,14,8,12,11,6,5,33,11,7,6,7,6,4,46,45,18,19,10,7,5,33,10,6,4,5,5,4,39,19,7,5,5,6,5,43,25,8,6,6,15,8,58"
Ryan Lochte,23,3.04,100.0,0.0,11.77,1.0,219.0,100.0,23,1,1,18,72,good,0.75,2.0,1.25,7.78,61.01,386.93,19.14,0.0,-100.0,15.36,0.01,0.12,-4.86,3.79,"2,100,17,6,4,3,2,2,7,6,2,2,2,1,1,2,2,1,1,1,1,1,4,2,1,1,1,1,6,8,2,1,1,1,1,1,3,1,1,1,1,1,1,2,1,1,1,1,1,1,2,1,1,0,1,0,0,0,0,0,0,0,0,0,0,0,0,0,0,0,0,0"
Sabrina Bryan,5,7.85,100.0,0.0,14.1,3.0,1020.0,100.0,34,2,8,16,130,good,2.0,8.0,6.0,4.66,25.99,179.67,7.57,1.29,-83.02,15.53,0.28,0.26,0.49,5.84,"3,15,8,19,3,2,3,0,9,8,2,0,0,0,0,4,5,1,0,3,0,0,8,10,4,0,2,0,3,13,8,2,2,0,0,2,7,100,32,12,13,10,16,24,20,14,9,7,7,5,11,7,4,4,3,5,2,5,12,7,3,5,3,4,4,5,37,30,5,3,4,2,1,29,25,4,2,3,2,2,24,19,3,2,2,2,7,23,8,3,2,3,3,2,9,18,3,3,2,2,3,48,100,20,7,6,6,3,6,2,0,1,0,2,1,3,2,1,2,2,3,3,2,2,0,2,2,0,1,2"
Sadie Robertson,19,21.22,100.0,5.0,20.94,13.0,1528.0,95.0,19,9,15,0,72,good,9.0,21.0,12.0,1.98,3.2,98.67,33.0,23.71,-28.14,26.14,0.01,0.22,-3.28,5.65,"9,100,59,26,16,12,9,13,82,46,19,10,9,8,8,41,14,9,5,6,6,6,75,42,21,12,10,17,17,54,21,12,8,7,8,6,63,23,17,9,9,13,9,39,16,14,14,10,8,7,43,18,12,7,7,9,8,57,21,14,9,13,9,10,51,18,16,10,11,13,15,83"
Sailor Brinkley-Cook,28,5.54,100.0,0.0,16.23,0.0,393.0,100.0,71,2,5,59,71,good,0.0,0.0,0.0,4.03,17.82,293.3,29.0,0.0,-100.0,16.46,0.01,0.17,-7.12,3.22,"73,100,0,0,12,18,0,0,28,0,0,0,0,0,0,33,0,0,0,0,0,0,19,0,0,0,0,0,15,22,0,0,0,0,0,0,39,22,0,0,0,0,0,12,0,0,0,0,0,0,0,0,0,0,0,0,0,0,0,0,0,0,0,0,0,0,0,0,0,0,0"
Sam Champion,31,9.69,100.0,0.0,16.73,5.0,620.0,100.0,16,2,6,22,64,good,0.0,11.25,11.25,3.45,13.44,172.65,31.0,0.71,-97.7,18.35,0.02,0.28,-16.38,4.67,"27,100,36,14,14,13,13,13,45,18,12,5,7,8,7,47,14,6,5,7,11,9,68,15,8,8,4,7,13,8,10,0,4,5,5,5,4,0,4,4,0,0,3,0,0,0,0,0,0,4,5,0,0,0,0,0,0,0,0,0,0,0,0,5"
Sara Evans,3,5.82,100.0,0.0,13.83,2.0,378.0,100.0,21,1,4,1,65,good,1.0,3.0,2.0,5.26,31.06,237.87,1.14,1.14,0.0,15.26,0.55,0.17,6.41,4.41,"1,2,1,1,1,1,1,1,2,1,1,1,1,1,1,2,3,1,1,0,1,1,2,2,1,1,1,1,1,2,2,43,26,12,17,15,100,28,13,12,7,7,5,5,5,5,3,3,2,3,2,2,2,2,2,2,5,3,2,1,1,1,1,1,1"
Sasha Pieterse,25,9.94,100.0,1.0,16.35,4.0,646.0,99.0,17,2,6,0,65,good,2.0,8.0,6.0,3.58,14.17,164.49,16.57,2.14,-87.07,17.2,0.14,0.2,-14.71,4.97,"9,65,14,7,7,7,7,6,36,100,46,22,16,13,8,21,8,6,5,5,5,4,28,9,6,10,6,6,4,49,15,7,6,4,4,4,4,2,3,3,3,4,4,4,2,2,3,2,2,2,3,2,1,1,2,3,2,2,2,2,2,2,2,2,3"
Scott Hoying,34,1.28,100.0,0.0,11.25,0.0,100.0,100.0,78,1,1,77,78,good,0.0,0.0,0.0,8.66,73.01,877.5,0.0,0.0,0.0,16.12,0.5,0.01,2.56,-0.0,"0,0,0,0,0,0,0,0,0,0,0,0,0,0,0,0,0,0,0,0,0,0,0,0,0,0,0,0,0,0,0,0,0,0,0,0,0,0,0,100,0,0,0,0,0,0,0,0,0,0,0,0,0,0,0,0,0,0,0,0,0,0,0,0,0,0,0,0,0,0,0,0,0,0,0,0,0,0"
Sean Avery,18,4.55,100.0,0.0,14.55,1.0,296.0,100.0,23,2,2,18,65,good,0.0,2.0,2.0,5.36,29.51,319.6,12.14,0.71,-94.12,18.71,0.12,0.15,-7.9,3.63,"3,63,8,5,1,2,3,2,100,23,14,11,5,4,2,8,5,1,1,2,2,1,2,1,1,0,0,0,0,2,0,2,1,0,1,0,2,2,1,1,1,0,1,1,1,1,0,0,0,0,1,1,0,0,1,0,0,1,1,0,1,1,1,0,1"
Sean Lowe,16,32.22,100.0,14.0,14.43,30.0,2094.0,86.0,17,6,42,0,65,good,21.0,39.0,18.0,1.9,5.84,44.8,53.29,16.86,-68.36,11.61,0.02,0.43,-17.0,5.9,"65,100,52,43,38,36,39,34,49,43,32,38,40,40,40,64,53,35,33,29,31,27,49,39,33,30,32,30,27,39,38,29,20,23,23,23,37,37,25,25,24,24,23,41,28,21,21,19,20,19,34,56,27,25,18,19,17,20,20,17,14,15,15,18,19"
Sean Spicer,28,10.59,100.0,1.0,16.8,4.0,752.0,99.0,21,3,9,0,71,good,3.0,8.0,5.0,3.24,11.62,158.57,25.57,2.14,-91.62,21.87,0.01,0.2,-1.14,5.11,"4,100,38,13,9,8,7,5,26,6,5,4,4,3,4,34,8,4,6,3,3,3,24,5,2,2,3,3,5,32,7,4,2,3,2,2,42,8,4,3,3,3,3,29,9,8,4,3,3,5,64,24,12,8,5,4,5,64,15,4,3,3,3,3,5,3,1,1,1,2,2"
Selma Blair,31,11.36,100.0,3.0,14.5,7.5,727.0,97.0,20,2,5,0,64,good,5.0,10.0,5.0,4.29,20.85,127.67,18.86,7.57,-59.85,16.79,0.45,0.19,-9.53,5.38,"8,55,25,16,10,10,8,10,37,17,9,8,8,8,10,20,12,7,5,7,7,6,15,8,5,4,5,5,4,100,47,20,14,10,8,7,6,6,5,6,11,9,5,5,10,8,5,5,6,4,4,3,4,4,4,5,4,11,6,6,6,9,8,7"
Shandi Finnessey,4,5.48,100.0,0.0,15.22,0.0,356.0,100.0,65,1,4,50,65,good,0.0,0.0,0.0,4.32,21.46,277.98,9.14,0.86,-90.62,18.08,0.25,0.23,-9.28,3.37,"21,43,0,0,0,0,0,0,35,46,0,0,0,0,0,20,100,14,0,0,12,11,13,11,0,0,0,0,0,0,0,0,0,0,0,0,0,7,0,0,0,0,0,0,0,0,0,10,0,0,0,0,0,0,0,0,7,0,6,0,0,0,0,0,0"
Shangela,31,24.52,100.0,0.0,20.39,16.0,1569.0,100.0,17,8,18,1,64,good,13.0,28.0,15.0,2.03,3.76,83.15,34.29,43.29,26.25,24.54,0.02,0.28,-0.97,5.61,"18,100,45,30,15,15,17,15,60,20,12,9,16,12,8,42,16,11,12,14,11,22,49,25,15,15,10,17,12,51,62,24,19,15,14,13,66,28,17,15,15,13,8,33,21,15,0,12,9,10,53,19,14,12,14,18,13,80,94,33,22,28,28,18"
Shanna Moakler,3,6.15,100.0,0.0,14.71,3.0,400.0,100.0,17,2,2,12,65,good,2.0,5.0,3.0,5.25,27.93,239.12,6.57,1.57,-76.09,15.09,0.34,0.15,-7.82,4.49,"4,20,7,5,4,3,3,4,7,12,5,3,0,3,2,4,4,2,0,3,0,0,100,70,16,10,4,7,5,7,6,4,6,4,4,3,2,2,0,3,0,0,2,3,2,2,0,0,2,2,2,2,5,5,3,3,4,4,4,0,0,3,2,2,0"
Shannen Doherty,10,8.03,100.0,0.0,16.58,4.0,522.0,100.0,18,2,4,22,65,good,0.0,7.0,7.0,4.19,18.35,206.44,22.57,0.71,-96.84,17.48,0.14,0.17,-12.5,4.5,"14,83,19,8,4,10,20,7,42,100,30,18,7,9,8,7,10,4,5,6,5,6,8,5,7,0,0,0,4,6,4,4,5,6,0,3,4,3,0,4,0,0,0,0,5,6,0,0,0,4,0,6,3,0,5,0,3,0,0,0,0,5,0,0,0"
Shannon Elizabeth,6,18.8,100.0,4.0,17.92,11.0,1222.0,96.0,17,3,17,0,65,good,8.0,26.0,18.0,2.64,8.33,95.34,13.43,10.14,-24.47,18.35,0.68,0.37,8.72,5.55,"6,17,34,10,7,9,11,8,34,27,7,6,6,5,5,29,20,8,11,8,9,5,38,33,11,7,9,11,5,30,27,7,35,32,22,26,92,56,26,21,16,17,16,48,100,38,22,20,21,11,14,11,8,8,7,8,10,6,10,8,4,13,20,6,10"
Shawn Johnson,8,18.55,100.0,4.0,16.61,14.0,2541.0,96.0,38,8,28,0,137,good,9.0,21.0,12.0,2.6,8.27,89.56,15.14,37.0,144.34,18.08,0.12,0.29,9.2,6.68,"11,47,13,9,8,7,11,7,26,16,6,5,6,10,6,21,15,100,56,26,22,12,30,23,26,24,14,13,9,14,11,7,6,22,9,5,24,17,9,8,7,9,5,21,12,6,6,8,5,5,12,11,6,6,5,6,5,18,10,6,5,7,4,6,18,14,7,5,5,6,6,20,16,43,38,13,11,9,9,10,41,27,11,15,14,13,10,52,37,14,13,13,10,11,56,37,16,13,15,14,31,31,53,20,14,16,16,15,45,35,17,27,15,16,13,46,16,15,14,14,14,12,46,32,14,13,11,12,12,83,52,26,18,21,21,21,100"
Sherri Sheperd,14,1.54,100.0,0.0,12.31,0.0,100.0,100.0,65,1,1,64,65,good,0.0,0.0,0.0,7.88,60.02,800.0,0.0,0.0,0.0,17.68,0.14,0.02,-3.12,-0.0,"0,0,0,0,0,0,0,0,0,100,0,0,0,0,0,0,0,0,0,0,0,0,0,0,0,0,0,0,0,0,0,0,0,0,0,0,0,0,0,0,0,0,0,0,0,0,0,0,0,0,0,0,0,0,0,0,0,0,0,0,0,0,0,0,0"
Simone Biles,24,15.37,100.0,6.0,16.14,9.0,999.0,94.0,19,3,9,0,65,good,7.0,15.0,8.0,3.12,11.25,105.0,16.86,14.57,-13.56,21.45,0.88,0.25,0.36,5.51,"11,56,17,9,8,9,8,8,32,10,7,7,6,7,6,19,8,6,6,7,6,6,67,22,12,11,15,11,15,38,21,15,11,9,8,6,38,11,8,8,6,7,6,23,8,7,6,7,6,6,45,32,20,10,8,7,8,100,31,18,12,10,10,8,13"
Skai Jackson,29,11.46,100.0,3.0,14.42,6.0,814.0,97.0,20,1,10,0,71,good,5.0,9.0,4.0,3.81,18.16,125.79,24.86,11.14,-55.17,19.69,0.01,0.23,-5.73,5.49,"8,100,27,13,9,9,8,5,5,38,12,9,8,8,8,35,7,5,5,8,5,4,45,15,7,8,6,7,13,35,9,7,6,4,5,6,27,8,6,5,6,5,5,17,6,5,4,5,5,4,27,5,3,5,5,6,5,37,6,4,4,4,4,4,38,12,8,6,4,5,5"
Stacy Keibler,2,37.65,100.0,8.0,24.24,31.0,1920.0,92.0,13,11,33,0,51,good,18.5,45.5,27.0,0.96,-0.14,64.38,27.57,55.14,100.0,24.4,0.98,0.39,15.16,5.39,"44,64,31,19,15,10,10,8,84,85,25,25,15,21,20,41,45,28,15,18,16,15,45,36,13,19,14,11,17,68,76,47,36,33,26,22,82,76,33,29,27,29,51,90,80,43,46,40,34,43,100"
Stephen Nedoroscik,33,14.41,100.0,2.0,15.15,9.0,1023.0,98.0,18,3,10,0,71,good,6.0,15.5,9.5,3.21,13.02,105.18,33.14,16.57,-50.0,18.43,0.01,0.27,-4.89,5.63,"10,100,41,24,19,18,20,20,54,24,15,12,11,6,7,6,5,6,6,8,7,25,26,10,7,7,8,6,6,32,13,9,9,8,6,8,31,14,7,9,10,11,9,44,17,10,9,7,4,5,2,3,6,6,4,5,4,42,14,9,7,5,4,10,50,16,11,12,12,7,8"
Steve Guttenberg,6,5.77,100.0,0.0,17.11,0.0,375.0,100.0,65,2,6,53,65,good,0.0,0.0,0.0,4.04,17.19,296.5,18.29,0.0,-100.0,20.99,0.02,0.18,-10.06,3.11,"0,100,17,11,0,0,0,0,31,32,0,0,0,0,0,29,81,20,12,0,0,7,0,8,0,0,0,0,0,0,0,0,0,0,0,0,0,0,0,0,0,0,0,0,0,0,0,0,0,0,27,0,0,0,0,0,0,0,0,0,0,0,0,0,0"
Steve Wozniak,8,9.57,100.0,0.0,18.77,3.5,689.0,100.0,19,6,7,35,72,good,0.0,9.0,9.0,2.88,8.26,196.16,23.57,0.0,-100.0,20.0,0.01,0.22,-17.42,4.43,"7,100,17,12,9,5,15,11,54,59,11,8,9,10,12,71,55,15,8,8,5,9,48,51,19,6,0,0,8,4,7,5,0,0,0,0,0,4,0,0,5,0,3,6,0,0,0,0,0,0,0,4,4,0,0,0,0,0,5,0,0,0,0,0,0,0,0,0,0,0,0,0"
Steve-O,8,14.38,100.0,0.0,15.53,11.0,1035.0,100.0,18,2,12,12,72,good,6.0,17.25,11.25,2.96,12.17,108.06,12.86,14.29,11.11,17.09,0.78,0.33,8.19,5.51,"8,34,10,5,9,10,14,5,67,27,15,11,8,12,7,26,11,10,0,0,0,8,20,12,5,0,0,0,0,15,14,0,7,0,0,0,18,32,6,6,11,0,11,6,11,5,6,12,11,18,10,14,11,7,17,29,100,43,22,38,17,26,35,28,15,11,17,11,23,19,14,5"
Sugar Ray Leonard,12,6.83,100.0,0.0,15.05,2.0,444.0,100.0,20,1,4,9,65,good,1.0,4.0,3.0,4.35,21.45,220.35,20.43,4.43,-78.32,19.65,0.02,0.15,-10.12,4.4,"4,100,10,5,3,4,17,5,47,30,5,2,2,3,2,49,18,4,2,2,3,2,21,22,5,3,4,3,2,2,2,0,0,2,2,1,1,1,0,1,0,1,1,0,2,1,1,0,3,1,2,1,0,0,2,2,0,5,16,4,2,3,2,2,2"
Suni Lee,30,17.27,100.0,3.0,20.45,9.0,1105.0,97.0,16,6,14,0,64,good,5.0,19.5,14.5,2.34,5.24,118.44,26.14,15.86,-39.34,27.46,0.02,0.27,0.78,5.29,"7,100,31,16,11,10,8,7,57,21,22,15,6,7,5,39,11,9,5,6,5,5,27,31,9,5,6,5,5,35,8,6,3,4,5,3,26,11,5,6,7,3,4,65,33,14,9,7,6,9,60,14,19,90,26,14,11,65,17,9,5,5,5,5"
Susan Lucci,7,9.06,100.0,0.0,15.13,4.0,589.0,100.0,17,1,5,10,65,good,3.0,9.0,6.0,3.9,18.47,167.02,26.43,1.57,-94.05,18.08,0.02,0.22,-7.2,4.88,"5,100,45,18,6,6,5,4,39,12,5,3,4,3,7,26,13,4,5,9,4,4,18,9,4,3,3,0,3,21,16,3,3,3,3,3,22,21,2,0,3,0,4,19,5,47,9,3,5,4,6,4,3,0,0,0,0,2,3,3,0,0,0,2,3"
Suzanne Somers,20,9.25,100.0,2.0,15.89,4.0,601.0,98.0,17,2,5,0,65,good,3.0,8.0,5.0,3.85,16.17,171.83,21.29,2.14,-89.93,21.56,0.02,0.18,-9.61,4.96,"10,100,16,7,6,6,4,4,48,8,5,3,5,4,4,36,6,4,4,3,4,3,47,10,6,4,4,4,4,60,15,8,13,24,8,6,10,5,5,8,8,4,3,5,4,3,3,2,2,2,2,3,2,2,2,2,2,4,2,2,2,2,3,2,2"
Tamar Braxton,21,16.38,100.0,5.0,15.4,11.0,1179.0,95.0,18,3,10,0,72,good,9.0,16.25,7.25,3.38,13.1,94.03,14.71,11.29,-23.3,15.87,0.79,0.25,3.08,5.76,"9,35,17,11,10,12,9,7,32,31,11,10,11,8,8,20,10,14,16,17,15,13,48,21,15,13,12,10,10,24,11,9,9,10,8,8,27,12,9,7,9,8,7,19,8,8,7,7,9,11,23,12,9,9,7,7,5,100,76,54,27,20,15,16,38,14,15,12,10,8,8,12"
Tatum O'Neal,2,4.78,100.0,0.0,16.9,0.0,244.0,100.0,51,2,4,46,51,good,0.0,0.0,0.0,4.19,18.48,353.2,14.29,0.0,-100.0,22.21,0.02,0.1,-9.76,2.11,"0,100,0,0,0,0,0,23,50,45,0,0,26,0,0,0,0,0,0,0,0,0,0,0,0,0,0,0,0,0,0,0,0,0,0,0,0,0,0,0,0,0,0,0,0,0,0,0,0,0,0"
Tavis Smiley,19,6.88,100.0,0.0,17.13,3.0,495.0,100.0,18,3,3,17,72,good,2.0,4.25,2.25,4.47,19.45,249.21,21.29,1.71,-91.95,18.32,0.12,0.15,-10.14,4.39,"9,92,23,9,7,5,4,4,65,100,19,8,6,5,4,9,4,3,3,4,3,3,3,3,0,8,6,4,0,3,2,0,0,3,4,5,5,2,0,2,4,0,0,2,3,2,5,0,4,3,2,2,2,3,0,0,3,3,4,0,0,0,0,0,2,0,2,2,2,0,3,3"
Ted McGinley,7,3.69,100.0,0.0,15.26,0.0,240.0,100.0,65,2,3,58,65,good,0.0,0.0,0.0,4.94,25.12,413.26,33.0,0.0,-100.0,12.42,0.05,0.09,-7.32,2.14,"7,42,61,100,21,0,0,6,0,0,0,0,0,0,0,0,0,0,0,0,0,0,0,0,0,0,0,0,0,0,0,0,0,0,0,0,3,0,0,0,0,0,0,0,0,0,0,0,0,0,0,0,0,0,0,0,0,0,0,0,0,0,0,0,0"
Teresa Giudice,31,23.69,100.0,8.0,16.01,19.0,1516.0,92.0,17,4,19,0,64,good,15.0,26.0,11.0,3.03,10.55,67.6,39.71,12.0,-69.78,16.97,0.02,0.34,-13.94,5.76,"25,100,51,28,25,20,29,24,91,47,23,24,18,19,22,22,22,15,16,15,18,19,23,19,21,28,29,36,30,26,39,57,28,22,26,18,19,15,19,17,32,33,18,17,24,18,15,15,12,12,9,11,16,15,17,13,10,8,11,14,12,12,15,12"
Terra Jole,23,14.88,100.0,3.0,17.37,8.0,1071.0,97.0,18,3,12,0,72,good,5.0,16.5,11.5,3.1,10.84,116.78,23.57,8.43,-64.24,23.55,0.4,0.31,-7.47,5.54,"16,90,20,18,7,7,7,5,36,28,15,8,7,5,5,22,28,12,6,5,10,6,37,19,22,10,11,6,4,100,29,32,11,9,8,9,26,8,14,6,6,3,5,37,9,16,5,5,7,8,21,7,12,7,5,4,4,37,5,8,3,3,5,4,62,16,13,9,6,5,4,6"
Terrell Owens,25,17.29,100.0,5.0,20.03,10.0,1124.0,95.0,17,6,11,0,65,good,7.0,15.0,8.0,2.56,6.2,115.81,25.0,7.43,-70.29,25.85,0.02,0.2,-10.75,5.39,"11,100,15,8,13,10,18,9,58,53,15,11,10,8,7,32,8,6,6,6,20,54,93,26,13,11,15,15,11,48,9,9,6,6,8,7,45,11,6,7,5,11,6,36,8,7,6,13,13,8,71,13,10,10,8,10,7,6,5,5,6,8,11,10,7"
The Situation,11,32.54,100.0,12.0,16.38,30.0,2115.0,88.0,18,7,46,0,65,good,22.0,39.0,17.0,1.7,3.98,50.33,50.86,18.57,-63.48,15.14,0.02,0.4,-19.13,5.86,"30,100,83,34,43,34,32,32,62,39,25,42,33,31,27,54,47,25,47,32,36,33,58,72,43,50,39,45,33,26,28,37,42,36,27,26,29,28,28,41,42,32,23,27,23,30,26,20,16,17,16,14,15,14,12,16,16,17,22,25,21,18,14,14,16"
Tia Carrere,2,16.86,100.0,0.0,29.57,0.0,860.0,100.0,13,10,14,37,51,good,0.0,30.0,30.0,1.47,0.75,175.35,26.71,0.0,-100.0,37.43,0.02,0.27,-16.59,3.72,"55,100,0,0,0,0,32,0,46,95,0,0,52,0,0,72,82,0,0,0,0,0,52,0,47,0,0,0,0,65,81,0,53,28,0,0,0,0,0,0,0,0,0,0,0,0,0,0,0,0,0"
Tinashe,27,21.25,100.0,9.0,16.31,16.0,1509.0,91.0,18,4,13,0,71,good,14.0,20.5,6.5,3.44,12.39,76.76,13.43,57.86,330.85,11.91,0.94,0.23,8.78,5.87,"17,9,16,10,17,13,12,11,13,14,14,14,13,17,14,15,11,15,14,16,41,14,15,14,15,15,16,30,38,21,18,21,20,18,17,11,10,19,28,23,19,13,17,16,16,14,15,15,16,15,14,16,25,18,22,17,14,15,16,27,25,26,19,15,20,22,97,100,66,55,45"
Tom DeLay,9,5.91,100.0,0.0,15.13,0.0,384.0,100.0,20,2,6,40,65,good,0.0,3.0,3.0,4.3,21.55,256.05,32.14,0.0,-100.0,14.58,0.02,0.22,-11.88,3.71,"9,100,50,28,15,13,10,6,30,14,3,3,3,3,2,29,32,13,6,4,0,2,3,2,0,0,0,0,0,0,2,0,0,0,0,0,0,0,0,0,0,0,2,0,0,0,0,0,0,0,0,0,0,0,0,0,0,0,0,0,0,0,0,0,0"
Tommy Chong,19,10.22,100.0,1.0,18.61,3.0,736.0,99.0,18,4,8,0,72,good,3.0,5.25,2.25,3.38,11.87,182.01,21.57,6.43,-70.2,25.84,0.89,0.18,-3.0,4.9,"4,96,29,8,5,5,4,3,56,14,5,4,3,3,3,24,5,3,3,3,2,2,40,9,5,4,3,2,2,51,6,4,3,4,3,2,28,4,3,2,3,2,2,15,4,3,3,3,2,1,23,4,2,2,2,1,1,40,6,3,2,3,3,2,100,17,8,4,5,5,3,3"
Toni Braxton,7,9.91,100.0,0.0,14.59,6.0,644.0,100.0,23,2,6,4,65,good,4.0,8.0,4.0,4.24,20.94,147.31,30.29,4.0,-86.79,16.15,0.02,0.2,-10.52,5.19,"7,100,50,27,10,8,10,11,34,24,9,8,5,8,5,18,8,8,5,0,0,0,27,8,6,6,6,6,6,13,45,10,8,8,7,3,8,6,4,5,6,6,0,3,4,5,5,6,4,4,3,6,4,5,6,4,3,5,4,4,4,4,4,3,5"
Tonya Harding,26,53.54,100.0,34.0,14.37,51.0,3052.0,66.0,15,30,57,0,57,good,43.0,61.0,18.0,1.24,1.28,26.85,57.14,52.43,-8.25,16.41,0.6,0.35,-1.95,5.78,"59,50,43,45,53,64,86,58,47,51,55,39,63,87,53,69,48,42,42,61,61,53,39,39,36,47,64,73,52,46,47,38,51,91,100,51,45,52,42,43,46,75,45,41,34,39,44,53,66,57,63,47,35,40,60,74,48"
Tori Spelling,33,7.25,100.0,1.0,15.62,3.0,515.0,99.0,21,2,3,0,71,good,2.0,5.0,3.0,4.94,24.65,215.36,23.14,1.57,-93.21,18.96,0.11,0.15,-10.15,4.85,"5,88,21,12,14,13,9,7,100,31,18,15,10,5,5,7,5,4,5,5,3,5,4,4,3,6,3,3,3,4,3,3,3,4,4,4,3,3,3,4,2,2,2,2,2,3,3,3,2,2,2,2,3,3,2,2,2,2,2,2,2,2,2,2,2,2,1,1,2,2,1"
Trevor Donovan,31,17.69,100.0,4.0,16.19,11.0,1132.0,96.0,16,3,12,0,64,good,9.0,19.25,10.25,2.78,9.28,91.56,17.14,20.86,21.67,21.14,0.12,0.27,-7.12,5.58,"8,55,20,13,6,8,10,8,100,36,16,11,15,19,10,46,22,12,8,11,9,9,40,20,11,11,9,11,11,47,46,22,13,10,16,11,29,15,10,4,10,10,7,28,17,10,7,9,6,6,29,12,12,9,8,8,10,61,27,17,9,12,12,8"
Trista Sutter,1,2.78,100.0,0.0,16.43,0.0,100.0,100.0,36,1,1,35,36,good,0.0,0.0,0.0,5.75,31.03,591.61,0.0,0.0,0.0,23.9,0.25,0.03,-5.56,-0.0,"0,0,0,0,0,0,0,0,0,100,0,0,0,0,0,0,0,0,0,0,0,0,0,0,0,0,0,0,0,0,0,0,0,0,0,0"
Tucker Carlson,3,5.49,100.0,0.0,17.28,0.0,357.0,100.0,65,2,3,53,65,good,0.0,0.0,0.0,4.35,19.34,314.58,39.86,1.57,-96.06,12.98,0.03,0.18,-9.93,3.02,"21,89,100,35,23,0,11,11,18,20,0,0,0,0,0,0,0,0,0,0,0,0,0,9,0,0,0,0,0,0,0,0,0,0,0,0,0,9,0,0,0,0,0,0,0,0,0,0,0,0,0,0,0,0,0,0,0,0,11,0,0,0,0,0,0"
Ty Murray,8,18.15,100.0,0.0,24.45,12.0,1307.0,100.0,19,8,19,32,72,good,0.0,27.0,27.0,1.75,2.61,134.66,18.43,22.71,23.26,26.0,0.9,0.32,9.92,4.98,"28,78,23,0,0,0,0,0,39,27,0,0,0,0,0,57,33,17,21,17,0,12,53,16,0,12,0,0,0,28,14,0,0,0,0,0,27,17,13,18,0,0,0,39,27,0,0,0,0,0,81,51,11,16,23,18,13,47,91,37,12,14,0,24,94,100,34,15,0,0,10,0"
Tyson Beckford,32,8.33,100.0,0.0,18.31,3.0,475.0,100.0,21,2,3,10,57,good,2.0,6.0,4.0,4.17,16.89,219.67,23.43,1.14,-95.12,24.3,0.02,0.14,-13.17,4.31,"7,100,21,10,13,7,6,5,49,10,8,8,6,5,6,94,13,6,6,6,4,5,6,4,4,3,6,3,3,3,0,8,4,2,2,0,0,3,2,2,3,2,0,2,0,2,3,3,2,0,3,3,0,0,0,0,2"
Valerie Harper,17,6.67,100.0,1.0,15.27,2.0,480.0,99.0,20,2,4,0,72,good,2.0,4.0,2.0,4.45,20.86,229.03,31.0,1.57,-94.93,20.22,0.01,0.14,-9.83,4.63,"4,100,16,14,67,10,6,5,40,8,5,4,3,3,4,22,4,3,2,3,2,2,48,8,4,3,4,2,2,5,3,2,3,2,2,2,3,2,2,2,1,1,2,3,3,2,2,2,2,1,2,1,2,2,1,2,1,2,2,2,2,1,1,1,2,2,2,1,2,1,1,2"
Vanessa Lachey,25,12.63,100.0,2.0,18.67,6.0,821.0,98.0,17,4,9,0,65,good,4.0,10.0,6.0,3.05,9.48,147.79,19.43,2.29,-88.24,23.38,0.34,0.2,-14.33,5.09,"8,87,16,7,4,6,8,6,51,43,14,11,7,5,5,61,42,18,11,7,8,11,100,25,10,8,6,4,4,30,9,5,4,5,5,6,29,7,4,5,5,4,7,23,9,5,3,5,4,2,7,3,7,6,4,3,2,4,2,2,3,3,2,2,2"
Vanilla Ice,23,13.17,100.0,4.0,13.11,9.0,948.0,96.0,21,2,6,0,72,good,7.75,13.0,5.25,4.67,25.7,99.56,27.86,7.0,-74.87,15.84,0.01,0.22,-9.78,5.77,"9,100,29,16,13,14,14,9,56,41,17,14,13,13,9,20,21,9,8,12,10,9,25,28,12,23,18,11,13,12,8,9,9,10,9,7,8,7,18,13,11,12,8,11,11,9,10,11,9,9,7,7,6,7,9,7,7,6,4,5,7,7,8,7,8,6,5,7,8,8,7,8"
Veron Davis,29,1.41,100.0,0.0,11.78,0.0,100.0,100.0,71,1,1,70,71,good,0.0,0.0,0.0,8.25,66.01,836.66,14.29,0.0,-100.0,16.9,0.01,0.01,-2.86,-0.0,"0,100,0,0,0,0,0,0,0,0,0,0,0,0,0,0,0,0,0,0,0,0,0,0,0,0,0,0,0,0,0,0,0,0,0,0,0,0,0,0,0,0,0,0,0,0,0,0,0,0,0,0,0,0,0,0,0,0,0,0,0,0,0,0,0,0,0,0,0,0,0"
Victor Espinoza,21,5.03,100.0,0.0,15.91,0.0,362.0,100.0,18,3,4,54,72,good,0.0,0.75,0.75,4.37,19.79,316.41,14.71,0.0,-100.0,15.82,0.12,0.17,-8.06,3.24,"7,63,25,0,3,5,0,5,64,100,18,10,6,8,6,3,3,0,0,0,0,0,0,0,0,0,0,0,0,0,0,0,0,0,0,0,0,0,0,0,0,0,0,0,0,0,0,24,9,0,3,0,0,0,0,0,0,0,0,0,0,0,0,0,0,0,0,0,0,0,0,0"
Victor Ortiz,16,15.42,100.0,0.0,19.74,8.0,1002.0,100.0,17,4,11,1,65,good,6.0,13.0,7.0,2.86,8.36,128.08,25.43,3.57,-85.96,24.71,0.23,0.23,-10.02,5.27,"13,99,33,8,5,9,11,7,64,29,10,8,6,9,5,100,35,16,13,8,6,7,38,22,7,6,9,7,5,35,20,6,7,6,8,8,35,63,17,8,5,11,7,8,11,8,9,12,39,12,11,6,4,5,5,7,5,4,5,4,3,0,5,4,4"
Victoria Arlen,25,9.45,100.0,1.0,17.1,3.0,614.0,99.0,17,2,6,0,65,good,2.0,7.0,5.0,3.48,13.0,181.02,20.71,4.43,-78.62,22.75,0.02,0.2,-6.57,4.77,"5,100,18,7,6,5,4,3,49,48,10,5,5,4,8,34,7,3,2,3,3,2,30,8,4,4,4,3,2,18,3,2,2,2,2,1,21,4,2,2,2,2,1,11,2,3,2,1,3,2,23,5,1,2,2,2,1,73,14,4,2,2,4,2,3"
Vinny Guadagnino,31,39.17,100.0,0.0,20.06,34.5,2507.0,100.0,17,14,50,1,64,good,26.75,46.0,19.25,1.25,1.52,51.2,47.29,52.29,10.57,24.12,0.02,0.38,-7.09,5.82,"27,100,50,41,40,41,32,31,66,38,31,39,26,18,21,47,35,32,42,35,37,28,57,37,33,43,45,33,19,85,95,63,53,41,29,23,68,35,25,31,0,24,17,55,28,19,17,20,22,22,67,36,34,27,31,32,18,18,96,75,53,46,46,32"
Vivica A. Fox,3,1.54,100.0,0.0,12.31,0.0,100.0,100.0,65,1,1,64,65,good,0.0,0.0,0.0,7.88,60.02,800.0,0.0,0.0,0.0,17.68,0.35,0.02,-3.12,-0.0,"0,0,0,0,0,0,0,0,0,0,0,0,0,0,0,0,0,0,0,0,0,0,0,100,0,0,0,0,0,0,0,0,0,0,0,0,0,0,0,0,0,0,0,0,0,0,0,0,0,0,0,0,0,0,0,0,0,0,0,0,0,0,0,0,0"
Von Miller,22,18.8,100.0,4.0,17.0,13.0,1222.0,96.0,18,5,12,0,65,good,8.0,21.0,13.0,2.45,7.16,90.4,30.71,6.29,-79.53,21.03,0.02,0.34,-15.78,5.59,"13,100,24,16,20,21,21,10,51,29,17,14,10,8,20,60,16,12,10,14,24,50,66,20,30,32,22,19,18,48,28,15,12,11,9,9,39,15,16,23,14,9,7,42,12,13,10,9,7,6,10,5,8,8,7,5,6,8,6,6,4,6,7,8,7"
Wanya Morris,22,5.6,100.0,0.0,14.18,2.0,364.0,100.0,22,1,3,26,65,good,0.0,3.0,3.0,5.05,28.71,253.17,9.86,4.29,-56.52,19.81,0.88,0.17,0.38,4.05,"3,49,7,3,3,2,2,0,27,3,2,2,2,0,4,15,2,0,0,0,2,0,20,3,0,0,0,0,2,16,2,2,0,0,0,0,17,4,0,0,0,0,0,12,2,0,0,0,0,2,16,4,0,2,0,0,2,100,12,5,3,4,2,2,2"
Warren Sapp,7,17.42,100.0,0.0,22.31,9.0,1132.0,100.0,17,7,14,21,65,good,0.0,21.0,21.0,1.75,2.63,128.13,32.14,28.86,-10.22,24.96,0.98,0.31,-3.92,4.98,"7,82,72,40,13,0,11,6,62,37,17,29,19,9,9,66,23,6,0,0,0,0,35,12,6,0,0,0,0,29,24,7,0,13,0,14,21,20,0,6,0,0,0,17,0,17,6,0,0,0,43,58,9,8,20,0,8,49,53,16,15,0,11,7,100"
Wayne Brady,31,25.27,100.0,11.0,18.2,19.0,1617.0,89.0,16,6,19,0,64,good,15.0,26.5,11.5,2.35,5.18,72.02,30.86,37.71,22.22,21.28,0.98,0.3,-5.16,5.72,"13,81,35,26,21,21,19,15,47,26,16,15,17,13,13,35,19,18,15,15,12,16,72,36,20,19,20,18,16,77,67,38,30,28,20,21,34,20,19,17,15,14,12,21,19,12,12,16,11,12,34,16,14,17,19,16,13,55,22,18,15,28,26,100"
Wayne Newton,5,4.98,100.0,0.0,13.33,2.0,324.0,100.0,20,1,3,23,65,good,0.0,3.0,3.0,5.74,37.0,267.39,23.71,0.71,-96.99,14.81,0.03,0.18,-8.4,4.03,"4,21,100,25,6,5,5,2,21,18,2,3,2,0,2,16,26,6,2,0,2,2,3,11,4,2,0,2,2,2,0,0,1,0,2,0,1,2,0,0,0,0,0,0,1,0,1,0,0,0,0,1,2,3,3,2,1,3,3,2,0,0,0,0,0"
Wendy Williams,12,17.28,100.0,7.0,18.56,11.0,1123.0,93.0,17,5,8,0,65,good,9.0,16.0,7.0,3.16,9.45,107.45,32.0,10.29,-67.86,19.6,0.02,0.17,-15.64,5.52,"17,100,30,26,19,15,17,16,70,61,19,16,12,9,13,64,93,29,20,16,9,12,16,14,12,13,12,8,14,13,11,11,12,11,8,10,11,11,9,8,10,8,8,9,10,9,12,9,7,8,10,9,10,10,9,7,8,11,10,13,15,10,7,9,8"
Whitney Leavitt,34,5.69,100.0,0.0,20.5,0.0,444.0,100.0,78,5,6,72,78,good,0.0,0.0,0.0,3.52,10.93,360.13,0.0,58.29,0.0,10.45,0.95,0.08,11.38,2.53,"0,0,0,0,0,0,0,0,0,0,0,0,0,0,0,0,0,0,0,0,0,0,0,0,0,0,0,0,0,0,0,0,0,0,0,0,0,0,0,0,0,0,0,0,0,0,0,0,0,0,0,0,0,0,0,0,0,0,0,0,0,0,0,0,0,0,36,0,0,0,0,0,0,63,100,77,84,84"
Willa Ford,3,14.68,100.0,0.0,20.58,7.0,954.0,100.0,18,5,11,12,65,good,4.0,15.0,11.0,2.28,4.95,140.24,14.29,4.43,-69.0,20.36,0.46,0.28,-16.09,4.99,"5,44,22,8,8,9,4,7,46,28,11,8,0,0,0,78,46,17,10,5,5,8,55,52,7,10,6,4,3,76,100,49,26,15,15,17,19,13,8,6,9,3,0,6,6,0,0,0,0,0,4,16,10,6,0,4,3,6,12,6,0,6,4,3,0"
William Levy,14,13.05,100.0,3.0,14.44,8.0,848.0,97.0,18,2,9,0,65,good,6.0,15.0,9.0,3.79,18.3,110.71,27.86,11.29,-59.49,18.0,0.02,0.29,-9.45,5.48,"7,100,28,19,11,10,20,12,50,38,15,12,9,7,6,39,25,15,9,9,9,7,18,10,8,7,7,6,6,29,14,9,6,6,5,5,18,10,6,5,5,5,4,18,8,5,4,4,4,3,17,10,6,4,4,4,4,28,18,8,6,6,6,7,28"
Willow Shields,20,9.91,100.0,0.0,17.29,4.0,644.0,100.0,17,4,7,2,65,good,3.0,7.0,4.0,3.36,11.92,174.5,23.43,0.86,-96.34,22.94,0.02,0.18,-7.94,4.83,"18,100,17,10,6,7,6,5,51,10,3,4,6,5,4,57,9,6,5,5,4,4,33,9,4,4,4,2,7,32,6,3,3,4,3,2,29,6,3,2,3,3,2,69,22,7,4,3,3,2,5,3,3,2,3,2,1,3,1,1,1,0,0,1,2"
Wynonna Judd,16,5.77,100.0,0.0,13.67,2.0,375.0,100.0,17,1,5,4,65,good,1.0,4.0,3.0,5.38,32.42,236.98,21.86,1.14,-94.77,16.72,0.02,0.14,-8.52,4.46,"4,100,25,9,6,5,4,5,36,13,4,3,3,5,3,27,31,8,3,3,3,3,5,3,1,2,3,2,1,2,0,1,1,2,2,1,1,2,2,1,3,2,1,2,2,4,2,3,3,2,2,0,1,1,0,2,1,1,1,1,1,0,1,2,2"
Xochitl Gomez,32,19.58,100.0,6.0,20.73,11.0,1116.0,94.0,16,7,10,0,57,good,9.0,17.0,8.0,2.18,3.86,105.9,20.29,17.43,-14.08,29.77,0.51,0.21,1.28,5.27,"11,69,23,12,10,10,7,6,70,21,14,10,11,8,6,64,18,11,7,8,6,6,64,17,11,12,9,9,6,100,30,16,12,10,7,8,72,29,17,15,12,9,10,45,13,14,12,11,9,7,56,18,10,9,10,9,10"
Zendaya,16,23.97,100.0,10.0,17.53,18.0,1558.0,90.0,17,6,17,0,65,good,14.0,25.0,11.0,2.35,5.65,73.15,32.29,26.29,-18.58,22.58,0.02,0.26,-6.83,5.73,"19,100,40,16,13,19,19,17,72,48,26,19,18,21,16,61,28,16,14,22,22,15,50,21,12,11,19,17,13,55,26,13,13,20,18,10,36,21,12,10,15,19,13,36,16,10,10,17,18,14,46,26,12,12,17,19,13,43,25,15,12,18,18,16,80"
