celebrity_name,ballroom_partner,celebrity_industry,celebrity_homestate,celebrity_homecountry/region,celebrity_age_during_season,season,results,placement,week1_judge1_score,week1_judge2_score,week1_judge3_score,week1_judge4_score,week2_judge1_score,week2_judge2_score,week2_judge3_score,week2_judge4_score,week3_judge1_score,week3_judge2_score,week3_judge3_score,week3_judge4_score,week4_judge1_score,week4_judge2_score,week4_judge3_score,week4_judge4_score,week5_judge1_score,week5_judge2_score,week5_judge3_score,week5_judge4_score,week6_judge1_score,week6_judge2_score,week6_judge3_score,week6_judge4_score,week7_judge1_score,week7_judge2_score,week7_judge3_score,week7_judge4_score,week8_judge1_score,week8_judge2_score,week8_judge3_score,week8_judge4_score,week9_judge1_score,week9_judge2_score,week9_judge3_score,week9_judge4_score,week10_judge1_score,week10_judge2_score,week10_judge3_score,week10_judge4_score,week11_judge1_score,week11_judge2_score,week11_judge3_score,week11_judge4_score,google_trends_mean,google_trends_variance
John O'Hurley,Charlotte Jorgensen,Actor/Actress,Maine,United States,50,1,2nd Place,2,7.0,7.0,6.0,,8.0,9.0,9.0,,9.0,8.0,7.0,,7.0,8.0,6.0,,9.0,9.0,9.0,,9.0,9.0,9.0,,,,,,,,,,,,,,,,,,,,,,2.78,269.9449
Kelly Monaco,Alec Mazo,Actor/Actress,Pennsylvania,United States,29,1,1st Place,1,5.0,4.0,4.0,,5.0,6.0,6.0,,6.0,7.0,8.0,,9.0,9.0,8.0,,8.5,7.5,7.5,,8.5,9.5,9.5,,,,,,,,,,,,,,,,,,,,,,19.57,486.64359999999994
Evander Holyfield,Edyta Sliwinska,Athlete,Alabama,United States,42,1,Eliminated Week 3,5,5.0,7.0,6.0,,5.0,4.0,5.0,,5.0,4.0,4.0,,0.0,0.0,0.0,,0.0,0.0,0.0,,0.0,0.0,0.0,,,,,,,,,,,,,,,,,,,,,,4.97,426.42249999999996
Rachel Hunter,Jonathan Roberts,Model,,New Zealand,35,1,Eliminated Week 4,4,7.0,6.0,7.0,,8.0,8.0,8.0,,8.0,9.0,9.0,,7.0,9.0,9.0,,0.0,0.0,0.0,,0.0,0.0,0.0,,,,,,,,,,,,,,,,,,,,,,23.61,573.1236
Joey McIntyre,Ashly DelGrosso,Singer/Rapper,Massachusetts,United States,32,1,3rd Place,3,7.0,7.0,6.0,,8.0,7.0,6.0,,7.0,7.0,8.0,,7.0,6.0,7.0,,8.5,7.0,7.0,,0.0,0.0,0.0,,,,,,,,,,,,,,,,,,,,,,7.75,663.0625
Trista Sutter,Louis van Amstel,TV Personality,Indiana,United States,32,1,Eliminated Week 2,6,6.0,6.0,6.0,,6.0,7.0,6.0,,0.0,0.0,0.0,,0.0,0.0,0.0,,0.0,0.0,0.0,,0.0,0.0,0.0,,,,,,,,,,,,,,,,,,,,,,2.78,269.9449
Tatum O'Neal,Nick Kosovich,Actor/Actress,California,United States,42,2,Eliminated Week 2,9,7.0,8.0,8.0,,5.0,6.0,6.0,,0.0,0.0,0.0,,0.0,0.0,0.0,,0.0,0.0,0.0,,0.0,0.0,0.0,,0.0,0.0,0.0,,0.0,0.0,0.0,,,,,,,,,,,,,,4.78,285.60999999999996
Tia Carrere,Maksim Chmerkoskiy,Actor/Actress,Hawaii,United States,39,2,Eliminated Week 5,6,6.0,7.0,7.0,,7.0,8.0,7.0,,9.0,8.0,9.0,,9.0,8.0,8.0,,7.0,7.0,8.0,,0.0,0.0,0.0,,0.0,0.0,0.0,,0.0,0.0,0.0,,,,,,,,,,,,,,16.86,874.3849
George Hamilton,Edyta Sliwinska,Actor/Actress,Tennessee,United States,66,2,Eliminated Week 6,5,7.0,5.0,6.0,,8.0,7.0,7.0,,7.0,7.0,8.0,,7.0,7.0,7.0,,8.0,8.0,8.0,,8.0,7.0,8.0,,0.0,0.0,0.0,,0.0,0.0,0.0,,,,,,,,,,,,,,12.0,424.36000000000007
Lisa Rinna,Louis van Amstel,Actor/Actress,California,United States,42,2,Eliminated Week 7,4,5.0,7.0,7.0,,6.0,7.0,7.0,,8.0,8.0,9.0,,9.0,9.0,8.0,,7.0,9.0,9.0,,9.0,9.0,9.0,,8.5,9.0,9.0,,0.0,0.0,0.0,,,,,,,,,,,,,,27.27,420.66010000000006
Stacy Keibler,Tony Dovolani,Athlete,Maryland,United States,26,2,3rd Place,3,8.0,6.0,8.0,,9.0,10.0,10.0,,9.0,9.0,9.0,,8.0,9.0,9.0,,10.0,10.0,10.0,,10.0,10.0,10.0,,9.0,9.0,9.5,,9.3333,9.6666,9.6666,,,,,,,,,,,,,,37.65,587.5776
Jerry Rice,Anna Trebunskaya,Athlete,Mississippi,United States,43,2,2nd Place,2,7.0,7.0,7.0,,7.0,8.0,8.0,,7.0,6.0,6.0,,8.0,8.0,8.0,,7.0,8.0,8.0,,8.0,7.0,8.0,,7.0,7.0,6.5,,9.0,9.0,8.6666,,,,,,,,,,,,,,33.94,518.9284
Giselle Fernandez,Jonathan Roberts,News Anchor,,Mexico,44,2,Eliminated Week 3,8,7.0,8.0,8.0,,8.0,8.0,8.0,,7.0,8.0,7.0,,0.0,0.0,0.0,,0.0,0.0,0.0,,0.0,0.0,0.0,,0.0,0.0,0.0,,0.0,0.0,0.0,,,,,,,,,,,,,,7.67,452.83840000000004
Master P,Ashly DelGrosso,Singer/Rapper,Louisiana,United States,35,2,Eliminated Week 4,7,4.0,4.0,4.0,,6.0,5.0,5.0,,6.0,4.0,4.0,,4.0,2.0,2.0,,0.0,0.0,0.0,,0.0,0.0,0.0,,0.0,0.0,0.0,,0.0,0.0,0.0,,,,,,,,,,,,,,16.47,542.89
Drew Lachey,Cheryl Burke,Singer/Rapper,Ohio,United States,29,2,1st Place,1,8.0,8.0,8.0,,9.0,9.0,9.0,,9.0,9.0,9.0,,9.0,9.0,10.0,,9.0,9.0,9.0,,10.0,10.0,10.0,,9.5,9.0,9.0,,9.6666,9.6666,9.6666,,,,,,,,,,,,,,8.68,411.27840000000003
Kenny Mayne,Andrea Hale,Sports Broadcaster,Washington,United States,46,2,Eliminated Week 1,10,4.0,5.0,4.0,,0.0,0.0,0.0,,0.0,0.0,0.0,,0.0,0.0,0.0,,0.0,0.0,0.0,,0.0,0.0,0.0,,0.0,0.0,0.0,,0.0,0.0,0.0,,,,,,,,,,,,,,5.14,356.8321
Harry Hamlin,Ashly DelGrosso,Actor/Actress,California,United States,54,3,Eliminated Week 3,9,5.0,6.0,6.0,,7.0,7.0,7.0,,7.0,8.0,7.0,,0.0,0.0,0.0,,0.0,0.0,0.0,,0.0,0.0,0.0,,0.0,0.0,0.0,,0.0,0.0,0.0,,0.0,0.0,0.0,,0.0,0.0,0.0,,,,,,9.12,555.5449
Vivica A. Fox,Nick Kosovich,Actor/Actress,Indiana,United States,42,3,Eliminated Week 4,8,6.0,8.0,8.0,,8.0,8.0,8.0,,9.0,9.0,9.0,,8.0,8.0,8.0,,0.0,0.0,0.0,,0.0,0.0,0.0,,0.0,0.0,0.0,,0.0,0.0,0.0,,0.0,0.0,0.0,,0.0,0.0,0.0,,,,,,1.54,151.5361
Monique Coleman,Louis van Amstel,Actor/Actress,South Carolina,United States,25,3,Eliminated Week 8,4,6.0,6.0,7.0,,9.0,8.0,9.0,,9.0,9.0,9.0,,8.0,8.0,8.0,,9.0,9.0,9.0,,9.0,7.0,7.0,,9.0,9.0,9.0,,8.5,9.0,9.0,,0.0,0.0,0.0,,0.0,0.0,0.0,,,,,,9.45,321.4849
Joey Lawrence,Edyta Sliwinska,Actor/Actress,Pennsylvania,United States,30,3,3rd Place,3,7.0,7.0,7.0,,10.0,9.0,10.0,,8.0,6.0,8.0,,9.0,9.0,9.0,,8.0,8.0,9.0,,8.0,8.0,8.0,,9.5,9.0,10.0,,9.5,8.5,9.0,,9.5,10.0,10.0,,0.0,0.0,0.0,,,,,,15.95,509.4049
Mario Lopez,Karina Smirnoff,Actor/Actress,California,United States,32,3,2nd Place,2,9.0,8.0,9.0,,7.0,6.0,8.0,,8.0,6.0,8.0,,10.0,9.0,10.0,,9.0,9.0,9.0,,9.0,9.0,10.0,,9.5,9.0,9.5,,9.5,9.0,10.0,,10.0,9.5,10.0,,10.0,10.0,9.6666,,,,,,14.17,268.3044
Emmitt Smith,Cheryl Burke,Athlete,Florida,United States,37,3,1st Place,1,8.0,8.0,8.0,,8.0,8.0,8.0,,7.0,6.0,6.0,,8.0,8.0,8.0,,9.0,9.0,9.0,,8.0,8.0,9.0,,10.0,9.5,9.0,,8.5,9.0,9.5,,9.5,10.0,10.0,,10.0,9.6666,10.0,,,,,,12.88,313.64410000000004
Shanna Moakler,Jesse DeSoto,Model,Rhode Island,United States,31,3,Eliminated Week 2,10,7.0,5.0,6.0,,8.0,7.0,7.0,,0.0,0.0,0.0,,0.0,0.0,0.0,,0.0,0.0,0.0,,0.0,0.0,0.0,,0.0,0.0,0.0,,0.0,0.0,0.0,,0.0,0.0,0.0,,0.0,0.0,0.0,,,,,,6.15,216.38410000000002
Willa Ford,Maksim Chmerkoskiy,Singer/Rapper,Florida,United States,25,3,Eliminated Week 5,7,7.0,7.0,8.0,,7.0,8.0,8.0,,7.0,7.0,8.0,,9.0,9.0,10.0,,9.0,9.0,9.0,,0.0,0.0,0.0,,0.0,0.0,0.0,,0.0,0.0,0.0,,0.0,0.0,0.0,,0.0,0.0,0.0,,,,,,14.68,423.53639999999996
Sara Evans,Tony Dovolani,Singer/Rapper,Missouri,United States,35,3,Withdrew,6,5.0,5.0,5.0,,7.0,7.0,7.0,,8.0,9.0,8.0,,6.0,7.0,7.0,,8.0,8.0,8.0,,0.0,0.0,0.0,,0.0,0.0,0.0,,0.0,0.0,0.0,,0.0,0.0,0.0,,0.0,0.0,0.0,,,,,,5.82,191.2689
Jerry Springer,Kym Johnson,TV Personality,,England,62,3,Eliminated Week 7,5,5.0,5.0,6.0,,7.0,6.0,6.0,,7.0,7.0,7.0,,7.0,7.0,8.0,,8.0,8.0,8.0,,7.0,6.0,5.0,,7.5,8.0,7.5,,0.0,0.0,0.0,,0.0,0.0,0.0,,0.0,0.0,0.0,,,,,,26.49,400.40010000000007
Tucker Carlson,Elena Grinenko,TV Personality,California,United States,37,3,Eliminated Week 1,11,5.0,4.0,3.0,,0.0,0.0,0.0,,0.0,0.0,0.0,,0.0,0.0,0.0,,0.0,0.0,0.0,,0.0,0.0,0.0,,0.0,0.0,0.0,,0.0,0.0,0.0,,0.0,0.0,0.0,,0.0,0.0,0.0,,,,,,5.49,298.5984
John Ratzenberger,Edyta Sliwinska,Actor/Actress,Connecticut,United States,59,4,Eliminated Week 7,6,6.0,5.0,6.0,,7.0,7.0,7.0,,7.0,6.0,7.0,,6.0,5.0,5.0,,6.0,6.0,6.0,,7.0,6.0,6.0,,7.5,7.5,7.5,,0.0,0.0,0.0,,0.0,0.0,0.0,,0.0,0.0,0.0,,,,,,5.32,226.50250000000003
Ian Ziering,Cheryl Burke,Actor/Actress,New Jersey,United States,42,4,Eliminated Week 9,4,7.0,7.0,7.0,,7.0,8.0,7.0,,8.0,8.0,8.0,,7.0,9.0,8.0,,8.0,8.0,8.0,,8.0,8.0,8.0,,9.0,9.0,9.0,,8.0,7.5,8.0,,9.5,10.0,9.5,,0.0,0.0,0.0,,,,,,11.55,382.20250000000004
Clyde Drexler,Elena Grinenko,Athlete,Louisiana,United States,44,4,Eliminated Week 5,8,6.0,5.0,5.0,,6.0,6.0,6.0,,6.0,5.0,5.0,,6.0,4.0,5.0,,4.0,5.0,4.0,,0.0,0.0,0.0,,0.0,0.0,0.0,,0.0,0.0,0.0,,0.0,0.0,0.0,,0.0,0.0,0.0,,,,,,7.0,364.81000000000006
Laila Ali,Maksim Chmerkoskiy,Athlete,Florida,United States,29,4,3rd Place,3,7.0,8.0,8.0,,9.0,9.0,9.0,,7.0,7.0,7.0,,7.0,7.0,7.0,,9.0,10.0,9.0,,9.0,9.0,10.0,,10.0,9.5,10.0,,9.0,8.5,9.0,,10.0,10.0,10.0,,9.6666,9.0,9.6666,,,,,,21.57,760.1049
Apolo Anton Ohno,Julianne Hough,Athlete,Washington,United States,24,4,1st Place,1,7.0,7.0,7.0,,8.0,9.0,9.0,,7.0,8.0,8.0,,9.0,8.0,9.0,,10.0,10.0,10.0,,9.0,9.0,10.0,,9.0,8.5,9.5,,10.0,9.0,10.0,,10.0,9.5,10.0,,9.6666,9.6666,10.0,,,,,,15.78,658.4356
Shandi Finnessey,Brian Fortuna,Beauty Pagent,Missouri,United States,28,4,Eliminated Week 3,10,6.0,6.0,7.0,,6.0,7.0,7.0,,7.0,7.0,7.0,,0.0,0.0,0.0,,0.0,0.0,0.0,,0.0,0.0,0.0,,0.0,0.0,0.0,,0.0,0.0,0.0,,0.0,0.0,0.0,,0.0,0.0,0.0,,,,,,5.48,231.6484
Paulina Porizkova,Alec Mazo,Model,,Czechoslovakia,41,4,Eliminated Week 2,11,6.0,6.0,7.0,,7.0,7.0,7.0,,0.0,0.0,0.0,,0.0,0.0,0.0,,0.0,0.0,0.0,,0.0,0.0,0.0,,0.0,0.0,0.0,,0.0,0.0,0.0,,0.0,0.0,0.0,,0.0,0.0,0.0,,,,,,4.2,178.75689999999997
Heather Mills,Jonathan Roberts,Model,,England,39,4,Eliminated Week 6,7,6.0,6.0,6.0,,8.0,8.0,8.0,,8.0,8.0,8.0,,7.0,8.0,8.0,,7.0,7.0,7.0,,7.0,8.0,8.0,,0.0,0.0,0.0,,0.0,0.0,0.0,,0.0,0.0,0.0,,0.0,0.0,0.0,,,,,,11.92,273.90250000000003
Billy Ray Cyrus,Karina Smirnoff,Singer/Rapper,Kentucky,United States,45,4,Eliminated Week 8,5,5.0,4.0,4.0,,7.0,7.0,7.0,,7.0,7.0,7.0,,7.0,7.0,7.0,,6.0,6.0,5.0,,7.0,7.0,7.0,,6.0,6.5,6.5,,6.5,6.5,6.0,,0.0,0.0,0.0,,0.0,0.0,0.0,,,,,,19.97,347.82249999999993
Joey Fatone,Kym Johnson,Singer/Rapper,New York,United States,30,4,2nd Place,2,8.0,8.0,8.0,,8.0,8.0,8.0,,8.0,8.0,8.0,,10.0,9.0,9.0,,8.0,8.0,9.0,,9.0,9.0,9.0,,10.0,9.5,10.0,,9.5,9.0,9.0,,10.0,10.0,10.0,,9.6666,9.3333,9.6666,,,,,,10.56,369.79290000000003
Leeza Gibbons,Tony Dovolani,TV Personality,South Carolina,United States,50,4,Eliminated Week 4,9,5.0,5.0,5.0,,7.0,7.0,7.0,,8.0,8.0,8.0,,6.0,5.0,5.0,,0.0,0.0,0.0,,0.0,0.0,0.0,,0.0,0.0,0.0,,0.0,0.0,0.0,,0.0,0.0,0.0,,0.0,0.0,0.0,,,,,,6.86,277.5556
Cameron Mathison,Edyta Sliwinska,Actor/Actress,,Canada,38,5,Eliminated Week 8,5,7.0,7.0,7.0,,7.0,7.0,7.0,,8.0,7.0,8.0,,9.0,9.0,9.0,,8.0,9.0,9.0,,9.0,8.0,8.0,,8.5,8.5,8.5,,8.5,8.5,8.5,,0.0,0.0,0.0,,0.0,0.0,0.0,,,,,,6.6,206.78440000000003
Jane Seymour,Tony Dovolani,Actor/Actress,,England,56,5,Eliminated Week 7,6,8.0,8.0,8.0,,7.0,7.0,7.0,,9.0,9.0,9.0,,8.0,9.0,9.0,,8.0,9.0,9.0,,8.0,7.0,7.0,,8.0,8.5,8.5,,0.0,0.0,0.0,,0.0,0.0,0.0,,0.0,0.0,0.0,,,,,,16.51,433.8888999999999
Sabrina Bryan,Mark Ballas,Actor/Actress,California,United States,23,5,Eliminated Week 6,7,9.0,8.0,9.0,,9.0,8.0,9.0,,9.0,9.0,9.0,,10.0,10.0,10.0,,9.0,9.0,10.0,,9.0,8.0,8.0,,0.0,0.0,0.0,,0.0,0.0,0.0,,0.0,0.0,0.0,,0.0,0.0,0.0,,,,,,7.85,198.81
Jennie Garth,Derek Hough,Actor/Actress,Illinois,United States,35,5,Eliminated Week 9,4,7.0,7.0,7.0,,7.0,7.0,7.0,,9.0,8.0,9.0,,8.0,10.0,9.0,,8.0,9.0,8.0,,9.0,9.0,9.0,,8.5,8.5,9.5,,8.5,8.5,8.0,,9.5,10.0,9.5,,0.0,0.0,0.0,,,,,,10.85,223.80160000000004
Floyd Mayweather Jr. ,Karina Smirnoff,Athlete,Michigan,United States,30,5,Eliminated Week 4,9,6.0,6.0,6.0,,7.0,7.0,7.0,,7.0,7.0,7.0,,7.0,8.0,8.0,,0.0,0.0,0.0,,0.0,0.0,0.0,,0.0,0.0,0.0,,0.0,0.0,0.0,,0.0,0.0,0.0,,0.0,0.0,0.0,,,,,,1.54,151.5361
Josie Maran,Alec Mazo,Model,California,United States,29,5,Eliminated Week 1,12,6.0,5.0,5.0,,0.0,0.0,0.0,,0.0,0.0,0.0,,0.0,0.0,0.0,,0.0,0.0,0.0,,0.0,0.0,0.0,,0.0,0.0,0.0,,0.0,0.0,0.0,,0.0,0.0,0.0,,0.0,0.0,0.0,,,,,,4.71,167.1849
Albert Reed,Anna Trebunskaya,Model,Florida,United States,22,5,Eliminated Week 2,11,7.0,7.0,7.0,,7.0,7.0,7.0,,0.0,0.0,0.0,,0.0,0.0,0.0,,0.0,0.0,0.0,,0.0,0.0,0.0,,0.0,0.0,0.0,,0.0,0.0,0.0,,0.0,0.0,0.0,,0.0,0.0,0.0,,,,,,6.35,309.05639999999994
Helio Castroneves,Julianne Hough,Racing Driver,,Brazil,32,5,1st Place,1,8.0,9.0,8.0,,9.0,9.0,9.0,,8.0,8.0,8.0,,9.0,9.0,9.0,,8.0,7.0,8.0,,9.0,10.0,9.0,,9.0,8.5,8.5,,9.5,9.5,9.5,,10.0,10.0,10.0,,9.0,9.3333,9.6666,,,,,,10.16,409.65759999999995
Mel B,Maksim Chmerkoskiy,Singer/Rapper,,England,32,5,2nd Place,2,8.0,8.0,8.0,,7.0,8.0,8.0,,9.0,9.0,9.0,,8.0,9.0,9.0,,10.0,9.0,10.0,,10.0,10.0,10.0,,9.0,9.0,9.0,,9.0,9.5,9.5,,10.0,10.0,10.0,,9.3333,9.3333,9.6666,,,,,,12.71,474.36840000000007
Wayne Newton,Cheryl Burke,Singer/Rapper,Virginia,United States,65,5,Eliminated Week 3,10,6.0,7.0,6.0,,5.0,5.0,5.0,,6.0,6.0,6.0,,0.0,0.0,0.0,,0.0,0.0,0.0,,0.0,0.0,0.0,,0.0,0.0,0.0,,0.0,0.0,0.0,,0.0,0.0,0.0,,0.0,0.0,0.0,,,,,,4.98,177.6889
Marie Osmond,Jonathan Roberts,Singer/Rapper,Utah,United States,47,5,3rd Place,3,7.0,7.0,7.0,,8.0,8.0,8.0,,9.0,8.0,9.0,,9.0,9.0,8.0,,7.0,7.0,7.0,,8.0,8.0,7.0,,9.0,8.5,8.5,,8.0,8.5,8.0,,9.5,9.5,9.0,,8.0,7.5,7.5,,,,,,7.85,180.63359999999997
Mark Cuban,Kym Johnson,TV Personality,Pennsylvania,United States,49,5,Eliminated Week 5,8,7.0,7.0,7.0,,6.0,6.0,6.0,,6.0,7.0,7.0,,7.0,8.0,7.0,,7.0,7.0,7.0,,0.0,0.0,0.0,,0.0,0.0,0.0,,0.0,0.0,0.0,,0.0,0.0,0.0,,0.0,0.0,0.0,,,,,,14.57,319.3369
Cristian de la Fuente,Cheryl Burke,Actor/Actress,,Chile,34,6,3rd Place,3,7.0,7.0,7.0,,7.0,6.0,7.0,,8.0,8.0,9.0,,9.0,8.0,9.0,,7.0,8.0,8.0,,9.0,9.0,9.0,,7.5,7.5,8.0,,10.0,9.0,9.5,,9.5,9.0,9.5,,9.0,8.0,9.0,,,,,,5.77,214.03690000000003
Steve Guttenberg,Anna Trebunskaya,Actor/Actress,New York,United States,49,6,Eliminated Week 3,10,6.0,6.0,6.0,,6.0,5.0,5.0,,7.0,7.0,7.0,,0.0,0.0,0.0,,0.0,0.0,0.0,,0.0,0.0,0.0,,0.0,0.0,0.0,,0.0,0.0,0.0,,0.0,0.0,0.0,,0.0,0.0,0.0,,,,,,5.77,292.7521
Priscilla Presley,Louis van Amstel,Actor/Actress,New York,United States,62,6,Eliminated Week 5,8,8.0,8.0,8.0,,7.0,7.0,7.0,,8.0,9.0,9.0,,7.0,7.0,8.0,,7.0,7.0,7.0,,0.0,0.0,0.0,,0.0,0.0,0.0,,0.0,0.0,0.0,,0.0,0.0,0.0,,0.0,0.0,0.0,,,,,,8.38,232.5625
Marlee Matlin,Fabian Sanchez,Actor/Actress,Illinois,United States,42,6,Eliminated Week 6,7,7.0,7.0,8.0,,8.0,8.0,8.0,,7.0,7.0,7.0,,8.0,8.0,8.0,,7.0,7.0,8.0,,7.0,7.0,7.0,,0.0,0.0,0.0,,0.0,0.0,0.0,,0.0,0.0,0.0,,0.0,0.0,0.0,,,,,,10.37,277.22249999999997
Shannon Elizabeth,Derek Hough,Actor/Actress,Texas,United States,34,6,Eliminated Week 7,6,7.0,7.0,7.0,,8.0,8.0,8.0,,8.0,8.0,8.0,,9.0,10.0,9.0,,8.0,8.0,7.0,,8.0,8.0,8.0,,8.5,8.5,8.5,,0.0,0.0,0.0,,0.0,0.0,0.0,,0.0,0.0,0.0,,,,,,18.8,321.12640000000005
Marissa Jaret Winokur,Tony Dovolani,Actor/Actress,New York,United States,35,6,Eliminated Week 9,4,6.0,6.0,6.0,,7.0,7.0,7.0,,6.0,7.0,6.0,,8.0,8.0,8.0,,8.0,8.0,8.0,,9.0,8.0,9.0,,9.0,8.5,8.5,,8.5,8.0,8.5,,8.5,9.0,8.5,,0.0,0.0,0.0,,,,,,10.22,299.63609999999994
Jason Taylor,Edyta Sliwinska,Athlete,Pennsylvania,United States,33,6,2nd Place,2,7.0,8.0,7.0,,9.0,9.0,9.0,,8.0,7.0,8.0,,10.0,9.0,10.0,,9.0,9.0,9.0,,8.0,8.0,8.0,,9.5,8.5,9.5,,9.0,8.0,9.0,,9.0,9.5,9.0,,9.5,9.5,9.5,,,,,,18.51,415.75210000000004
Kristi Yamaguchi,Mark Ballas,Athlete,California,United States,36,6,1st Place,1,9.0,9.0,9.0,,9.0,9.0,9.0,,9.0,9.0,9.0,,10.0,9.0,10.0,,9.0,10.0,10.0,,10.0,10.0,10.0,,9.5,8.0,9.5,,8.5,9.5,9.5,,9.5,9.0,10.0,,10.0,10.0,10.0,,,,,,18.14,451.98760000000004
Monica Seles,Jonathan Roberts,Athlete,,Yugoslavia,34,6,Eliminated Week 2,11,5.0,5.0,5.0,,5.0,5.0,5.0,,0.0,0.0,0.0,,0.0,0.0,0.0,,0.0,0.0,0.0,,0.0,0.0,0.0,,0.0,0.0,0.0,,0.0,0.0,0.0,,0.0,0.0,0.0,,0.0,0.0,0.0,,,,,,5.17,274.89639999999997
Penn Jillette,Kym Johnson,Magician,Massachusetts,United States,53,6,Eliminated Week 2,12,5.0,6.0,5.0,,6.0,6.0,5.0,,0.0,0.0,0.0,,0.0,0.0,0.0,,0.0,0.0,0.0,,0.0,0.0,0.0,,0.0,0.0,0.0,,0.0,0.0,0.0,,0.0,0.0,0.0,,0.0,0.0,0.0,,,,,,5.02,344.4736
Adam Carolla,Julianne Hough,Radio Personality,California,United States,43,6,Eliminated Week 4,9,5.0,5.0,5.0,,6.0,7.0,6.0,,7.0,7.0,7.0,,6.0,7.0,6.0,,0.0,0.0,0.0,,0.0,0.0,0.0,,0.0,0.0,0.0,,0.0,0.0,0.0,,0.0,0.0,0.0,,0.0,0.0,0.0,,,,,,24.48,335.6224
Mario,Karina Smirnoff,Singer/Rapper,Maryland,United States,21,6,Eliminated Week 8,5,8.0,8.0,8.0,,9.0,8.0,9.0,,7.0,6.0,8.0,,8.0,7.0,9.0,,9.0,9.0,9.0,,9.0,9.0,10.0,,8.5,8.5,8.5,,9.0,8.5,9.0,,0.0,0.0,0.0,,0.0,0.0,0.0,,,,,,61.49,173.97609999999997
Ted McGinley,Inna Brayer,Actor/Actress,California,United States,50,7,Eliminated Week 1,12,6.0,6.0,6.5,,0.0,0.0,0.0,,0.0,0.0,0.0,,0.0,0.0,0.0,,0.0,0.0,0.0,,0.0,0.0,0.0,,0.0,0.0,0.0,,0.0,0.0,0.0,,0.0,0.0,0.0,,0.0,0.0,0.0,,,,,,3.69,232.86759999999998
Cloris Leachman,Corky Ballas,Actor/Actress,Iowa,United States,82,7,Eliminated Week 6,7,6.0,5.0,5.0,,5.0,5.0,5.0,,6.0,5.0,5.0,,8.0,7.0,7.0,,7.0,7.0,7.0,,5.0,5.0,5.0,,0.0,0.0,0.0,,0.0,0.0,0.0,,0.0,0.0,0.0,,0.0,0.0,0.0,,,,,,11.58,357.2099999999999
Susan Lucci,Tony Dovolani,Actor/Actress,New York,United States,61,7,Eliminated Week 7,6,6.0,6.0,6.5,,7.0,7.0,7.0,,7.0,7.0,7.0,,8.0,8.0,8.0,,7.0,7.0,8.0,,8.0,8.0,7.0,,8.0,8.0,8.0,,0.0,0.0,0.0,,0.0,0.0,0.0,,0.0,0.0,0.0,,,,,,9.06,228.91690000000003
Cody Linley,Julianne Hough,Actor/Actress,Texas,United States,18,7,Eliminated Week 9,4,7.0,6.5,7.0,,7.0,7.0,7.0,,7.0,7.0,7.0,,7.0,8.0,8.0,,10.0,9.0,9.0,,8.0,8.0,7.0,,8.0,7.0,7.0,,8.0,8.0,8.0,,8.0,7.5,7.5,,0.0,0.0,0.0,,,,,,15.88,247.1184
Misty May-Treanor,Maksim Chmerkoskiy,Athlete,California,United States,31,7,Withdrew,10,6.5,7.5,7.0,,7.0,7.0,7.0,,0.0,0.0,0.0,,0.0,0.0,0.0,,0.0,0.0,0.0,,0.0,0.0,0.0,,0.0,0.0,0.0,,0.0,0.0,0.0,,0.0,0.0,0.0,,0.0,0.0,0.0,,,,,,5.23,245.86239999999998
Maurice Greene,Cheryl Burke,Athlete,Kansas,United States,34,7,Eliminated Week 8,5,6.5,6.5,6.5,,7.0,6.0,6.0,,8.0,8.0,8.0,,6.0,7.0,7.0,,9.0,9.0,9.0,,7.0,7.0,7.0,,8.0,9.0,8.0,,8.0,8.0,8.0,,0.0,0.0,0.0,,0.0,0.0,0.0,,,,,,7.91,392.43609999999995
Warren Sapp,Kym Johnson,Athlete,Florida,United States,35,7,2nd Place,2,7.0,7.0,7.5,,8.0,8.0,8.0,,9.0,8.0,8.0,,8.0,7.0,7.0,,8.0,8.0,9.0,,8.0,9.0,8.0,,7.0,7.0,7.0,,9.5,8.5,9.0,,8.5,8.0,8.0,,9.0,9.5,9.0,,,,,,17.42,497.73609999999996
Jeffrey Ross,Edyta Sliwinska,Comedian,New Jersey,United States,43,7,Eliminated Week 1,13,4.0,4.0,4.0,,0.0,0.0,0.0,,0.0,0.0,0.0,,0.0,0.0,0.0,,0.0,0.0,0.0,,0.0,0.0,0.0,,0.0,0.0,0.0,,0.0,0.0,0.0,,0.0,0.0,0.0,,0.0,0.0,0.0,,,,,,2.51,165.63689999999997
Toni Braxton,Alec Mazo,Singer/Rapper,Maryland,United States,40,7,Eliminated Week 5,8,7.5,7.0,8.0,,7.0,8.0,8.0,,8.0,7.0,7.0,,7.0,7.0,8.0,,7.0,7.0,8.0,,0.0,0.0,0.0,,0.0,0.0,0.0,,0.0,0.0,0.0,,0.0,0.0,0.0,,0.0,0.0,0.0,,,,,,9.91,212.8681
Lance Bass,Lacey Schwimmer,Singer/Rapper,Mississippi,United States,29,7,3rd Place,3,7.5,6.0,8.0,,7.0,6.0,7.0,,8.0,7.0,7.0,,9.0,8.0,9.0,,7.0,7.0,7.0,,9.0,9.0,9.0,,9.0,7.0,9.0,,8.5,7.5,9.0,,10.0,9.0,9.5,,9.0,9.0,9.5,,,,,,22.78,565.0129
Kim Kardashian,Mark Ballas,TV Personality,California,United States,27,7,Eliminated Week 2,11,6.0,6.5,6.0,,6.0,6.0,5.0,,0.0,0.0,0.0,,0.0,0.0,0.0,,0.0,0.0,0.0,,0.0,0.0,0.0,,0.0,0.0,0.0,,0.0,0.0,0.0,,0.0,0.0,0.0,,0.0,0.0,0.0,,,,,,37.75,279.2241
Rocco DiSpirito,Karina Smirnoff,TV Personality,New York,United States,41,7,Eliminated Week 4,9,6.0,5.5,6.0,,5.0,6.0,5.0,,7.0,7.0,6.0,,6.0,6.0,6.0,,0.0,0.0,0.0,,0.0,0.0,0.0,,0.0,0.0,0.0,,0.0,0.0,0.0,,0.0,0.0,0.0,,0.0,0.0,0.0,,,,,,8.92,327.97209999999995
Brooke Burke,Derek Hough,TV Personality,Connecticut,United States,37,7,1st Place,1,8.0,8.0,8.5,,8.0,8.0,8.0,,9.0,10.0,9.0,,9.0,8.0,9.0,,10.0,9.0,10.0,,8.0,10.0,8.0,,10.0,10.0,10.0,,9.5,8.5,9.5,,8.0,8.5,8.0,,10.0,10.0,10.0,,,,,,21.6,396.80640000000005
Gilles Marini,Cheryl Burke,Actor/Actress,,France,33,8,2nd Place,2,8.0,8.0,8.0,,9.0,9.0,9.0,,9.0,9.0,9.0,,10.0,10.0,10.0,,10.0,9.0,10.0,,9.0,8.0,9.0,,9.0,9.0,9.0,,9.0,9.0,9.5,,9.5,9.0,9.5,,10.0,10.0,10.0,,9.5,10.0,9.5,,18.47,496.84409999999997
Denise Richards,Maksim Chmerkoskiy,Actor/Actress,Illinois,United States,38,8,Eliminated Week 3,12,6.0,6.0,6.0,,7.0,7.0,7.0,,5.0,6.0,5.0,,0.0,0.0,0.0,,0.0,0.0,0.0,,0.0,0.0,0.0,,0.0,0.0,0.0,,0.0,0.0,0.0,,0.0,0.0,0.0,,0.0,0.0,0.0,,0.0,0.0,0.0,,16.18,198.2464
David Alan Grier,Kym Johnson,Actor/Actress,Michigan,United States,52,8,Eliminated Week 5,9,6.0,7.0,6.0,,6.0,5.0,6.0,,8.0,8.0,8.0,,8.0,7.0,7.0,,7.0,8.0,7.0,,0.0,0.0,0.0,,0.0,0.0,0.0,,0.0,0.0,0.0,,0.0,0.0,0.0,,0.0,0.0,0.0,,0.0,0.0,0.0,,5.42,249.3241
Lawrence Taylor,Edyta Sliwinska,Athlete,Virginia,United States,50,8,Eliminated Week 7,7,6.0,5.0,5.0,,7.0,6.0,7.0,,7.0,6.0,7.0,,7.0,5.0,7.0,,6.0,7.0,7.0,,7.0,7.0,8.0,,7.0,7.0,7.0,,0.0,0.0,0.0,,0.0,0.0,0.0,,0.0,0.0,0.0,,0.0,0.0,0.0,,10.54,392.8324
Ty Murray,Chelsie Hightower,Athlete,Arizona,United States,39,8,Eliminated Week 10,4,5.0,4.0,5.0,,7.0,6.0,7.0,,8.0,8.0,7.0,,9.0,8.0,8.0,,7.0,7.0,7.0,,6.0,6.0,6.0,,8.0,8.0,8.0,,9.0,8.0,9.0,,7.5,8.0,7.5,,8.0,8.0,8.0,,0.0,0.0,0.0,,18.15,597.8025
Shawn Johnson,Mark Ballas,Athlete,Iowa,United States,17,8,1st Place,1,8.0,8.0,7.0,,8.0,8.0,8.0,,9.0,9.0,9.0,,8.0,8.0,9.0,,9.0,8.0,9.0,,8.0,9.0,9.0,,9.0,9.0,10.0,,9.0,8.0,9.0,,9.5,9.0,9.5,,9.5,9.0,9.5,,10.0,10.0,10.0,,18.55,275.89209999999997
Steve Wozniak,Karina Smirnoff,Entrepreneur,California,United States,58,8,Eliminated Week 4,10,5.0,4.0,4.0,,6.0,5.0,6.0,,4.0,3.0,3.0,,4.0,4.0,4.0,,0.0,0.0,0.0,,0.0,0.0,0.0,,0.0,0.0,0.0,,0.0,0.0,0.0,,0.0,0.0,0.0,,0.0,0.0,0.0,,0.0,0.0,0.0,,9.57,352.31289999999996
Belinda Carlisle,Jonathan Roberts,Singer/Rapper,California,United States,50,8,Eliminated Week 2,13,6.0,6.0,5.0,,6.0,6.0,6.0,,0.0,0.0,0.0,,0.0,0.0,0.0,,0.0,0.0,0.0,,0.0,0.0,0.0,,0.0,0.0,0.0,,0.0,0.0,0.0,,0.0,0.0,0.0,,0.0,0.0,0.0,,0.0,0.0,0.0,,4.33,189.33759999999998
Chuck Wicks,Julianne Hough,Singer/Rapper,Delaware,United States,29,8,Eliminated Week 8,6,6.0,7.0,7.0,,6.0,7.0,7.0,,8.0,7.0,8.0,,8.0,7.0,7.0,,7.0,8.0,8.0,,8.0,7.0,8.0,,9.0,9.0,9.0,,8.5,8.5,8.5,,0.0,0.0,0.0,,0.0,0.0,0.0,,0.0,0.0,0.0,,18.96,350.43839999999994
Lil' Kim,Derek Hough,Singer/Rapper,New York,United States,34,8,Eliminated Week 9,5,7.0,7.0,7.0,,8.0,7.0,8.0,,8.0,8.0,9.0,,9.0,8.0,10.0,,9.0,8.0,9.0,,10.0,8.0,10.0,,9.0,8.0,9.0,,9.0,9.0,10.0,,8.5,9.0,8.5,,0.0,0.0,0.0,,0.0,0.0,0.0,,17.19,219.9289
Steve-O,Lacey Schwimmer,TV Personality,,England,34,8,Eliminated Week 6,8,6.0,5.0,6.0,,5.0,4.0,5.0,,5.0,5.0,5.0,,5.0,5.0,5.0,,6.0,6.0,6.0,,7.0,4.0,5.0,,0.0,0.0,0.0,,0.0,0.0,0.0,,0.0,0.0,0.0,,0.0,0.0,0.0,,0.0,0.0,0.0,,14.38,241.18089999999998
Holly Madison,Dmitry Chaplin,TV Personality,Oregon,United States,30,8,Eliminated Week 4,11,6.0,6.0,6.0,,6.0,6.0,6.0,,5.0,6.0,6.0,,5.0,6.0,5.0,,0.0,0.0,0.0,,0.0,0.0,0.0,,0.0,0.0,0.0,,0.0,0.0,0.0,,0.0,0.0,0.0,,0.0,0.0,0.0,,0.0,0.0,0.0,,27.25,335.98889999999994
Melissa Rycroft,Tony Dovolani,TV Personality,Texas,United States,26,8,3rd Place,3,8.0,7.0,8.0,,9.0,8.0,9.0,,9.0,9.0,9.0,,10.0,9.0,10.0,,8.0,8.0,9.0,,9.0,9.0,9.0,,10.0,9.0,10.0,,7.5,7.5,8.0,,9.5,9.5,9.5,,9.0,9.5,9.0,,9.5,9.5,9.5,,15.01,329.7856
Ashley Hamiliton,Edyta Sliwinska,Actor/Actress,California,United States,34,9,Eliminated Week 1,16,6.3333,7.3333,5.3333,,0.0,0.0,0.0,,0.0,0.0,0.0,,0.0,0.0,0.0,,0.0,0.0,0.0,,0.0,0.0,0.0,,0.0,0.0,0.0,,0.0,0.0,0.0,,0.0,0.0,0.0,,0.0,0.0,0.0,,,,,,3.66,266.99559999999997
Debi Mazar,Maksim Chmerkoskiy,Actor/Actress,New York,United States,45,9,Eliminated Week 3,12,8.0,7.0,7.0,,7.0,7.0,7.0,,6.0,5.0,6.0,,0.0,0.0,0.0,,0.0,0.0,0.0,,0.0,0.0,0.0,,0.0,0.0,0.0,,0.0,0.0,0.0,,0.0,0.0,0.0,,0.0,0.0,0.0,,,,,,5.85,218.4484
Melissa Joan Hart,Mark Ballas,Actor/Actress,New York,United States,33,9,Eliminated Week 6,9,8.0,8.0,8.0,,7.0,6.0,6.0,,6.0,6.0,7.0,,9.0,9.0,10.0,,8.0,8.0,7.0,,8.3333,8.3333,7.3333,,0.0,0.0,0.0,,0.0,0.0,0.0,,0.0,0.0,0.0,,0.0,0.0,0.0,,,,,,22.72,406.8289000000001
Mark Dacascos,Lacey Schwimmer,Actor/Actress,Hawaii,United States,45,9,Eliminated Week 7,6,9.6666,9.6666,9.6666,,7.0,7.0,7.0,,6.0,6.0,6.0,,8.0,7.0,7.0,,9.0,9.0,8.0,,11.0,11.0,10.0,,7.0,7.5,7.0,,0.0,0.0,0.0,,0.0,0.0,0.0,,0.0,0.0,0.0,,,,,,9.65,308.0025
Chuck Liddell,Anna Trebunskaya,Athlete,California,United States,39,9,Eliminated Week 4,11,8.0,7.0,7.0,,6.0,7.0,6.0,,6.0,5.0,6.0,,6.0,5.0,6.0,,0.0,0.0,0.0,,0.0,0.0,0.0,,0.0,0.0,0.0,,0.0,0.0,0.0,,0.0,0.0,0.0,,0.0,0.0,0.0,,,,,,18.91,211.99360000000001
Natalie Coughlin,Alec Mazo,Athlete,California,United States,27,9,Eliminated Week 5,10,9.6666,8.6666,8.6666,,7.0,7.0,7.0,,9.0,8.0,9.0,,8.0,8.0,8.0,,7.0,8.0,7.0,,0.0,0.0,0.0,,0.0,0.0,0.0,,0.0,0.0,0.0,,0.0,0.0,0.0,,0.0,0.0,0.0,,,,,,7.05,244.29690000000002
Louie Vito,Chelsie Hightower,Athlete,Ohio,United States,21,9,Eliminated Week 6,8,8.6666,9.6666,8.6666,,6.0,7.0,6.0,,8.0,5.0,7.0,,5.0,5.0,6.0,,7.0,8.0,7.0,,8.0,8.0,8.0,,0.0,0.0,0.0,,0.0,0.0,0.0,,0.0,0.0,0.0,,0.0,0.0,0.0,,,,,,14.12,452.4129
Michael Irvin,Anna Demidova,Athlete,Florida,United States,43,9,Eliminated Week 7,7,7.0,6.0,6.0,,7.0,7.0,6.0,,5.0,4.0,5.0,,5.0,6.0,5.0,,7.0,7.0,7.0,,6.6666,8.6666,6.6666,,8.0,8.0,7.5,,0.0,0.0,0.0,,0.0,0.0,0.0,,0.0,0.0,0.0,,,,,,13.51,310.1121
Joanna Krupa,Derek Hough,Model,,Poland,30,9,Eliminated Week 9,4,11.3333,11.3333,11.3333,,6.0,7.0,7.0,,7.0,8.0,8.0,,9.0,8.0,9.0,,8.0,8.0,8.0,,11.3333,12.3333,12.3333,,9.0,9.0,9.5,,8.5,8.5,9.0,,9.0,9.0,9.0,,0.0,0.0,0.0,,,,,,16.2,272.5801000000001
Kathy Ireland,Tony Dovolani,Model,California,United States,46,9,Eliminated Week 2,14,7.3333,6.3333,6.3333,,6.0,6.0,6.0,,0.0,0.0,0.0,,0.0,0.0,0.0,,0.0,0.0,0.0,,0.0,0.0,0.0,,0.0,0.0,0.0,,0.0,0.0,0.0,,0.0,0.0,0.0,,0.0,0.0,0.0,,,,,,9.55,206.78440000000003
Tom DeLay,Cheryl Burke,Politician,Texas,United States,62,9,Withdrew,13,7.3333,6.3333,6.3333,,6.0,6.0,6.0,,6.0,4.0,5.0,,0.0,0.0,0.0,,0.0,0.0,0.0,,0.0,0.0,0.0,,0.0,0.0,0.0,,0.0,0.0,0.0,,0.0,0.0,0.0,,0.0,0.0,0.0,,,,,,5.91,228.91690000000003
Macy Gray,Jonathan Roberts,Singer/Rapper,Ohio,United States,42,9,Eliminated Week 1,15,7.3333,5.3333,6.3333,,0.0,0.0,0.0,,0.0,0.0,0.0,,0.0,0.0,0.0,,0.0,0.0,0.0,,0.0,0.0,0.0,,0.0,0.0,0.0,,0.0,0.0,0.0,,0.0,0.0,0.0,,0.0,0.0,0.0,,,,,,4.48,242.7364
Aaron Carter,Karina Smirnoff,Singer/Rapper,Florida,United States,21,9,Eliminated Week 8,5,10.3333,11.3333,10.3333,,9.0,9.0,9.0,,8.0,6.0,7.0,,6.0,6.0,6.0,,8.0,8.0,8.0,,10.6666,11.6666,10.6666,,8.5,9.0,9.0,,8.0,8.5,8.5,,0.0,0.0,0.0,,0.0,0.0,0.0,,,,,,19.72,300.3288999999999
Mya,Dmitry Chaplin,Singer/Rapper,Washington D.C.,United States,29,9,2nd Place,2,11.3333,8.3333,11.3333,,9.0,9.0,9.0,,10.0,7.0,10.0,,10.0,8.0,10.0,,9.0,9.0,9.0,,11.0,10.0,12.0,,8.5,7.5,8.5,,9.5,10.0,10.0,,9.3333,9.6666,10.0,,9.4444,9.4444,9.4444,,,,,,32.54,287.98089999999996
Donny Osmond,Kym Johnson,Singer/Rapper,Utah,United States,51,9,1st Place,1,10.3333,9.3333,10.3333,,8.0,9.0,8.0,,7.0,7.0,7.0,,8.0,8.0,8.0,,10.0,9.0,10.0,,10.3333,10.3333,10.3333,,8.5,8.5,9.0,,8.5,8.0,8.5,,8.0,8.3333,8.3333,,9.6666,9.6666,9.6666,,,,,,14.91,356.0769
Kelly Osbourne,Louis van Amstel,TV Personality,,England,24,9,3rd Place,3,9.6666,10.6666,10.6666,,6.0,7.0,6.0,,7.0,6.0,7.0,,8.0,7.0,8.0,,8.0,8.0,8.0,,8.6666,7.6666,8.6666,,8.5,8.5,9.0,,8.0,8.5,9.0,,8.6666,8.6666,8.6666,,8.5,8.5,8.2222,,,,,,12.62,218.4484
Aiden Turner,Edyta Sliwinska,Actor/Actress,,England,32,10,Eliminated Week 4,9,5.0,5.0,5.0,,7.0,6.0,6.0,,7.0,6.0,7.0,,5.5,5.5,5.5,,0.0,0.0,0.0,,0.0,0.0,0.0,,0.0,0.0,0.0,,0.0,0.0,0.0,,0.0,0.0,0.0,,0.0,0.0,0.0,,,,,,4.97,240.25
Shannen Doherty,Mark Ballas,Actor/Actress,Tennessee,United States,38,10,Eliminated Week 2,11,6.0,6.0,6.0,,7.0,6.0,7.0,,0.0,0.0,0.0,,0.0,0.0,0.0,,0.0,0.0,0.0,,0.0,0.0,0.0,,0.0,0.0,0.0,,0.0,0.0,0.0,,0.0,0.0,0.0,,0.0,0.0,0.0,,,,,,8.03,274.89639999999997
Niecy Nash,Louis van Amstel,Actor/Actress,California,United States,40,10,Eliminated Week 8,5,7.0,5.0,6.0,,7.0,7.0,7.0,,7.0,7.0,7.0,,6.0,6.0,6.0,,6.0,6.0,6.0,,8.6666,8.6666,8.6666,,8.5,8.0,8.0,,7.0,7.0,7.5,,0.0,0.0,0.0,,0.0,0.0,0.0,,,,,,13.11,297.90760000000006
Buzz Aldrin,Ashly DelGrosso,Astronaut,New Jersey,United States,80,10,Eliminated Week 3,10,5.0,4.0,5.0,,4.0,4.0,4.0,,5.0,4.0,4.0,,0.0,0.0,0.0,,0.0,0.0,0.0,,0.0,0.0,0.0,,0.0,0.0,0.0,,0.0,0.0,0.0,,0.0,0.0,0.0,,0.0,0.0,0.0,,,,,,9.95,253.4464
Chad Ochocinco,Cheryl Burke,Athlete,Florida,United States,32,10,Eliminated Week 9,4,6.0,6.0,6.0,,6.0,5.0,5.0,,7.0,6.0,7.0,,7.5,6.5,8.0,,6.0,6.0,6.0,,10.3333,10.3333,10.3333,,8.5,9.0,8.5,,7.5,7.5,7.5,,8.5,8.5,9.0,,0.0,0.0,0.0,,,,,,20.52,349.31610000000006
Evan Lysacek,Anna Trebunskaya,Athlete,Illinois,United States,24,10,2nd Place,2,8.0,7.0,8.0,,8.0,8.0,8.0,,9.0,8.0,9.0,,9.0,8.0,9.0,,9.0,9.0,9.0,,9.0,9.0,9.0,,9.0,9.0,9.0,,9.0,8.5,9.0,,10.0,9.5,10.0,,9.3333,8.7777,8.7777,,,,,,26.88,487.0849
Pamela Anderson,Damian Whitewood,Model,,Canada,42,10,Eliminated Week 7,6,7.0,6.0,8.0,,7.0,7.0,8.0,,7.0,7.0,7.0,,7.5,7.5,8.5,,7.0,6.0,8.0,,9.6666,9.6666,10.6666,,8.5,8.5,8.5,,0.0,0.0,0.0,,0.0,0.0,0.0,,0.0,0.0,0.0,,,,,,15.42,225.60039999999998
Nicole Scherzinger,Derek Hough,Singer/Rapper,Hawaii,United States,31,10,1st Place,1,9.0,7.0,9.0,,10.0,8.0,10.0,,8.0,6.0,9.0,,8.5,8.0,8.5,,10.0,9.0,10.0,,12.3333,10.3333,13.3333,,9.0,9.0,9.0,,10.0,9.5,10.0,,10.0,9.5,10.0,,9.5,9.5,9.7777,,,,,,22.25,369.02410000000003
Erin Andrews,Maksim Chmerkoskiy,Sports Broadcaster,Maine,United States,32,10,3rd Place,3,7.0,7.0,7.0,,8.0,7.0,8.0,,8.0,7.0,8.0,,6.5,6.5,6.5,,7.0,7.0,8.0,,12.0,10.0,12.0,,8.5,8.5,8.5,,8.5,9.0,9.0,,9.5,9.0,9.5,,9.2222,8.8888,8.8888,,,,,,20.83,346.7044
Kate Gosselin,Tony Dovolani,TV Personality,Pennsylvania,United States,35,10,Eliminated Week 5,8,6.0,5.0,5.0,,5.0,5.0,5.0,,5.0,5.0,5.0,,5.0,5.5,5.5,,5.0,5.0,5.0,,0.0,0.0,0.0,,0.0,0.0,0.0,,0.0,0.0,0.0,,0.0,0.0,0.0,,0.0,0.0,0.0,,,,,,24.57,419.84009999999995
Jake Pavelka,Chelsie Hightower,TV Personality,Texas,United States,32,10,Eliminated Week 6,7,7.0,6.0,7.0,,6.0,7.0,7.0,,7.0,7.0,7.0,,6.5,6.5,6.0,,8.0,7.0,8.0,,8.3333,8.3333,8.3333,,0.0,0.0,0.0,,0.0,0.0,0.0,,0.0,0.0,0.0,,0.0,0.0,0.0,,,,,,18.49,239.6304
David Hasselhoff,Kym Johnson,Actor/Actress,Maryland,United States,58,11,Eliminated Week 1,12,5.0,5.0,5.0,,0.0,0.0,0.0,,0.0,0.0,0.0,,0.0,0.0,0.0,,0.0,0.0,0.0,,0.0,0.0,0.0,,0.0,0.0,0.0,0.0,0.0,0.0,0.0,,0.0,0.0,0.0,,0.0,0.0,0.0,,,,,,5.48,193.21
Florence Henderson,Corky Ballas,Actor/Actress,Indiana,United States,76,11,Eliminated Week 5,8,6.0,6.0,6.0,,7.0,6.0,6.0,,7.0,6.0,7.0,,6.0,6.0,5.5,,7.0,7.0,7.0,,0.0,0.0,0.0,,0.0,0.0,0.0,0.0,0.0,0.0,0.0,,0.0,0.0,0.0,,0.0,0.0,0.0,,,,,,5.95,217.26760000000002
Kyle Massey,Lacey Schwimmer,Actor/Actress,Georgia,United States,19,11,2nd Place,2,8.0,7.0,8.0,,8.0,7.0,7.0,,8.0,7.0,8.0,,7.0,6.5,6.5,,8.0,5.0,7.0,,10.3333,9.3333,10.3333,,9.0,8.5,8.0,8.0,9.5,9.0,9.5,,10.0,9.0,10.0,,9.3333,8.6666,9.3333,,,,,,13.88,367.48890000000006
Jennifer Grey,Derek Hough,Actor/Actress,New York,United States,50,11,1st Place,1,8.0,8.0,8.0,,8.0,8.0,8.0,,8.0,8.0,8.0,,9.5,9.0,9.5,,8.0,8.0,9.0,,9.0,10.0,10.0,,9.5,9.0,9.0,9.0,9.5,9.5,9.5,,10.0,10.0,10.0,,10.0,10.0,10.0,,,,,,15.8,428.48999999999995
Rick Fox,Cheryl Burke,Athlete,,Canada,41,11,Eliminated Week 7,6,8.0,7.0,7.0,,7.0,7.0,7.0,,8.0,8.0,8.0,,6.0,7.0,6.5,,8.0,8.0,8.0,,10.0,10.0,10.0,,9.0,8.5,8.5,8.5,0.0,0.0,0.0,,0.0,0.0,0.0,,0.0,0.0,0.0,,,,,,8.29,224.10090000000002
Kurt Warner,Anna Trebunskaya,Athlete,Iowa,United States,39,11,Eliminated Week 8,5,7.0,5.0,7.0,,7.0,7.0,7.0,,8.0,8.0,7.0,,6.0,5.5,5.5,,8.0,8.0,8.0,,7.3333,7.3333,7.3333,,9.5,8.5,8.5,8.5,8.0,8.0,8.0,,0.0,0.0,0.0,,0.0,0.0,0.0,,,,,,13.57,281.90409999999997
Margaret Cho,Louis van Amstel,Comedian,California,United States,41,11,Eliminated Week 3,10,5.0,5.0,5.0,,6.0,6.0,6.0,,6.0,6.0,6.0,,0.0,0.0,0.0,,0.0,0.0,0.0,,0.0,0.0,0.0,,0.0,0.0,0.0,0.0,0.0,0.0,0.0,,0.0,0.0,0.0,,0.0,0.0,0.0,,,,,,11.22,294.4656
Michael Bolton,Chelsie Hightower,Singer/Rapper,Connecticut,United States,57,11,Eliminated Week 2,11,6.0,5.0,5.0,,4.0,5.0,3.0,,0.0,0.0,0.0,,0.0,0.0,0.0,,0.0,0.0,0.0,,0.0,0.0,0.0,,0.0,0.0,0.0,0.0,0.0,0.0,0.0,,0.0,0.0,0.0,,0.0,0.0,0.0,,,,,,10.35,327.2481
Brandy,Maksim Chmerkoskiy,Singer/Rapper,Mississippi,United States,31,11,Eliminated Week 9,4,7.0,8.0,8.0,,7.0,7.0,7.0,,8.0,8.0,8.0,,8.0,8.0,8.0,,9.0,9.0,9.0,,11.3333,12.3333,12.3333,,9.0,9.0,9.5,9.0,9.0,9.5,10.0,,9.5,9.5,9.5,,0.0,0.0,0.0,,,,,,22.0,130.87359999999998
The Situation,Karina Smirnoff,TV Personality,New York,United States,28,11,Eliminated Week 4,9,5.0,5.0,5.0,,6.0,6.0,6.0,,7.0,6.0,7.0,,5.0,4.5,4.5,,0.0,0.0,0.0,,0.0,0.0,0.0,,0.0,0.0,0.0,0.0,0.0,0.0,0.0,,0.0,0.0,0.0,,0.0,0.0,0.0,,,,,,32.54,268.3044
Audrina Patridge,Tony Dovolani,TV Personality,California,United States,25,11,Eliminated Week 6,7,6.0,7.0,6.0,,8.0,8.0,7.0,,8.0,9.0,9.0,,8.0,7.5,7.5,,7.0,8.0,8.0,,10.6666,10.6666,10.6666,,0.0,0.0,0.0,0.0,0.0,0.0,0.0,,0.0,0.0,0.0,,0.0,0.0,0.0,,,,,,14.75,253.4464
Bristol Palin,Mark Ballas,TV Personality,Alaska,United States,19,11,3rd Place,3,6.0,6.0,6.0,,7.0,8.0,7.0,,6.0,6.0,7.0,,5.0,5.5,5.5,,6.0,6.0,6.0,,9.6666,8.6666,9.6666,,8.5,8.0,8.0,8.0,7.5,8.0,8.0,,8.5,9.0,9.0,,8.3333,9.0,8.3333,,,,,,15.95,421.4809
Ralph Macchio,Karina Smirnoff,Actor/Actress,New York,United States,49,12,Eliminated Week 9,4,8.0,8.0,8.0,,7.0,7.0,7.0,,7.0,7.0,7.0,,8.0,8.0,9.0,,8.0,7.0,7.0,,8.0,8.0,8.0,,9.0,8.5,7.5,8.0,7.5,7.5,8.0,,8.0,8.0,8.0,,0.0,0.0,0.0,,,,,,11.06,287.30249999999995
Chelsea Kane,Mark Ballas,Actor/Actress,Arizona,United States,22,12,3rd Place,3,7.0,7.0,7.0,,6.0,5.0,7.0,,7.0,8.0,8.0,,9.0,8.0,9.0,,9.0,8.0,9.0,,10.0,9.0,9.0,,8.0,8.5,7.5,8.0,9.0,9.0,9.5,,12.0,12.0,12.5,,10.0,9.6666,10.0,,,,,,20.71,471.75839999999994
Kirstie Alley,Maksim Chmerkoskiy,Actor/Actress,Kansas,United States,60,12,2nd Place,2,8.0,7.0,8.0,,7.0,6.0,7.0,,7.0,7.0,7.0,,7.0,7.0,8.0,,8.0,7.0,8.0,,8.0,9.0,9.0,,8.0,7.0,7.0,8.0,8.5,9.0,9.0,,9.0,9.0,9.0,,9.3333,9.3333,9.3333,,,,,,20.04,452.83840000000004
Hines Ward,Kym Johnson,Athlete,,South Korea,35,12,1st Place,1,7.0,7.0,7.0,,8.0,7.0,8.0,,9.0,8.0,8.0,,9.0,8.0,8.0,,9.0,9.0,9.0,,9.0,9.0,9.0,,8.0,8.0,8.0,9.0,9.0,9.0,9.0,,10.0,10.0,10.0,,10.0,9.6666,10.0,,,,,,11.74,261.1456
Sugar Ray Leonard,Anna Trebunskaya,Athlete,North Carolina,United States,54,12,Eliminated Week 4,9,6.0,5.0,6.0,,6.0,5.0,6.0,,7.0,6.0,7.0,,7.0,7.0,7.0,,0.0,0.0,0.0,,0.0,0.0,0.0,,0.0,0.0,0.0,0.0,0.0,0.0,0.0,,0.0,0.0,0.0,,0.0,0.0,0.0,,,,,,6.83,226.50250000000003
Chris Jericho,Cheryl Burke,Athlete,New York,United States,40,12,Eliminated Week 6,7,7.0,6.0,6.0,,8.0,7.0,8.0,,7.0,7.0,7.0,,8.0,7.0,8.0,,9.0,8.0,9.0,,7.0,8.0,7.0,,0.0,0.0,0.0,0.0,0.0,0.0,0.0,,0.0,0.0,0.0,,0.0,0.0,0.0,,,,,,16.98,367.87239999999997
Petra Nemcova,Dmitry Chaplin,Model,,Czechoslovakia,31,12,Eliminated Week 5,8,6.0,6.0,6.0,,6.0,6.0,6.0,,8.0,9.0,8.0,,8.0,7.0,8.0,,7.0,7.0,8.0,,0.0,0.0,0.0,,0.0,0.0,0.0,0.0,0.0,0.0,0.0,,0.0,0.0,0.0,,0.0,0.0,0.0,,,,,,10.52,395.21439999999996
Mike Catherwood,Lacey Schwimmer,Radio Personality,California,United States,32,12,Eliminated Week 2,11,5.0,4.0,4.0,,6.0,5.0,6.0,,0.0,0.0,0.0,,0.0,0.0,0.0,,0.0,0.0,0.0,,0.0,0.0,0.0,,0.0,0.0,0.0,0.0,0.0,0.0,0.0,,0.0,0.0,0.0,,0.0,0.0,0.0,,,,,,4.22,185.23209999999997
Romeo,Chelsie Hightower,Singer/Rapper,Louisiana,United States,21,12,Eliminated Week 8,5,7.0,6.0,6.0,,7.0,8.0,8.0,,7.0,6.0,7.0,,7.0,8.0,8.0,,9.0,8.0,9.0,,10.0,9.0,9.0,,7.5,8.0,7.0,7.5,8.5,9.0,8.5,,0.0,0.0,0.0,,0.0,0.0,0.0,,,,,,51.28,194.6025
Wendy Williams,Tony Dovolani,TV Personality,New Jersey,United States,46,12,Eliminated Week 3,10,5.0,4.0,5.0,,6.0,5.0,6.0,,5.0,5.0,5.0,,0.0,0.0,0.0,,0.0,0.0,0.0,,0.0,0.0,0.0,,0.0,0.0,0.0,0.0,0.0,0.0,0.0,,0.0,0.0,0.0,,0.0,0.0,0.0,,,,,,17.28,344.4736
Kendra Wilkinson,Louis van Amstel,TV Personality,California,United States,25,12,Eliminated Week 7,6,6.0,6.0,6.0,,7.0,6.0,6.0,,8.0,7.0,8.0,,6.0,6.0,6.0,,8.0,7.0,7.0,,8.0,8.0,9.0,,7.5,7.5,7.5,8.0,0.0,0.0,0.0,,0.0,0.0,0.0,,0.0,0.0,0.0,,,,,,28.75,317.90889999999996
Elisabetta Canalis,Valentin Chmerkovskiy,Actor/Actress,,Italy,33,13,Eliminated Week 2,11,5.0,5.0,5.0,,7.0,7.0,7.0,,0.0,0.0,0.0,,0.0,0.0,0.0,,0.0,0.0,0.0,,0.0,0.0,0.0,,0.0,0.0,0.0,,0.0,0.0,0.0,,0.0,0.0,0.0,,0.0,0.0,0.0,,,,,,6.08,193.21
David Arquette,Kym Johnson,Actor/Actress,Virginia,United States,40,13,Eliminated Week 7,6,6.0,6.0,6.0,,6.0,6.0,6.0,,8.0,8.0,8.0,,8.0,7.0,8.0,,8.0,9.0,8.0,,8.0,7.0,8.0,,8.0,7.5,8.0,,0.0,0.0,0.0,,0.0,0.0,0.0,,0.0,0.0,0.0,,,,,,14.23,284.9344
Ricki Lake,Derek Hough,Actor/Actress,New York,United States,42,13,3rd Place,3,7.0,6.0,7.0,,8.0,7.0,8.0,,9.0,9.0,9.0,,10.0,9.0,10.0,,8.0,8.0,8.0,,10.0,9.0,10.0,,9.0,8.5,9.0,,8.5,8.5,9.0,,10.8333,11.3333,11.3333,,9.3333,9.3333,9.3333,,,,,,21.05,569.7769000000001
J.R. Martinez,Karina Smirnoff,Actor/Actress,Louisiana,United States,28,13,1st Place,1,8.0,7.0,7.0,,7.0,7.0,8.0,,9.0,8.0,9.0,,8.0,9.0,9.0,,9.0,9.0,10.0,,10.0,9.0,10.0,,8.5,7.5,8.0,,10.0,10.0,10.0,,9.5,9.0,9.5,,9.3333,9.1666,9.6666,,,,,,15.38,398.0025
Metta World Peace (Ron),Peta Murgatroyd,Athlete,New York,United States,31,13,Eliminated Week 1,12,5.0,4.0,5.0,,0.0,0.0,0.0,,0.0,0.0,0.0,,0.0,0.0,0.0,,0.0,0.0,0.0,,0.0,0.0,0.0,,0.0,0.0,0.0,,0.0,0.0,0.0,,0.0,0.0,0.0,,0.0,0.0,0.0,,,,,,2.55,181.71040000000002
Hope Solo,Maksim Chmerkoskiy,Athlete,Washington,United States,30,13,Eliminated Week 9,4,7.0,7.0,7.0,,6.0,7.0,6.0,,8.0,8.0,8.0,,8.0,8.0,8.0,,8.0,8.0,8.0,,7.0,6.0,7.0,,8.5,8.0,8.5,,8.5,9.0,8.5,,8.1666,8.1666,8.1666,,0.0,0.0,0.0,,,,,,23.08,408.03999999999996
Chynna Phillips,Tony Dovolani,Singer/Rapper,California,United States,43,13,Eliminated Week 4,9,8.0,7.0,7.0,,7.0,7.0,7.0,,8.0,9.0,9.0,,7.0,7.0,7.0,,0.0,0.0,0.0,,0.0,0.0,0.0,,0.0,0.0,0.0,,0.0,0.0,0.0,,0.0,0.0,0.0,,0.0,0.0,0.0,,,,,,10.37,393.22889999999995
Kristin Cavallari,Mark Ballas,TV Personality,Colorado,United States,24,13,Eliminated Week 3,10,7.0,6.0,6.0,,8.0,7.0,7.0,,8.0,8.0,8.0,,0.0,0.0,0.0,,0.0,0.0,0.0,,0.0,0.0,0.0,,0.0,0.0,0.0,,0.0,0.0,0.0,,0.0,0.0,0.0,,0.0,0.0,0.0,,,,,,9.88,197.9649
Carson Kressley,Anna Trebunskaya,TV Personality,Pennsylvania,United States,41,13,Eliminated Week 5,8,6.0,5.0,6.0,,6.0,6.0,6.0,,8.0,7.0,8.0,,7.0,6.0,7.0,,6.0,6.0,7.0,,0.0,0.0,0.0,,0.0,0.0,0.0,,0.0,0.0,0.0,,0.0,0.0,0.0,,0.0,0.0,0.0,,,,,,8.86,273.2409
Chaz Bono,Lacey Schwimmer,TV Personality,California,United States,42,13,Eliminated Week 6,7,6.0,5.0,6.0,,6.0,5.0,6.0,,6.0,6.0,6.0,,7.0,7.0,7.0,,7.0,7.0,7.0,,7.0,6.0,6.0,,0.0,0.0,0.0,,0.0,0.0,0.0,,0.0,0.0,0.0,,0.0,0.0,0.0,,,,,,11.74,240.8704
Nancy Grace,Tristan MacManus,TV Personality,Georgia,United States,51,13,Eliminated Week 8,5,5.0,5.0,6.0,,6.0,8.0,7.0,,7.0,7.0,7.0,,7.0,7.0,7.0,,7.0,7.0,8.0,,9.0,7.0,8.0,,7.5,7.0,7.5,,7.5,7.0,7.5,,0.0,0.0,0.0,,0.0,0.0,0.0,,,,,,7.48,244.60960000000003
Rob Kardashian,Cheryl Burke,TV Personality,California,United States,24,13,2nd Place,2,6.0,5.0,5.0,,7.0,7.0,7.0,,8.0,8.0,8.0,,8.0,8.0,8.0,,9.0,8.0,8.0,,8.0,7.0,7.0,,9.0,8.0,8.5,,8.5,8.5,8.5,,11.1666,10.6666,10.6666,,9.4444,9.4444,9.4444,,,,,,28.18,413.7156
William Levy,Cheryl Burke,Actor/Actress,,Cuba,31,14,3rd Place,3,8.0,8.0,8.0,,9.0,7.0,9.0,,9.0,9.0,10.0,,7.0,7.0,8.0,,10.0,9.0,10.0,,12.0,11.0,13.0,,9.0,8.5,9.0,,9.5,9.5,9.5,,9.5,9.5,10.0,,10.0,9.6666,10.0,,,,,,13.05,208.5136
Jack Wagner,Anna Trebunskaya,Actor/Actress,Missouri,United States,52,14,Eliminated Week 3,11,8.0,7.0,8.0,,7.0,7.0,7.0,,8.0,8.0,8.0,,0.0,0.0,0.0,,0.0,0.0,0.0,,0.0,0.0,0.0,,0.0,0.0,0.0,,0.0,0.0,0.0,,0.0,0.0,0.0,,0.0,0.0,0.0,,,,,,8.14,417.7936
Sherri Sheperd,Valentin Chmerkovskiy,Actor/Actress,Illinois,United States,44,14,Eliminated Week 4,10,8.0,7.0,8.0,,8.0,7.0,8.0,,8.0,8.0,8.0,,7.0,7.0,7.0,,0.0,0.0,0.0,,0.0,0.0,0.0,,0.0,0.0,0.0,,0.0,0.0,0.0,,0.0,0.0,0.0,,0.0,0.0,0.0,,,,,,1.54,151.5361
Jaleel White,Kym Johnson,Actor/Actress,California,United States,35,14,Eliminated Week 7,7,9.0,8.0,9.0,,7.0,7.0,8.0,,9.0,8.0,8.0,,8.0,7.0,7.0,,8.0,8.0,8.0,,12.6666,11.6666,12.6666,,9.0,8.0,8.5,,0.0,0.0,0.0,,0.0,0.0,0.0,,0.0,0.0,0.0,,,,,,15.98,400.40010000000007
Roshon Fegan,Chelsie Hightower,Actor/Actress,California,United States,20,14,Eliminated Week 8,6,8.0,7.0,8.0,,9.0,8.0,9.0,,8.0,8.0,9.0,,9.0,8.0,9.0,,9.0,8.0,9.0,,8.6666,9.6666,9.6666,,9.5,8.0,8.5,,9.5,9.0,9.5,,0.0,0.0,0.0,,0.0,0.0,0.0,,,,,,15.42,335.98889999999994
Melissa Gilbert,Maksim Chmerkoskiy,Actor/Actress,California,United States,47,14,Eliminated Week 8,5,7.0,6.0,7.0,,7.0,6.0,7.0,,8.0,8.0,8.0,,7.0,8.0,7.0,,7.0,7.0,7.0,,10.0,10.0,10.0,,8.0,7.5,8.0,,8.5,8.5,8.5,,0.0,0.0,0.0,,0.0,0.0,0.0,,,,,,11.49,340.4025
Martina Navratilova,Tony Dovolani,Athlete,,Czechoslovakia,55,14,Eliminated Week 2,12,7.0,6.0,7.0,,6.0,5.0,6.0,,0.0,0.0,0.0,,0.0,0.0,0.0,,0.0,0.0,0.0,,0.0,0.0,0.0,,0.0,0.0,0.0,,0.0,0.0,0.0,,0.0,0.0,0.0,,0.0,0.0,0.0,,,,,,4.49,231.6484
Donald Driver,Peta Murgatroyd,Athlete,Texas,United States,37,14,1st Place,1,7.0,7.0,7.0,,8.0,8.0,8.0,,9.0,8.0,9.0,,9.0,9.0,9.0,,10.0,8.0,9.0,,11.3333,11.3333,11.3333,,9.0,8.5,9.0,,9.5,9.0,9.0,,9.5,9.0,10.0,,10.0,9.6666,10.0,,,,,,15.37,407.63610000000006
Gavin DeGraw,Karina Smirnoff,Singer/Rapper,New York,United States,35,14,Eliminated Week 5,9,7.0,6.0,7.0,,7.0,7.0,7.0,,8.0,8.0,8.0,,8.0,8.0,7.0,,6.0,6.0,7.0,,0.0,0.0,0.0,,0.0,0.0,0.0,,0.0,0.0,0.0,,0.0,0.0,0.0,,0.0,0.0,0.0,,,,,,22.54,410.87289999999996
Gladys Knight,Tristan MacManus,Singer/Rapper,Georgia,United States,67,14,Eliminated Week 6,8,8.0,7.0,8.0,,7.0,5.0,7.0,,8.0,8.0,8.0,,7.0,6.0,7.0,,7.0,7.0,8.0,,8.0,8.0,8.0,,0.0,0.0,0.0,,0.0,0.0,0.0,,0.0,0.0,0.0,,0.0,0.0,0.0,,,,,,6.43,187.96410000000003
Katherine Jenkins,Mark Ballas,Singer/Rapper,,Wales,31,14,2nd Place,2,9.0,8.0,9.0,,9.0,8.0,9.0,,10.0,9.0,10.0,,8.0,8.0,8.0,,10.0,9.0,10.0,,13.3333,12.3333,13.3333,,9.5,8.5,9.0,,9.0,9.0,9.5,,9.5,9.0,9.5,,10.0,10.0,10.0,,,,,,9.48,221.41440000000003
Maria Menounos,Derek Hough,TV Personality,Massachusetts,United States,33,14,Eliminated Week 9,4,7.0,7.0,7.0,,8.0,8.0,9.0,,9.0,9.0,9.0,,9.0,8.0,9.0,,9.0,9.0,9.0,,9.3333,10.3333,10.3333,,10.0,9.0,9.5,,9.5,7.5,9.5,,10.0,9.5,10.0,,0.0,0.0,0.0,,,,,,18.88,403.6081
Gilles Marini,Peta Murgatroyd,Actor/Actress,,France,36,15,Eliminated Week 8,6,8.0,8.0,8.0,,8.5,8.5,8.5,,8.5,8.5,8.5,,10.0,9.5,10.0,10.0,9.5,9.25,9.5,,9.0,9.0,9.5,,11.1666,11.1666,11.1666,,9.5,10.0,9.7777,,0.0,0.0,0.0,,0.0,0.0,0.0,,,,,,18.47,496.84409999999997
Sabrina Bryan,Louis van Amstel,Actor/Actress,California,United States,28,15,Eliminated Week 6,8,7.5,7.5,7.5,,9.0,8.5,8.5,,8.5,8.5,8.5,,9.0,9.0,8.5,9.0,9.75,9.75,9.75,,10.0,10.0,10.0,,0.0,0.0,0.0,,0.0,0.0,0.0,,0.0,0.0,0.0,,0.0,0.0,0.0,,,,,,7.85,198.81
Kirstie Alley,Maksim Chmerkoskiy,Actor/Actress,Kansas,United States,61,15,Eliminated Week 8,7,6.5,6.0,6.5,,7.0,7.0,7.0,,8.0,8.0,8.0,,7.5,7.5,7.5,7.5,8.75,8.75,8.75,,9.5,8.5,9.5,,9.3333,9.3333,9.3333,,8.5,8.5,8.5,,0.0,0.0,0.0,,0.0,0.0,0.0,,,,,,20.04,452.83840000000004
Kelly Monaco,Valentin Chmerkovskiy,Actor/Actress,Pennsylvania,United States,36,15,3rd Place,3,7.0,7.0,7.5,,7.5,7.0,7.5,,9.0,9.0,9.0,,9.0,9.5,9.5,9.5,8.5,8.5,8.75,,9.0,9.0,9.0,,12.0,12.0,12.0,,9.5,9.3333,9.5,,8.7777,9.3333,9.0,,9.6666,9.6666,9.7777,,,,,,19.57,486.64359999999994
Apolo Anton Ohno,Karina Smirnoff,Athlete,Washington,United States,30,15,Eliminated Week 9,5,7.5,7.0,7.5,,8.5,8.0,8.0,,9.0,8.0,8.5,,8.5,9.0,8.5,8.5,9.0,9.75,9.5,,10.0,10.0,10.0,,11.0,11.0,11.0,,9.7777,9.5,10.0,,9.3333,9.5,9.7777,,0.0,0.0,0.0,,,,,,15.78,658.4356
Emmitt Smith,Cheryl Burke,Athlete,Florida,United States,43,15,Eliminated Week 9,4,8.0,8.5,8.0,,7.5,7.5,7.5,,8.5,8.0,8.5,,9.0,9.0,9.0,9.0,9.25,9.25,9.5,,8.5,8.5,9.5,,10.8333,11.8333,11.8333,,9.5,9.7777,9.7777,,9.0,9.0,9.0,,0.0,0.0,0.0,,,,,,12.88,313.64410000000004
Shawn Johnson,Derek Hough,Athlete,Iowa,United States,20,15,2nd Place,2,8.0,6.5,7.5,,8.5,8.0,8.5,,9.0,8.0,9.5,,10.0,9.5,10.0,10.0,9.25,9.0,10.0,,9.5,8.5,10.0,,12.6666,12.6666,12.6666,,10.0,8.3333,9.5,,9.5,10.0,10.0,,9.6666,9.5,9.7777,,,,,,18.55,275.89209999999997
Pamela Anderson,Tristan MacManus,Model,,Canada,45,15,Eliminated Week 1,13,5.5,5.5,6.0,,0.0,0.0,0.0,,0.0,0.0,0.0,,0.0,0.0,0.0,0.0,0.0,0.0,0.0,,0.0,0.0,0.0,,0.0,0.0,0.0,,0.0,0.0,0.0,,0.0,0.0,0.0,,0.0,0.0,0.0,,,,,,15.42,225.60039999999998
Helio Castroneves,Chelsie Hightower,Racing Driver,,Brazil,37,15,Eliminated Week 3,10,7.0,7.5,7.0,,8.0,7.5,7.5,,8.5,8.5,8.5,,0.0,0.0,0.0,0.0,0.0,0.0,0.0,,0.0,0.0,0.0,,0.0,0.0,0.0,,0.0,0.0,0.0,,0.0,0.0,0.0,,0.0,0.0,0.0,,,,,,10.16,409.65759999999995
Joey Fatone,Kym Johnson,Singer/Rapper,New York,United States,35,15,Eliminated Week 2,12,6.5,7.0,7.0,,7.5,7.5,7.5,,0.0,0.0,0.0,,0.0,0.0,0.0,0.0,0.0,0.0,0.0,,0.0,0.0,0.0,,0.0,0.0,0.0,,0.0,0.0,0.0,,0.0,0.0,0.0,,0.0,0.0,0.0,,,,,,10.56,369.79290000000003
Drew Lachey,Anna Trebunskaya,Singer/Rapper,Ohio,United States,36,15,Eliminated Week 3,11,7.0,7.0,7.5,,7.5,7.5,7.5,,8.0,8.0,8.0,,0.0,0.0,0.0,0.0,0.0,0.0,0.0,,0.0,0.0,0.0,,0.0,0.0,0.0,,0.0,0.0,0.0,,0.0,0.0,0.0,,0.0,0.0,0.0,,,,,,8.68,411.27840000000003
Bristol Palin,Mark Ballas,TV Personality,Alaska,United States,21,15,Eliminated Week 4,9,6.5,6.5,6.5,,6.0,6.0,6.0,,7.5,7.5,7.5,,8.0,8.0,8.0,8.0,0.0,0.0,0.0,,0.0,0.0,0.0,,0.0,0.0,0.0,,0.0,0.0,0.0,,0.0,0.0,0.0,,0.0,0.0,0.0,,,,,,15.95,421.4809
Melissa Rycroft,Tony Dovolani,TV Personality,Texas,United States,29,15,1st Place,1,7.0,7.0,7.0,,8.0,8.0,7.5,,9.0,9.0,9.0,,9.0,9.0,9.5,9.5,9.25,9.5,9.5,,9.5,10.0,10.0,,13.3333,12.8333,12.8333,,10.0,10.0,10.0,,9.5,9.7777,9.5,,9.7777,9.7777,9.7777,,,,,,15.01,329.7856
Ingo Rademacher,Kym Johnson,Actor/Actress,,Germany,41,16,Eliminated Week 9,5,7.0,6.0,7.0,,6.0,7.0,7.0,,7.0,7.0,7.0,,8.0,7.0,8.0,,7.0,7.0,7.0,,7.5,8.0,7.5,,8.0,9.0,8.0,,8.0,8.0,8.0,,8.5,8.5,8.5,,0.0,0.0,0.0,,,,,,10.63,321.84360000000004
Zendaya,Valentin Chmerkovskiy,Actor/Actress,California,United States,16,16,2nd Place,2,8.0,8.0,8.0,,9.0,8.0,9.0,,8.6666,8.6666,8.6666,,9.0,8.0,9.0,,10.0,9.0,10.0,,8.5,8.5,8.5,,10.0,10.0,10.0,,9.5,10.0,9.5,,9.0,9.0,9.5,,10.0,10.0,10.0,,,,,,23.97,307.3009
Dorothy Hamill,Tristan MacManus,Athlete,Illinois,United States,56,16,Withdrew,12,7.0,7.0,7.0,,5.0,5.0,5.0,,0.0,0.0,0.0,,0.0,0.0,0.0,,0.0,0.0,0.0,,0.0,0.0,0.0,,0.0,0.0,0.0,,0.0,0.0,0.0,,0.0,0.0,0.0,,0.0,0.0,0.0,,,,,,5.18,221.41440000000003
Victor Ortiz,Lindsay Arnold,Athlete,Kansas,United States,26,16,Eliminated Week 6,8,6.0,6.0,6.0,,6.0,6.0,6.0,,8.0,7.0,8.0,,6.0,6.0,6.0,,7.0,7.0,7.0,,6.5,7.0,6.5,,0.0,0.0,0.0,,0.0,0.0,0.0,,0.0,0.0,0.0,,0.0,0.0,0.0,,,,,,15.42,389.66759999999994
Alexandra Raisman,Mark Ballas,Athlete,Massachusetts,United States,18,16,Eliminated Week 10,4,7.0,7.0,7.0,,8.0,8.0,8.0,,7.0,8.0,8.0,,9.0,9.0,9.0,,8.0,8.0,9.0,,8.5,9.0,8.5,,11.0,10.0,11.0,,9.0,9.5,9.5,,10.0,9.5,10.0,,9.5,9.5,10.0,,,,,,11.95,529.0
Jacoby Jones,Karina Smirnoff,Athlete,Louisiana,United States,28,16,3rd Place,3,7.0,6.0,7.0,,8.0,7.0,8.0,,8.6666,8.6666,8.6666,,8.0,8.0,8.0,,9.0,8.0,9.0,,7.5,7.5,7.5,,9.0,9.0,9.0,,8.5,9.0,8.5,,10.0,9.5,10.0,,9.3333,9.3333,9.3333,,,,,,15.83,443.9449
D. L. Hughley,Cheryl Burke,Comedian,Virginia,United States,50,16,Eliminated Week 5,9,4.0,4.0,4.0,,5.0,5.0,6.0,,6.0,5.0,5.0,,7.0,7.0,7.0,,6.0,6.0,6.0,,0.0,0.0,0.0,,0.0,0.0,0.0,,0.0,0.0,0.0,,0.0,0.0,0.0,,0.0,0.0,0.0,,,,,,7.74,410.87289999999996
Andy Dick,Sharna Burgess,Comedian,South Carolina,United States,47,16,Eliminated Week 7,7,6.0,5.0,6.0,,7.0,6.0,7.0,,6.0,6.0,6.0,,7.0,7.0,7.0,,6.0,6.0,6.0,,7.0,7.5,7.0,,5.0,6.0,6.0,,0.0,0.0,0.0,,0.0,0.0,0.0,,0.0,0.0,0.0,,,,,,12.46,353.81609999999995
Wynonna Judd,Tony Dovolani,Singer/Rapper,Kentucky,United States,48,16,Eliminated Week 3,11,6.0,6.0,6.0,,6.0,6.0,6.0,,5.0,5.0,5.0,,0.0,0.0,0.0,,0.0,0.0,0.0,,0.0,0.0,0.0,,0.0,0.0,0.0,,0.0,0.0,0.0,,0.0,0.0,0.0,,0.0,0.0,0.0,,,,,,5.77,186.8689
Kellie Pickler,Derek Hough,Singer/Rapper,North Carolina,United States,26,16,1st Place,1,7.0,7.0,7.0,,9.0,8.0,9.0,,8.0,9.0,8.0,,9.0,8.0,9.0,,9.0,9.0,9.0,,8.5,9.5,9.0,,9.0,10.0,10.0,,9.5,8.0,10.0,,9.5,10.0,9.5,,10.0,10.0,10.0,,,,,,16.28,392.8324
Lisa Vanderpump,Gleb Savchenko,TV Personality,,England,52,16,Eliminated Week 4,10,6.0,6.0,6.0,,6.0,6.0,6.0,,7.0,7.0,7.0,,6.0,6.0,6.0,,0.0,0.0,0.0,,0.0,0.0,0.0,,0.0,0.0,0.0,,0.0,0.0,0.0,,0.0,0.0,0.0,,0.0,0.0,0.0,,,,,,11.48,311.8756
Sean Lowe,Peta Murgatroyd,TV Personality,Texas,United States,29,16,Eliminated Week 8,6,7.0,6.0,6.0,,7.0,6.0,7.0,,7.0,7.0,7.0,,6.0,7.0,7.0,,8.0,8.0,8.0,,7.5,8.0,7.5,,8.0,8.0,8.0,,7.0,7.0,7.0,,0.0,0.0,0.0,,0.0,0.0,0.0,,,,,,32.22,208.2249
Valerie Harper,Tristan MacManus,Actor/Actress,New York,United States,74,17,Eliminated Week 4,10,7.0,7.0,7.0,,6.0,6.0,7.0,,6.0,5.0,5.0,,6.0,6.0,6.0,,0.0,0.0,0.0,,0.0,0.0,0.0,,0.0,0.0,0.0,,0.0,0.0,0.0,,0.0,0.0,0.0,,0.0,0.0,0.0,0.0,0.0,0.0,0.0,,6.67,233.1729
Brant Daugherty,Peta Murgatroyd,Actor/Actress,Ohio,United States,28,17,Eliminated Week 8,7,7.0,8.0,7.0,,8.0,7.0,8.0,,9.0,9.0,9.0,,7.0,7.0,7.0,,9.0,9.0,9.0,,10.0,11.0,10.0,,9.5,9.5,9.5,,9.0,9.0,9.0,,0.0,0.0,0.0,,0.0,0.0,0.0,0.0,0.0,0.0,0.0,,6.54,187.14239999999998
Elizabeth Berkley Lauren,Valentin Chmerkovskiy,Actor/Actress,Michigan,United States,39,17,Eliminated Week 9,6,8.0,8.0,8.0,,8.0,9.0,8.0,,8.0,9.0,8.0,,9.0,9.0,9.0,,8.0,9.0,9.0,,10.6666,10.6666,10.6666,,9.0,9.0,9.0,,8.0,9.0,8.0,,9.5,9.0,9.5,,0.0,0.0,0.0,0.0,0.0,0.0,0.0,,5.32,242.7364
Leah Remini,Tony Dovolani,Actor/Actress,New York,United States,43,17,Eliminated Week 10,5,7.0,7.0,7.0,,8.0,8.0,8.0,,8.0,8.0,8.0,,8.0,8.0,8.0,,7.0,7.0,8.0,,9.3333,9.3333,9.3333,,9.0,8.5,9.0,,9.0,10.0,9.0,,9.0,9.0,9.0,,8.0,8.0,8.0,8.5,0.0,0.0,0.0,,19.24,385.7296
Corbin Bleu,Karina Smirnoff,Actor/Actress,New York,United States,24,17,2nd Place,2,8.0,8.0,8.0,,9.0,8.0,9.0,,9.0,8.0,9.0,,9.0,9.0,9.0,,9.0,9.0,10.0,,9.3333,8.3333,9.3333,,10.0,9.5,10.0,,10.0,10.0,10.0,,9.5,9.5,10.0,,9.5,9.0,9.5,9.5,9.8888,9.8888,9.8888,,17.49,462.25
Amber Riley,Derek Hough,Actor/Actress,California,United States,27,17,1st Place,1,9.0,9.0,9.0,,8.0,8.0,8.0,,8.0,8.0,8.0,,9.0,9.0,9.0,,9.0,7.0,10.0,,11.3333,9.3333,11.3333,,10.0,10.0,9.5,,9.0,9.0,10.0,,8.5,8.5,8.5,,10.0,10.0,9.5,10.0,10.4444,10.4444,10.4444,,11.04,238.0849
Keyshawn Johnson,Sharna Burgess,Athlete,California,United States,41,17,Eliminated Week 2,12,6.0,5.0,6.0,,6.0,6.0,6.0,,0.0,0.0,0.0,,0.0,0.0,0.0,,0.0,0.0,0.0,,0.0,0.0,0.0,,0.0,0.0,0.0,,0.0,0.0,0.0,,0.0,0.0,0.0,,0.0,0.0,0.0,0.0,0.0,0.0,0.0,,8.28,234.09000000000003
Bill Engvall,Emma Slater,Comedian,Texas,United States,56,17,Eliminated Week 11,4,6.0,6.0,6.0,,7.0,7.0,7.0,,8.0,8.0,8.0,,7.0,7.0,7.0,,8.0,8.0,8.0,,8.3333,8.3333,7.3333,,8.5,8.0,8.5,,8.0,8.0,8.0,,7.0,7.0,7.0,,7.5,7.5,7.5,7.5,8.3333,8.8333,8.3333,,12.0,318.2656
Christina Milian,Mark Ballas,Singer/Rapper,New Jersey,United States,31,17,Eliminated Week 5,9,7.0,7.0,8.0,,9.0,8.0,8.0,,9.0,8.0,9.0,,8.0,8.0,8.0,,9.0,10.0,9.0,,0.0,0.0,0.0,,0.0,0.0,0.0,,0.0,0.0,0.0,,0.0,0.0,0.0,,0.0,0.0,0.0,0.0,0.0,0.0,0.0,,8.36,205.34890000000001
"Nicole ""Snooki"" Polizzi",Sasha Farber,TV Personality,,Chile,25,17,Eliminated Week 7,8,8.0,8.0,7.0,,6.0,7.0,7.0,,9.0,8.0,8.0,,8.0,8.0,8.0,,9.0,9.0,9.0,,10.0,10.0,10.0,,9.0,9.0,9.0,,0.0,0.0,0.0,,0.0,0.0,0.0,,0.0,0.0,0.0,0.0,0.0,0.0,0.0,,6.75,346.33209999999997
Jack Osbourne,Cheryl Burke,TV Personality,,England,27,17,3rd Place,3,8.0,8.0,7.0,,8.0,8.0,8.0,,7.0,7.0,8.0,,8.0,8.0,8.0,,9.0,9.0,9.0,,8.6666,9.6666,8.6666,,10.0,9.0,9.5,,10.0,10.0,10.0,,9.0,9.0,9.0,,9.0,8.5,9.0,9.0,9.3333,9.3333,9.3333,,13.82,391.6441
Bill Nye,Tyne Stecklein,TV Personality,Washington D.C.,United States,57,17,Eliminated Week 3,11,5.0,4.0,5.0,,6.0,5.0,6.0,,6.0,5.0,5.0,,0.0,0.0,0.0,,0.0,0.0,0.0,,0.0,0.0,0.0,,0.0,0.0,0.0,,0.0,0.0,0.0,,0.0,0.0,0.0,,0.0,0.0,0.0,0.0,0.0,0.0,0.0,,11.42,181.71040000000002
Billy Dee Williams,Emma Slater,Actor/Actress,New York,United States,76,18,Withdrew,10,5.0,5.0,5.0,,5.0,5.0,5.0,,0.0,0.0,0.0,0.0,0.0,0.0,0.0,0.0,0.0,0.0,0.0,0.0,0.0,0.0,0.0,0.0,0.0,0.0,0.0,0.0,0.0,0.0,0.0,0.0,0.0,0.0,0.0,0.0,0.0,0.0,0.0,,,,,,7.31,274.23359999999997
Danica McKellar,Valentin Chmerkovskiy,Actor/Actress,California,United States,39,18,Eliminated Week 8,6,8.0,8.0,8.0,,8.0,8.0,8.0,,9.0,9.0,9.0,9.0,8.0,8.0,8.0,8.0,10.0,9.0,10.0,10.0,9.0,9.0,9.0,9.0,9.0,9.5,8.5,9.0,10.0,9.0,9.0,10.0,0.0,0.0,0.0,0.0,0.0,0.0,0.0,,,,,,11.66,311.1696
James Maslow,Peta Murgatroyd,Actor/Actress,New York,United States,23,18,Eliminated Week 10,4,7.0,7.0,7.0,,9.0,8.0,8.0,,9.0,9.0,9.0,9.0,9.0,8.0,9.0,9.0,10.0,10.0,10.0,10.0,9.0,9.0,8.0,9.0,8.5,9.5,8.0,9.0,8.0,9.0,10.0,9.0,9.5,9.5,9.5,9.5,9.5,9.5,10.0,,,,,,14.37,433.8888999999999
Candace Cameron Bure,Mark Ballas,Actor/Actress,California,United States,37,18,3rd Place,3,9.0,8.0,8.0,,7.0,7.0,7.0,,8.0,8.0,8.0,8.0,7.0,7.0,7.0,7.0,8.0,9.0,9.0,9.0,8.0,8.0,8.0,8.0,9.0,9.5,9.0,9.5,9.0,9.0,9.0,9.0,8.5,9.5,9.5,8.5,8.6666,8.6666,8.6666,,,,,,12.03,240.25
Sean Avery,Karina Smirnoff,Athlete,,Canada,33,18,Eliminated Week 2,11,7.0,6.0,7.0,,7.0,7.0,7.0,,0.0,0.0,0.0,0.0,0.0,0.0,0.0,0.0,0.0,0.0,0.0,0.0,0.0,0.0,0.0,0.0,0.0,0.0,0.0,0.0,0.0,0.0,0.0,0.0,0.0,0.0,0.0,0.0,0.0,0.0,0.0,,,,,,4.55,211.70250000000001
Diana Nyad,Henry Byalikov,Athlete,New York,United States,64,18,Eliminated Week 2,12,6.0,6.0,6.0,,0.0,0.0,0.0,,0.0,0.0,0.0,0.0,0.0,0.0,0.0,0.0,0.0,0.0,0.0,0.0,0.0,0.0,0.0,0.0,0.0,0.0,0.0,0.0,0.0,0.0,0.0,0.0,0.0,0.0,0.0,0.0,0.0,0.0,0.0,,,,,,4.68,290.70250000000004
Charlie White,Sharna Burgess,Athlete,Michigan,United States,26,18,Eliminated Week 9,5,9.0,9.0,9.0,,9.0,7.0,9.0,,9.0,9.0,9.0,9.0,7.0,8.0,9.0,9.0,9.0,10.0,9.0,9.0,9.0,9.0,9.0,9.0,8.5,10.0,8.0,9.0,10.0,10.0,10.0,10.0,9.5,9.5,9.5,9.5,0.0,0.0,0.0,,,,,,18.37,370.9476000000001
Amy Purdy,Derek Hough,Athlete,Nevada,United States,34,18,2nd Place,2,8.0,8.0,8.0,,8.0,8.0,8.0,,9.0,9.0,9.0,9.0,9.0,8.0,8.0,9.0,9.0,9.0,10.0,9.0,9.0,10.0,9.0,10.0,9.5,9.5,9.0,9.5,10.0,10.0,10.0,10.0,9.5,9.5,10.0,10.0,10.0,9.6666,10.0,,,,,,15.32,491.5089000000001
Meryl Davis,Maksim Chmerkoskiy,Athlete,Michigan,United States,27,18,1st Place,1,8.0,8.0,8.0,,8.0,9.0,8.0,,10.0,9.0,10.0,10.0,10.0,9.0,10.0,10.0,9.0,9.0,9.0,9.0,10.0,10.0,10.0,10.0,10.0,10.0,9.0,10.0,9.0,9.0,8.0,10.0,10.0,10.0,10.0,10.0,10.0,10.0,10.0,,,,,,13.78,266.99559999999997
Drew Carey,Cheryl Burke,Comedian,Ohio,United States,55,18,Eliminated Week 6,8,7.0,7.0,7.0,,7.0,7.0,7.0,,7.0,7.0,8.0,8.0,8.0,8.0,9.0,8.0,7.0,7.0,7.0,7.0,8.0,9.0,7.0,8.0,0.0,0.0,0.0,0.0,0.0,0.0,0.0,0.0,0.0,0.0,0.0,0.0,0.0,0.0,0.0,,,,,,9.78,256.6404
Cody Simpson,Witney Carson,Singer/Rapper,,Australia,17,18,Eliminated Week 5,9,7.0,7.0,8.0,,7.0,7.0,8.0,,9.0,8.0,9.0,9.0,8.0,7.0,8.0,8.0,9.0,8.0,8.0,9.0,0.0,0.0,0.0,0.0,0.0,0.0,0.0,0.0,0.0,0.0,0.0,0.0,0.0,0.0,0.0,0.0,0.0,0.0,0.0,,,,,,17.2,415.75210000000004
NeNe Leakes,Tony Dovolani,TV Personality,New York,United States,46,18,Eliminated Week 7,7,7.0,7.0,7.0,,7.0,7.0,7.0,,8.0,7.0,8.0,8.0,8.0,8.0,8.0,8.0,9.0,9.0,9.0,9.0,8.0,9.0,8.0,8.0,8.0,9.0,7.5,8.5,0.0,0.0,0.0,0.0,0.0,0.0,0.0,0.0,0.0,0.0,0.0,,,,,,32.2,386.9089000000001
Antonio Sabato Jr.,Cheryl Burke,Actor/Actress,,Italy,42,19,Eliminated Week 7,8,6.0,6.0,6.0,7.0,8.0,7.0,8.0,8.0,7.0,7.0,7.0,8.0,7.0,7.0,7.0,8.0,8.0,6.0,7.0,7.0,7.0,7.0,7.0,7.0,7.0,7.5,7.5,7.5,0.0,0.0,0.0,0.0,0.0,0.0,0.0,0.0,0.0,0.0,0.0,0.0,0.0,0.0,0.0,0.0,2.61,239.6304
Jonathan Bennett,Allison Holker,Actor/Actress,Ohio,United States,33,19,Eliminated Week 6,9,8.0,7.0,7.0,8.0,7.0,7.0,8.0,8.0,8.0,8.0,8.0,8.0,6.0,6.0,6.0,6.0,6.0,6.0,6.0,6.0,8.0,8.0,8.0,8.0,0.0,0.0,0.0,0.0,0.0,0.0,0.0,0.0,0.0,0.0,0.0,0.0,0.0,0.0,0.0,0.0,0.0,0.0,0.0,0.0,10.19,275.89209999999997
Lea Thompson,Artem Chigvintsev,Actor/Actress,Minnesota,United States,53,19,Eliminated Week 9,6,8.0,8.0,8.0,8.0,9.0,8.0,9.0,9.0,7.0,8.0,8.0,8.0,10.0,10.0,10.0,9.0,9.0,8.0,8.0,9.0,8.0,8.0,8.0,8.0,8.5,8.5,9.0,9.0,8.0,8.0,8.0,8.0,8.5,9.0,8.5,9.0,0.0,0.0,0.0,0.0,0.0,0.0,0.0,0.0,10.25,330.1489000000001
Janel Parrish,Valentin Chmerkovskiy,Actor/Actress,Hawaii,United States,25,19,3rd Place,3,7.0,7.0,7.0,8.0,9.0,8.0,8.0,9.0,10.0,10.0,10.0,10.0,9.0,9.0,9.0,9.0,8.0,8.0,8.0,9.0,8.0,7.0,9.0,9.0,8.5,8.0,8.5,8.5,10.75,10.75,10.75,10.75,9.5,9.5,10.0,9.5,9.5,9.5,10.0,10.0,9.6666,10.0,9.6666,9.6666,18.31,522.5796
Alfonso Ribeiro,Witney Carson,Actor/Actress,New York,United States,42,19,1st Place,1,9.0,9.0,9.0,9.0,8.0,8.0,8.0,8.0,8.0,8.0,8.0,8.0,10.0,10.0,10.0,10.0,8.0,9.0,9.0,8.0,10.0,10.0,9.0,10.0,8.5,8.5,8.5,8.5,10.75,9.75,9.75,10.75,9.5,9.5,9.5,10.0,9.5,9.0,9.5,9.5,10.0,10.0,10.0,10.0,12.29,311.8756
Lolo Jones,Keo Motsepe,Athlete,Iowa,United States,32,19,Eliminated Week 1,13,6.0,6.0,5.0,5.0,0.0,0.0,0.0,0.0,0.0,0.0,0.0,0.0,0.0,0.0,0.0,0.0,0.0,0.0,0.0,0.0,0.0,0.0,0.0,0.0,0.0,0.0,0.0,0.0,0.0,0.0,0.0,0.0,0.0,0.0,0.0,0.0,0.0,0.0,0.0,0.0,0.0,0.0,0.0,0.0,5.08,223.50249999999997
Randy Couture,Karina Smirnoff,Athlete,Washington,United States,51,19,Eliminated Week 3,11,8.0,7.0,8.0,8.0,7.0,7.0,7.0,7.0,7.0,7.0,6.0,6.0,0.0,0.0,0.0,0.0,0.0,0.0,0.0,0.0,0.0,0.0,0.0,0.0,0.0,0.0,0.0,0.0,0.0,0.0,0.0,0.0,0.0,0.0,0.0,0.0,0.0,0.0,0.0,0.0,0.0,0.0,0.0,0.0,6.01,231.04
Tommy Chong,Peta Murgatroyd,Comedian,,Canada,76,19,Eliminated Week 10,5,7.0,6.0,7.0,7.0,7.0,7.0,7.0,7.0,8.0,10.0,8.0,8.0,7.0,7.0,7.0,7.0,6.0,6.0,5.0,6.0,7.0,7.0,7.0,7.0,7.5,7.5,7.5,7.5,6.75,7.75,7.75,6.75,7.0,7.5,7.0,7.0,8.0,7.5,8.0,7.5,0.0,0.0,0.0,0.0,10.22,346.33209999999997
Betsey Johnson,Tony Dovolani,Fashion Designer,Connecticut,United States,72,19,Eliminated Week 4,10,5.0,5.0,5.0,5.0,7.0,7.0,7.0,7.0,7.0,9.0,6.0,7.0,8.0,7.0,7.0,7.0,0.0,0.0,0.0,0.0,0.0,0.0,0.0,0.0,0.0,0.0,0.0,0.0,0.0,0.0,0.0,0.0,0.0,0.0,0.0,0.0,0.0,0.0,0.0,0.0,0.0,0.0,0.0,0.0,13.42,311.1696
Michael Waltrip,Emma Slater,Racing Driver,Kentucky,United States,51,19,Eliminated Week 8,7,7.0,6.0,6.0,6.0,6.0,6.0,6.0,6.0,7.0,7.0,7.0,7.0,6.0,6.0,6.0,7.0,5.0,5.0,5.0,5.0,8.0,7.0,8.0,7.0,7.0,7.0,7.0,7.0,6.0,7.0,6.0,6.0,0.0,0.0,0.0,0.0,0.0,0.0,0.0,0.0,0.0,0.0,0.0,0.0,10.51,343.3609
Tavis Smiley,Sharna Burgess,Radio Personality,Mississippi,United States,50,19,Eliminated Week 2,12,7.0,7.0,8.0,7.0,7.0,7.0,7.0,7.0,0.0,0.0,0.0,0.0,0.0,0.0,0.0,0.0,0.0,0.0,0.0,0.0,0.0,0.0,0.0,0.0,0.0,0.0,0.0,0.0,0.0,0.0,0.0,0.0,0.0,0.0,0.0,0.0,0.0,0.0,0.0,0.0,0.0,0.0,0.0,0.0,6.88,293.4369
Bethany Mota,Derek Hough,Social Media Personality,California,United States,18,19,Eliminated Week 11,4,8.0,8.0,8.0,8.0,8.0,9.0,8.0,8.0,10.0,10.0,10.0,10.0,8.0,8.0,8.0,9.0,8.0,8.0,8.0,8.0,9.0,9.0,9.0,9.0,9.5,9.0,9.5,9.5,9.75,9.75,9.75,10.75,9.0,9.5,9.5,9.0,9.5,9.5,9.5,9.5,9.5,9.5,9.5,9.5,27.28,299.29
Sadie Robertson,Mark Ballas,TV Personality,Louisiana,United States,17,19,2nd Place,2,8.0,8.0,9.0,9.0,8.0,7.0,8.0,8.0,8.0,8.0,8.0,8.0,9.0,10.0,9.0,9.0,9.0,9.0,9.0,9.0,9.0,10.0,8.0,8.0,7.5,7.5,8.0,8.0,9.0,9.0,10.0,10.0,9.0,9.5,9.0,9.0,9.0,9.5,9.5,9.0,10.0,9.6666,10.0,9.6666,21.22,438.4836000000001
Suzanne Somers,Tony Dovolani,Actor/Actress,California,United States,68,20,Eliminated Week 5,9,6.0,6.0,6.0,7.0,7.0,7.0,7.0,7.0,6.0,6.0,6.0,7.0,7.0,7.0,7.0,7.0,7.0,7.0,7.0,7.0,0.0,0.0,0.0,0.0,0.0,0.0,0.0,0.0,0.0,0.0,0.0,0.0,0.0,0.0,0.0,0.0,0.0,0.0,0.0,0.0,,,,,9.25,252.49210000000002
Willow Shields,Mark Ballas,Actor/Actress,New Mexico,United States,14,20,Eliminated Week 7,7,6.0,6.0,6.0,7.0,8.0,8.0,8.0,8.0,8.0,8.0,8.0,8.0,10.0,9.0,10.0,10.0,8.0,8.0,9.0,9.0,9.5,8.5,9.0,9.5,9.5,9.5,9.5,10.5,0.0,0.0,0.0,0.0,0.0,0.0,0.0,0.0,0.0,0.0,0.0,0.0,,,,,9.91,298.9441
Riker Lynch,Allison Holker,Actor/Actress,Colorado,United States,23,20,2nd Place,2,8.0,7.0,8.0,8.0,8.0,8.0,8.0,8.0,9.0,7.0,9.0,9.0,8.0,8.0,9.0,9.0,10.0,9.0,9.0,10.0,10.0,8.5,9.5,10.0,9.0,10.0,9.0,9.0,10.0,9.0,10.0,10.0,10.0,10.0,10.0,10.0,10.0,10.0,10.0,10.0,,,,,17.92,472.6275999999999
Rumer Willis,Valentin Chmerkovskiy,Actor/Actress,Kentucky,United States,26,20,1st Place,1,8.0,8.0,8.0,8.0,8.0,8.0,8.0,8.0,8.0,9.0,8.0,8.0,9.0,8.0,9.0,9.0,10.0,9.0,10.0,10.0,9.0,8.5,8.5,9.5,8.5,9.5,9.5,9.5,10.0,10.0,10.0,10.0,10.0,9.5,9.5,10.0,10.0,10.0,10.0,10.0,,,,,16.11,326.5249
Nastia Liukin,Derek Hough,Athlete,,Russia,25,20,Eliminated Week 9,4,7.0,7.0,8.0,8.0,9.0,8.0,8.0,9.0,9.0,8.0,9.0,8.0,9.0,8.0,9.0,10.0,9.0,9.0,10.0,10.0,9.5,8.5,9.0,9.5,10.75,9.75,9.75,10.75,9.5,9.5,9.5,9.5,10.0,10.0,10.0,10.0,0.0,0.0,0.0,0.0,,,,,19.74,615.5360999999999
Michael Sam,Peta Murgatroyd,Athlete,Texas,United States,25,20,Eliminated Week 4,10,6.0,6.0,7.0,7.0,7.0,7.0,7.0,7.0,6.0,6.0,6.0,6.0,7.0,7.0,8.0,8.0,0.0,0.0,0.0,0.0,0.0,0.0,0.0,0.0,0.0,0.0,0.0,0.0,0.0,0.0,0.0,0.0,0.0,0.0,0.0,0.0,0.0,0.0,0.0,0.0,,,,,18.31,322.2025
Robert Herjavec,Kym Johnson,Entrepreneur,,Croatia,52,20,Eliminated Week 8,6,7.0,7.0,7.0,7.0,7.0,7.0,7.0,7.0,7.0,7.0,8.0,7.0,8.0,9.0,8.0,9.0,6.0,6.0,6.0,6.0,8.5,8.0,8.5,8.5,7.0,8.0,8.0,8.0,7.5,7.5,8.5,7.5,0.0,0.0,0.0,0.0,0.0,0.0,0.0,0.0,,,,,20.22,451.5625
Charlotte McKinney,Keo Motsepe,Model,Florida,United States,21,20,Eliminated Week 3,11,6.0,5.0,5.0,6.0,7.0,6.0,7.0,6.0,6.0,5.0,5.0,6.0,0.0,0.0,0.0,0.0,0.0,0.0,0.0,0.0,0.0,0.0,0.0,0.0,0.0,0.0,0.0,0.0,0.0,0.0,0.0,0.0,0.0,0.0,0.0,0.0,0.0,0.0,0.0,0.0,,,,,15.09,300.6756
Noah Galloway,Sharna Burgess,Motivational Speaker,Alabama,United States,33,20,3rd Place,3,7.0,6.0,6.0,7.0,7.0,6.0,7.0,7.0,7.0,7.0,8.0,8.0,8.0,8.0,8.0,8.0,7.0,7.0,7.0,7.0,8.5,8.0,8.5,9.0,10.5,8.5,9.5,9.5,8.0,7.5,8.0,8.0,9.5,9.5,9.5,9.5,9.0,9.0,9.0,9.0,,,,,9.72,243.0481
Redfoo,Emma Slater,Singer/Rapper,California,United States,39,20,Eliminated Week 2,12,6.0,5.0,5.0,6.0,8.0,7.0,8.0,8.0,0.0,0.0,0.0,0.0,0.0,0.0,0.0,0.0,0.0,0.0,0.0,0.0,0.0,0.0,0.0,0.0,0.0,0.0,0.0,0.0,0.0,0.0,0.0,0.0,0.0,0.0,0.0,0.0,0.0,0.0,0.0,0.0,,,,,4.35,201.0724
Patti LaBelle,Artem Chigvintsev,Singer/Rapper,Pennsylvania,United States,70,20,Eliminated Week 6,8,7.0,6.0,6.0,6.0,7.0,7.0,7.0,7.0,6.0,5.0,5.0,6.0,8.0,7.0,7.0,8.0,7.0,6.0,7.0,7.0,9.0,8.0,8.5,8.5,0.0,0.0,0.0,0.0,0.0,0.0,0.0,0.0,0.0,0.0,0.0,0.0,0.0,0.0,0.0,0.0,,,,,8.89,234.39610000000002
Chris Soules,Witney Carson,TV Personality,Iowa,United States,33,20,Eliminated Week 8,5,7.0,6.0,6.0,7.0,5.0,6.0,5.0,5.0,7.0,7.0,7.0,7.0,7.0,6.0,7.0,7.0,7.0,6.0,7.0,7.0,9.0,8.0,9.0,9.0,8.0,7.0,8.0,8.0,8.0,7.5,8.5,8.0,0.0,0.0,0.0,0.0,0.0,0.0,0.0,0.0,,,,,24.63,302.0644
Gary Busey,Anna Trebunskaya,Actor/Actress,Texas,United States,71,21,Eliminated Week 4,10,5.0,5.0,5.0,,5.5,5.5,5.5,,6.0,7.0,6.0,6.0,5.0,6.0,5.0,,0.0,0.0,0.0,0.0,0.0,0.0,0.0,0.0,0.0,0.0,0.0,,0.0,0.0,0.0,,0.0,0.0,0.0,,0.0,0.0,0.0,,0.0,0.0,0.0,,6.39,203.0625
Alexa PenaVega,Mark Ballas,Actor/Actress,Florida,United States,27,21,Eliminated Week 9,6,7.0,7.0,8.0,,7.5,7.5,8.0,,9.0,9.0,9.0,9.0,7.0,7.0,7.0,,10.0,10.0,10.0,10.0,8.0,7.0,7.0,8.0,9.0,9.5,9.0,,9.6666,8.6666,8.6666,,10.0,10.0,10.0,,0.0,0.0,0.0,,0.0,0.0,0.0,,13.58,394.4196
Carlos PenaVega,Witney Carson,Actor/Actress,Missouri,United States,26,21,Eliminated Week 11,4,8.0,8.0,7.0,,7.5,7.5,7.5,,7.0,8.0,8.0,8.0,9.0,8.0,8.0,,10.0,10.0,9.0,10.0,10.0,9.0,9.0,10.0,9.0,10.0,9.0,,9.6666,9.6666,9.6666,,9.0,9.0,9.0,,10.0,10.5,11.0,,10.0,10.0,10.0,,11.38,312.22890000000007
Victor Espinoza,Karina Smirnoff,Athlete,,Mexico,43,21,Eliminated Week 2,12,5.0,5.0,5.0,,6.5,5.5,6.5,,0.0,0.0,0.0,0.0,0.0,0.0,0.0,,0.0,0.0,0.0,0.0,0.0,0.0,0.0,0.0,0.0,0.0,0.0,,0.0,0.0,0.0,,0.0,0.0,0.0,,0.0,0.0,0.0,,0.0,0.0,0.0,,5.03,253.12810000000002
Alek Skarlatos,Lindsay Arnold,Military,California,United States,22,21,3rd Place,3,8.0,7.0,7.0,,7.5,7.0,8.0,,8.0,8.0,9.0,8.0,8.0,8.0,8.0,,8.0,7.0,7.0,7.0,8.0,8.0,7.0,7.0,9.0,9.0,8.5,,9.0,8.0,8.0,,8.5,8.5,8.5,,9.5,9.5,9.5,,9.3333,9.3333,9.3333,,16.47,434.30559999999997
Chaka Khan,Keo Motsepe,Singer/Rapper,Illinois,United States,62,21,Eliminated Week 2,13,5.0,4.0,4.0,,5.0,5.0,5.0,,0.0,0.0,0.0,0.0,0.0,0.0,0.0,,0.0,0.0,0.0,0.0,0.0,0.0,0.0,0.0,0.0,0.0,0.0,,0.0,0.0,0.0,,0.0,0.0,0.0,,0.0,0.0,0.0,,0.0,0.0,0.0,,6.03,180.3649
Andy Grammer,Allison Holker,Singer/Rapper,California,United States,31,21,Eliminated Week 8,7,7.0,7.0,7.0,,7.5,7.5,7.0,,7.0,7.0,8.0,7.0,7.0,8.0,8.0,,9.0,9.0,9.0,9.0,10.0,10.0,10.0,10.0,9.5,9.5,9.0,,8.6666,7.6666,7.6666,,0.0,0.0,0.0,,0.0,0.0,0.0,,0.0,0.0,0.0,,20.06,448.16890000000006
Tamar Braxton,Valentin Chmerkovskiy,Singer/Rapper,Maryland,United States,38,21,Withdrew,5,8.0,7.0,8.0,,8.0,8.0,8.5,,8.0,9.0,8.0,8.0,9.0,9.0,9.0,,7.0,7.0,8.0,7.0,10.0,10.0,10.0,10.0,9.0,9.0,9.0,,9.0,9.0,10.0,,8.5,8.0,8.0,,0.0,0.0,0.0,,0.0,0.0,0.0,,16.38,237.16000000000003
Nick Carter,Sharna Burgess,Singer/Rapper,New York,United States,35,21,2nd Place,2,8.0,8.0,8.0,,7.5,7.5,7.5,,9.0,9.0,9.0,9.0,9.0,9.0,9.0,,9.0,9.0,8.0,9.0,9.0,10.0,10.0,10.0,9.0,9.0,9.0,,11.0,11.0,11.0,,9.0,9.0,9.5,,9.0,9.0,9.0,,10.0,10.0,10.0,,10.89,235.6225
Hayes Grier,Emma Slater,Social Media Personality,North Carolina,United States,15,21,Eliminated Week 7,8,7.0,7.0,7.0,,8.0,7.0,7.5,,7.0,8.0,7.0,8.0,9.0,9.0,9.0,,8.0,8.0,7.0,7.0,8.0,8.0,8.0,8.0,9.0,9.5,9.5,,0.0,0.0,0.0,,0.0,0.0,0.0,,0.0,0.0,0.0,,0.0,0.0,0.0,,11.11,219.33610000000002
Bindi Irwin,Derek Hough,TV Personality,,Australia,17,21,1st Place,1,8.0,8.0,8.0,,8.0,8.0,8.0,,8.0,8.0,8.0,8.0,9.0,9.0,10.0,,9.0,9.0,10.0,9.0,10.0,10.0,10.0,10.0,9.5,10.0,9.5,,10.0,9.0,9.0,,10.0,10.0,10.0,,10.5,10.5,10.5,,10.0,10.0,10.0,,19.18,409.2529
Kim Zolciak-Biermann,Tony Dovolani,TV Personality,Florida,United States,37,21,Withdrew,11,4.0,4.0,4.0,,6.5,6.0,6.0,,0.0,0.0,0.0,0.0,0.0,0.0,0.0,,0.0,0.0,0.0,0.0,0.0,0.0,0.0,0.0,0.0,0.0,0.0,,0.0,0.0,0.0,,0.0,0.0,0.0,,0.0,0.0,0.0,,0.0,0.0,0.0,,8.14,373.2624
Paula Deen,Louis van Amstel,TV Personality,Georgia,United States,68,21,Eliminated Week 6,9,5.0,5.0,5.0,,6.5,6.0,6.0,,5.0,5.0,5.0,5.0,6.0,6.0,6.0,,7.0,7.0,6.0,6.0,6.0,6.0,6.0,6.0,0.0,0.0,0.0,,0.0,0.0,0.0,,0.0,0.0,0.0,,0.0,0.0,0.0,,0.0,0.0,0.0,,26.51,235.6225
Mischa Barton,Artem Chigvintsev,Actor/Actress,,England,30,22,Eliminated Week 3,11,5.0,5.0,6.0,,5.0,5.0,5.0,,6.0,6.0,6.0,,0.0,0.0,0.0,0.0,0.0,0.0,0.0,0.0,0.0,0.0,0.0,,0.0,0.0,0.0,,0.0,0.0,0.0,,0.0,0.0,0.0,,0.0,0.0,0.0,,,,,,8.35,273.90250000000003
Kim Fields,Sasha Farber,Actor/Actress,New York,United States,46,22,Eliminated Week 7,8,7.0,6.0,7.0,,7.0,6.0,6.0,,8.0,7.0,7.0,,8.0,8.0,8.0,8.0,8.0,6.0,6.0,8.0,8.0,8.0,8.0,,8.5,8.5,9.0,,0.0,0.0,0.0,,0.0,0.0,0.0,,0.0,0.0,0.0,,,,,,11.52,273.5716
Jodie Sweetin,Keo Motsepe,Actor/Actress,California,United States,34,22,Eliminated Week 8,6,7.0,6.0,7.0,,7.0,7.0,7.0,,8.0,7.0,8.0,,7.0,6.0,7.0,7.0,9.0,8.0,9.0,9.0,9.0,8.0,8.0,,8.0,8.5,9.0,,10.0,10.0,10.0,,0.0,0.0,0.0,,0.0,0.0,0.0,,,,,,17.46,270.60249999999996
Doug Flutie,Karina Smirnoff,Athlete,Maryland,United States,53,22,Eliminated Week 6,9,5.0,5.0,5.0,,7.0,6.0,7.0,,7.0,6.0,7.0,,6.0,6.0,6.0,6.0,7.0,7.0,7.0,7.0,7.0,7.0,7.0,,0.0,0.0,0.0,,0.0,0.0,0.0,,0.0,0.0,0.0,,0.0,0.0,0.0,,,,,,8.06,329.05960000000005
Von Miller,Witney Carson,Athlete,Texas,United States,27,22,Eliminated Week 7,7,8.0,6.0,7.0,,7.0,6.0,7.0,,7.0,6.0,7.0,,8.0,8.0,8.0,8.0,8.0,7.0,7.0,7.0,8.0,8.0,8.0,,8.5,8.5,9.0,,0.0,0.0,0.0,,0.0,0.0,0.0,,0.0,0.0,0.0,,,,,,18.8,289.0
Antonio Brown,Sharna Burgess,Athlete,Florida,United States,27,22,Eliminated Week 9,5,8.0,6.0,7.0,,6.0,6.0,7.0,,7.0,6.0,7.0,,9.0,8.0,9.0,9.0,7.0,6.0,6.0,7.0,9.0,9.0,9.0,,8.5,8.5,9.0,,9.0,9.0,9.0,,9.0,9.0,9.5,,0.0,0.0,0.0,,,,,,17.77,303.1081
Paige VanZant,Mark Ballas,Athlete,Oregon,United States,22,22,2nd Place,2,7.0,7.0,7.0,,8.0,8.0,8.0,,8.0,7.0,8.0,,9.0,9.0,9.0,9.0,8.0,8.0,7.0,8.0,9.0,10.0,9.0,,9.0,9.0,9.5,,10.0,9.0,9.0,,10.0,9.5,10.0,,10.0,9.6666,10.0,,,,,,19.18,416.97640000000007
Geraldo Rivera,Edyta Sliwinska,Journalist,New York,United States,72,22,Eliminated Week 2,12,5.0,4.0,4.0,,5.0,4.0,4.0,,0.0,0.0,0.0,,0.0,0.0,0.0,0.0,0.0,0.0,0.0,0.0,0.0,0.0,0.0,,0.0,0.0,0.0,,0.0,0.0,0.0,,0.0,0.0,0.0,,0.0,0.0,0.0,,,,,,7.97,285.60999999999996
Nyle DiMarco,Peta Murgatroyd,Model,New York,United States,26,22,1st Place,1,8.0,7.0,8.0,,7.0,6.0,7.0,,8.0,8.0,9.0,,8.0,8.0,9.0,9.0,9.0,10.0,9.0,9.0,8.0,8.0,9.0,,9.5,9.0,9.5,,10.0,9.0,10.0,,9.5,9.5,9.5,,9.6666,9.6666,9.6666,,,,,,17.62,384.1600000000001
Ginger Zee,Valentin Chmerkovskiy,News Anchor,California,United States,35,22,3rd Place,3,8.0,7.0,8.0,,7.0,7.0,7.0,,7.0,7.0,7.0,,9.0,9.0,9.0,9.0,8.0,8.0,8.0,8.0,8.0,8.0,8.0,,9.0,9.0,9.5,,10.0,10.0,10.0,,9.0,9.5,9.5,,9.3333,9.6666,9.3333,,,,,,16.03,446.8996
Wanya Morris,Lindsay Arnold,Singer/Rapper,Pennsylvania,United States,42,22,Eliminated Week 9,4,8.0,7.0,8.0,,8.0,8.0,8.0,,8.0,8.0,8.0,,8.0,9.0,9.0,9.0,8.0,7.0,7.0,8.0,10.0,9.0,10.0,,9.0,9.0,9.5,,8.0,8.0,9.0,,10.0,10.0,10.0,,0.0,0.0,0.0,,,,,,5.6,201.0724
Marla Maples,Tony Dovolani,TV Personality,Georgia,United States,52,22,Eliminated Week 4,10,7.0,7.0,7.0,,7.0,6.0,7.0,,7.0,7.0,7.0,,7.0,7.0,7.0,7.0,0.0,0.0,0.0,0.0,0.0,0.0,0.0,,0.0,0.0,0.0,,0.0,0.0,0.0,,0.0,0.0,0.0,,0.0,0.0,0.0,,,,,,10.17,268.63210000000004
Jake T. Austin,Jenna Johnson,Actor/Actress,New York,United States,21,23,Eliminated Week 2,13,5.0,6.0,5.0,6.0,6.0,6.0,6.0,6.0,0.0,0.0,0.0,0.0,0.0,0.0,0.0,,0.0,0.0,0.0,,0.0,0.0,0.0,0.0,0.0,0.0,0.0,0.0,0.0,0.0,0.0,,0.0,0.0,0.0,0.0,0.0,0.0,0.0,,0.0,0.0,0.0,0.0,2.6,158.00490000000002
Maureen McCormick,Artem Chigvintsev,Actor/Actress,California,United States,60,23,Eliminated Week 7,8,6.0,5.0,5.0,6.0,7.0,6.0,6.0,7.0,7.0,7.0,7.0,7.0,8.0,8.0,8.0,,8.0,8.0,8.0,,8.0,7.0,8.0,8.0,8.5,8.0,8.0,8.5,0.0,0.0,0.0,,0.0,0.0,0.0,0.0,0.0,0.0,0.0,,0.0,0.0,0.0,0.0,9.83,374.0356
Marilu Henner,Derek Hough,Actor/Actress,Illinois,United States,64,23,Eliminated Week 9,6,7.0,7.0,6.0,7.0,7.0,6.0,7.0,7.0,7.0,7.0,7.0,7.0,7.0,7.0,7.0,,9.0,9.0,9.0,,8.0,9.0,9.0,8.0,7.5,8.0,8.5,8.0,7.0,8.0,8.0,,9.0,9.0,9.0,9.0,0.0,0.0,0.0,,0.0,0.0,0.0,0.0,11.62,384.94440000000003
Ryan Lochte,Cheryl Burke,Athlete,New York,United States,32,23,Eliminated Week 8,7,6.0,6.0,6.0,6.0,6.0,6.0,6.0,6.0,6.0,7.0,6.0,6.0,7.0,7.0,8.0,,8.0,8.0,8.0,,7.0,8.0,8.0,7.0,8.5,8.0,8.0,8.5,8.0,9.0,9.0,,0.0,0.0,0.0,0.0,0.0,0.0,0.0,,0.0,0.0,0.0,0.0,3.04,138.53289999999998
Calvin Johnson Jr.,Lindsay Arnold,Athlete,Georgia,United States,30,23,3rd Place,3,7.0,6.0,6.0,7.0,7.0,7.0,7.0,7.0,8.0,8.0,8.0,8.0,8.0,7.0,8.0,,8.0,8.0,8.0,,9.0,10.0,9.0,9.0,9.5,9.0,9.0,9.5,10.0,10.0,10.0,,9.0,9.0,10.0,9.0,9.0,9.5,9.5,,9.3333,9.6666,9.6666,9.6666,5.96,228.91690000000003
Laurie Hernandez,Valentin Chmerkovskiy,Athlete,New Jersey,United States,16,23,1st Place,1,8.0,8.0,7.0,8.0,8.0,8.0,8.0,8.0,7.0,8.0,8.0,8.0,10.0,10.0,10.0,,8.0,9.0,8.0,,9.0,9.0,9.0,10.0,8.0,8.5,9.0,9.0,11.0,11.0,11.0,,10.0,10.0,10.0,10.0,10.0,10.0,10.0,,9.6666,10.0,9.6666,10.0,15.31,347.82249999999993
Amber Rose,Maksim Chmerkoskiy,Model,Pennsylvania,United States,32,23,Eliminated Week 6,9,6.0,6.0,6.0,6.0,6.0,6.0,6.0,6.0,7.0,6.0,6.0,6.0,8.0,8.0,8.0,,8.0,8.0,8.0,,7.0,7.0,7.0,7.0,0.0,0.0,0.0,0.0,0.0,0.0,0.0,,0.0,0.0,0.0,0.0,0.0,0.0,0.0,,0.0,0.0,0.0,0.0,17.76,278.89
Rick Perry,Emma Slater,Politician,Texas,United States,66,23,Eliminated Week 3,12,5.0,5.0,5.0,5.0,6.0,5.0,6.0,5.0,6.0,5.0,6.0,6.0,0.0,0.0,0.0,,0.0,0.0,0.0,,0.0,0.0,0.0,0.0,0.0,0.0,0.0,0.0,0.0,0.0,0.0,,0.0,0.0,0.0,0.0,0.0,0.0,0.0,,0.0,0.0,0.0,0.0,7.9,200.50560000000002
James Hinchcliffe,Sharna Burgess,Racing Driver,,Canada,29,23,2nd Place,2,8.0,8.0,7.0,8.0,7.0,7.0,7.0,8.0,7.0,7.0,8.0,7.0,9.0,9.0,10.0,,10.0,9.0,10.0,,10.0,9.0,9.0,10.0,9.5,9.0,9.0,9.5,11.6666,11.6666,11.6666,,9.0,9.0,9.0,9.0,9.5,10.0,10.0,,9.6666,9.6666,9.6666,10.0,11.18,344.8449
Babyface,Allison Holker,Singer/Rapper,Indiana,United States,57,23,Eliminated Week 4,11,7.0,6.0,6.0,7.0,8.0,7.0,7.0,8.0,7.0,6.0,6.0,6.0,6.0,6.0,6.0,,0.0,0.0,0.0,,0.0,0.0,0.0,0.0,0.0,0.0,0.0,0.0,0.0,0.0,0.0,,0.0,0.0,0.0,0.0,0.0,0.0,0.0,,0.0,0.0,0.0,0.0,8.46,187.68999999999997
Vanilla Ice,Witney Carson,Singer/Rapper,Texas,United States,48,23,Eliminated Week 4,10,7.0,5.0,6.0,7.0,6.0,7.0,6.0,7.0,6.0,6.0,5.0,6.0,8.0,7.0,8.0,,0.0,0.0,0.0,,0.0,0.0,0.0,0.0,0.0,0.0,0.0,0.0,0.0,0.0,0.0,,0.0,0.0,0.0,0.0,0.0,0.0,0.0,,0.0,0.0,0.0,0.0,13.17,171.8721
Jana Kramer,Gleb Savchenko,Singer/Rapper,Michigan,United States,32,23,Eliminated Week 11,4,7.0,6.0,6.0,8.0,7.0,8.0,7.0,7.0,6.0,7.0,6.0,7.0,8.0,7.0,8.0,,9.0,8.0,9.0,,10.0,10.0,10.0,10.0,8.0,8.5,9.0,9.0,10.0,10.0,10.0,,10.0,10.0,10.0,10.0,9.5,9.5,10.0,,8.5,9.0,9.0,9.0,12.65,246.48999999999998
Terra Jole,Sasha Farber,TV Personality,Texas,United States,36,23,Eliminated Week 10,5,7.0,6.0,6.0,6.0,8.0,7.0,8.0,8.0,8.0,7.0,8.0,7.0,9.0,8.0,8.0,,9.0,9.0,9.0,,7.0,8.0,8.0,7.0,8.5,8.5,9.0,8.5,8.0,8.0,8.0,,10.0,10.0,9.0,9.0,10.0,10.0,10.0,,0.0,0.0,0.0,0.0,14.88,301.7169
Charo,Keo Motsepe,Actor/Actress,,Spain,66,24,Eliminated Week 3,11,6.0,5.0,5.0,5.0,6.0,6.0,7.0,6.0,6.0,6.0,6.0,6.0,0.0,0.0,0.0,0.0,0.0,0.0,0.0,0.0,0.0,0.0,0.0,0.0,0.0,0.0,0.0,0.0,0.0,0.0,0.0,0.0,0.0,0.0,0.0,0.0,0.0,0.0,0.0,0.0,,,,,4.15,194.88160000000002
Mr. T,Kym Herjavec,Actor/Actress,Illinois,United States,64,24,Eliminated Week 4,10,5.0,5.0,5.0,5.0,6.0,5.0,6.0,5.0,6.0,6.0,6.0,6.0,7.0,7.0,7.0,7.0,0.0,0.0,0.0,0.0,0.0,0.0,0.0,0.0,0.0,0.0,0.0,0.0,0.0,0.0,0.0,0.0,0.0,0.0,0.0,0.0,0.0,0.0,0.0,0.0,,,,,6.12,200.50560000000002
Heather Morris,Maksim Chmerkoskiy,Actor/Actress,California,United States,30,24,Eliminated Week 6,8,7.0,7.0,7.0,7.0,8.0,6.0,8.0,8.0,9.0,8.0,8.0,8.0,8.0,9.0,9.0,9.0,8.0,8.0,9.0,9.0,9.0,9.5,9.0,9.5,0.0,0.0,0.0,0.0,0.0,0.0,0.0,0.0,0.0,0.0,0.0,0.0,0.0,0.0,0.0,0.0,,,,,8.28,260.82249999999993
Nancy Kerrigan,Artem Chigvintsev,Athlete,Massachusetts,United States,47,24,Eliminated Week 7,7,7.0,7.0,7.0,7.0,7.0,7.0,7.0,7.0,8.0,9.0,8.0,8.0,8.0,9.0,8.0,8.0,9.0,9.0,9.0,9.0,8.5,8.5,8.0,8.5,9.0,9.0,9.0,9.0,0.0,0.0,0.0,0.0,0.0,0.0,0.0,0.0,0.0,0.0,0.0,0.0,,,,,9.98,305.20089999999993
Bonner Bolton,Sharna Burgess,Athlete,Texas,United States,29,24,Eliminated Week 8,5,6.0,5.0,5.0,6.0,8.0,5.0,8.0,7.0,6.0,6.0,6.0,6.0,8.0,8.0,8.0,8.0,7.0,8.0,8.0,7.0,8.0,8.5,7.5,7.5,7.5,7.5,8.5,7.5,7.5,7.0,7.5,7.0,0.0,0.0,0.0,0.0,0.0,0.0,0.0,0.0,,,,,9.42,237.7764
Simone Biles,Sasha Farber,Athlete,Ohio,United States,20,24,Eliminated Week 9,4,8.0,8.0,8.0,8.0,7.0,7.0,7.0,8.0,7.0,8.0,9.0,8.0,9.0,9.0,9.0,9.0,9.0,9.0,10.0,10.0,8.5,8.5,8.5,9.0,10.5,9.5,9.5,9.5,9.0,9.0,9.0,9.0,10.0,10.0,10.0,10.0,0.0,0.0,0.0,0.0,,,,,15.37,260.49960000000004
David Ross,Lindsay Arnold,Athlete,Georgia,United States,40,24,2nd Place,2,7.0,7.0,7.0,7.0,7.0,6.0,7.0,7.0,8.0,7.0,8.0,8.0,7.0,8.0,8.0,8.0,7.0,7.0,8.0,7.0,7.5,8.5,7.5,7.5,8.0,8.0,8.0,8.0,8.0,8.0,8.5,8.0,9.0,8.5,9.0,8.5,9.0,9.0,9.3333,9.0,,,,,14.09,323.28040000000004
Rashad Jennings,Emma Slater,Athlete,Virginia,United States,32,24,1st Place,1,8.0,7.0,8.0,8.0,8.0,8.0,8.0,8.0,7.0,7.0,7.0,7.0,10.0,9.0,10.0,10.0,7.0,8.0,9.0,8.0,8.5,9.5,8.5,8.5,9.5,9.5,10.5,9.5,9.5,9.0,9.5,9.5,9.5,9.0,10.0,10.0,10.0,9.6666,10.0,10.0,,,,,9.83,268.96
Chris Kattan,Witney Carson,Comedian,California,United States,46,24,Eliminated Week 2,12,5.0,4.0,4.0,4.0,6.0,5.0,6.0,5.0,0.0,0.0,0.0,0.0,0.0,0.0,0.0,0.0,0.0,0.0,0.0,0.0,0.0,0.0,0.0,0.0,0.0,0.0,0.0,0.0,0.0,0.0,0.0,0.0,0.0,0.0,0.0,0.0,0.0,0.0,0.0,0.0,,,,,4.03,199.37439999999998
Erika Jayne,Gleb Savchenko,Singer/Rapper,Georgia,United States,45,24,Eliminated Week 5,9,6.0,6.0,6.0,6.0,7.0,7.0,7.0,7.0,6.0,7.0,7.0,6.0,8.0,7.0,7.0,8.0,8.0,8.0,8.0,8.0,0.0,0.0,0.0,0.0,0.0,0.0,0.0,0.0,0.0,0.0,0.0,0.0,0.0,0.0,0.0,0.0,0.0,0.0,0.0,0.0,,,,,12.78,322.2025
Normani,Valentin Chmerkovskiy,Singer/Rapper,Georgia,United States,20,24,3rd Place,3,7.0,6.0,7.0,7.0,8.0,8.0,8.0,8.0,8.0,8.0,9.0,9.0,8.0,7.0,8.0,9.0,10.0,9.0,10.0,10.0,9.0,9.5,8.0,9.5,10.5,10.5,10.5,10.5,10.0,9.5,10.0,10.0,9.5,9.5,9.5,9.5,10.0,9.6666,9.6666,10.0,,,,,10.35,303.4564000000001
Nick Viall,Peta Murgatroyd,TV Personality,Wisconsin,United States,36,24,Eliminated Week 7,6,6.0,6.0,6.0,6.0,7.0,5.0,7.0,6.0,7.0,6.0,7.0,6.0,8.0,7.0,8.0,7.0,9.0,8.0,9.0,8.0,7.5,8.0,7.5,7.5,8.0,8.0,9.0,9.0,0.0,0.0,0.0,0.0,0.0,0.0,0.0,0.0,0.0,0.0,0.0,0.0,,,,,18.91,242.11360000000002
Sasha Pieterse,Gleb Savchenko,Actor/Actress,,South Africa,21,25,Eliminated Week 5,10,6.0,6.0,6.0,,8.0,7.5,7.0,,7.0,6.0,6.0,,8.0,8.0,8.0,,8.0,8.0,8.0,,0.0,0.0,0.0,0.0,0.0,0.0,0.0,,0.0,0.0,0.0,,0.0,0.0,0.0,,0.0,0.0,0.0,0.0,,,,,9.94,267.32250000000005
Frankie Muniz,Witney Carson,Actor/Actress,New Jersey,United States,31,25,3rd Place,3,7.0,6.0,6.0,,8.0,7.5,8.5,,7.0,7.0,7.0,,8.0,8.0,8.0,,10.0,9.0,10.0,,7.0,8.0,8.0,8.0,10.0,10.0,10.0,,9.0,8.5,9.0,,8.5,8.0,9.0,,9.7777,9.3333,9.7777,10.0,,,,,8.03,194.3236
Jordan Fisher,Lindsay Arnold,Actor/Actress,Alabama,United States,23,25,1st Place,1,8.0,7.0,7.0,,8.0,8.0,8.0,,9.0,7.0,9.0,,10.0,9.0,10.0,,10.0,10.0,10.0,,10.0,9.0,10.0,10.0,9.0,9.0,9.0,,10.0,10.0,10.0,,9.5,9.5,10.0,,10.0,10.0,10.0,10.0,,,,,15.02,422.3025
Derek Fisher,Sharna Burgess,Athlete,Arkansas,United States,43,25,Eliminated Week 4,11,6.0,6.0,6.0,,6.5,6.0,6.5,,7.0,7.0,7.0,,7.0,8.0,8.0,,0.0,0.0,0.0,,0.0,0.0,0.0,0.0,0.0,0.0,0.0,,0.0,0.0,0.0,,0.0,0.0,0.0,,0.0,0.0,0.0,0.0,,,,,7.12,198.2464
Nikki Bella,Artem Chigvintsev,Athlete,California,United States,33,25,Eliminated Week 7,8,7.0,7.0,6.0,,6.5,6.5,6.5,,7.0,7.0,7.0,,8.0,8.0,8.0,,9.0,9.0,9.0,,9.0,9.0,9.0,9.0,8.0,8.0,8.0,,0.0,0.0,0.0,,0.0,0.0,0.0,,0.0,0.0,0.0,0.0,,,,,25.83,225.90089999999998
Terrell Owens,Cheryl Burke,Athlete,Alabama,United States,43,25,Eliminated Week 8,6,5.0,5.0,5.0,,6.5,6.0,7.0,,7.0,7.0,7.0,,8.0,8.0,8.0,,9.0,8.0,8.0,,9.0,9.0,10.0,9.0,8.0,8.0,8.5,,8.5,8.5,8.5,,0.0,0.0,0.0,,0.0,0.0,0.0,0.0,,,,,17.29,401.20090000000005
Victoria Arlen,Valentin Chmerkovskiy,Athlete,New Hamshire,United States,22,25,Eliminated Week 9,5,7.0,6.0,6.0,,7.5,7.0,7.5,,8.0,7.0,7.0,,9.0,9.0,9.0,,9.0,9.0,9.0,,8.0,8.0,7.0,8.0,9.5,9.5,9.5,,8.0,8.0,8.0,,9.0,9.5,9.5,,0.0,0.0,0.0,0.0,,,,,9.45,292.41
Barbara Corcoran,Keo Motsepe,Entrepreneur,New Jersey,United States,68,25,Eliminated Week 2,13,5.0,4.0,5.0,,6.0,5.0,6.0,,0.0,0.0,0.0,,0.0,0.0,0.0,,0.0,0.0,0.0,,0.0,0.0,0.0,0.0,0.0,0.0,0.0,,0.0,0.0,0.0,,0.0,0.0,0.0,,0.0,0.0,0.0,0.0,,,,,4.77,184.4164
Lindsey Stirling,Mark Ballas,Musician,California,United States,31,25,2nd Place,2,7.0,8.0,7.0,,7.5,7.5,7.5,,9.0,9.0,9.0,,9.0,8.0,9.0,,9.0,10.0,9.0,,10.0,10.0,10.0,10.0,8.5,8.5,8.5,,9.5,8.5,9.0,,9.5,9.0,10.0,,10.0,10.0,10.0,10.0,,,,,23.55,386.5156
Debbie Gibson,Alan Bersten,Singer/Rapper,New York,United States,47,25,Eliminated Week 2,12,6.0,5.0,6.0,,7.0,6.5,7.0,,0.0,0.0,0.0,,0.0,0.0,0.0,,0.0,0.0,0.0,,0.0,0.0,0.0,0.0,0.0,0.0,0.0,,0.0,0.0,0.0,,0.0,0.0,0.0,,0.0,0.0,0.0,0.0,,,,,6.4,280.22759999999994
Nick Lachey,Peta Murgatroyd,Singer/Rapper,Kentucky,United States,43,25,Eliminated Week 6,9,6.0,6.0,6.0,,7.0,6.0,6.0,,7.0,7.0,7.0,,8.0,7.0,7.0,,7.0,8.0,7.0,,7.0,6.0,7.0,6.0,0.0,0.0,0.0,,0.0,0.0,0.0,,0.0,0.0,0.0,,0.0,0.0,0.0,0.0,,,,,12.25,322.92089999999996
Drew Scott,Emma Slater,TV Personality,,Canada,39,25,Eliminated Week 10,4,6.0,5.0,5.0,,7.0,6.5,7.0,,8.0,7.0,8.0,,8.0,8.0,8.0,,9.0,8.0,8.0,,7.0,7.0,9.0,7.0,9.5,9.5,9.5,,8.0,7.5,8.0,,8.0,8.0,8.0,,9.0,9.5,9.5,9.5,,,,,22.15,375.58439999999996
Vanessa Lachey,Maksim Chmerkoskiy,TV Personality,,Philippines,36,25,Eliminated Week 7,7,7.0,7.0,7.0,,8.0,8.0,7.5,,7.0,8.0,8.0,,8.0,8.0,8.0,,8.0,8.0,8.0,,9.0,9.0,9.0,9.0,9.0,9.0,9.0,,0.0,0.0,0.0,,0.0,0.0,0.0,,0.0,0.0,0.0,0.0,,,,,12.63,348.56890000000004
Jamie Anderson,Artem Chigvintsev,Athlete,California,United States,27,26,Eliminated Week 1,10,6.0,7.0,6.0,,0.0,0.0,0.0,0.0,0.0,0.0,0.0,0.0,0.0,0.0,0.0,,,,,,,,,,,,,,,,,,,,,,,,,,,,,,5.95,484.4401000000001
Johnny Damon,Emma Slater,Athlete,Kansas,United States,44,26,Eliminated Week 1,9,6.0,6.0,6.0,,0.0,0.0,0.0,0.0,0.0,0.0,0.0,0.0,0.0,0.0,0.0,,,,,,,,,,,,,,,,,,,,,,,,,,,,,,16.81,554.1315999999999
Kareem Abdul-Jabbar,Lindsay Arnold,Athlete,New York,United States,71,26,Eliminated Week 2,8,6.0,5.0,6.0,,7.5,8.0,7.0,7.0,0.0,0.0,0.0,0.0,0.0,0.0,0.0,,,,,,,,,,,,,,,,,,,,,,,,,,,,,,13.0,353.81609999999995
Arike Ogunbowale,Gleb Savchenko,Athlete,Wisconsin,United States,21,26,Eliminated Week 2,7,7.0,6.0,7.0,,8.5,9.5,8.5,8.5,0.0,0.0,0.0,0.0,0.0,0.0,0.0,,,,,,,,,,,,,,,,,,,,,,,,,,,,,,1.75,172.39690000000002
Jennie Finch Daigle,Keo Motsepe,Athlete,California,United States,37,26,Eliminated Week 3,6,7.0,7.0,7.0,,7.5,8.5,8.0,7.5,7.0,8.0,7.0,7.0,0.0,0.0,0.0,,,,,,,,,,,,,,,,,,,,,,,,,,,,,,29.12,1503.8884
Chris Mazdzer,Witney Carson,Athlete,Massachusetts,United States,29,26,Eliminated Week 3,5,7.0,7.0,7.0,,8.5,8.5,8.0,8.0,8.0,9.0,7.0,9.0,0.0,0.0,0.0,,,,,,,,,,,,,,,,,,,,,,,,,,,,,,1.75,172.39690000000002
Mirai Nagasu,Alan Bersten,Athlete,California,United States,25,26,Eliminated Week 3,4,7.0,8.0,8.0,,9.0,10.0,9.0,9.0,9.0,9.0,8.0,9.0,0.0,0.0,0.0,,,,,,,,,,,,,,,,,,,,,,,,,,,,,,1.75,172.39690000000002
Tonya Harding,Sasha Farber,Athlete,Oregon,United States,47,26,3rd Place,3,8.0,8.0,7.0,,8.0,9.0,8.0,8.0,8.5,9.5,8.5,8.5,9.0,9.5,9.5,,,,,,,,,,,,,,,,,,,,,,,,,,,,,,53.54,206.49689999999998
Josh Norman,Sharna Burgess,Athlete,South Carolina,United States,30,26,2nd Place,2,8.0,8.0,8.0,,7.5,8.0,8.0,8.0,9.5,9.5,9.5,9.5,9.5,9.5,9.5,,,,,,,,,,,,,,,,,,,,,,,,,,,,,,14.49,284.59690000000006
Adam Rippon,Jenna Johnson,Athlete,Pennsylvania,United States,28,26,1st Place,1,8.0,8.0,8.0,,9.0,9.5,9.0,9.5,10.5,10.5,9.5,10.5,9.5,9.5,10.0,,,,,,,,,,,,,,,,,,,,,,,,,,,,,,17.84,202.49290000000002
Juan Pablo Di Pace,Cheryl Burke,Actor/Actress,,Argentina,39,27,Eliminated Week 8,5,7.0,7.0,8.0,,9.0,8.0,9.0,,10.0,10.0,10.0,,8.0,8.0,8.0,,10.0,9.0,10.0,,10.0,10.0,10.0,,9.5,9.0,9.5,,10.0,10.0,10.0,,0.0,0.0,0.0,,,,,,,,,,2.77,265.69
Evanna Lynch,Keo Motsepe,Actor/Actress,,Ireland,27,27,3rd Place,3,7.0,5.0,6.0,,8.0,8.0,8.0,,9.0,9.0,9.0,,8.0,8.0,8.0,,8.0,8.0,8.0,,10.0,9.0,10.0,,10.0,9.5,10.0,,10.0,9.5,9.5,,10.0,10.0,10.0,,,,,,,,,,17.55,652.8025
Nancy McKeon,Valentin Chmerkovskiy,Actor/Actress,New York,United States,52,27,Eliminated Week 3,11,6.5,6.5,6.5,,7.0,6.5,7.0,,8.0,7.0,7.0,,0.0,0.0,0.0,,0.0,0.0,0.0,,0.0,0.0,0.0,,0.0,0.0,0.0,,0.0,0.0,0.0,,0.0,0.0,0.0,,,,,,,,,,8.1,215.5024
John Schneider,Emma Slater,Actor/Actress,New York,United States,58,27,Eliminated Week 7,8,7.0,5.0,6.0,,7.5,6.5,7.5,,7.0,7.0,7.0,,7.0,7.0,7.0,,8.0,8.0,8.0,,6.0,7.0,6.0,,9.0,9.0,9.0,,0.0,0.0,0.0,,0.0,0.0,0.0,,,,,,,,,,20.44,151.0441
Milo Manheim,Witney Carson,Actor/Actress,California,United States,17,27,2nd Place,2,7.0,6.0,7.0,,9.0,8.0,9.0,,9.0,9.0,9.0,,10.0,9.0,10.0,,9.0,8.0,10.0,,10.0,10.0,10.0,,10.0,9.0,10.0,,9.0,9.0,9.5,,10.0,10.0,10.0,,,,,,,,,,7.03,156.5001
Danelle Umstead,Artem Chigvintsev,Athlete,New Mexico,United States,46,27,Eliminated Week 2,12,6.0,6.0,6.0,,6.5,6.0,6.0,,0.0,0.0,0.0,,0.0,0.0,0.0,,0.0,0.0,0.0,,0.0,0.0,0.0,,0.0,0.0,0.0,,0.0,0.0,0.0,,0.0,0.0,0.0,,,,,,,,,,1.41,138.76839999999999
Mary Lou Retton,Sasha Farber,Athlete,West Virginia,United States,50,27,Eliminated Week 6,9,6.5,7.0,6.5,,8.0,7.5,7.5,,8.0,8.0,8.0,,9.0,8.0,9.0,,9.0,8.0,8.0,,8.0,8.0,8.0,,0.0,0.0,0.0,,0.0,0.0,0.0,,0.0,0.0,0.0,,,,,,,,,,21.72,605.6521
DeMarcus Ware,Lindsay Arnold,Athlete,Alabama,United States,36,27,Eliminated Week 7,7,8.0,7.0,8.0,,8.0,7.5,8.0,,9.0,8.0,9.0,,7.0,7.0,8.0,,9.0,8.0,9.0,,8.0,9.0,9.0,,9.0,8.5,9.0,,0.0,0.0,0.0,,0.0,0.0,0.0,,,,,,,,,,18.51,798.6276000000001
Nikki Glaser,Gleb Savchenko,Comedian,Ohio,United States,34,27,Eliminated Week 1,13,6.0,5.5,6.0,,0.0,0.0,0.0,,0.0,0.0,0.0,,0.0,0.0,0.0,,0.0,0.0,0.0,,0.0,0.0,0.0,,0.0,0.0,0.0,,0.0,0.0,0.0,,0.0,0.0,0.0,,,,,,,,,,16.94,291.04359999999997
Bobby Bones,Sharna Burgess,Radio Personality,Arkansas,United States,38,27,1st Place,1,7.0,6.0,7.0,,7.0,6.0,6.5,,8.0,7.0,8.0,,7.0,6.0,7.0,,7.0,7.0,7.0,,8.0,7.0,7.0,,9.0,8.5,9.0,,7.5,7.5,7.5,,9.0,9.0,9.0,,,,,,,,,,28.1,243.35999999999999
Tinashe,Brandon Armstrong,Singer/Rapper,Kentucky,United States,25,27,Eliminated Week 4,10,8.0,7.0,8.0,,9.0,8.0,9.0,,9.0,9.0,9.0,,9.0,8.0,9.0,,0.0,0.0,0.0,,0.0,0.0,0.0,,0.0,0.0,0.0,,0.0,0.0,0.0,,0.0,0.0,0.0,,,,,,,,,,21.25,266.01609999999994
Alexis Ren,Alan Bersten,Social Media Personality,California,United States,21,27,4th Place,4,7.0,7.5,7.5,,8.0,8.5,8.0,,9.0,8.0,9.0,,8.0,8.0,9.0,,10.0,9.0,10.0,,9.0,9.0,9.0,,9.0,9.0,9.5,,9.5,9.5,10.0,,9.5,9.5,9.5,,,,,,,,,,23.87,220.52249999999998
Joe Amabile,Jenna Johnson,TV Personality,Illinois,United States,32,27,Eliminated Week 8,6,5.0,4.0,5.0,,5.5,6.0,6.0,,6.0,6.0,6.0,,5.0,5.0,5.0,,6.0,5.0,6.0,,8.0,7.0,7.0,,8.0,7.5,8.0,,8.0,7.5,7.5,,0.0,0.0,0.0,,,,,,,,,,1.41,138.76839999999999
Kate Flannery,Pasha Pashkov,Actor/Actress,Pennsylvania,United States,55,28,Eliminated Week 8,7,5.0,5.0,5.0,,7.0,7.0,7.0,,8.0,8.0,8.0,,7.0,7.0,6.0,6.0,8.0,8.0,8.0,,9.0,9.0,9.0,,8.0,8.0,8.0,,8.6666,8.6666,8.6666,,0.0,0.0,0.0,0.0,0.0,0.0,0.0,,0.0,0.0,0.0,,12.31,475.67609999999996
James Van Der Beek,Emma Slater,Actor/Actress,Connecticut,United States,42,28,Eliminated Week 10,5,7.0,7.0,7.0,,7.0,6.0,7.0,,8.0,7.0,8.0,,7.0,7.0,7.0,7.0,9.0,8.0,9.0,,9.0,9.0,9.0,,9.0,9.0,9.0,,10.6666,10.6666,10.6666,,9.0,8.5,9.5,9.0,8.5,8.5,8.5,,0.0,0.0,0.0,,4.9,157.7536
Kel Mitchell,Witney Carson,Actor/Actress,Illinois,United States,41,28,2nd Place,2,6.0,5.0,5.0,,7.0,6.0,7.0,,7.0,6.0,7.0,,8.0,8.0,8.0,8.0,9.0,8.0,9.0,,9.0,8.0,9.0,,8.5,8.5,8.5,,9.6666,9.6666,10.6666,,9.0,9.0,9.5,9.5,9.5,9.5,9.5,,10.0,9.5,10.0,,11.56,337.08959999999996
Ray Lewis,Cheryl Burke,Athlete,Florida,United States,44,28,Withdrew,11,5.0,5.0,5.0,,5.0,5.0,5.0,,0.0,0.0,0.0,,0.0,0.0,0.0,0.0,0.0,0.0,0.0,,0.0,0.0,0.0,,0.0,0.0,0.0,,0.0,0.0,0.0,,0.0,0.0,0.0,0.0,0.0,0.0,0.0,,0.0,0.0,0.0,,11.72,215.5024
Lamar Odom,Peta Murgatroyd,Athlete,New York,United States,39,28,Eliminated Week 4,10,5.0,3.0,3.0,,4.0,4.0,4.0,,4.0,4.0,4.0,,5.0,7.0,4.0,4.0,0.0,0.0,0.0,,0.0,0.0,0.0,,0.0,0.0,0.0,,0.0,0.0,0.0,,0.0,0.0,0.0,0.0,0.0,0.0,0.0,,0.0,0.0,0.0,,12.3,248.0625
Sailor Brinkley-Cook,Valentin Chmerkovskiy,Model,New York,United States,21,28,Eliminated Week 6,9,6.0,6.0,6.0,,6.0,6.0,6.0,,7.0,8.0,8.0,,7.0,8.0,8.0,8.0,8.0,8.0,8.0,,9.0,9.0,9.0,,0.0,0.0,0.0,,0.0,0.0,0.0,,0.0,0.0,0.0,0.0,0.0,0.0,0.0,,0.0,0.0,0.0,,5.54,263.41290000000004
Sean Spicer,Lindsay Arnold,Politician,New York,United States,48,28,Eliminated Week 9,6,4.0,4.0,4.0,,6.0,5.0,5.0,,5.0,5.0,5.0,,5.0,6.0,5.0,5.0,7.0,6.0,6.0,,7.0,7.0,7.0,,7.0,7.0,7.0,,7.0,7.0,6.0,,6.5,6.0,6.5,6.0,0.0,0.0,0.0,,0.0,0.0,0.0,,10.59,282.24
Mary Wilson,Brandon Armstrong,Singer/Rapper,Nevada,United States,75,28,Eliminated Week 2,12,6.0,5.0,6.0,,5.0,5.0,5.0,,0.0,0.0,0.0,,0.0,0.0,0.0,0.0,0.0,0.0,0.0,,0.0,0.0,0.0,,0.0,0.0,0.0,,0.0,0.0,0.0,,0.0,0.0,0.0,0.0,0.0,0.0,0.0,,0.0,0.0,0.0,,5.96,256.96090000000004
Lauren Alaina,Gleb Savchenko,Singer/Rapper,Georgia,United States,24,28,4th Place,4,7.0,6.0,6.0,,6.0,6.0,7.0,,6.0,7.0,7.0,,8.0,8.0,8.0,8.0,8.0,7.0,8.0,,9.0,8.0,9.0,,9.0,9.0,9.0,,8.0,8.0,8.0,,9.0,9.0,8.5,8.5,9.0,9.0,9.0,,9.5,9.5,9.5,,17.82,435.97439999999995
Ally Brooke,Sasha Farber,Singer/Rapper,Texas,United States,26,28,3rd Place,3,5.0,5.0,6.0,,7.0,6.0,7.0,,8.0,8.0,8.0,,8.0,8.0,8.0,8.0,9.0,9.0,9.0,,8.0,9.0,8.0,,9.0,9.0,9.0,,10.0,10.0,10.0,,10.0,10.0,10.0,10.0,10.0,9.5,10.0,,10.0,10.0,10.0,,15.08,517.1075999999999
Karamo Brown,Jenna Johnson,TV Personality,Texas,United States,38,28,Eliminated Week 7,8,6.0,5.0,6.0,,7.0,5.0,7.0,,5.0,5.0,6.0,,7.0,7.0,7.0,7.0,7.0,7.0,7.0,,9.0,8.0,8.0,,8.5,8.0,8.0,,0.0,0.0,0.0,,0.0,0.0,0.0,0.0,0.0,0.0,0.0,,0.0,0.0,0.0,,14.83,436.80999999999995
Hannah Brown,Alan Bersten,TV Personality,Alabama,United States,24,28,1st Place,1,7.0,7.0,6.0,,8.0,8.0,8.0,,7.0,7.0,7.0,,8.0,8.0,8.0,8.0,9.0,7.0,9.0,,8.0,8.0,8.0,,8.5,9.0,8.5,,10.6666,9.6666,10.6666,,9.0,8.5,9.0,9.0,9.0,9.0,9.0,,10.0,9.5,9.5,,21.2,385.33689999999996
Anne Heche,Keo Motsepe,Actor/Actress,Ohio,United States,51,29,Eliminated Week 4,13,6.0,6.0,6.0,,6.0,6.0,6.0,,5.0,5.0,5.0,,7.0,7.0,7.0,,0.0,0.0,0.0,,0.0,0.0,0.0,,0.0,0.0,0.0,,0.0,0.0,0.0,,0.0,0.0,0.0,,0.0,0.0,0.0,,0.0,0.0,0.0,,8.82,340.03360000000004
Jesse Metcalfe,Sharna Burgess,Actor/Actress,California,United States,41,29,Eliminated Week 5,12,6.0,6.0,6.0,,7.0,7.0,6.0,,7.0,6.0,7.0,,7.0,7.0,7.0,,7.0,6.0,6.0,,0.0,0.0,0.0,,0.0,0.0,0.0,,0.0,0.0,0.0,,0.0,0.0,0.0,,0.0,0.0,0.0,,0.0,0.0,0.0,,9.24,273.2409
Chrishell Stause,Gleb Savchenko,Actor/Actress,Kentucky,United States,39,29,Eliminated Week 8,8,4.0,5.0,4.0,,6.0,6.0,6.0,,7.0,7.0,8.0,,7.0,8.0,7.0,,6.0,6.0,7.0,,8.0,8.0,8.0,,9.0,9.0,8.0,,9.0,9.0,9.0,,0.0,0.0,0.0,,0.0,0.0,0.0,,0.0,0.0,0.0,,10.46,203.63289999999998
Skai Jackson,Alan Bersten,Actor/Actress,New York,United States,18,29,Eliminated Week 10,5,7.0,7.0,7.0,,5.0,5.0,5.0,,6.0,6.0,6.0,,10.0,9.0,9.0,,8.0,8.0,8.0,,6.0,6.0,6.0,,9.0,9.0,9.0,,8.6666,9.6666,8.6666,,9.6666,9.6666,9.6666,,9.5,9.5,9.5,,0.0,0.0,0.0,,11.46,207.9364
Justina Machado,Sasha Farber,Actor/Actress,Illinois,United States,48,29,4th Place,4,7.0,7.0,7.0,,7.0,7.0,7.0,,7.0,6.0,6.0,,8.0,8.0,8.0,,8.0,8.0,8.0,,9.0,9.0,9.0,,9.0,9.0,8.0,,9.6666,9.6666,9.6666,,8.6666,8.6666,8.6666,,9.5,10.0,9.5,,10.0,10.0,10.0,,13.49,406.42560000000003
Charles Oakley,Emma Slater,Athlete,Ohio,United States,56,29,Eliminated Week 2,15,4.0,4.0,4.0,,5.0,5.0,5.0,,0.0,0.0,0.0,,0.0,0.0,0.0,,0.0,0.0,0.0,,0.0,0.0,0.0,,0.0,0.0,0.0,,0.0,0.0,0.0,,0.0,0.0,0.0,,0.0,0.0,0.0,,0.0,0.0,0.0,,4.35,249.3241
Veron Davis,Peta Murgatroyd,Athlete,Washington D.C.,United States,36,29,Eliminated Week 6,11,5.0,6.0,6.0,,6.0,6.0,6.0,,8.0,7.0,7.0,,8.0,7.0,7.0,,7.0,7.0,7.0,,7.0,7.0,7.0,,0.0,0.0,0.0,,0.0,0.0,0.0,,0.0,0.0,0.0,,0.0,0.0,0.0,,0.0,0.0,0.0,,1.41,138.76839999999999
Johnny Weir,Britt Stewart,Athlete,Pennsylvania,United States,36,29,Eliminated Week 10,6,6.0,6.0,6.0,,6.0,6.0,6.0,,8.0,8.0,8.0,,8.0,8.0,8.0,,10.0,10.0,9.0,,7.0,8.0,7.0,,9.0,9.0,9.0,,10.0,10.0,10.0,,10.0,10.0,10.0,,9.5,9.5,9.5,,0.0,0.0,0.0,,13.99,398.80089999999996
Nev Schulman,Jenna Johnson,Producer,New York,United States,35,29,2nd Place,2,7.0,7.0,6.0,,7.0,7.0,7.0,,8.0,8.0,8.0,,8.0,8.0,8.0,,8.0,9.0,9.0,,9.0,9.0,8.0,,10.0,10.0,10.0,,10.0,10.0,10.0,,9.6666,9.6666,9.6666,,10.0,10.0,10.0,,10.0,10.0,10.0,,17.17,495.5076000000001
AJ McLean,Cheryl Burke,Singer/Rapper,Florida,United States,42,29,Eliminated Week 9,7,6.0,6.0,6.0,,7.0,6.0,6.0,,7.0,7.0,7.0,,8.0,8.0,8.0,,8.0,8.0,8.0,,9.0,9.0,9.0,,9.0,8.0,9.0,,9.0,9.0,9.0,,7.6666,8.6666,8.6666,,0.0,0.0,0.0,,0.0,0.0,0.0,,15.92,571.6881
Nelly,Daniella Karagach,Singer/Rapper,Texas,United States,45,29,3rd Place,3,5.0,5.0,6.0,,6.0,6.0,6.0,,6.0,6.0,6.0,,7.0,7.0,7.0,,8.0,8.0,8.0,,8.0,8.0,8.0,,9.0,9.0,9.0,,8.0,8.0,8.0,,8.0,8.0,8.0,,9.5,9.0,9.5,,9.5,9.5,9.5,,26.46,279.2241
Kaitlyn Bristowe,Artem Chigvintsev,TV Personality,,Canada,35,29,1st Place,1,6.0,7.0,7.0,,7.0,8.0,7.0,,8.0,7.0,8.0,,9.0,8.0,8.0,,9.0,9.0,9.0,,9.0,9.0,9.0,,7.0,9.0,8.0,,9.0,10.0,9.0,,10.0,10.0,10.0,,10.0,10.0,10.0,,10.0,10.0,10.0,,14.86,410.0625
Carole Baskin,Pasha Pashkov,TV Personality,Texas,United States,59,29,Eliminated Week 3,14,4.0,4.0,3.0,,6.0,5.0,5.0,,5.0,4.0,3.0,,0.0,0.0,0.0,,0.0,0.0,0.0,,0.0,0.0,0.0,,0.0,0.0,0.0,,0.0,0.0,0.0,,0.0,0.0,0.0,,0.0,0.0,0.0,,0.0,0.0,0.0,,8.72,175.0329
Monica Aldama,Valentin Chmerkovskiy,TV Personality,Alabama,United States,48,29,Eliminated Week 7,10,6.0,7.0,6.0,,5.0,6.0,5.0,,7.0,7.0,7.0,,8.0,8.0,8.0,,9.0,9.0,8.0,,9.0,9.0,9.0,,7.0,8.0,7.0,,0.0,0.0,0.0,,0.0,0.0,0.0,,0.0,0.0,0.0,,0.0,0.0,0.0,,9.63,396.4081
Jeannie Mai,Brandon Armstrong,TV Personality,California,United States,41,29,Withdrew,9,6.0,6.0,6.0,,6.0,6.0,6.0,,7.0,7.0,8.0,,7.0,7.0,7.0,,8.0,8.0,8.0,,8.0,8.0,9.0,,8.0,9.0,8.0,,0.0,0.0,0.0,,0.0,0.0,0.0,,0.0,0.0,0.0,,0.0,0.0,0.0,,8.28,259.53209999999996
Martin Kove,Britt Stewart,Actor/Actress,New York,United States,75,30,Eliminated Week 2,15,4.0,3.0,3.0,3.0,4.0,3.0,4.0,4.0,0.0,0.0,0.0,,0.0,0.0,0.0,0.0,0.0,0.0,0.0,0.0,0.0,0.0,0.0,0.0,0.0,0.0,0.0,0.0,0.0,0.0,0.0,0.0,0.0,0.0,0.0,0.0,0.0,0.0,0.0,0.0,,,,,4.14,217.8576
Brian Austin Green,Sharna Burgess,Actor/Actress,California,United States,48,30,Eliminated Week 4,13,6.0,6.0,6.0,6.0,6.0,5.0,6.0,6.0,7.0,6.0,6.0,,6.5,6.0,7.0,6.5,0.0,0.0,0.0,0.0,0.0,0.0,0.0,0.0,0.0,0.0,0.0,0.0,0.0,0.0,0.0,0.0,0.0,0.0,0.0,0.0,0.0,0.0,0.0,0.0,,,,,9.64,226.80360000000002
Melora Hardin,Artem Chigvintsev,Actor/Actress,Texas,United States,54,30,Eliminated Week 9,6,7.0,6.0,7.0,6.0,7.0,6.0,7.0,7.0,8.0,7.0,8.0,,9.0,9.5,9.0,9.0,9.0,9.0,9.0,9.0,8.0,9.0,8.0,9.0,9.5,9.5,9.5,9.5,10.5,10.5,10.5,10.5,8.5,9.5,9.0,9.0,0.0,0.0,0.0,0.0,,,,,13.86,392.04
Matt James,Lindsay Arnold,Athlete,North Carolina,United States,29,30,Eliminated Week 4,12,6.0,6.0,6.0,6.0,5.0,5.0,6.0,6.0,7.0,6.0,7.0,,7.0,6.5,7.5,7.5,0.0,0.0,0.0,0.0,0.0,0.0,0.0,0.0,0.0,0.0,0.0,0.0,0.0,0.0,0.0,0.0,0.0,0.0,0.0,0.0,0.0,0.0,0.0,0.0,,,,,20.55,313.64410000000004
"Mike ""The Miz"" Mizanin",Witney Carson,Athlete,Ohio,United States,40,30,Eliminated Week 7,9,6.0,6.0,6.0,6.0,7.0,5.0,7.0,7.0,7.0,7.0,8.0,,8.5,7.5,8.5,8.0,8.0,8.0,8.0,8.0,9.0,8.0,9.0,8.0,8.0,8.0,8.0,8.0,0.0,0.0,0.0,0.0,0.0,0.0,0.0,0.0,0.0,0.0,0.0,0.0,,,,,2.77,241.18089999999998
Suni Lee,Sasha Farber,Athlete,Minnesota,United States,18,30,Eliminated Week 9,5,7.0,7.0,7.0,7.0,7.0,7.0,7.0,7.0,7.0,7.0,7.0,,8.5,8.0,9.0,8.5,9.0,9.0,9.0,9.0,9.0,9.0,9.0,9.0,8.25,8.25,8.25,9.25,10.5,10.5,10.5,10.5,10.0,9.0,9.5,9.0,0.0,0.0,0.0,0.0,,,,,17.27,418.2025
Iman Shumpert,Daniella Karagach,Athlete,Illinois,United States,31,30,1st Place,1,7.0,4.0,5.0,5.0,7.0,6.0,6.0,6.0,7.0,6.0,6.0,,8.5,6.5,8.5,8.0,7.0,7.0,7.0,7.0,10.0,10.0,10.0,10.0,9.5,7.5,8.5,8.5,9.0,8.0,9.0,9.0,9.5,9.0,10.0,9.0,10.0,10.0,10.0,10.0,,,,,14.81,345.96000000000004
Cody Rigsby,Cheryl Burke,Fitness Instructor,California,United States,34,30,3rd Place,3,6.0,6.0,6.0,6.0,6.0,6.0,6.0,6.0,6.0,6.0,6.0,,7.5,6.5,7.5,7.5,8.0,8.0,8.0,8.0,9.0,9.0,9.0,9.0,8.5,8.5,9.5,9.5,10.0,10.0,9.0,9.0,9.0,9.0,8.5,9.0,9.5,9.5,9.5,9.5,,,,,11.95,277.22249999999997
Melanie C,Gleb Savchenko,Singer/Rapper,,England,47,30,Eliminated Week 5,11,7.0,7.0,6.0,7.0,7.0,7.0,8.0,8.0,7.0,7.0,8.0,,8.0,8.0,8.5,8.5,9.0,9.0,9.0,9.0,0.0,0.0,0.0,0.0,0.0,0.0,0.0,0.0,0.0,0.0,0.0,0.0,0.0,0.0,0.0,0.0,0.0,0.0,0.0,0.0,,,,,8.58,359.10249999999996
Jimmie Allen,Emma Slater,Singer/Rapper,Delaware,United States,36,30,Eliminated Week 8,7,6.0,5.0,6.0,5.0,7.0,6.0,7.0,7.0,6.0,6.0,8.0,,8.5,7.5,8.5,8.0,8.0,8.0,9.0,9.0,10.0,9.0,10.0,9.0,9.0,9.0,10.0,10.0,8.0,8.0,8.0,8.0,0.0,0.0,0.0,0.0,0.0,0.0,0.0,0.0,,,,,9.92,201.92410000000004
Olivia Jade,Valentin Chmerkovskiy,Social Media Personality,California,United States,21,30,Eliminated Week 8,8,7.0,6.0,6.0,6.0,7.0,6.0,7.0,7.0,8.0,8.0,8.0,,8.0,9.0,9.0,9.0,9.0,9.0,9.0,9.0,9.0,9.0,9.0,9.0,11.0,9.0,11.0,11.0,9.0,9.0,9.0,9.0,0.0,0.0,0.0,0.0,0.0,0.0,0.0,0.0,,,,,9.05,196.84089999999998
JoJo Siwa,Jenna Johnson,Social Media Personality,Nebraska,United States,18,30,2nd Place,2,8.0,7.0,7.0,7.0,8.0,8.0,7.0,8.0,8.0,8.0,8.0,,8.5,8.5,9.0,9.0,10.0,10.0,10.0,10.0,10.0,10.0,10.0,10.0,10.0,9.0,10.0,10.0,10.5,9.5,10.5,10.5,10.0,10.0,10.0,10.0,10.0,10.0,10.0,10.0,,,,,31.17,285.9481
Christine Chiu,Pasha Pashkov,TV Personality,,Taiwan China,38,30,Eliminated Week 3,14,6.0,7.0,6.0,6.0,6.0,6.0,6.0,6.0,7.0,7.0,7.0,,0.0,0.0,0.0,0.0,0.0,0.0,0.0,0.0,0.0,0.0,0.0,0.0,0.0,0.0,0.0,0.0,0.0,0.0,0.0,0.0,0.0,0.0,0.0,0.0,0.0,0.0,0.0,0.0,,,,,5.7,278.89
Kenya Moore,Brandon Armstrong,TV Personality,Michigan,United States,50,30,Eliminated Week 6,10,7.0,6.0,6.0,7.0,6.0,6.0,6.0,6.0,7.0,7.0,7.0,,7.0,7.0,8.0,7.5,9.0,9.0,9.0,9.0,8.0,8.0,8.0,8.0,0.0,0.0,0.0,0.0,0.0,0.0,0.0,0.0,0.0,0.0,0.0,0.0,0.0,0.0,0.0,0.0,,,,,19.95,428.07610000000005
Amanda Kloots,Alan Bersten,TV Personality,Ohio,United States,39,30,4th Place,4,7.0,7.0,7.0,7.0,8.0,8.0,8.0,8.0,8.0,8.0,8.0,,8.5,8.5,8.5,8.5,10.0,10.0,9.0,10.0,9.0,9.0,10.0,10.0,8.25,8.25,8.25,9.25,10.5,10.5,10.5,10.5,9.5,10.0,10.0,10.0,9.5,10.0,9.5,10.0,,,,,11.73,359.4816
Jason Lewis,Peta Murgatroyd,Actor/Actress,California,United States,51,31,Eliminated Week 1,16,5.0,4.0,4.0,5.0,0.0,0.0,0.0,0.0,0.0,0.0,0.0,0.0,0.0,0.0,0.0,0.0,0.0,0.0,0.0,0.0,0.0,0.0,0.0,0.0,0.0,0.0,0.0,0.0,0.0,0.0,0.0,0.0,0.0,0.0,0.0,0.0,0.0,0.0,0.0,0.0,,,,,7.31,172.9225
Cheryl Ladd,Louis van Amstel,Actor/Actress,South Dakota,United States,71,31,Eliminated Week 3,14,6.0,5.0,5.0,5.0,5.0,6.0,5.0,5.0,6.0,6.0,6.0,6.0,0.0,0.0,0.0,0.0,0.0,0.0,0.0,0.0,0.0,0.0,0.0,0.0,0.0,0.0,0.0,0.0,0.0,0.0,0.0,0.0,0.0,0.0,0.0,0.0,0.0,0.0,0.0,0.0,,,,,18.61,410.46760000000006
Selma Blair,Sasha Farber,Actor/Actress,Michigan,United States,50,31,Withdrew,12,7.0,7.0,7.0,7.0,7.0,7.0,7.0,7.0,7.0,7.0,7.0,7.0,8.0,8.0,8.0,8.0,10.0,10.0,10.0,10.0,0.0,0.0,0.0,0.0,0.0,0.0,0.0,0.0,0.0,0.0,0.0,0.0,0.0,0.0,0.0,0.0,0.0,0.0,0.0,0.0,,,,,11.36,210.25
Joseph Baena,Daniella Karagach,Actor/Actress,California,United States,24,31,Eliminated Week 5,11,6.0,5.0,6.0,6.0,6.0,6.0,6.0,6.0,8.0,7.0,7.0,7.0,7.0,7.0,7.0,7.0,9.0,8.5,9.0,8.5,0.0,0.0,0.0,0.0,0.0,0.0,0.0,0.0,0.0,0.0,0.0,0.0,0.0,0.0,0.0,0.0,0.0,0.0,0.0,0.0,,,,,16.02,385.33689999999996
Trevor Donovan,Emma Slater,Actor/Actress,California,United States,39,31,Eliminated Week 9,6,5.0,5.0,5.0,6.0,7.0,7.0,8.0,8.0,7.0,6.0,7.0,7.0,7.0,7.0,7.0,7.0,9.0,9.0,9.0,9.0,9.0,8.0,8.0,9.0,10.0,9.0,10.0,10.0,9.25,10.25,9.25,10.25,8.5,8.0,8.0,8.0,0.0,0.0,0.0,0.0,,,,,17.69,262.1161
Daniel Durant,Britt Stewart,Actor/Actress,Michigan,United States,32,31,Eliminated Week 9,5,7.0,6.0,7.0,7.0,7.0,7.0,7.0,8.0,8.0,7.0,8.0,8.0,7.0,7.0,7.0,8.0,8.125,8.125,8.625,8.625,9.0,8.0,8.0,9.0,9.0,8.5,9.5,9.5,10.0,9.0,10.0,10.0,9.0,8.0,9.0,8.5,0.0,0.0,0.0,0.0,,,,,15.59,269.61640000000006
Wayne Brady,Witney Carson,Comedian,Georgia,United States,50,31,3rd Place,3,7.0,7.0,7.0,8.0,8.0,8.0,8.0,8.0,8.0,8.0,8.0,9.0,9.0,9.0,9.0,9.0,10.125,10.125,10.125,10.625,8.0,9.0,8.0,9.0,9.5,9.0,9.5,10.0,11.25,11.25,11.25,11.25,9.5,9.0,9.0,9.0,9.5,9.5,9.5,9.5,,,,,25.27,331.23999999999995
Sam Champion,Cheryl Burke,News Anchor,Kentucky,United States,61,31,Eliminated Week 4,13,5.0,5.0,5.0,5.0,6.0,6.0,7.0,7.0,6.0,6.0,6.0,7.0,7.0,6.0,6.0,6.0,0.0,0.0,0.0,0.0,0.0,0.0,0.0,0.0,0.0,0.0,0.0,0.0,0.0,0.0,0.0,0.0,0.0,0.0,0.0,0.0,0.0,0.0,0.0,0.0,,,,,9.69,279.8929
Jessie James Decker,Alan Bersten,Singer/Rapper,,Italy,34,31,Eliminated Week 6,10,5.0,5.0,5.0,5.0,7.0,6.0,6.0,6.0,6.0,6.0,7.0,7.0,8.0,7.0,8.0,8.0,8.875,8.875,9.375,8.875,8.0,8.0,8.0,8.0,0.0,0.0,0.0,0.0,0.0,0.0,0.0,0.0,0.0,0.0,0.0,0.0,0.0,0.0,0.0,0.0,,,,,25.91,323.28040000000004
Jordin Sparks,Brandon Armstrong,Singer/Rapper,Arizona,United States,32,31,Eliminated Week 7,9,7.0,6.0,6.0,7.0,7.0,6.0,7.0,7.0,7.0,7.0,7.0,8.0,9.0,8.0,8.0,9.0,8.875,8.375,8.875,9.375,9.0,8.0,8.0,9.0,8.5,9.0,8.5,8.5,0.0,0.0,0.0,0.0,0.0,0.0,0.0,0.0,0.0,0.0,0.0,0.0,,,,,25.89,325.8025
Heidi D'Amelio,Artem Chigvintsev,Social Media Personality,Louisiana,United States,50,31,Eliminated Week 8,8,6.0,6.0,6.0,6.0,7.0,7.0,7.0,7.0,8.0,8.0,8.0,8.0,9.0,8.0,8.0,9.0,9.625,10.125,9.625,9.625,9.0,9.0,9.0,9.0,8.5,9.0,9.0,8.5,9.0,8.0,9.0,9.0,0.0,0.0,0.0,0.0,0.0,0.0,0.0,0.0,,,,,17.89,363.2836
Charli D'Amelio,Mark Ballas,Social Media Personality,Connecticut,United States,18,31,1st Place,1,8.0,8.0,8.0,8.0,8.0,8.0,8.0,8.0,8.0,8.0,8.0,9.0,9.0,9.0,9.0,9.0,10.375,10.375,10.375,10.875,10.0,10.0,10.0,10.0,9.5,9.5,10.0,10.0,11.25,11.25,11.25,11.25,10.0,10.0,10.0,10.0,10.0,10.0,10.0,10.0,,,,,44.92,167.44359999999998
Teresa Giudice,Pasha Pashkov,TV Personality,New Jersey,United States,50,31,Eliminated Week 2,15,5.0,5.0,5.0,5.0,6.0,5.0,6.0,6.0,0.0,0.0,0.0,0.0,0.0,0.0,0.0,0.0,0.0,0.0,0.0,0.0,0.0,0.0,0.0,0.0,0.0,0.0,0.0,0.0,0.0,0.0,0.0,0.0,0.0,0.0,0.0,0.0,0.0,0.0,0.0,0.0,,,,,23.69,256.3201
Vinny Guadagnino,Koko Iwasaki,TV Personality,New York,United States,34,31,Eliminated Week 8,7,4.0,4.0,5.0,4.0,7.0,6.0,7.0,7.0,6.0,5.0,6.0,6.0,8.0,7.0,7.0,7.0,7.75,7.75,7.75,7.75,7.0,7.0,7.0,7.0,7.5,8.0,8.0,8.0,8.0,7.0,7.0,7.0,0.0,0.0,0.0,0.0,0.0,0.0,0.0,0.0,,,,,39.17,402.4035999999999
Shangela,Gleb Savchenko,TV Personality,Texas,United States,40,31,4th Place,4,7.0,7.0,7.0,7.0,7.0,7.0,7.0,7.0,8.0,7.0,7.0,8.0,8.0,8.0,8.0,8.0,9.75,9.25,9.75,9.75,9.0,9.0,9.0,9.0,9.0,9.5,9.0,9.0,11.25,10.25,10.25,10.25,9.5,9.0,9.0,9.0,9.5,9.5,9.5,9.5,,,,,24.52,415.75210000000004
Gabby Windey,Valentin Chmerkovskiy,TV Personality,Illinois,United States,31,31,2nd Place,2,7.0,7.0,7.0,7.0,8.0,8.0,8.0,8.0,8.0,8.0,8.0,9.0,9.0,9.0,9.0,9.0,10.25,10.25,10.25,10.25,9.0,9.0,9.0,10.0,9.0,9.0,8.5,9.0,10.0,10.0,10.0,10.0,10.0,10.0,10.0,10.0,10.0,10.0,10.0,10.0,,,,,16.94,263.41290000000004
Jamie Lynn Spears,Alan Bersten,Actor/Actress,Mississippi,United States,32,32,Eliminated Week 2,13,5.0,5.0,5.0,,6.0,5.0,5.0,,0.0,0.0,0.0,0.0,0.0,0.0,0.0,,0.0,0.0,0.0,,0.0,0.0,0.0,0.0,0.0,0.0,0.0,0.0,0.0,0.0,0.0,0.0,0.0,0.0,0.0,0.0,0.0,0.0,0.0,,0.0,0.0,0.0,,15.74,290.70250000000004
Mira Sorvino,Gleb Savchenko,Actor/Actress,New York,United States,55,32,Eliminated Week 5,10,6.0,5.0,6.0,,6.0,6.0,6.0,,6.0,6.0,7.0,7.0,7.0,7.0,7.0,,7.0,8.0,7.0,,0.0,0.0,0.0,0.0,0.0,0.0,0.0,0.0,0.0,0.0,0.0,0.0,0.0,0.0,0.0,0.0,0.0,0.0,0.0,,0.0,0.0,0.0,,11.11,309.4081
Barry Williams,Peta Murgatroyd,Actor/Actress,California,United States,68,32,Eliminated Week 8,7,6.0,5.0,5.0,,5.0,5.0,5.0,,6.0,6.0,7.0,6.0,6.0,6.0,6.0,,8.0,8.0,8.0,,8.25,7.25,8.25,8.25,8.0,8.0,8.5,8.0,8.75,8.75,8.75,8.75,0.0,0.0,0.0,0.0,0.0,0.0,0.0,,0.0,0.0,0.0,,11.51,319.6944
Alyson Hannigan,Sasha Farber,Actor/Actress,Washington D.C.,United States,49,32,5th Place,5,5.0,4.0,4.0,,7.0,6.0,6.0,,6.0,6.0,6.0,6.0,6.0,6.0,6.0,,7.0,7.0,7.0,,7.5,7.5,7.5,8.5,8.5,8.5,9.5,8.5,8.75,8.75,9.75,8.75,7.75,7.75,8.75,7.75,8.5,8.5,8.5,,9.0,8.5,9.0,,15.19,313.28999999999996
Xochitl Gomez,Valentin Chmerkovskiy,Actor/Actress,California,United States,17,32,1st Place,1,6.0,6.0,6.0,,8.0,8.0,8.0,,8.0,8.0,8.0,8.0,9.0,9.0,9.0,,9.0,10.0,9.0,,10.25,10.25,11.25,10.25,9.5,9.0,9.5,9.0,10.0,10.0,10.0,10.0,9.75,9.75,10.75,10.75,10.0,10.0,10.0,,10.0,10.0,10.0,,19.58,429.73290000000003
Adrian Peterson,Britt Stewart,Athlete,Texas,United States,38,32,Eliminated Week 4,11,6.0,6.0,6.0,,5.0,5.0,5.0,,5.0,5.0,6.0,6.0,7.0,7.0,7.0,,0.0,0.0,0.0,,0.0,0.0,0.0,0.0,0.0,0.0,0.0,0.0,0.0,0.0,0.0,0.0,0.0,0.0,0.0,0.0,0.0,0.0,0.0,,0.0,0.0,0.0,,13.0,227.7081
Matt Walsh,Koko Iwasaki,Comedian,Illinois,United States,58,32,Eliminated Week 1,14,4.0,4.0,4.0,,0.0,0.0,0.0,,0.0,0.0,0.0,0.0,0.0,0.0,0.0,,0.0,0.0,0.0,,0.0,0.0,0.0,0.0,0.0,0.0,0.0,0.0,0.0,0.0,0.0,0.0,0.0,0.0,0.0,0.0,0.0,0.0,0.0,,0.0,0.0,0.0,,9.63,165.37959999999998
Tyson Beckford,Jenna Johnson,Model,New York,United States,52,32,Eliminated Week 3,12,4.0,4.0,4.0,,6.0,6.0,6.0,,5.0,5.0,5.0,5.0,0.0,0.0,0.0,,0.0,0.0,0.0,,0.0,0.0,0.0,0.0,0.0,0.0,0.0,0.0,0.0,0.0,0.0,0.0,0.0,0.0,0.0,0.0,0.0,0.0,0.0,,0.0,0.0,0.0,,8.33,335.25609999999995
Jason Mraz,Daniella Karagach,Singer/Rapper,Virginia,United States,46,32,2nd Place,2,7.0,7.0,7.0,,8.0,8.0,8.0,,9.0,8.0,9.0,8.0,8.0,8.0,8.0,,9.0,9.0,9.0,,9.75,9.75,9.75,9.75,8.5,8.5,10.0,9.0,8.0,9.0,8.0,8.0,10.75,10.75,10.75,10.75,9.5,9.5,9.5,,10.0,10.0,10.0,,19.05,419.0208999999999
Lele Pons,Brandon Armstrong,Social Media Personality,,Venezuela,27,32,Eliminated Week 7,8,6.0,7.0,6.0,,7.0,7.0,7.0,,7.0,6.0,7.0,7.0,7.0,7.0,8.0,,8.0,8.0,8.0,,9.0,9.0,9.0,10.0,9.5,9.0,9.0,9.0,0.0,0.0,0.0,0.0,0.0,0.0,0.0,0.0,0.0,0.0,0.0,,0.0,0.0,0.0,,18.3,465.2649
Harry Jowsey,Rylee Arnold,TV Personality,,Australia,26,32,Eliminated Week 9,6,4.0,4.0,4.0,,5.0,5.0,5.0,,6.0,5.0,7.0,6.0,7.0,7.0,7.0,,6.0,6.0,6.0,,7.25,7.25,7.25,7.25,8.0,8.0,8.0,8.0,7.0,7.0,7.0,7.0,8.0,7.0,8.0,7.0,0.0,0.0,0.0,,0.0,0.0,0.0,,22.75,423.9481
Mauricio Umansky,Emma Slater,TV Personality,,Mexico,53,32,Eliminated Week 6,9,5.0,5.0,5.0,,4.0,4.0,4.0,,7.0,5.0,6.0,5.0,7.0,6.0,6.0,,8.0,8.0,8.0,,8.5,8.5,7.5,8.5,0.0,0.0,0.0,0.0,0.0,0.0,0.0,0.0,0.0,0.0,0.0,0.0,0.0,0.0,0.0,,0.0,0.0,0.0,,14.46,322.2025
Charity Lawson,Artem Chigvintsev,TV Personality,Georgia,United States,27,32,4th Place,4,7.0,7.0,8.0,,7.0,7.0,7.0,,8.0,8.0,8.0,8.0,8.0,8.0,8.0,,10.0,9.0,9.0,,9.75,9.75,8.75,9.75,9.0,9.0,9.0,9.0,9.75,9.75,9.75,9.75,9.0,10.0,9.0,10.0,10.0,9.5,10.0,,9.5,10.0,10.0,,21.84,617.0255999999999
Ariana Madix,Pasha Pashkov,TV Personality,Florida,United States,38,32,3rd Place,3,7.0,7.0,7.0,,6.0,7.0,7.0,,9.0,8.0,9.0,8.0,8.0,9.0,8.0,,8.0,8.0,8.0,,10.0,10.0,10.0,11.0,9.0,9.0,10.0,9.0,9.75,10.75,10.75,10.75,9.0,9.0,9.0,10.0,9.5,9.5,10.0,,9.5,10.0,10.0,,14.09,252.17440000000002
Tori Spelling,Pasha Pashkov,Actor/Actress,California,United States,51,33,Eliminated Week 2,12,6.0,6.0,5.0,,7.0,6.0,6.0,,0.0,0.0,0.0,0.0,0.0,0.0,0.0,0.0,0.0,0.0,0.0,,0.0,0.0,0.0,,0.0,0.0,0.0,,0.0,0.0,0.0,,0.0,0.0,0.0,,,,,,,,,,7.25,243.98439999999997
Eric Roberts,Britt Stewart,Actor/Actress,California,United States,68,33,Eliminated Week 3,10,5.0,5.0,5.0,,6.0,4.0,5.0,,6.5,5.5,5.5,5.5,0.0,0.0,0.0,0.0,0.0,0.0,0.0,,0.0,0.0,0.0,,0.0,0.0,0.0,,0.0,0.0,0.0,,0.0,0.0,0.0,,,,,,,,,,7.3,217.5625
Reginald VelJohnson,Emma Slater,Actor/Actress,New York,United States,74,33,Eliminated Week 3,10,6.0,5.0,5.0,,6.0,4.0,5.0,,6.0,5.0,5.0,5.0,0.0,0.0,0.0,0.0,0.0,0.0,0.0,,0.0,0.0,0.0,,0.0,0.0,0.0,,0.0,0.0,0.0,,0.0,0.0,0.0,,,,,,,,,,10.31,356.45439999999996
Chandler Kinney,Brandon Armstrong,Actor/Actress,California,United States,24,33,3rd Place,3,8.0,7.0,8.0,,8.0,8.0,8.0,,8.5,8.5,9.0,8.5,8.0,8.0,8.0,8.0,9.0,9.0,9.0,,10.0,11.0,11.0,,10.0,10.0,10.0,,9.5,9.5,10.0,,10.0,10.0,10.0,,,,,,,,,,13.87,381.0304
Dwight Howard ,Daniella Karagach,Athlete,Georgia,United States,38,33,Eliminated Week 7,6,8.0,7.0,7.0,,8.0,7.0,7.0,,7.0,6.5,6.0,6.5,7.0,8.0,7.0,7.0,8.0,8.0,8.0,,11.0,10.0,10.0,,8.0,8.0,8.0,,0.0,0.0,0.0,,0.0,0.0,0.0,,,,,,,,,,14.39,285.9481
Danny Amendola,Witney Carson,Athlete,Texas,United States,39,33,5th Place,5,7.0,6.0,7.0,,7.0,7.0,7.0,,7.5,7.5,8.0,7.0,9.0,9.0,9.0,9.0,8.5,8.5,8.5,,10.0,9.0,9.0,,8.5,8.5,8.5,,9.0,9.0,9.0,,9.0,9.5,9.5,,,,,,,,,,14.92,324.36010000000005
Stephen Nedoroscik,Rylee Arnold,Athlete,Florida,United States,26,33,4th Place,4,7.0,7.0,7.0,,8.0,7.0,7.0,,8.0,8.0,7.5,7.5,8.0,9.0,8.0,8.0,8.0,8.0,8.0,,10.0,9.0,9.0,,9.5,9.0,8.5,,9.0,8.5,9.0,,10.0,9.5,10.0,,,,,,,,,,14.41,229.5225
Ilona Maher,Alan Bersten,Athlete,California,United States,28,33,2nd Place,2,6.0,6.0,6.0,,7.0,7.0,7.0,,7.5,7.0,7.0,6.5,8.0,8.0,8.0,8.0,9.0,8.5,8.5,,8.0,8.0,8.0,,9.0,8.5,8.5,,9.5,9.5,9.5,,9.5,9.5,9.5,,,,,,,,,,21.01,375.9721
Anna Delvey,Ezra Sosa,Con artist,,Russia,33,33,Eliminated Week 2,12,6.0,6.0,6.0,,6.0,5.0,6.0,,0.0,0.0,0.0,0.0,0.0,0.0,0.0,0.0,0.0,0.0,0.0,,0.0,0.0,0.0,,0.0,0.0,0.0,,0.0,0.0,0.0,,0.0,0.0,0.0,,,,,,,,,,8.61,297.21759999999995
Brooks Nader,Gleb Savchenko,Model,New York,United States,27,33,Eliminated Week 4,9,6.0,6.0,6.0,,7.0,6.0,7.0,,7.5,7.5,8.0,7.5,8.0,8.0,8.0,8.0,0.0,0.0,0.0,,0.0,0.0,0.0,,0.0,0.0,0.0,,0.0,0.0,0.0,,0.0,0.0,0.0,,,,,,,,,,11.06,303.4564000000001
Phaedra Parks,Val Chmerkovskiy,TV Personality,Georgia,United States,51,33,Eliminated Week 5,8,7.0,6.0,6.0,,7.0,7.0,7.0,,7.5,7.5,6.0,7.0,8.0,8.0,8.0,8.0,8.0,8.0,8.0,,0.0,0.0,0.0,,0.0,0.0,0.0,,0.0,0.0,0.0,,0.0,0.0,0.0,,,,,,,,,,12.44,408.03999999999996
Jenn Tran,Sasha Farber,TV Personality,Florida,United States,26,33,Eliminated Week 6,7,7.0,6.0,6.0,,6.0,6.0,7.0,,8.0,8.0,7.0,8.0,8.0,8.0,8.0,8.0,8.5,8.5,8.5,,11.0,10.0,10.0,,0.0,0.0,0.0,,0.0,0.0,0.0,,0.0,0.0,0.0,,,,,,,,,,28.68,428.48999999999995
Joey Graziadei,Jenna Johnson,TV Personality,Louisiana,United States,29,33,1st Place,1,7.0,7.0,7.0,,8.0,7.0,7.0,,9.0,9.0,8.5,8.5,9.0,9.0,9.0,9.0,8.5,8.5,9.0,,11.0,10.0,11.0,,9.0,9.5,9.0,,9.5,10.0,9.5,,9.5,10.0,10.0,,,,,,,,,,23.86,576.0
Corey Feldman,Jenna Johnson,Actor/Actress,California,United States,54,34,Eliminated Week 2,13,4.0,5.0,,,5.0,5.0,5.0,,0.0,0.0,0.0,,0.0,0.0,0.0,,0.0,0.0,0.0,0.0,0.0,0.0,0.0,0.0,0.0,0.0,0.0,0.0,0.0,0.0,0.0,0.0,0.0,0.0,0.0,0.0,0.0,0.0,0.0,,0.0,0.0,0.0,,29.35,205.92249999999999
Danielle Fishel,Pasha Pashkov,Actor/Actress,California,United States,44,34,Eliminated Week 8,8,6.0,6.0,,,7.0,6.0,6.0,,7.0,7.0,7.0,,7.0,7.0,7.0,,7.0,7.0,7.0,8.0,9.0,9.0,9.0,9.0,8.5,8.5,8.5,9.5,9.5,9.0,9.5,9.0,0.0,0.0,0.0,0.0,0.0,0.0,0.0,,0.0,0.0,0.0,,16.56,258.56639999999993
Elaine Hendrix,Alan Bersten (Rashad Jennings week 9),Actor/Actress,Georgia,United States,55,34,5th Place,5,6.0,6.0,,,7.0,7.0,7.0,,7.0,7.0,7.0,,8.0,8.0,8.0,,8.0,7.0,7.0,8.0,9.0,9.0,9.0,9.0,8.0,8.0,8.0,8.0,9.0,9.5,10.0,9.0,9.0,9.0,9.0,9.0,9.5,9.5,9.5,,9.6666,9.6666,9.6666,,4.51,275.56000000000006
Baron Davis,Britt Stewart,Athlete,California,United States,46,34,Eliminated Week 2,13,5.0,5.0,,,6.0,6.0,6.0,,0.0,0.0,0.0,,0.0,0.0,0.0,,0.0,0.0,0.0,0.0,0.0,0.0,0.0,0.0,0.0,0.0,0.0,0.0,0.0,0.0,0.0,0.0,0.0,0.0,0.0,0.0,0.0,0.0,0.0,,0.0,0.0,0.0,,24.95,819.6768999999999
Jordan Chiles,Ezra Sosa (Apolo Anton Ohno week 9),Athlete,Texas,United States,24,34,3rd Place,3,5.0,5.0,,,8.0,7.0,7.0,,8.0,8.0,8.0,,8.0,8.0,8.0,,8.0,8.0,8.0,8.0,10.0,9.0,10.0,10.0,10.0,9.0,9.0,10.0,10.0,9.5,10.0,9.5,9.5,10.5,9.5,9.5,9.5,9.5,9.5,,9.6666,10.0,10.0,,21.77,353.0641
Andy Richter,Emma Slater/Kaitlyn Bristowe (week 9),Comedian,California,United States,59,34,Eliminated Week 9,7,5.0,4.0,,,6.0,5.0,5.0,,6.0,6.0,6.0,,6.0,6.0,6.0,,6.0,6.0,6.0,6.0,7.0,6.0,7.0,7.0,7.25,7.25,7.25,7.25,8.0,8.5,9.5,8.0,8.0,7.0,7.0,7.0,0.0,0.0,0.0,,0.0,0.0,0.0,,11.86,693.2688999999999
Robert Irwin,Witney Carson (Xoshitl Gomez week 9),Conservationist,,Australia,22,34,1st Place,1,8.0,7.0,,,8.0,7.0,7.0,,8.0,7.0,7.0,,7.0,7.0,8.0,,8.0,9.0,9.0,9.0,9.0,9.0,9.0,9.0,10.75,9.75,9.75,10.75,9.0,9.5,10.0,9.5,10.5,10.5,10.5,10.5,10.0,9.5,10.0,,9.6666,10.0,10.0,,7.06,276.22440000000006
Hilaria Baldwin,Gleb Savchenko,Entrepreneur,New York,United States,41,34,Eliminated Week 4,11,7.0,7.0,,,7.0,7.0,7.0,,7.0,8.0,7.0,,8.0,7.0,8.0,,0.0,0.0,0.0,0.0,0.0,0.0,0.0,0.0,0.0,0.0,0.0,0.0,0.0,0.0,0.0,0.0,0.0,0.0,0.0,0.0,0.0,0.0,0.0,,0.0,0.0,0.0,,22.92,398.0025
Lauren Jauregui,Brandon Armstrong,Singer/Rapper,Florida,United States,29,34,Eliminated Week 3,12,7.0,6.0,,,7.0,7.0,7.0,,6.0,6.0,6.0,,0.0,0.0,0.0,,0.0,0.0,0.0,0.0,0.0,0.0,0.0,0.0,0.0,0.0,0.0,0.0,0.0,0.0,0.0,0.0,0.0,0.0,0.0,0.0,0.0,0.0,0.0,,0.0,0.0,0.0,,1.28,126.5625
Scott Hoying,Rylee Arnold,Singer/Rapper,California,United States,34,34,Eliminated Week 6,10,5.0,5.0,,,6.0,6.0,6.0,,8.0,7.0,7.0,,7.0,7.0,7.0,,7.0,8.0,7.0,8.0,7.0,7.0,7.0,7.0,0.0,0.0,0.0,0.0,0.0,0.0,0.0,0.0,0.0,0.0,0.0,0.0,0.0,0.0,0.0,,0.0,0.0,0.0,,1.28,126.5625
Alix Earle,Val Chmerkovskiy (Joey Graziadei week 9),Social media personality,Florida,United States,24,34,2nd Place,2,7.0,6.0,,,7.0,7.0,7.0,,8.0,7.0,8.0,,8.0,8.0,8.0,,8.0,9.0,9.0,9.0,9.0,9.0,8.0,9.0,11.0,11.0,10.0,11.0,9.5,10.0,9.5,9.5,10.0,10.0,10.0,10.0,9.5,10.0,9.5,,10.0,10.0,10.0,,38.17,197.40250000000003
Jen Affleck,Jan Ravnik,TV Personality,Utah,United States,26,34,Eliminated Week 7,9,6.0,6.0,,,8.0,7.0,7.0,,7.0,6.0,6.0,,7.0,8.0,8.0,,8.0,7.0,7.0,7.0,8.0,8.0,8.0,8.0,8.5,8.5,8.5,8.5,0.0,0.0,0.0,0.0,0.0,0.0,0.0,0.0,0.0,0.0,0.0,,0.0,0.0,0.0,,8.44,440.58009999999996
Whitney Leavitt,Mark Ballas,TV Personality,Utah,United States,32,34,Eliminated Week 10,6,7.0,8.0,,,7.0,7.0,8.0,,8.0,8.0,8.0,,9.0,8.0,8.0,,9.0,8.0,8.0,8.0,10.0,9.0,10.0,10.0,10.25,10.25,10.25,11.25,9.5,10.0,10.0,10.0,10.5,10.5,10.5,10.5,9.0,10.0,10.0,,0.0,0.0,0.0,,5.69,420.25
Dylan Efron,Daniella Karagach (Rumer Willis week 9),TV Personality,California,United States,33,34,4th Place,4,5.0,5.0,,,7.0,6.0,7.0,,7.0,8.0,8.0,,7.0,8.0,8.0,,9.0,9.0,9.0,9.0,8.0,8.0,8.0,8.0,9.75,9.75,8.75,9.75,9.0,9.5,10.0,9.5,10.5,10.5,10.5,10.5,9.0,9.0,9.5,,9.6666,9.6666,10.0,,11.03,251.53959999999998
