season,week,celebrity_name,pV_mean,pV_median,pV_std,pV_cv,pV_ci_2.5,pV_ci_97.5,pV_ci_95_width,pV_ci_1.5,pV_ci_98.5,pV_ci_97_width,n_bootstrap_samples,rule_type,pV_hat,elim_prob,eliminated_end_of_week
8,1,Belinda Carlisle,0.06050872201333707,0.06028131268452361,0.004906104902587751,0.08108095394092721,0.05168510419764835,0.06965963023475184,0.01797452603710349,0.049957636524703496,0.06984452814643802,0.019886891621734522,102,R2_Percent,0.015236390421047142,0.1115899590124597,False
8,1,Chuck Wicks,0.07888434538754663,0.0784560880658871,0.006950061589004495,0.08810444651419637,0.0665507559451907,0.09413543892206985,0.027584682976879146,0.06516720612565138,0.09484899784040077,0.029681791714749384,102,R2_Percent,0.06961409458059975,0.07032540535342563,False
8,1,David Alan Grier,0.06940693984513792,0.069338971708952,0.006550156250367195,0.0943732177932355,0.057799233421680786,0.0818112577678797,0.024012024346198917,0.05729354215045339,0.082030076540471,0.024736534390017606,102,R2_Percent,0.02465534394483129,0.09876117434207726,False
8,1,Denise Richards,0.0685325680009428,0.06856848715541945,0.0066471664745394385,0.09699281186206234,0.05702144634329187,0.08312605852914674,0.026104612185854872,0.05483894146490557,0.08686160484136138,0.03202266337645581,102,R2_Percent,0.01698203399125086,0.10715499121182556,False
8,1,Gilles Marini,0.08769366173515998,0.08707780643771107,0.008424378066276684,0.09606598583736646,0.07276377292054259,0.10454491925086734,0.03178114633032475,0.07106846629444397,0.10670902751056047,0.0356405612161165,102,R2_Percent,0.16512733206149016,0.032405196685460914,False
8,1,Holly Madison,0.07437476711362069,0.07355191069985155,0.0070680965053818035,0.09503352789776173,0.06318577370497544,0.08855747039753631,0.02537169669256087,0.06247517232835416,0.09018196616551556,0.027706793837161403,102,R2_Percent,0.020957550172004992,0.10424744898122017,False
8,1,Lawrence Taylor,0.07730541119681575,0.07737701468926085,0.007060136242663933,0.09132784022956913,0.06446351693266114,0.09101025572895315,0.026546738796292005,0.0640464433509372,0.09196040867396982,0.027913965323032613,102,R2_Percent,0.05564417844963201,0.08680825342397722,False
8,1,Lil' Kim,0.07931530749717954,0.07850883651924022,0.007030682596877302,0.08864219050184372,0.06853802377038162,0.09334982782150153,0.024811804051119907,0.06746121855838554,0.0938177999442302,0.026356581385844666,102,R2_Percent,0.08950672540024153,0.059561463085831365,False
8,1,Melissa Rycroft,0.08895957192819233,0.08886984987631205,0.009621215750321804,0.10815267589291004,0.07109141178840965,0.10825981152791705,0.037168399739507405,0.06948585071551423,0.11129240522146161,0.04180655450594738,102,R2_Percent,0.16761674252601275,0.032771812345227504,False
8,1,Shawn Johnson,0.08692979309564691,0.08651392833223687,0.009372696165555082,0.10781914728869207,0.07062831865064892,0.10650204580736937,0.03587372715672045,0.06876525541056307,0.10801216274298821,0.03924690733242514,102,R2_Percent,0.16999042313627116,0.03223793573051805,False
8,1,Steve Wozniak,0.07049607135451826,0.07024282360784365,0.006972469474833033,0.09890578781006286,0.058963039353644685,0.08439811197845197,0.025435072624807285,0.05752599368491041,0.0859572326936443,0.028431239008733893,102,R2_Percent,0.01943743041604685,0.12146962447071065,False
8,1,Steve-O,0.07565824969311982,0.07499335330225348,0.007846759877821527,0.10371320919594433,0.06297622728665661,0.09250972330332144,0.02953349601666483,0.06234434439336987,0.09448984878957986,0.032145504396209994,102,R2_Percent,0.042637275425661494,0.09231700756380032,False
8,1,Ty Murray,0.08193459113878226,0.08146910066262908,0.007815582882959261,0.09538807449128645,0.0663035281183539,0.09714720267342161,0.030843674555067715,0.06552097990948605,0.0973356249231838,0.031814645013697754,102,R2_Percent,0.14259447947491,0.05034972779346557,False
8,2,Belinda Carlisle,0.0505270198313232,0.05026545144753207,0.00410630575948451,0.08126950240075093,0.04317022867892763,0.05822962873338681,0.01505940005445918,0.04179796037715556,0.05841111249377785,0.016613152116622294,102,R2_Percent,0.013023970592248624,0.11357671048149848,True
8,2,Chuck Wicks,0.08132546424098412,0.08102285682643501,0.00757345348287112,0.09312524131961196,0.06757049536245625,0.09896459180462638,0.03139409644217013,0.06638906276156882,0.09919444159969262,0.0328053788381238,102,R2_Percent,0.07119525045158646,0.07207694552689392,False
8,2,David Alan Grier,0.06367323872810754,0.06392297393303033,0.006437688817943837,0.10110509448771014,0.05244925572731043,0.0749851115621639,0.02253585583485348,0.051062196438517296,0.07541663395984406,0.024354437521326766,102,R2_Percent,0.02172939221467308,0.10976615304727938,False
8,2,Denise Richards,0.056925552839556005,0.05683772170799416,0.005281805592593737,0.09278444089037559,0.04759322287944301,0.06889213722101015,0.021298914341567138,0.04620817292678878,0.07120017385375911,0.024992000926970327,102,R2_Percent,0.014837727039838244,0.1037094393168037,False
8,2,Gilles Marini,0.09274369620901603,0.09205842466961826,0.00967400830392491,0.1043090657301672,0.07574528246917066,0.11207193727993324,0.03632665481076258,0.07415945388261082,0.11448111270401548,0.04032165882140466,102,R2_Percent,0.16288341686968089,0.03183317490900014,False
8,2,Holly Madison,0.06886065779605428,0.067819882419174,0.006500051166919545,0.09439426480895449,0.05843445804592781,0.08189591249281278,0.023461454446884966,0.05748541699836998,0.08289226578561251,0.02540684878724253,102,R2_Percent,0.019086277765076175,0.10891086956097895,False
8,2,Lawrence Taylor,0.08398390102362092,0.08319212088232672,0.008393644036949643,0.0999434883905772,0.0697541708292109,0.10074722000965726,0.03099304918044636,0.06906073733762055,0.10248457648060351,0.033423839142982956,102,R2_Percent,0.0565731489497159,0.07975130250895919,False
8,2,Lil' Kim,0.08107894667804388,0.0797388636437732,0.007968989355317433,0.09828678938025016,0.06841648595673416,0.09827932105861381,0.029862835101879648,0.06824044246173178,0.09884426039556882,0.03060381793383704,102,R2_Percent,0.09194589291112211,0.05773211217880514,False
8,2,Melissa Rycroft,0.09880419040042146,0.09813164906684799,0.011922456710267633,0.12066752090118615,0.07767397591828124,0.12459642282584825,0.046922446907567014,0.07588494118052612,0.12723289681856984,0.051347955638043716,102,R2_Percent,0.16900161770054947,0.031320887665479503,False
8,2,Shawn Johnson,0.09164231797317662,0.09148817204411819,0.010952090967372978,0.11950910026717805,0.0716434104718293,0.11512684700857988,0.043483436536750575,0.07072278721775349,0.1167834870636442,0.046060699845890715,102,R2_Percent,0.1678014935857932,0.033275215341150646,False
8,2,Steve Wozniak,0.06251027248210694,0.06255154854110906,0.00604819169691177,0.09675516449945112,0.051934077304067565,0.07426704704851034,0.022332969744442772,0.051274167197280146,0.07650554905285589,0.025231381855575746,102,R2_Percent,0.017103824009916245,0.11333626795396129,False
8,2,Steve-O,0.07347791633504137,0.07322251360950452,0.0076324017910572245,0.10387341083891566,0.06047083774575546,0.08886054818437134,0.02838971043861588,0.06044208918385906,0.08962537799581795,0.02918328881195889,102,R2_Percent,0.0407071012942105,0.10410180235186682,False
8,2,Ty Murray,0.0944468254625476,0.09304649237162352,0.01064410019554289,0.11269939612489943,0.07680361770203491,0.11607253501674696,0.03926891731471205,0.07601771310866914,0.11746488032566552,0.04144716721699637,102,R2_Percent,0.1541108866155889,0.04060911915732293,False
8,3,Chuck Wicks,0.08936874243418108,0.08883951833058507,0.008747515295068948,0.09788115012932379,0.07313581343529005,0.10954320407597937,0.03640739064068932,0.07196243824061245,0.11037409380968086,0.038411655569068406,102,R2_Percent,0.07287916951592695,0.07348359317605505,False
8,3,David Alan Grier,0.062429558431043135,0.06257693864685712,0.00606386772590257,0.0971313569773274,0.05177149927540986,0.0731192056586075,0.021347706383197634,0.050969546051369996,0.07343655162501575,0.022467005573645754,102,R2_Percent,0.019569887632080417,0.10340958764525195,False
8,3,Denise Richards,0.05414757379667592,0.053948354439429136,0.005211902520388829,0.09625366669168813,0.04517414446896831,0.0658583741518507,0.020684229682882388,0.04357834870408762,0.06877220406028983,0.025193855356202215,102,R2_Percent,0.013303752554514423,0.13428928639140342,True
8,3,Gilles Marini,0.10706647537014465,0.10645230007564599,0.01147594201137177,0.10718520406782553,0.08697973905379673,0.1298795243224344,0.04289978526863768,0.08472309911588446,0.13286830026643262,0.048145201150548156,102,R2_Percent,0.16689373209051833,0.03438260715306391,False
8,3,Holly Madison,0.06458290647203964,0.06398193716530434,0.005782105336782876,0.08952996470182348,0.05524628314001562,0.0763568744238508,0.02111059128383519,0.053743712813769794,0.07725654421818462,0.023512831404414826,102,R2_Percent,0.017706910087463255,0.12675877402635374,False
8,3,Lawrence Taylor,0.07833458920229273,0.07824774875903731,0.008083773302761442,0.10319545152506962,0.06334280732461178,0.09450497168436489,0.03116216435975311,0.06246106159939857,0.09659616979715391,0.03413510819775534,102,R2_Percent,0.05358368298414428,0.0911317466733353,False
8,3,Lil' Kim,0.09202658818061599,0.09055745364921197,0.009275125304624165,0.10078745162670097,0.0784458156186436,0.11182177129272591,0.03337595567408232,0.07689939450402522,0.11250822040657472,0.035608825902549504,102,R2_Percent,0.09623992483288936,0.0592005351871586,False
8,3,Melissa Rycroft,0.11253133239801012,0.11211784099366902,0.013913641591256392,0.12364237848038157,0.08819368170970883,0.14250846528017397,0.05431478357046514,0.08599866752253484,0.1454851476379317,0.05948648011539685,102,R2_Percent,0.17360014404781332,0.03282351763965128,False
8,3,Shawn Johnson,0.10641272435068665,0.10574727607067369,0.012883953148126024,0.1210753058597253,0.08256945758925495,0.13353511123507622,0.05096565364582127,0.08118422418728924,0.13614028293056427,0.05495605874327503,102,R2_Percent,0.17240750352109685,0.03309551696860273,False
8,3,Steve Wozniak,0.057828691080280964,0.05737838811905917,0.005294855993200907,0.09156105549493239,0.04861892089282982,0.06829283601792856,0.019673915125098737,0.04805845351870117,0.06994914053481183,0.021890687016110653,102,R2_Percent,0.015497429872256217,0.15575304351821614,False
8,3,Steve-O,0.07832120729624545,0.07819267570997623,0.00796743031806435,0.10172762388516311,0.06533831746180187,0.09376008816992569,0.028421770708123822,0.06501787744324646,0.09519526604359316,0.030177388600346702,102,R2_Percent,0.039485285784634186,0.11513133257144495,False
8,3,Ty Murray,0.09694961098778364,0.0972667840504193,0.011428439660025151,0.11788020130854593,0.07587741061568748,0.12096667554205318,0.045089264926365696,0.07469589999156459,0.1230573846030046,0.048361484611440006,102,R2_Percent,0.15883257707666232,0.04054045904946301,False
8,4,Chuck Wicks,0.09763803055571595,0.09726567938603217,0.009946984394551609,0.10187612693473456,0.07918652360700913,0.12036819611024062,0.04118167250323149,0.07769713702457727,0.12164164767647541,0.04394451065189814,102,R2_Percent,0.07321545166433173,0.0867790108111143,False
8,4,David Alan Grier,0.05643588499189174,0.0560801199254872,0.005055432310858475,0.08957832966710452,0.047252654080555116,0.06519585351165322,0.0179431994310981,0.04649952338552527,0.06531536706880339,0.01881584368327812,102,R2_Percent,0.017489889371438673,0.12760791607667674,False
8,4,Gilles Marini,0.11914734877806736,0.1189706973829731,0.012538370142819453,0.10523415142181926,0.09712207423844335,0.14443700267063722,0.04731492843219387,0.09561277632018851,0.14738278269868232,0.05177000637849381,102,R2_Percent,0.17139656647145016,0.03499642558806864,False
8,4,Holly Madison,0.05818279524695929,0.057409596950025565,0.0054213217757182255,0.09317740326340802,0.04957014348803558,0.06961751541375068,0.020047371925715096,0.048195275194081504,0.0705220461269866,0.022326770932905103,102,R2_Percent,0.015886864104625018,0.15318013372290146,True
8,4,Lawrence Taylor,0.08665796281486861,0.08582929717233465,0.008990888901230043,0.10375144544348097,0.0708409156284647,0.10464376331267675,0.033802847684212045,0.06984035235672953,0.10474509347180704,0.034904741115077506,102,R2_Percent,0.05259301492539805,0.10905402272278333,False
8,4,Lil' Kim,0.10337335848013841,0.10150640481076409,0.010392137456107634,0.10053013280113485,0.08786977106371238,0.1254999282188653,0.037630157155152916,0.08612832075021619,0.1259682826509689,0.039839961900752716,102,R2_Percent,0.09913674554279787,0.0628677723753612,False
8,4,Melissa Rycroft,0.12761918818889137,0.12770019446479913,0.015280292781147444,0.11973350558013908,0.10092117585709884,0.16049612124840326,0.059574945391304424,0.09940502919428158,0.16406763479311998,0.0646626055988384,102,R2_Percent,0.18056819675205146,0.033797113219702066,False
8,4,Shawn Johnson,0.11617296938335073,0.11738340390737408,0.01457182273858813,0.12543212776548418,0.08827983064304422,0.1452144651791629,0.056934634536118675,0.08564291228103402,0.1468084157229838,0.06116550344194979,102,R2_Percent,0.17680972333806236,0.038890722464398474,False
8,4,Steve Wozniak,0.054708302403256075,0.05421901482394548,0.005060094468223704,0.09249225887006397,0.04570500041057355,0.06480222803468341,0.019097227624109862,0.04471226334040826,0.06572682850445055,0.021014565164042293,102,R2_Percent,0.013827059852243695,0.17420640278567986,True
8,4,Steve-O,0.0838869924548831,0.08347679010697392,0.009177658481788895,0.10940502470302427,0.06951814844831375,0.10279582656976585,0.0332776781214521,0.0681763409917517,0.10507951890619112,0.03690317791443942,102,R2_Percent,0.038004109325441494,0.13525552724581436,False
8,4,Ty Murray,0.0961771667019774,0.0962495469800366,0.011587793171589776,0.1204838275959686,0.07449413336578516,0.11877862353814324,0.04428449017235808,0.07213550506054207,0.12441687958937,0.05228137452882793,102,R2_Percent,0.16107237865215948,0.04336495298749941,False
8,5,Chuck Wicks,0.1049427409782779,0.10428435210916134,0.009925832878945079,0.09458332026032774,0.0864343806041739,0.12685047215144363,0.04041609154726973,0.08451371279002227,0.12837974980226285,0.04386603701224058,102,R2_Percent,0.06862193556345364,0.1295078901363405,False
8,5,David Alan Grier,0.05744914686447172,0.056913894477177526,0.005214726127594965,0.09077116740997086,0.049043176945193195,0.06698176846453435,0.017938591519341157,0.04790857065105386,0.06721522510758246,0.0193066544565286,102,R2_Percent,0.015151014362492688,0.1937732482790712,True
8,5,Gilles Marini,0.14492538922634676,0.14471812306048898,0.014663508648103613,0.10117970858233759,0.11972728000266682,0.17422338149748035,0.05449610149481353,0.1176542648157063,0.1759636381150248,0.0583093732993185,102,R2_Percent,0.18308593780245572,0.0481343638334666,False
8,5,Lawrence Taylor,0.08435532469971538,0.08396147794446382,0.007997842625955097,0.09481135487801734,0.06890803406891848,0.10118649076221939,0.032278456693300914,0.06819840067266704,0.10197098451646237,0.033772583843795334,102,R2_Percent,0.045861068668051494,0.16735021071598458,False
8,5,Lil' Kim,0.11255362013625005,0.11064714725521586,0.011043888841557848,0.0981211339820864,0.09525002906858338,0.13725551589996035,0.042005486831376976,0.09389895886155517,0.13748381629135215,0.04358485742979698,102,R2_Percent,0.09713615149025487,0.09631115623068934,False
8,5,Melissa Rycroft,0.148839725080352,0.14903838707055048,0.017033956900131146,0.11444496347285822,0.11767499457735663,0.1837953600309579,0.06612036545360127,0.11454041683304997,0.18695416969966122,0.07241375286661125,102,R2_Percent,0.1917995682992318,0.051702349887892844,False
8,5,Shawn Johnson,0.15023199929511666,0.14999823927341088,0.017751180086906754,0.11815844939955986,0.11436733382864539,0.1852046011249362,0.0708372672962908,0.11204874244568078,0.18839914256473722,0.07635040011905644,102,R2_Percent,0.19141357019897262,0.050160295329080305,False
8,5,Steve-O,0.07404858176400571,0.0734276596620507,0.007585799777765462,0.10244355255771888,0.06344790437444921,0.0904388669037542,0.026990962529304996,0.06266509472731033,0.09152944893987408,0.028864354212563753,102,R2_Percent,0.03196975473121978,0.19678496054973474,False
8,5,Ty Murray,0.12265347195546379,0.12428316320843089,0.01351030933993096,0.11015023973260728,0.09698248641372112,0.150936909505183,0.05395442309146187,0.09396416317183631,0.15365714970602679,0.05969298653419047,102,R2_Percent,0.17496099888386737,0.06627552503773995,False
8,6,Chuck Wicks,0.09641571906333972,0.09606004612144842,0.007592687843861611,0.07874948107656222,0.08200195394043536,0.11335370719035877,0.03135175324992341,0.08059479663473915,0.11503194422495157,0.03443714759021242,102,R2_Percent,0.0591820973906194,0.16607777642700447,False
8,6,Gilles Marini,0.16923562439523712,0.1687856806365935,0.016428897321836066,0.0970770627079533,0.14137734877850422,0.20034840723736352,0.058971058458859305,0.13788891718506915,0.20189573242332698,0.06400681523825782,102,R2_Percent,0.19750185694894443,0.057038989249759274,False
8,6,Lawrence Taylor,0.07377776631430318,0.07321420119365513,0.007017115731534896,0.0951115231876368,0.060680675667484675,0.08936892964117342,0.028688253973688745,0.059636744229932356,0.09019729624868848,0.030560552018756126,102,R2_Percent,0.037347726993495776,0.20048571443543092,False
8,6,Lil' Kim,0.11310127514502144,0.11142428416465804,0.010227648856540261,0.09042912065691655,0.09670645244891038,0.13590595474658132,0.03919950229767094,0.09559224110529085,0.13604400029199057,0.040451759186699715,102,R2_Percent,0.09035324020013047,0.11113599567895255,False
8,6,Melissa Rycroft,0.16890287812420332,0.16944493091374502,0.01840505317263254,0.10896826257216483,0.13465222999781912,0.20543747665443063,0.07078524665661151,0.13197863908442858,0.20862040986901537,0.07664177078458678,102,R2_Percent,0.2042958631133626,0.05243222136502319,False
8,6,Shawn Johnson,0.17316342034284574,0.1724929888624711,0.01947490154236637,0.11246544740112012,0.1349627597408764,0.21163667223360655,0.07667391249273015,0.1311051885757554,0.21567426706656406,0.08456907849080866,102,R2_Percent,0.20394206543204957,0.05455293430819386,False
8,6,Steve-O,0.06513347748355658,0.06506335268326952,0.006655401534871841,0.10218096425992372,0.05342054813687465,0.07930840261084117,0.02588785447396652,0.052797080346668274,0.08097782291837487,0.028180742571706593,102,R2_Percent,0.02499143844339747,0.27299560458585465,True
8,6,Ty Murray,0.14026983913149285,0.14121201264504696,0.01596368202522263,0.11380694612658555,0.11058585043197706,0.1749587945383333,0.06437294410635623,0.10733075714729069,0.17605210167352317,0.06872134452623248,102,R2_Percent,0.18238571147800028,0.08528076394978103,False
8,7,Chuck Wicks,0.09004651232931447,0.08922927552475385,0.007243474456103029,0.08044147706257058,0.0766937761684224,0.10520915591699491,0.028515379748572503,0.0754603968405542,0.10576288870803426,0.03030249186748006,102,R2_Percent,0.04942994497017891,0.21628946633907262,False
8,7,Gilles Marini,0.20516123408462542,0.20564374243529218,0.019058018805862643,0.09289288442280252,0.17186948096511093,0.23893254919821733,0.0670630682331064,0.17073088462048425,0.24029234128451568,0.06956145666403143,102,R2_Percent,0.21936322852787066,0.06673638171303266,False
8,7,Lawrence Taylor,0.07144617730733265,0.07104350655077053,0.007170962774724717,0.10036873972806308,0.058749365084347936,0.08700217299057576,0.028252807906227827,0.056438205746060226,0.08821877195735374,0.031780566211293514,102,R2_Percent,0.029472803222857908,0.3119462277292342,True
8,7,Lil' Kim,0.10762663448407223,0.10618245419777284,0.00891440741757934,0.08282715017813358,0.09330008128324313,0.12745329616283013,0.034153214879587,0.0921627017883133,0.12859573315367254,0.036433031365359234,102,R2_Percent,0.08126501402241157,0.1802512888299144,False
8,7,Melissa Rycroft,0.19111505293276593,0.19235586426731122,0.019607656847485996,0.10259608830699457,0.15442939469405764,0.22559455891703026,0.07116516422297262,0.1513443520423888,0.23046135580684934,0.07911700376446054,102,R2_Percent,0.222499784440548,0.0605220179300051,False
8,7,Shawn Johnson,0.20177910766615292,0.20140052425679064,0.021301843910616503,0.10557011653486335,0.1583701496440785,0.24294916034711816,0.08457901070303966,0.15567611822571606,0.24813355626817044,0.09245743804245438,102,R2_Percent,0.22265610489173673,0.06279938245764595,False
8,7,Ty Murray,0.13282528119573647,0.13405340884748168,0.015624460356397156,0.11763167535382325,0.10538148922349529,0.165412598202898,0.06003110897940271,0.10075399172411022,0.16627609255839415,0.06552210083428393,102,R2_Percent,0.1753131199243961,0.10145523500109517,False
8,8,Chuck Wicks,0.08945865537580636,0.0885379886868063,0.0075598532980156955,0.08450667256575176,0.07703509674507003,0.1050587832216144,0.028023686476544366,0.07629279156749591,0.10546125053286308,0.02916845896536717,102,R2_Percent,0.03814450382980449,0.3497534250422096,True
8,8,Gilles Marini,0.22102441218409266,0.21959287599552152,0.019678962629804213,0.0890352447285935,0.18943222414714472,0.2563567427882524,0.06692451864110766,0.1887523636257755,0.25926771653956154,0.07051535291378605,102,R2_Percent,0.23447246642734224,0.08227014423994614,False
8,8,Lil' Kim,0.10101089586374926,0.09946823565814364,0.008383878637610767,0.08299974538310742,0.087857632429078,0.11968316349513847,0.03182553106606047,0.0871825372291478,0.12053889459724916,0.03335635736810136,102,R2_Percent,0.06774129857288416,0.25507055630982417,False
8,8,Melissa Rycroft,0.21966658797106373,0.22033451978241753,0.02131308874886692,0.09702471798612566,0.18041225361674984,0.2568084571906129,0.07639620357386306,0.17718618323539212,0.26227787059106134,0.08509168735566922,102,R2_Percent,0.2471645292441379,0.09199993229310126,False
8,8,Shawn Johnson,0.22921599607145243,0.22855837451927352,0.022748764590385846,0.09924597314445052,0.18163230192424012,0.27662379374694057,0.09499149182270045,0.1779110227871215,0.278939331288948,0.10102830850182648,102,R2_Percent,0.24338721920541287,0.08266996451048834,False
8,8,Ty Murray,0.1396234525338356,0.13889891252548853,0.014684440117494571,0.10517173047225732,0.11177416879571715,0.1705666293506325,0.05879246055491534,0.10935223959308682,0.1727801058011413,0.06342786620805449,102,R2_Percent,0.16908998272041822,0.13823597760443054,False
8,9,Gilles Marini,0.2628146265690245,0.26192783813701603,0.022560549079406883,0.08584206051972408,0.22748882034540877,0.3028535591974316,0.07536473885202286,0.22543104064850322,0.30488968257696203,0.0794586419284588,102,R2_Percent,0.2621697857182898,0.09454319181342873,False
8,9,Lil' Kim,0.10531313238781753,0.10501355675206778,0.008865618107978158,0.08418340530723517,0.09191859135723825,0.12399590944756873,0.03207731809033049,0.0915274559402839,0.12456610814990517,0.033038652209621266,102,R2_Percent,0.05153568782685206,0.45043823554928136,True
8,9,Melissa Rycroft,0.25018728290708186,0.25056395725513547,0.023409513610129815,0.09356795972249307,0.20666960714166452,0.29102457127649034,0.08435496413482582,0.20208239093860378,0.29562561018047245,0.09354321924186867,102,R2_Percent,0.2713853244661866,0.08643330436764965,False
8,9,Shawn Johnson,0.2699514508860243,0.26906363918991394,0.024776437428540136,0.09178108636652947,0.2202888095286906,0.32256837886401746,0.10227956933532686,0.21928112909006922,0.3274950099630139,0.10821388087294467,102,R2_Percent,0.2724773002062565,0.08803487910583199,False
8,9,Ty Murray,0.11173350725005178,0.11220503906179649,0.011683959393562792,0.10456987953859631,0.09087782432603904,0.13497967650009268,0.04410185217405364,0.08761125327777541,0.13530067754542302,0.04768942426764761,102,R2_Percent,0.14243190178241508,0.28055038916380826,False
8,10,Gilles Marini,0.2999019169835333,0.29753002762644687,0.025211406946978404,0.08406550781855351,0.2587740263567878,0.34339832470595466,0.08462429834916685,0.25707994442189125,0.34805922751448753,0.09097928309259629,102,R2_Percent,0.2905621215173135,0.11641402791736316,False
8,10,Melissa Rycroft,0.28503197083821485,0.28604705868041036,0.026458756022177583,0.0928273272095349,0.23314603389500646,0.3320279364279538,0.09888190253294735,0.2295973598973406,0.3374484830686446,0.10785112317130402,102,R2_Percent,0.3063096815265133,0.12226218988903818,False
8,10,Shawn Johnson,0.2975850376295629,0.295820702621224,0.026971796673856203,0.09063559407657783,0.2500470016003158,0.35725475599392886,0.10720775439361308,0.24543148276517354,0.3585595010699532,0.11312801830477967,102,R2_Percent,0.3043574167973926,0.12007066280980161,False
8,10,Ty Murray,0.11748107454868885,0.11776076826761794,0.011264909837974232,0.09588701738768658,0.0973489333201318,0.139925949436832,0.042577016116700214,0.09394933848103172,0.14382430624025,0.04987496775921828,102,R2_Percent,0.09877078015878056,0.641253119383797,True
8,11,Gilles Marini,0.32744347158527964,0.32580731468940693,0.028002695133501183,0.08551917373074924,0.2837251357148132,0.3776553144065151,0.0939301786917019,0.27517773125035794,0.38311972240548103,0.1079419911551231,102,R2_Percent,0.3179240522734781,0.37416342100054795,False
8,11,Melissa Rycroft,0.33409543068820574,0.3355474496606735,0.03017140372174587,0.09030774129294604,0.2746967587542489,0.3923834794427277,0.1176867206884788,0.27122820062678515,0.3951971061828364,0.12396890555605122,102,R2_Percent,0.3432813300859156,0.3266114856305365,False
8,11,Shawn Johnson,0.3384610977265146,0.3395432518284256,0.029710508789925764,0.0877811630036508,0.2856271338384384,0.40061377874885107,0.11498664491041266,0.2816773461794589,0.4079848882141387,0.1263075420346798,102,R2_Percent,0.3387946176406062,0.29922509336891556,False
2,1,Drew Lachey,0.10155259897079447,0.10119446555296109,0.003128273003533412,0.030804460301730657,0.09357977952825604,0.1091405407732327,0.015560761244976656,0.09280314545764405,0.1101053374239956,0.01730219196635155,112,R1_Rank,0.1013569920150414,0.06600177197753121,False
2,1,George Hamilton,0.10481535258831723,0.10448039549781732,0.0027465243333056597,0.026203454603574827,0.10000353542483749,0.11168894642497237,0.011685411000134885,0.09985633040723761,0.11244305037508795,0.012586719967850338,112,R1_Rank,0.10330535038402185,0.08783144155811579,False
2,1,Giselle Fernandez,0.10053039711676838,0.10321584487356203,0.006685096388086606,0.0664982590322578,0.08374879428610735,0.1072387700766574,0.023489975790550052,0.08294623687074669,0.10738020664216931,0.02443396977142262,112,R1_Rank,0.10170209211281711,0.07043561757541163,False
2,1,Jerry Rice,0.10362555455074841,0.10284733728259754,0.0034382150187376235,0.03317921948541979,0.0980974508328378,0.1112171507966907,0.013119699963852899,0.09584047981428324,0.11437675295988986,0.018536273145606616,112,R1_Rank,0.10220099286959003,0.07887595290077906,False
2,1,Kenny Mayne,0.07679764617309738,0.07697948551194347,0.0025723890642032955,0.03349567587534235,0.07051014756402141,0.0813034272915337,0.01079327972751229,0.06948861115676029,0.08140610685028846,0.011917495693528166,112,R1_Rank,0.07831464691934248,0.2895543967703663,True
2,1,Lisa Rinna,0.1058104277849683,0.10511848704628562,0.0030162239164404163,0.028505923088885846,0.10170460731579273,0.11349468656939066,0.01179007925359793,0.10015008805391007,0.11468752713997481,0.014537439086064738,112,R1_Rank,0.1029071405256179,0.0848646335570048,False
2,1,Master P,0.10891401340750315,0.10851037785062176,0.005493721144088772,0.050440902618600104,0.09455315375798344,0.12034299543965316,0.025789841681669715,0.09413764545657229,0.122976282072501,0.02883863661592871,112,R1_Rank,0.10414763439525958,0.09392834244588315,False
2,1,Stacy Keibler,0.10390854781798935,0.10292472857760492,0.0031228628836409253,0.030053955610187772,0.10023285995238432,0.11219432736816769,0.01196146741578337,0.10001453366277256,0.11316857943022818,0.013154045767455616,112,R1_Rank,0.10187049574472147,0.07596342886625117,False
2,1,Tatum O'Neal,0.08994525472181561,0.09130109501011116,0.0077913588940410165,0.0866233457022083,0.07173807612405642,0.10054612881739222,0.028808052693335806,0.07019994251542026,0.1010106983528175,0.03081075583739723,112,R1_Rank,0.10171921811890494,0.07036442074428188,False
2,1,Tia Carrere,0.10410020686799773,0.10334507634360182,0.0031871094666125095,0.030615784180466257,0.09913192657307307,0.11115356332592682,0.012021636752853754,0.09802955450601895,0.1124235537548745,0.014393999248855552,112,R1_Rank,0.1024754369146831,0.08217999360437496,False
2,2,Drew Lachey,0.1121674070259189,0.11213257825809506,0.0016691584322949232,0.014880957637803154,0.10944251052007994,0.11525968062356086,0.005817170103480915,0.10920351095917849,0.11594757418708114,0.00674406322790265,112,R1_Rank,0.11354163117755485,0.07450970308468152,False
2,2,George Hamilton,0.11720273491872384,0.1165108422173591,0.003190311661110407,0.027220454056151342,0.11264265206839637,0.1255875891343623,0.01294493706596593,0.11212988255676723,0.12582651540172754,0.01369663284496031,112,R1_Rank,0.11454143699247572,0.08885075148142747,False
2,2,Giselle Fernandez,0.10584378628972647,0.10647621240077966,0.006286809216806047,0.059397055199793665,0.0923172302525542,0.11457591522309402,0.022258684970539816,0.09082828574261209,0.11502018867768529,0.0241919029350732,112,R1_Rank,0.1137423669527012,0.0786681821791959,False
2,2,Jerry Rice,0.11588126982851514,0.11533195334380963,0.0022027593773147926,0.019008761127441105,0.11277113591821257,0.12082883531957976,0.008057699401367191,0.11260894005017118,0.12118495472816217,0.00857601467799099,112,R1_Rank,0.11354053917632738,0.08470734714019966,False
2,2,Lisa Rinna,0.11806061342617144,0.11793703372733481,0.002059595014391461,0.017445233889788466,0.11469580462615658,0.122580253451367,0.007884448825210416,0.11450271092246117,0.12316432217928663,0.008661611256825463,112,R1_Rank,0.11496468311823886,0.0958724199956284,False
2,2,Master P,0.11928604440457459,0.11929461850927758,0.0040502167582614455,0.03395381897755443,0.11080272210092754,0.1257970545084482,0.014994332407520655,0.1095831691316047,0.12632759544401492,0.01674442631241023,112,R1_Rank,0.11637815300693463,0.10209147846761794,False
2,2,Stacy Keibler,0.11341831025071862,0.11301568505610293,0.0019285846750488637,0.017004173936162516,0.11066615309440589,0.11724342715173278,0.006577274057326887,0.11059415748847859,0.1176781927019386,0.007084035213460016,112,R1_Rank,0.1123739969673601,0.07404191984694597,False
2,2,Tatum O'Neal,0.08046151090038478,0.08109425868906012,0.005616951144744356,0.06980916815865428,0.06801241362083282,0.08850105106008818,0.02048863743925536,0.06684308912056557,0.08882599598125362,0.02198290686068806,112,R1_Rank,0.08683084219448263,0.31044325228970865,True
2,2,Tia Carrere,0.11767832295526619,0.11658568333273137,0.003650237147420283,0.031018772665615493,0.11313528872067131,0.12668017717106858,0.013544888450397266,0.11307287059074052,0.12691372842559456,0.013840857834854045,112,R1_Rank,0.11408635041392466,0.09081494551459449,False
2,3,Drew Lachey,0.12676343343677043,0.12647082948651922,0.0017533198047528264,0.013831431961231799,0.12406983270253023,0.13161121102270937,0.0075413783201791346,0.12389672639347535,0.132068046001206,0.008171319607730654,112,R1_Rank,0.12777719618168987,0.08163061150426876,False
2,3,George Hamilton,0.1295121930302188,0.12850264652832016,0.003328033252753667,0.025696679014439547,0.12636862966092272,0.1399329083851896,0.013564278724266882,0.1262125461225929,0.14209706838811412,0.015884522265521228,112,R1_Rank,0.12903912841164009,0.1030045307264987,False
2,3,Giselle Fernandez,0.09754784209285224,0.09856674854626121,0.004692484435881914,0.048104441217831445,0.08837436946683597,0.10427499415607672,0.01590062468924075,0.08780762296188495,0.1044641421548183,0.01665651919293336,112,R1_Rank,0.10200484169746177,0.3066791143492746,True
2,3,Jerry Rice,0.13063182644411572,0.13048036212405062,0.0016058661655009973,0.01229306983767839,0.12789899839373153,0.13473925377508064,0.0068402553813491085,0.12778762558662257,0.13502828188537153,0.007240656298748954,112,R1_Rank,0.12904445467948744,0.11494160650840464,False
2,3,Lisa Rinna,0.1285446371540116,0.12840305995574952,0.0013607333767276073,0.010585687640140822,0.12630607889485973,0.13172132111222726,0.005415242217367527,0.12622390298312078,0.13282308130912518,0.006599178326004401,112,R1_Rank,0.12797326899184833,0.09711072678513695,False
2,3,Master P,0.1318034027896466,0.1320086352906399,0.003943762336949532,0.029921551746608783,0.12250221792825192,0.1387914663188492,0.016289248390597283,0.11952884633576305,0.13936782566795552,0.019838979332192475,112,R1_Rank,0.13031858550799344,0.11659553448741655,False
2,3,Stacy Keibler,0.1260461862782436,0.12605552678304283,0.0015077220848169664,0.011961663651518262,0.12243764607225861,0.1283848592439558,0.005947213171697177,0.12205161663662355,0.12908736406086005,0.007035747424236502,112,R1_Rank,0.12660821465082456,0.08646993174823221,False
2,3,Tia Carrere,0.12915047877414101,0.12867637751680278,0.0028089060548931503,0.02174909517606496,0.1257585447314641,0.13623094333064498,0.010472398599180865,0.12571525806493056,0.13706425444492684,0.011348996379996285,112,R1_Rank,0.12723430987905462,0.09356794389076757,False
2,4,Drew Lachey,0.14435551481829892,0.1444513179698072,0.0014755283131456219,0.01022148904392657,0.14185611160982528,0.14699371166097203,0.005137600051146746,0.14131116148138398,0.14752438321190847,0.006213221730524493,112,R1_Rank,0.14696513186562127,0.0831078366703678,False
2,4,George Hamilton,0.1495660124604781,0.149119387198774,0.002654022986949437,0.0177448268044904,0.14617045932540362,0.15518784316589856,0.009017383840494941,0.1460920374754856,0.1557456890992414,0.00965365162375581,112,R1_Rank,0.14949610230161647,0.11600442734664518,False
2,4,Jerry Rice,0.14806121426727123,0.1480206858858779,0.0016943214843524572,0.011443385040014393,0.1447317831553274,0.1510962111668818,0.006364428011554402,0.1441131390453895,0.15245537434185116,0.008342235296461664,112,R1_Rank,0.1477229100439818,0.11367792727715537,False
2,4,Lisa Rinna,0.14551885162487727,0.14520631589260102,0.0015295354382282968,0.010510909213131903,0.1433456787789122,0.14947719238295173,0.006131513604039546,0.14308664085336154,0.15057319819246023,0.007486557339098698,112,R1_Rank,0.1464760417105867,0.09626551441868059,False
2,4,Master P,0.12049533073220367,0.12028069855804824,0.003898912099163716,0.03235737082484052,0.11272920888792856,0.1282619902108858,0.01553278132295724,0.11160153583442534,0.12847872968919927,0.01687719385477393,112,R1_Rank,0.11625841985535608,0.3859351288020822,True
2,4,Stacy Keibler,0.1459832826963917,0.14588763327422272,0.0013733951517656674,0.009407893331334261,0.14325614139704165,0.14883543191478332,0.00557929051774167,0.14270072645029333,0.14970036650492183,0.006999640054628498,112,R1_Rank,0.14609634677278283,0.09768880942922888,False
2,4,Tia Carrere,0.14601979340047916,0.14656231350026866,0.0019891628044412194,0.013622555943396453,0.1412087875688472,0.14829048739586834,0.007081699827021143,0.1395938156296115,0.14856732976072984,0.008973514131118326,112,R1_Rank,0.14698504745005486,0.10732035605584002,False
2,5,Drew Lachey,0.17179677311059538,0.1715290774847392,0.002488330944077633,0.014484154149250245,0.16848657764021183,0.17786029928337044,0.009373721643158611,0.16826066511148544,0.1804722104638138,0.012211545352328351,112,R1_Rank,0.17395330744332008,0.10196106010914806,False
2,5,George Hamilton,0.17236845856196678,0.17335606168474155,0.00372855476657224,0.02163130538892542,0.16250298772956143,0.17618257201698426,0.01367958428742283,0.16033724602660407,0.1763441428237798,0.016006896797175735,112,R1_Rank,0.17518209135428323,0.12133078985986102,False
2,5,Jerry Rice,0.17657651627177579,0.17605142241094363,0.0023348095141971404,0.013222650233984366,0.17314002638874326,0.18166758399692207,0.008527557608178804,0.17285781701684327,0.18186511758814808,0.009007300571304805,112,R1_Rank,0.1747385494038861,0.1359502150056857,False
2,5,Lisa Rinna,0.17440111801794864,0.17364067172423586,0.0036349112558338136,0.02084224744166906,0.17063839918317317,0.18130683993639604,0.010668440753222874,0.17025458362080542,0.18466913895949552,0.0144145553386901,112,R1_Rank,0.17306421130145982,0.11560314006423839,False
2,5,Stacy Keibler,0.1706277675329822,0.17041759070649926,0.0019407147319961053,0.011373967789978656,0.1676504128702196,0.17564306981070246,0.007992656940482873,0.16722737711244454,0.17660012163232428,0.009372744519879739,112,R1_Rank,0.17072110061647294,0.10019400602249486,False
2,5,Tia Carrere,0.13422936650473113,0.1349833889167631,0.005065706413573478,0.037739181413740254,0.12247706689986904,0.142367169148866,0.019890102248996955,0.12159374635491746,0.14473681834848312,0.02314307199356566,112,R1_Rank,0.1323407398805779,0.4249607889385719,True
2,6,Drew Lachey,0.20572123391988015,0.20519434969844152,0.0031421700260484517,0.015273921734652807,0.20208822985507738,0.21424893431482764,0.01216070445975026,0.20179630643035598,0.21611910964423167,0.01432280321387569,112,R1_Rank,0.2098585555054583,0.11642074267447873,False
2,6,George Hamilton,0.17032990707229476,0.1704712546564989,0.006703838525424905,0.03935796502595126,0.15724164328524026,0.18316774444804804,0.025926101162807774,0.15597283226486192,0.18398965432835382,0.028016822063491903,112,R1_Rank,0.1619245647219071,0.4531173628543804,True
2,6,Jerry Rice,0.21106333560298504,0.21090712164415015,0.0030557968728584946,0.014478103760316375,0.20625401772159432,0.21771115912193237,0.011457141400338045,0.20566348706802742,0.21884194045093852,0.013178453382911098,112,R1_Rank,0.21164689459262298,0.16501089062545685,False
2,6,Lisa Rinna,0.20763606279575925,0.20793472729934676,0.002215890061805174,0.010671990366070607,0.20346529515774206,0.2112275334644498,0.007762238306707747,0.2030542719212087,0.21128534599324533,0.008231074072036632,112,R1_Rank,0.20960452273253125,0.14184137194509158,False
2,6,Stacy Keibler,0.20524946060908084,0.20489829691690273,0.0022874000917083234,0.011144487712271835,0.20239718537612275,0.2092072561515284,0.006810070775405658,0.20210405375268314,0.21094933570173605,0.008845281949052902,112,R1_Rank,0.20696546244748032,0.1236096319005925,False
2,7,Drew Lachey,0.2590809690858261,0.25880433488003834,0.0023908738390839464,0.009228288158409344,0.2553173149929883,0.26359879323383656,0.008281478240848239,0.25495208568913114,0.26480263645696106,0.009850550767829924,112,R1_Rank,0.26637747710622856,0.14758989678104498,False
2,7,Jerry Rice,0.26891668925676276,0.2681267927321851,0.003712111804260131,0.013803947291333009,0.26372762773874514,0.2772543584860191,0.013526730747273952,0.2626703716930695,0.2791038468591407,0.016433475166071188,112,R1_Rank,0.2692404011295994,0.21793814520371263,False
2,7,Lisa Rinna,0.21238935230433395,0.21279216399129583,0.006081779389958078,0.028635048433329466,0.19898770800418927,0.22345525417680492,0.02446754617261565,0.19876257543368836,0.22355963972818665,0.024797064294498294,112,R1_Rank,0.20242277194264818,0.47770503776716033,True
2,7,Stacy Keibler,0.2596129893530772,0.25910849021744753,0.002466256247168201,0.009499741339267346,0.25628275670172035,0.2654776713765463,0.009194914674825971,0.256013222422756,0.26603860833078646,0.010025385908030482,112,R1_Rank,0.26195934982152386,0.15676692024808214,False
2,8,Drew Lachey,0.3129101081210499,0.3139647676353079,0.01193738424470243,0.03814956415560864,0.2893683443876191,0.338118265934189,0.048749921546569874,0.2853042175421038,0.3387349284217132,0.05343071087960943,112,R1_Rank,0.32078180069141576,0.42954714748241934,False
2,8,Jerry Rice,0.3440831894967999,0.34441642988268256,0.011365224947648252,0.03303045686210123,0.3225767456063627,0.3669117648480714,0.04433501924170874,0.3207101862459078,0.3690932369396532,0.04838305069374538,112,R1_Rank,0.3430686638945944,0.28141526642446374,False
2,8,Stacy Keibler,0.3430067023821502,0.3437114990920766,0.012708710268858317,0.03705090944461868,0.3214916238236674,0.36677539338465653,0.04528376956098912,0.320017752731842,0.3715892734100577,0.05157152067821569,112,R1_Rank,0.3361495354139898,0.28903758609311686,False
18,1,Amy Purdy,0.09313033123762793,0.09238770453786035,0.008045697839892244,0.08639180955303527,0.07872099111870737,0.10881770428602099,0.03009671316731362,0.07678468680280852,0.10992796217018266,0.033143275367374145,104,R2_Percent,0.15695306484130228,0.04300225550142015,False
18,1,Billy Dee Williams,0.09251050010410972,0.09244448234371302,0.008735416974355103,0.09442622150484989,0.07704766619876813,0.10980683324499131,0.032759167046223184,0.07590625117587131,0.11147634914293947,0.03557009796706816,104,R2_Percent,0.11814374184240636,0.07134251706608595,False
18,1,Candace Cameron Bure,0.09477160878216684,0.09393677196928488,0.008695702726171201,0.09175430108143812,0.07939872929243096,0.11123531909407663,0.03183658980164568,0.07690203395370582,0.11184419176517388,0.03494215781146806,104,R2_Percent,0.1618355013509032,0.040490101005958415,False
18,1,Charlie White,0.08434919516013459,0.08345920103958622,0.008674540310171648,0.10284081897525253,0.0670186396608364,0.10199385001400951,0.03497521035317311,0.06585377747805699,0.10404507541204773,0.038191297933990745,104,R2_Percent,0.08495649311663461,0.06537938029706218,False
18,1,Cody Simpson,0.07688654343679574,0.07572717030391685,0.00866182639115562,0.11265724799133463,0.06230684345202059,0.09375692746753199,0.0314500840155114,0.06130915302155232,0.09494897076785123,0.033639817746298914,104,R2_Percent,0.021267706358228368,0.11592690174399083,False
18,1,Danica McKellar,0.0832088323139834,0.08350428391308362,0.00782438284876075,0.09403308075801285,0.06869964147505984,0.09734182046656768,0.02864217899150784,0.06740538839715131,0.09767937911976894,0.030273990722617633,104,R2_Percent,0.04875043129380332,0.09091905612200653,False
18,1,Diana Nyad,0.061585795405459345,0.061680117679361525,0.005610809013607135,0.09110557031321151,0.052003328302666234,0.07274567668590257,0.020742348383236332,0.051670816302934436,0.07452650028949637,0.02285568398656193,104,R2_Percent,0.014771605670933193,0.13476770917845282,True
18,1,Drew Carey,0.08103335697561016,0.08064249370130416,0.008011853499577403,0.09887105506426017,0.06650012210676547,0.09750299477819653,0.031002872671431064,0.06629285448132147,0.09794967201248835,0.03165681753116688,104,R2_Percent,0.027077612136611025,0.1143390701764832,False
18,1,James Maslow,0.09293308814679574,0.0919851677036243,0.008410688313113477,0.09050262377839073,0.07748946137684815,0.11101727231614589,0.03352781093929774,0.07589262889113642,0.11185124923641294,0.035958620345276526,104,R2_Percent,0.15970913361556222,0.04566871903747154,False
18,1,Meryl Davis,0.09361210496885075,0.09294056376105886,0.008192611094156903,0.08751657808445798,0.07814743719117913,0.11138537371002093,0.0332379365188418,0.07630602112080323,0.11261146495426505,0.03630544383346182,104,R2_Percent,0.15527173059544955,0.043505470937543984,False
18,1,NeNe Leakes,0.08361676427426566,0.08250880059270153,0.008241589280481782,0.09856383886667877,0.07009687376999231,0.09976590193524593,0.029669028165253616,0.069370081652763,0.10179153097304247,0.032421449320279475,104,R2_Percent,0.034159407765305336,0.10887117087127547,False
18,1,Sean Avery,0.06236187919420008,0.06181217786864909,0.005095083857219485,0.08170189742603762,0.054399957646197025,0.07452192886709808,0.02012197122090105,0.05378755093634016,0.07463408038979348,0.02084652945345332,104,R2_Percent,0.01710357141286056,0.1257876480622487,False
18,2,Amy Purdy,0.10238796781877649,0.10142396732376176,0.008876445193297978,0.0866942218152919,0.08669661268845362,0.11976811211051337,0.03307149942205975,0.0846633827932267,0.12086584145877532,0.03620245866554862,104,R2_Percent,0.16193082513341905,0.04791807780190978,False
18,2,Billy Dee Williams,0.09821628319016332,0.09829828403860752,0.009375988389753091,0.09546266754566138,0.08038458598677148,0.11693198664093984,0.036547400654168366,0.0802311928421316,0.11836891165403372,0.03813771881190213,104,R2_Percent,0.11846895834543553,0.08355134190589986,False
18,2,Candace Cameron Bure,0.10269377187484939,0.1010674741522157,0.009565536256135236,0.09314621599246098,0.08596701073972346,0.12042279046043192,0.03445577972070846,0.08275139438062042,0.1211929871182723,0.03844159273765188,104,R2_Percent,0.16678027839579568,0.050451550648893874,False
18,2,Charlie White,0.09350638569496296,0.0930442016242546,0.00968204016237953,0.10354416001025142,0.07422812004011092,0.11293666757644549,0.03870854753633457,0.07342935027053134,0.11492572304749624,0.0414963727769649,104,R2_Percent,0.08881354741202549,0.07725216456710031,False
18,2,Cody Simpson,0.07660088169122958,0.07568687896966644,0.008355565467535382,0.10907923359440982,0.06226676967479783,0.09253958400973279,0.030272814334934964,0.06113933854822969,0.09350238462702093,0.03236304607879124,104,R2_Percent,0.01924754686655553,0.13611763158018653,False
18,2,Danica McKellar,0.09069732401138528,0.09103248036754574,0.008517108292707165,0.09390694141800708,0.07445921189601935,0.1055464196403312,0.03108720774431184,0.07317082887157222,0.10604899757307253,0.0328781687015003,104,R2_Percent,0.04826411775692327,0.10521638085024504,False
18,2,Drew Carey,0.08339525290199906,0.08316471801992714,0.00806914817594075,0.09675788363425329,0.0690806172299519,0.1001533965494729,0.031072779319521,0.06872185439644558,0.10081334325222215,0.03209148885577656,104,R2_Percent,0.025033695348068014,0.1345371889159506,False
18,2,James Maslow,0.10113689674793533,0.10038632020214955,0.009230598480117072,0.09126835780934234,0.08384808251026572,0.12085013349564178,0.03700205098537605,0.08292794197080841,0.12094908448805215,0.03802114251724374,104,R2_Percent,0.16306664709066812,0.04621361660973387,False
18,2,Meryl Davis,0.10376569832186314,0.10279096767931684,0.009123687758934351,0.08792585513793065,0.08635710832879502,0.12376601024795617,0.037408901919161144,0.08487033786703455,0.125376189846638,0.04050585197960346,104,R2_Percent,0.16059389071926422,0.047011155668391175,False
18,2,NeNe Leakes,0.090707964204375,0.08941566652938587,0.00909755128889648,0.10029495611210829,0.07585881029497682,0.10883000525215111,0.032971194957174293,0.0755348268986299,0.1110671478719739,0.035532320973343995,104,R2_Percent,0.03300067504197674,0.12732113094384098,False
18,2,Sean Avery,0.05689157354246047,0.05594739995498351,0.004775357441050508,0.08393786889171674,0.04945323127386363,0.06815991443008527,0.01870668315622164,0.04842882256409175,0.06855610402274255,0.0201272814586508,104,R2_Percent,0.014799817889868488,0.14440976050784798,True
18,3,Amy Purdy,0.12641926444214863,0.12485673386301666,0.011057491174049148,0.08746682100107633,0.10702337748528949,0.1490965683116031,0.0420731908263136,0.10472726606688687,0.14993607760673766,0.04520881153985079,104,R2_Percent,0.19045518740977385,0.05365891918730817,False
18,3,Candace Cameron Bure,0.12921180117965717,0.12854477141563161,0.011541835395565228,0.08932493232191202,0.10947238179214164,0.1498341275767039,0.04036174578456225,0.10627112160217958,0.15038570410207663,0.044114582499897054,104,R2_Percent,0.19800203985725015,0.05566905784645102,False
18,3,Charlie White,0.11172988752680911,0.11114066453853477,0.011338665359518918,0.10148283159059167,0.09049788474671312,0.13344005032699754,0.04294216558028442,0.0893556578048136,0.13649940607389843,0.04714374826908484,104,R2_Percent,0.10173856512488451,0.09913967258684592,False
18,3,Cody Simpson,0.08053084556011016,0.08002207310174152,0.00795748318842884,0.09881286025351843,0.0671554426460868,0.09585030813694853,0.028694865490861726,0.06588683677886509,0.0965206113318407,0.030633774552975612,104,R2_Percent,0.019442258380464532,0.17915211240680798,False
18,3,Danica McKellar,0.10656990468584127,0.10707070220324193,0.009643905316766399,0.09049370312562244,0.0879592088030862,0.12274589009634339,0.03478668129325718,0.0864850653884439,0.12443929798039591,0.037954232591952006,104,R2_Percent,0.052354030124325726,0.13952587309421677,False
18,3,Drew Carey,0.09447965989892806,0.09433536832172232,0.00862885621472263,0.09133030563354652,0.0800554716879232,0.11188070100224408,0.031825229314320885,0.07912682581641298,0.1120066833849492,0.03287985756853622,104,R2_Percent,0.025804501060099832,0.19160931399923142,False
18,3,James Maslow,0.12250027777457126,0.12164364837872071,0.011076320917445896,0.09041874123607196,0.10188898278280294,0.14593673672388782,0.044047753941084886,0.10107407656744809,0.14719787895064368,0.04612380238319559,104,R2_Percent,0.18981428277615603,0.05389741380520877,False
18,3,Meryl Davis,0.12570418758390106,0.12441212090610637,0.010541643428676053,0.08386071801816507,0.10536265861686711,0.15025841868012982,0.04489576006326271,0.10476053042759054,0.15056537226153127,0.045804841833940735,104,R2_Percent,0.18766267245413704,0.051173527536253406,False
18,3,NeNe Leakes,0.10285417134803335,0.10093712545717873,0.009656498332668373,0.09388533499524435,0.0865525362824351,0.1219691672330105,0.0354166309505754,0.0863054135950651,0.1238355309950519,0.037530117399986795,104,R2_Percent,0.03472646281290839,0.17617410953767673,False
18,4,Amy Purdy,0.13005687709698235,0.1281713404099293,0.011848635932652911,0.0911034940798823,0.10966058605567545,0.1552423636595595,0.04558177760388406,0.10733100078053791,0.15625817348327214,0.04892717270273424,104,R2_Percent,0.19208728048725507,0.05332191099984568,False
18,4,Candace Cameron Bure,0.13623073666514812,0.13506791164403342,0.012545021829393242,0.09208657412041017,0.114448426279592,0.15773171508006595,0.043283288800473954,0.1114096820175699,0.15925910835710316,0.04784942633953326,104,R2_Percent,0.20222134588957985,0.057169090550103024,False
18,4,Charlie White,0.11042858303956803,0.10970060779140138,0.011150943398279937,0.1009787782415392,0.08960483851991861,0.13164939431189993,0.04204455579198131,0.0876489665335879,0.1353840313528664,0.047735064819278486,104,R2_Percent,0.10007530383515609,0.10316504180464871,False
18,4,Cody Simpson,0.07310130602249705,0.07229379856775632,0.007066802394528252,0.09667135621836129,0.06181119033588224,0.08699374706712336,0.025182556731241118,0.06044098842028327,0.08790476731612464,0.027463778895841368,104,R2_Percent,0.017322486808851487,0.1916252257126722,False
18,4,Danica McKellar,0.10431544251656505,0.10463473735527931,0.00921216053707317,0.08831061168733766,0.08640440966794126,0.11962753882546595,0.03322312915752469,0.08486752677942096,0.12075441149494484,0.035886884715523884,104,R2_Percent,0.049065463956787576,0.15029425972442217,False
18,4,Drew Carey,0.08448893612214631,0.08434217626241311,0.006831371661263216,0.08085522169893404,0.07323603206857021,0.09841889320954068,0.025182861140970472,0.07217733582102233,0.09854278508758275,0.026365449266560426,104,R2_Percent,0.022973158504502565,0.1758875216304528,False
18,4,James Maslow,0.13115861475805476,0.13047850117618182,0.01213798791656008,0.092544343647962,0.10863077433687766,0.15686303308642813,0.04823225874955046,0.10723757355492076,0.15971812459159587,0.05248055103667511,104,R2_Percent,0.19415288431176625,0.051354674113465476,False
18,4,Meryl Davis,0.13044250247077527,0.12867375768260464,0.011329786983915228,0.08685655955161999,0.1078452449850384,0.15742992939501338,0.049584684409974975,0.10743521105161855,0.1579544095556498,0.05051919850403125,104,R2_Percent,0.1900245056622229,0.04814077766287916,False
18,4,NeNe Leakes,0.09977700130826297,0.09799477708164932,0.00900240891953034,0.09022529041253931,0.08411504573479824,0.11772189958621052,0.03360685385141228,0.08404060873009307,0.11990380563751626,0.03586319690742319,104,R2_Percent,0.03207757054387814,0.16904149780151087,False
18,5,Amy Purdy,0.13878056713990158,0.13710105403252942,0.012672321396148304,0.09131192974138533,0.11693796311431753,0.16496268952592125,0.04802472641160371,0.11415096679378461,0.16660411433602246,0.052453147542237843,104,R2_Percent,0.1942565302945932,0.051423076349471665,False
18,5,Candace Cameron Bure,0.14692041978974904,0.14627257492615864,0.013625855289809245,0.09274310071607862,0.12304876724239738,0.17143399741322543,0.04838523017082805,0.11961763111252745,0.17284183952971016,0.053224208417182714,104,R2_Percent,0.2062075303863077,0.04942072493240708,False
18,5,Charlie White,0.11100216062573348,0.1098989886076733,0.011791989436448241,0.10623207124956197,0.08919168101532987,0.1341110345827749,0.04491935356744503,0.08701185503790766,0.1381671571964516,0.05115530215854393,104,R2_Percent,0.09892868737684325,0.09945605632706686,False
18,5,Cody Simpson,0.06501347658058544,0.06439986769274286,0.006425561583352073,0.09883430207562377,0.05518199683438531,0.07803921186603845,0.02285721503165314,0.05352908771848006,0.0791399503691262,0.02561086265064614,104,R2_Percent,0.015300627478813954,0.18920958579181407,True
18,5,Danica McKellar,0.09568661613675043,0.0957337327717194,0.008310743334138131,0.08685376983402611,0.07930946615615045,0.10932935305773069,0.030019886901580237,0.0775020090196662,0.11006832609052522,0.032566317070859024,104,R2_Percent,0.045262205919145634,0.1381150143296146,False
18,5,Drew Carey,0.07231629484043951,0.07209051614090936,0.0059717094718643605,0.08257764705783793,0.06234886594813842,0.08432812541039737,0.021979259462258954,0.06149643961035451,0.08529039170736331,0.023793952097008804,104,R2_Percent,0.020507467560843533,0.2076310025387504,False
18,5,James Maslow,0.14037910288643732,0.13979568546775156,0.012998005451152315,0.09259216780767811,0.11594308369144792,0.16796571298233615,0.05202262929088823,0.11401315566514632,0.17142989841342146,0.05741674274827514,104,R2_Percent,0.19702970576382658,0.04729618575496653,False
18,5,Meryl Davis,0.1404697150508069,0.13883272254654677,0.012195351867699997,0.08681837122890884,0.11647834893500357,0.16920543090599413,0.05272708197099056,0.1159678609119044,0.17009879227473276,0.05413093136282836,104,R2_Percent,0.1932196597355565,0.05291840111384304,False
18,5,NeNe Leakes,0.08943164694959628,0.08811324332742407,0.007529661504582057,0.0841945973423231,0.076061105899361,0.1041202049765619,0.02805909907720089,0.0759397434432441,0.10611025490262245,0.030170511459378352,104,R2_Percent,0.029287585484069505,0.1645299528620658,False
18,6,Amy Purdy,0.15867031176407823,0.1572390597030414,0.01405262314736353,0.08856491798073683,0.13401279729216514,0.18678186194680924,0.05276906465464409,0.13004273682038556,0.1891673718537609,0.05912463503337534,104,R2_Percent,0.20087954393329407,0.05777128746528686,False
18,6,Candace Cameron Bure,0.1656045413017305,0.16584600618516415,0.014991363289706721,0.09052507359923509,0.13909821594567645,0.19121595377281259,0.052117737827136135,0.13498773329536073,0.19406864738804236,0.059080914092681625,104,R2_Percent,0.2137155156611576,0.06124593571872833,False
18,6,Charlie White,0.11291365131876052,0.1117639891158366,0.011645770085136753,0.10313872546960863,0.09168160800187865,0.13599205074246315,0.0443104427405845,0.08920416011855355,0.13983020855065578,0.050626048432102236,104,R2_Percent,0.0947658018117183,0.12644782150005787,False
18,6,Danica McKellar,0.09569092876544333,0.095747208625274,0.0077203693753841035,0.08068026379290558,0.08044674218453694,0.10765033367347729,0.027203591488940346,0.07838335804524028,0.10882914759569398,0.030445789550453697,104,R2_Percent,0.04192706309918972,0.18226319277248823,False
18,6,Drew Carey,0.06847336808357928,0.0682757181441877,0.0059118110695001265,0.08633737809251782,0.05827945802405456,0.08067925504358449,0.022399797019529925,0.05798139447935985,0.08157147347095894,0.023590078991599095,104,R2_Percent,0.01779457823904346,0.2375999986520417,True
18,6,James Maslow,0.15926653135359553,0.1583469034989145,0.014260470259401378,0.08953839917402985,0.13190714012929983,0.19040387927041166,0.058496739141111836,0.12996436645929388,0.19544555666989746,0.06548119021060358,104,R2_Percent,0.20548253564910565,0.06023500702536294,False
18,6,Meryl Davis,0.15936757011825106,0.15712367998704818,0.013600460632245388,0.08534020203830565,0.13422012906775563,0.19071615054284033,0.0564960214750847,0.13269454759879276,0.19262288891898072,0.059928341320187956,104,R2_Percent,0.19928942948214695,0.05561315464647517,False
18,6,NeNe Leakes,0.08001309729456155,0.0788993207278944,0.00687411938721388,0.08591242708562302,0.06890543903083086,0.09348884658578134,0.024583407554950476,0.06852793093704773,0.09504649220807988,0.02651856127103215,104,R2_Percent,0.026145532124344208,0.21882360221955865,False
18,7,Amy Purdy,0.17958598660803984,0.17749511506290722,0.015543887312647697,0.08655401017771737,0.1523724377161178,0.20934968040051224,0.05697724268439444,0.1489085537510541,0.21373029970425128,0.06482174595319717,104,R2_Percent,0.20893416785722932,0.07172062521981956,False
18,7,Candace Cameron Bure,0.18339270404532998,0.18194712294760707,0.016140207823272648,0.08800899636270809,0.15381477422922893,0.21017523749172978,0.056360463262500854,0.15039948213151477,0.2132376103626689,0.06283812823115412,104,R2_Percent,0.2204141323879493,0.06715590601235863,False
18,7,Charlie White,0.10884314395918625,0.10817676760278494,0.010139916647358714,0.09316082096232865,0.08989000774496547,0.12859377026589383,0.03870376252092836,0.08819824648554253,0.13191193424460207,0.04371368775905954,104,R2_Percent,0.08554687138844633,0.17790811307027868,False
18,7,Danica McKellar,0.08325451626878325,0.0835212679950586,0.006757819398808282,0.08117060433083274,0.06963854714801304,0.0943630355688211,0.024724488420808058,0.06766282483029236,0.09538217897412091,0.027719354143828548,104,R2_Percent,0.03592458340140075,0.2473879256361952,False
18,7,James Maslow,0.1854012693741845,0.18442701323775995,0.01609802134667432,0.08682799961948819,0.15358546703588458,0.2203715046449513,0.06678603760906673,0.15254948555210768,0.22657378997576502,0.07402430442365734,104,R2_Percent,0.21771693545482262,0.07226794016173256,False
18,7,Meryl Davis,0.18186731155363872,0.17989518681449673,0.014908142166600163,0.08197263180086795,0.15525989764029116,0.21604961226854366,0.0607897146282525,0.15375136103406062,0.2179486701740711,0.06419730914001048,104,R2_Percent,0.2089968679746967,0.06880795155461432,False
18,7,NeNe Leakes,0.07765506819083746,0.07661576360915337,0.007002298371470409,0.0901718140825303,0.0660160567556417,0.09115092290075569,0.025134866145113982,0.0657938031518384,0.09261018659898734,0.026816383447148942,104,R2_Percent,0.022466441535454913,0.294751538345001,True
18,8,Amy Purdy,0.197001116798237,0.19644415398347276,0.016636068264396904,0.08444656829755487,0.16714446383068196,0.23143744060250473,0.06429297677182277,0.16364865514974772,0.23441106856069316,0.07076241341094544,104,R2_Percent,0.21638322760168233,0.09310857825839021,False
18,8,Candace Cameron Bure,0.20842726783438165,0.20861473839983613,0.017707640402077267,0.0849583674250719,0.17519925437811612,0.23763718506292736,0.06243793068481124,0.17181715733811492,0.24070339727866727,0.06888623994055235,104,R2_Percent,0.23303106061102874,0.09378835983787996,False
18,8,Charlie White,0.09751211649228103,0.09687523423063737,0.008986380777401692,0.09215655552008294,0.08129883729507638,0.11580837142585138,0.034509534130774996,0.08002564566527011,0.11886483125260168,0.03883918558733157,104,R2_Percent,0.07080383807899045,0.2549621025280961,False
18,8,Danica McKellar,0.08461899959645842,0.08453343572260771,0.007236090610055695,0.0855137811196547,0.07029708264684596,0.0965955740514975,0.02629849140465154,0.06867589901580474,0.09783478411301098,0.02915888509720624,104,R2_Percent,0.029934238561653833,0.35965697212568776,True
18,8,James Maslow,0.20856670506582045,0.20739776739530336,0.01756986956452368,0.08424100845328547,0.1742741630227416,0.24614078113517937,0.07186661811243777,0.1727711005505436,0.25225598119792025,0.07948488064737666,104,R2_Percent,0.22912137992503576,0.09636028263201327,False
18,8,Meryl Davis,0.20387379421282148,0.2020854299767445,0.016574679009383357,0.0812987224443434,0.1762063619886912,0.2414618251865282,0.06525546319783701,0.17283740487531707,0.24442513175909766,0.0715877268837806,104,R2_Percent,0.22072625522160902,0.10212370461793284,False
18,9,Amy Purdy,0.22454717887019673,0.22363566662131112,0.018626639111400785,0.08295200681264504,0.19049495013915752,0.25883068723939323,0.06833573710023572,0.18561646606545468,0.26360730203263083,0.07799083596717615,104,R2_Percent,0.23070264237956342,0.13345918634396065,False
18,9,Candace Cameron Bure,0.2276295738396509,0.22917976843890986,0.019327675192005293,0.08490845396749847,0.1912121501545667,0.26041502725820737,0.06920287710364068,0.18768785415309294,0.26118050187832964,0.0734926477252367,104,R2_Percent,0.2455453756920201,0.13425953297550175,False
18,9,Charlie White,0.09406381927253797,0.0932418232317648,0.008349430917890996,0.08876346912620654,0.07854359062005409,0.11267053738321149,0.034126946763157404,0.07770175927728085,0.11561594038823225,0.037914181110951406,104,R2_Percent,0.05275330120146492,0.47407191904413437,True
18,9,James Maslow,0.22821691791028945,0.2268356710721883,0.01925238026257485,0.08436000467828084,0.19107518630454556,0.2691126056591352,0.07803741935458963,0.1886604320159437,0.2730144775144162,0.0843540454984725,104,R2_Percent,0.23984428305967856,0.12990034167017003,False
18,9,Meryl Davis,0.2255425101073249,0.22379305347726733,0.01829814039544123,0.08112945265499626,0.19576136089964186,0.26592694636597475,0.07016558546633289,0.1926416427216674,0.2675307715133108,0.07488912879164339,104,R2_Percent,0.23115439766727322,0.1283090199662331,False
18,10,Amy Purdy,0.2482393219608315,0.24840044486071028,0.019783786285734985,0.07969642411791865,0.21255717380021588,0.2879026562566469,0.07534548245643102,0.20737185677292871,0.294113838228587,0.08674198145565828,104,R2_Percent,0.2435838791403483,0.24554297733547253,False
18,10,Candace Cameron Bure,0.24971375242832838,0.2509296420940166,0.02033930894675757,0.08145049581358263,0.21063230948638625,0.28350062589637115,0.0728683164099849,0.20730214961726684,0.2846261560957069,0.07732400647844007,104,R2_Percent,0.257829639856175,0.2775973161249909,False
18,10,James Maslow,0.2490809627384758,0.24663524605949425,0.02026843838158628,0.08137289240714579,0.21018580085532315,0.2932805419177535,0.08309474106243034,0.20868440598302485,0.29611308504509176,0.08742867906206692,104,R2_Percent,0.2521240286027459,0.24095349006970776,False
18,10,Meryl Davis,0.25296596287236434,0.25043015423842696,0.019926042948209672,0.07876966024185432,0.22179366817804919,0.29963468736362947,0.07784101918558028,0.22147032423616456,0.30025746970799516,0.0787871454718306,104,R2_Percent,0.24646245240073067,0.2359062164698288,False
16,1,Alexandra Raisman,0.09341610825976149,0.09164682332895732,0.009491951553287675,0.10160936620152784,0.07837416415155372,0.11412997567547574,0.035755811523922015,0.07667013694546239,0.11756958599229844,0.04089944904683605,97,R2_Percent,0.16772605733294269,0.03950430369614666,False
16,1,Andy Dick,0.08282287875867207,0.08280113822074911,0.008355035205309221,0.10087834823580552,0.06736273767354216,0.09818877329219772,0.03082603561865556,0.06643976011949122,0.10014828345417386,0.03370852333468263,97,R2_Percent,0.04348457530094268,0.10531700276108664,False
16,1,D. L. Hughley,0.07395784791242908,0.07343393356571254,0.007259855395883538,0.09816206935171613,0.0625629767413421,0.09080108815749777,0.028238111416155662,0.062110405929187235,0.09201485146371371,0.02990444553452648,97,R2_Percent,0.024149023790488035,0.1400292607502318,False
16,1,Dorothy Hamill,0.08342466018068452,0.08352094328209624,0.006358202447022333,0.07621490376168724,0.07128427319012136,0.09574417224744274,0.024459899057321377,0.07017591164071509,0.0964832062011567,0.02630729456044162,97,R2_Percent,0.059605357193945094,0.08347604671414013,False
16,1,Ingo Rademacher,0.08373073768079076,0.08326971840960781,0.007165406619324565,0.08557677643593041,0.07119988930962984,0.0977476401996995,0.026547750890069666,0.07062972087929766,0.09807374877805373,0.02744402789875608,97,R2_Percent,0.1051263482153492,0.06278963348769567,False
16,1,Jacoby Jones,0.09016599486668854,0.08937657198848611,0.009229334115383717,0.10235936651094898,0.0740308233046427,0.10982097319790833,0.035790149893265635,0.07323347285143757,0.111798494913904,0.03856502206246644,97,R2_Percent,0.16393927691580226,0.04179718846711876,False
16,1,Kellie Pickler,0.09207700701876592,0.09251327638270344,0.008443226093185088,0.09169744289651272,0.07712651130787199,0.108435489360603,0.031308978052731015,0.07598097696220003,0.10920291859093058,0.033221941628730545,97,R2_Percent,0.1574922807173991,0.04240316823181985,False
16,1,Lisa Vanderpump,0.074001432815266,0.07360876969785651,0.007201767791340949,0.09731930203728802,0.06216381788132154,0.08907683617923616,0.02691301829791462,0.06178588709197097,0.09033137650553624,0.028545489413565273,97,R2_Percent,0.01954720338287151,0.12058983330292433,False
16,1,Sean Lowe,0.08537044650967707,0.08468436382958401,0.008341132175292974,0.09770514875247226,0.07020973679886154,0.10051131950326636,0.03030158270440482,0.07012421015371653,0.10144429377596544,0.031320083622248904,97,R2_Percent,0.06061211446956399,0.08806070654089847,False
16,1,Victor Ortiz,0.07947234911561389,0.07864032907139437,0.008032821422648526,0.10107693445631799,0.06741000408762315,0.09665899695579377,0.02924899286817062,0.06556000002159011,0.09748927274799439,0.03192927272640428,97,R2_Percent,0.028071030432869022,0.11368297521295223,False
16,1,Wynonna Judd,0.06854757805654135,0.0690988779583662,0.00614825672390509,0.08969327433908329,0.05827210046206102,0.0804388336503283,0.022166733188267285,0.05732404929817472,0.08077534705850457,0.02345129776032985,97,R2_Percent,0.017467722839532806,0.12233756094808242,False
16,1,Zendaya,0.09301295882510938,0.09199079656771197,0.009665590419894114,0.10391659981560368,0.07566426174643899,0.11254545296330744,0.03688119121686845,0.07543401212687043,0.1142786616370075,0.03884464951013708,97,R2_Percent,0.15277900940829361,0.040012319886902986,False
16,2,Alexandra Raisman,0.10439231631522698,0.1032297698476386,0.011119090492267208,0.10651253736617532,0.08389685279944983,0.1275196031462991,0.04362275034684926,0.08340793151492794,0.13056848645334293,0.04716055493841499,97,R2_Percent,0.17320487912385685,0.035779258664525616,False
16,2,Andy Dick,0.08300304605223834,0.08301076353395301,0.008441483674648136,0.1017008902219739,0.06741839693589105,0.09805011221429576,0.030631715278404706,0.06628755650860922,0.10042777500495059,0.03414021849634137,97,R2_Percent,0.0419384531385192,0.09939611259111353,False
16,2,D. L. Hughley,0.06773287341458359,0.06729350049727824,0.006733225170749159,0.09940852692806956,0.057684907177329284,0.08432629515907955,0.026641387981750267,0.056820499916712564,0.08505395314592971,0.02823345322921715,97,R2_Percent,0.021176956387681366,0.12853608410735773,False
16,2,Dorothy Hamill,0.08136988680165255,0.08173102463270286,0.006322786001440222,0.07770424969193654,0.06879249080516041,0.09328219849160505,0.024489707686444637,0.0679766408097827,0.09431975688950904,0.026343116079726336,97,R2_Percent,0.05683067375535137,0.10332297650624257,False
16,2,Ingo Rademacher,0.08782639073434265,0.08749348131967259,0.007595697492715123,0.08648536538055625,0.07477684610643015,0.10211024247886782,0.027333396372437674,0.0739030046869923,0.10254074412818742,0.028637739441195117,97,R2_Percent,0.10965085921952375,0.0622134630407502,False
16,2,Jacoby Jones,0.09430132823041033,0.0933544266761245,0.009859553690564406,0.10455370964101535,0.07719074016072627,0.11509908500650143,0.037908344845775155,0.07623683073750608,0.11763284197658541,0.041396011239079336,97,R2_Percent,0.1653794386318389,0.03885652773429767,False
16,2,Kellie Pickler,0.09506688064477198,0.09556702821397366,0.008864975997949703,0.09324988826628988,0.07938707920437703,0.11294987403262545,0.03356279482824842,0.07778350355116205,0.11415755155128256,0.03637404800012051,97,R2_Percent,0.15792663174506774,0.03757615090115483,False
16,2,Lisa Vanderpump,0.06518772645920069,0.06475726742427515,0.005912588082805485,0.09070094025300945,0.055178971361447116,0.07732668914020747,0.02214771777876036,0.054332902751426576,0.07855966797073688,0.024226765219310303,97,R2_Percent,0.01717961750426172,0.12485482934563022,False
16,2,Sean Lowe,0.08926856544067012,0.08852462854061213,0.009049849827932744,0.10137778940726314,0.07297123664773508,0.10558118386832545,0.032609947220590366,0.07229502815723922,0.10739873980983573,0.035103711652596514,97,R2_Percent,0.06186836647449388,0.08659190405941576,False
16,2,Victor Ortiz,0.07816045168370947,0.07759972261153693,0.007845082964659248,0.10037151520574379,0.06655296743842198,0.09481547745868259,0.028262510020260603,0.06458742041819474,0.09553137185195681,0.03094395143376208,97,R2_Percent,0.025999259932202496,0.11746300744376482,False
16,2,Wynonna Judd,0.05703751604715376,0.05694987682154743,0.005236778235053487,0.09181287331524333,0.04746800820022885,0.06698081332415501,0.019512805123926155,0.04728443723574378,0.0672321142433311,0.019947677007587324,97,R2_Percent,0.014991910063536534,0.12675926282454808,False
16,2,Zendaya,0.09665301817603958,0.09564534895479024,0.010334208378997355,0.106920700191432,0.07798898140926909,0.11745468170983736,0.03946570030056827,0.07759724597670567,0.1192627999251577,0.04166555394845203,97,R2_Percent,0.15385295402366628,0.03865042278119883,False
16,3,Alexandra Raisman,0.10853145303658862,0.10645553143292945,0.012438873123761246,0.11461076743870549,0.08884950769474512,0.1373669835417848,0.04851747584703969,0.08679794597900177,0.1413018367740495,0.054503890795047735,97,R2_Percent,0.17895175275582967,0.04067069218112373,False
16,3,Andy Dick,0.08967098605747119,0.08953321029343334,0.009180408119268998,0.1023788019168783,0.0729070731504,0.10575213212017721,0.03284505896977721,0.07119088046508476,0.10823632777163793,0.03704544730655317,97,R2_Percent,0.043140203991920804,0.1206015776624577,False
16,3,D. L. Hughley,0.06798685890572398,0.06705990730077058,0.006534663993194679,0.09611657456121288,0.05800707474463177,0.08367254957264621,0.025665474828014435,0.05719243416145175,0.08507219688519889,0.02787976272374714,97,R2_Percent,0.02004137175695917,0.15008725228569395,False
16,3,Ingo Rademacher,0.09789381760561781,0.09666273703646022,0.009110750122550665,0.09306767623727678,0.08317437620310812,0.11613968534498341,0.03296530914187529,0.0813675817499686,0.1165929871045168,0.0352254053545482,97,R2_Percent,0.12042845635538559,0.06467370356459541,False
16,3,Jacoby Jones,0.10955034163171352,0.10857332330413381,0.01256182492750924,0.11466714517184802,0.0880155205400401,0.1369240749888462,0.04890855444880611,0.08716219748644637,0.1398523782273972,0.052690180740950845,97,R2_Percent,0.1775658773190472,0.03759112789499673,False
16,3,Kellie Pickler,0.11232388808605111,0.11305768434852097,0.011226388842767525,0.09994658334981256,0.0924714639343628,0.13436895226376389,0.041897488329401086,0.09043363315061026,0.13545829469431891,0.045024661543708655,97,R2_Percent,0.17037180495546358,0.040690198091650295,False
16,3,Lisa Vanderpump,0.06263362165836049,0.06217556341301865,0.005476649788035504,0.08743945572728137,0.054040165224530645,0.07431443941208077,0.020274274187550123,0.05357186168060861,0.07523842083189217,0.021666559151283557,97,R2_Percent,0.016402575385164004,0.13284331461309642,False
16,3,Sean Lowe,0.09966010244210358,0.09896182529734474,0.010723529256233209,0.10760102582137043,0.08087190239713606,0.11958047870633816,0.0387085763092021,0.08022933576435909,0.12143219999706671,0.04120286423270762,97,R2_Percent,0.06708415177162143,0.09354803044714938,False
16,3,Victor Ortiz,0.0822075325430054,0.08184152146556763,0.008126166441369367,0.0988494142810856,0.0697690047003662,0.09961363389002843,0.029844629189662228,0.06813545072344473,0.10041437229039707,0.032278921566952334,97,R2_Percent,0.02569740734798539,0.11744425857812392,False
16,3,Wynonna Judd,0.05544267936739101,0.055696011592938126,0.005004089771408403,0.09025699747028447,0.04646976713279418,0.06458880913904808,0.018119042006253895,0.04624921042971172,0.06474808817319057,0.018498877743478845,97,R2_Percent,0.01394642494087636,0.16123071853513965,True
16,3,Zendaya,0.11409871866597332,0.11244365908846085,0.013223335172571338,0.11589380956400538,0.09108940810782575,0.14059091246092617,0.049501504353100426,0.0906430852475163,0.14342524824656488,0.05278216299904859,97,R2_Percent,0.1663699734197469,0.0406191261459727,False
16,4,Alexandra Raisman,0.12476513038959523,0.12352844493768945,0.01468318426716943,0.11768660218860263,0.10145417923186466,0.15876833073461996,0.0573141515027553,0.0991387833719737,0.1639546132916781,0.0648158299197044,97,R2_Percent,0.1836915421213951,0.04147842456977401,False
16,4,Andy Dick,0.0902097516571192,0.09029981126033779,0.008990159041445482,0.09965839475555184,0.07362245739065777,0.10510226087923678,0.03147980348857901,0.07198311022728278,0.10814851578243856,0.03616540555515578,97,R2_Percent,0.0408023266454778,0.13418951274934993,False
16,4,D. L. Hughley,0.06102542991272741,0.06042333498520641,0.005739263029574339,0.09404707247096941,0.052552961901421266,0.07444401935728723,0.02189105745586596,0.05179535019791048,0.0767369018816519,0.024941551683741424,97,R2_Percent,0.01768982756957734,0.157461647270764,False
16,4,Ingo Rademacher,0.10408528194797592,0.10217472568123614,0.010094560247015634,0.09698355096987789,0.08772901200374555,0.12548027737012474,0.03775126536637918,0.0860057689788148,0.12661353430091735,0.04060776532210254,97,R2_Percent,0.12243587218538707,0.07170790826990592,False
16,4,Jacoby Jones,0.12114493525754877,0.1199092525907764,0.014193234863873302,0.11715912707121526,0.09573935784554889,0.1516916552194113,0.05595229737386241,0.09530796905064501,0.15385501759194256,0.05854704854129755,97,R2_Percent,0.18245874557411842,0.04589594727547916,False
16,4,Kellie Pickler,0.1254125223573789,0.12590038979825624,0.012909963230241212,0.10293998547810587,0.1023990620114209,0.15064856521620099,0.04824950320478008,0.09985553274031203,0.15261569235610611,0.05276015961579408,97,R2_Percent,0.17498257682825574,0.04543700196595764,False
16,4,Lisa Vanderpump,0.05946636483887025,0.05891660144276887,0.005254529290752219,0.08836136705160748,0.050893634521847926,0.07073965259816066,0.019846018076312734,0.05061611455027523,0.07107922747698721,0.020463112926711977,97,R2_Percent,0.014613116433423886,0.1764688643208374,True
16,4,Sean Lowe,0.10512301446321891,0.10475367961830519,0.01144194923311378,0.1088434277835246,0.08544589085442277,0.12638073674105818,0.040934845886635415,0.0845326297197494,0.12841384279423318,0.04388121307448378,97,R2_Percent,0.06709398197494779,0.11537835738906195,False
16,4,Victor Ortiz,0.07869384286649578,0.07818176548394112,0.0072588973946062394,0.09224225339866766,0.06757653005886469,0.09371869137492102,0.02614216131605633,0.06593527305530124,0.09424222025362075,0.028306947198319513,97,R2_Percent,0.02363508744834584,0.16578904748699064,False
16,4,Zendaya,0.13007372630906966,0.12833105208097664,0.015360365848480544,0.11808968870456285,0.10285701401213929,0.16096400187880053,0.05810698786666124,0.1025786516107556,0.16498241408021178,0.06240376246945617,97,R2_Percent,0.17259692321907127,0.0461932887018793,False
16,5,Alexandra Raisman,0.1351672144048329,0.13353458703855484,0.016420453411006716,0.12148251692031321,0.10901793288105355,0.17726693619123088,0.06824900331017733,0.1066443324215794,0.1808850674029649,0.07424073498138549,97,R2_Percent,0.18686760763005464,0.05178375282180666,False
16,5,Andy Dick,0.08682064080352273,0.08679295384539358,0.007797141103952501,0.08980745859268219,0.07205626954883142,0.10031201274318821,0.028255743194356794,0.07073014560828594,0.10224407437510666,0.031513928766820715,97,R2_Percent,0.03736658808637263,0.18370247012930552,False
16,5,D. L. Hughley,0.05776400928339564,0.05688670581541968,0.00559384315666428,0.09683959313177798,0.05035764357109535,0.07047221373651508,0.020114570165419725,0.049571601859677523,0.07285567917543813,0.023284077315760605,97,R2_Percent,0.015349040580341419,0.21393445329963962,True
16,5,Ingo Rademacher,0.10818688914900791,0.10610177802076877,0.010482230254065396,0.09689002370359329,0.09119805110213074,0.1294773527378755,0.038279301635744764,0.08918447107360011,0.13112957207615494,0.04194510100255483,97,R2_Percent,0.12074236626622002,0.09341647411966464,False
16,5,Jacoby Jones,0.1387724076270926,0.13695606553711587,0.01617958139795342,0.11659076667049677,0.10994840703680211,0.17343109425592557,0.06348268721912345,0.1093977732275199,0.1762866820284109,0.06688890880089102,97,R2_Percent,0.19056338806096584,0.048832454356507154,False
16,5,Kellie Pickler,0.14618437784463453,0.14809113241797164,0.014969969235393654,0.10240471284355576,0.1188407812843144,0.17406305276539577,0.05522227148108137,0.1168397600249645,0.17565895203481457,0.05881919200985007,97,R2_Percent,0.1834873606133928,0.04961286849417062,False
16,5,Sean Lowe,0.10619700919644226,0.1056420275703458,0.01086938870519491,0.10235117530559466,0.08825166028661985,0.12654407920759453,0.03829241892097468,0.08652413117435698,0.12840406573829458,0.0418799345639376,97,R2_Percent,0.06387281701925042,0.12536846221813036,False
16,5,Victor Ortiz,0.07179380001810279,0.07135484260802244,0.00653851386755882,0.09107351701553805,0.061721201786796104,0.08577151251200434,0.024050310725208232,0.060491752207079474,0.08634070106875211,0.025848948861672633,97,R2_Percent,0.021261696798687172,0.18594155646306357,False
16,5,Zendaya,0.14911365167296864,0.1466548973808004,0.017580423660378743,0.1178994911809656,0.11849128120531154,0.18517805716013996,0.06668677595482843,0.11773420972399293,0.1887276060827059,0.07099339635871296,97,R2_Percent,0.18048913494471508,0.04740750809771182,False
16,6,Alexandra Raisman,0.14946944432150822,0.14746835818797893,0.01820979062893574,0.12182951981654892,0.11966373728465196,0.19813818602237585,0.07847444873772388,0.11759886673253421,0.20102206803672823,0.08342320130419402,97,R2_Percent,0.19198751565395375,0.06071366629170301,False
16,6,Andy Dick,0.07929949915700857,0.07946260277562957,0.0070107206601924535,0.08840813289768223,0.06597738396504484,0.09104166250343476,0.025064278538389925,0.06491702590281774,0.09283262003606868,0.02791559413325094,97,R2_Percent,0.032776192039009534,0.21551568223898246,False
16,6,Ingo Rademacher,0.11112072646000407,0.10955568273938879,0.010204138235890291,0.09182929738641593,0.09474952203562068,0.1314934932605395,0.03674397122491882,0.0927819005844415,0.13422955859545962,0.04144765801101813,97,R2_Percent,0.11476561923068147,0.11565806004756238,False
16,6,Jacoby Jones,0.1557456290803376,0.1539678594016558,0.017608126066601115,0.1130569517139925,0.12382231489016637,0.1923310167977379,0.06850870190757152,0.12305081664241814,0.19526199769428668,0.07221118105186854,97,R2_Percent,0.20030981963829292,0.06517410701975039,False
16,6,Kellie Pickler,0.16525960531530376,0.1671358786952538,0.0164480111168747,0.0995283214279318,0.13456506835176876,0.19563208261252107,0.06106701426075231,0.13245676510916268,0.1974105771339169,0.06495381202475423,97,R2_Percent,0.19269505734527312,0.05823952584772832,False
16,6,Sean Lowe,0.10223976087995218,0.10205414885081032,0.00949378062813059,0.09285800892353407,0.08594727581261488,0.11937535209095233,0.03342807627833745,0.0849396630371753,0.12065353044255415,0.03571386740537885,97,R2_Percent,0.058285885627644175,0.17096421336123338,False
16,6,Victor Ortiz,0.06863951401982611,0.06813041608447695,0.0064745721130407795,0.09432718464717915,0.058926466119412,0.08267190019819977,0.02374543407878777,0.05774071684474671,0.08295385966545857,0.02521314282071186,97,R2_Percent,0.01851878946525992,0.251326260494981,True
16,6,Zendaya,0.16822582076605958,0.16572723571591802,0.01926512892314397,0.11451945269409444,0.13432733303035652,0.20797741149202936,0.07365007846167285,0.13292159194351394,0.21073323763828378,0.07781164569476984,97,R2_Percent,0.19066112099988525,0.06240848469805897,False
16,7,Alexandra Raisman,0.16865903124717307,0.1665844157406472,0.019851295554187742,0.11770075641603375,0.1349093494330506,0.2217195774959875,0.0868102280629369,0.13308865482485896,0.2239271582684993,0.09083850344364033,97,R2_Percent,0.20015118976410368,0.06080157790765172,False
16,7,Andy Dick,0.07659605237321751,0.07691394138296484,0.006916148355222743,0.09029379636333629,0.06334187644377748,0.08881869977387914,0.025476823330101664,0.062221276225031465,0.08976033335256509,0.02753905712753362,97,R2_Percent,0.027228472934861955,0.3536349424924231,True
16,7,Ingo Rademacher,0.10686263751958078,0.10481550538549139,0.008905887356710586,0.08333958026329578,0.09183143119433496,0.12441531564090468,0.03258388444656972,0.09026639675308125,0.12667518420117346,0.036408787448092214,97,R2_Percent,0.10255717240071878,0.15542613154963414,False
16,7,Jacoby Jones,0.17676099340289214,0.17491269451182448,0.01899848258197106,0.10748119376466578,0.14103520136547684,0.21517539596985785,0.07414019460438101,0.14030034754531323,0.2198663217108204,0.07956597416550718,97,R2_Percent,0.21165689808542978,0.06776414199994342,False
16,7,Kellie Pickler,0.18581351735397353,0.18813417725251533,0.017976323432941352,0.09674389511015269,0.1514649127598206,0.2188061088250705,0.06734119606524991,0.15024028305624101,0.22035511446173112,0.0701148314054901,97,R2_Percent,0.20463516596556772,0.0659837019908382,False
16,7,Sean Lowe,0.09189198317153087,0.09171438651535602,0.008605135766529761,0.09364403149801348,0.07737994395103241,0.10724068013907047,0.029860736188038056,0.07685427584914985,0.10835414150255236,0.031499865653402515,97,R2_Percent,0.049747415129342214,0.23257167921665717,False
16,7,Zendaya,0.19341578493163206,0.1908513092115593,0.021707508048497578,0.11223234988897454,0.15435226643123176,0.2377557508119422,0.08340348438071044,0.153064634354968,0.2395375070210954,0.08647287266612741,97,R2_Percent,0.204023685719976,0.06381782484285221,False
16,8,Alexandra Raisman,0.18420506041498255,0.18047899464470457,0.02167439785414876,0.11766450826768843,0.14830936451870655,0.24158366888151656,0.09327430436281,0.14425483016705312,0.24672373089457048,0.10246890072751735,97,R2_Percent,0.21073387880892433,0.08957289953812504,False
16,8,Ingo Rademacher,0.09709401987269477,0.0959731242545757,0.00804398090409124,0.08284733616589507,0.08251633806035291,0.11278659675811961,0.0302702586977667,0.08210501474030178,0.1149278846213975,0.032822869881095715,97,R2_Percent,0.08495205052568677,0.2555469743321409,False
16,8,Jacoby Jones,0.19996598495771065,0.19780588670892654,0.020928627255043148,0.10466093650612224,0.16039342361582615,0.24132680367009296,0.08093338005426681,0.15848835581517767,0.2471655017799861,0.08867714596480844,97,R2_Percent,0.2249980768085332,0.0887078485064867,False
16,8,Kellie Pickler,0.2099024201482084,0.21157905133765728,0.020031508358887565,0.0954324792670026,0.17271602422693114,0.24642743572665327,0.07371141149972213,0.17045549817453834,0.24780961651976682,0.07735411834522848,97,R2_Percent,0.2195409182149384,0.08617337358239299,False
16,8,Sean Lowe,0.09058220450139905,0.09064057482192887,0.0084710093137998,0.09351736757156275,0.07624768299682701,0.10555077272555628,0.029303089728729276,0.07522312300288535,0.1068629656433641,0.031639842640478755,97,R2_Percent,0.039581793994406166,0.399752755011586,True
16,8,Zendaya,0.2182503101050046,0.21553026278400242,0.023740790689899025,0.10877780965569696,0.17523742584848814,0.26394996753795746,0.08871254168946932,0.17298381225685044,0.26860027203180664,0.0956164597749562,97,R2_Percent,0.22019328164751095,0.08024614902926831,False
16,9,Alexandra Raisman,0.21667715489899647,0.2139206101825842,0.023231077254363148,0.10721516656978562,0.17941561614752427,0.27531598468583685,0.09590036853831257,0.17689082034076886,0.2800220499541462,0.10313122961337734,97,R2_Percent,0.2274164917744154,0.12845062515595995,False
16,9,Ingo Rademacher,0.09007292560666873,0.08810327641037258,0.00732791530486089,0.0813553601762698,0.07881621715328473,0.10459941028235234,0.025783193129067614,0.07658007835074278,0.10718549563321274,0.03060541728246996,97,R2_Percent,0.06033550324115428,0.4966946671752081,True
16,9,Jacoby Jones,0.2241893930684195,0.2218836905479368,0.023204521602167554,0.10350410108423753,0.18075956589070188,0.26970360145920436,0.08894403556850247,0.1801040218957159,0.2740584917176827,0.09395446982196681,97,R2_Percent,0.23854251933788642,0.11893262125673136,False
16,9,Kellie Pickler,0.2287925352858994,0.23124508537627902,0.021713841400715507,0.0949062493388688,0.18768284160590495,0.26998125332748646,0.0822984117215815,0.18649887095306056,0.2704997996696926,0.08400092871663206,97,R2_Percent,0.23388515176994132,0.12587907054896294,False
16,9,Zendaya,0.24026799114001593,0.23938243682736637,0.02629653050810445,0.10944666571411991,0.19237846137402548,0.29265417268370775,0.10027571130968227,0.18800312596767715,0.29470404350358886,0.10670091753591171,97,R2_Percent,0.2398203338766025,0.13004301586313763,False
16,10,Alexandra Raisman,0.2362275011347873,0.23541644788777777,0.024925716360224788,0.10551572632520295,0.19435298524247724,0.30056122281958825,0.10620823757711101,0.1929876673713119,0.30543721081329744,0.11244954344198554,97,R2_Percent,0.23784021358232574,0.27519596504336696,False
16,10,Jacoby Jones,0.2487249802265814,0.24518677389307533,0.02445969764328181,0.09834033405490561,0.20114328423728672,0.2973166171618313,0.09617333292454455,0.19994294330683243,0.30094754564482984,0.1010046023379974,97,R2_Percent,0.2550284071596437,0.259224898562753,False
16,10,Kellie Pickler,0.2492985415327429,0.2508447017982753,0.023405946628161187,0.09388721845004075,0.20598877511221161,0.2918925296509204,0.08590375453870877,0.20321863643731153,0.2941835139223082,0.09096487748499665,97,R2_Percent,0.24852994931015826,0.24089789063792744,False
16,10,Zendaya,0.2657489771058884,0.2643306863545837,0.028024140924579465,0.10545342913366387,0.21395587743423403,0.31937989565335234,0.10542401821911832,0.209261964382654,0.3250273036059705,0.1157653392233165,97,R2_Percent,0.2586014299478724,0.22468124575595264,False
15,1,Apolo Anton Ohno,0.07611605100635797,0.07560206194239369,0.009541873933229774,0.12535955041115757,0.059004374874857754,0.09320630137455152,0.034201926499693766,0.05661300316417544,0.09523179521715909,0.03861879205298365,108,R2_Percent,0.13560856501435584,0.04571088080163003,False
15,1,Bristol Palin,0.07275389809522628,0.07364679177138807,0.006910515470530818,0.09498481389252528,0.06146306572031012,0.0859691680430999,0.024506102322789776,0.06062576582372092,0.08699234301056871,0.02636657718684779,108,R2_Percent,0.02310163123449484,0.10599600593387705,False
15,1,Drew Lachey,0.06744973780634177,0.0671630161742365,0.006433674840045729,0.09538472719520076,0.05740811170618582,0.08058431219794743,0.023176200491761605,0.05507425284586573,0.08210795454305123,0.027033701697185497,108,R2_Percent,0.017082045896281112,0.10510955651991936,False
15,1,Emmitt Smith,0.08147303052024288,0.08098685732321659,0.008359299466661101,0.10260204405412586,0.06683368172430625,0.09745695719113266,0.030623275466826416,0.06537673625437465,0.10035991408098238,0.03498317782660773,108,R2_Percent,0.1002982365100213,0.05482273925877899,False
15,1,Gilles Marini,0.07851758298763885,0.07753994369791711,0.007534721061564022,0.09596221349236166,0.06384101401034159,0.09411848443001795,0.030277470419676364,0.06349845566988337,0.09593760025213277,0.032439144582249405,108,R2_Percent,0.06501449289066542,0.0708642899192212,False
15,1,Helio Castroneves,0.06945497014818512,0.06903431021413658,0.006111456804286113,0.08799164107690294,0.05765065235649594,0.08090475469760217,0.023254102341106225,0.057077739965039245,0.08142078384112536,0.024343043876086115,108,R2_Percent,0.018617886830077705,0.10399843215307508,False
15,1,Joey Fatone,0.06142285803552259,0.06095451992571012,0.005546645642651383,0.09030263032442416,0.05126276117892777,0.07374612280103075,0.02248336162210298,0.049838137981992305,0.0751326387606632,0.025294500778670896,108,R2_Percent,0.015489369607860582,0.10896747767794804,False
15,1,Kelly Monaco,0.09256021854275749,0.09098498151320973,0.010088631482191789,0.10899532910600705,0.07486825439877852,0.11416636259403326,0.03929810819525474,0.07318187241488432,0.11478610748636721,0.04160423507148289,108,R2_Percent,0.17709878141414218,0.034735221418732594,False
15,1,Kirstie Alley,0.08178951125002609,0.0817935284186398,0.009563003927754866,0.1169221307426729,0.066575425502293,0.1019045862797173,0.03532916077742429,0.06536952779616984,0.10415098162179992,0.038781453825630086,108,R2_Percent,0.05695926429980313,0.08491353757886663,False
15,1,Melissa Rycroft,0.09068179393101189,0.09031909789776535,0.00994788405725769,0.10970100640957496,0.0729242782226345,0.1082196194017764,0.035295341179141904,0.07139742660099406,0.10874076026409002,0.03734333366309596,108,R2_Percent,0.17645212518843745,0.03533032270428882,False
15,1,Pamela Anderson,0.05916177517818174,0.05912121996328658,0.005195669587740681,0.08782139433937727,0.05101626838444447,0.06899285668066515,0.01797658829622068,0.05097434991022728,0.07048399336076733,0.01950964345054005,108,R2_Percent,0.013752780940096722,0.1203802628119175,True
15,1,Sabrina Bryan,0.07632361071465975,0.07595270823460501,0.007048238976605261,0.0923467706861447,0.06299460378456707,0.0924746918781409,0.02948008809357383,0.06247131648131621,0.09321951201198897,0.03074819553067276,108,R2_Percent,0.03119689528128553,0.09297296190858624,False
15,1,Shawn Johnson,0.09229496178384756,0.09095934234995957,0.011103994135461922,0.12030986221617591,0.07505644629934263,0.11842795125343714,0.0433715049540945,0.07441907509932853,0.12098783005736904,0.04656875495804051,108,R2_Percent,0.16932792489247828,0.03619831131315835,False
15,2,Apolo Anton Ohno,0.08253513339561659,0.0806233685119246,0.011497743029855975,0.13930725688348636,0.060916456950113176,0.10294653513348773,0.04203007818337455,0.05940769476761999,0.10619351843339783,0.04678582366577784,108,R2_Percent,0.13937548915671366,0.049129289670838405,False
15,2,Bristol Palin,0.07084215460286193,0.0717213792828811,0.006442159529519883,0.09093680966698926,0.060559809139647154,0.08287500392124723,0.02231519478160008,0.05986977363579755,0.08354288448559573,0.02367311084979818,108,R2_Percent,0.021283720114870175,0.13091683982390356,False
15,2,Drew Lachey,0.059587713558443146,0.05936736287452585,0.005416457558137149,0.09089889902932308,0.05139671352942831,0.07052337712455574,0.01912666359512743,0.049694154636352066,0.0716644932507095,0.02197033861435744,108,R2_Percent,0.015129440749701645,0.12203746329792953,False
15,2,Emmitt Smith,0.09272953199604012,0.09202407668328809,0.01028987929149953,0.11096658281354148,0.07396328027831528,0.11233253559180464,0.038369255313489364,0.07289788655502945,0.11544873910534975,0.0425508525503203,108,R2_Percent,0.10680975107367438,0.06471147888086573,False
15,2,Gilles Marini,0.08610751642176101,0.08482625809789446,0.008860965844904447,0.10290583462543244,0.06943719373719331,0.10469270485116938,0.03525551111397607,0.06913842370110534,0.10651574788222655,0.037377324181121205,108,R2_Percent,0.06592358136854769,0.0796499154987388,False
15,2,Helio Castroneves,0.06320537267415605,0.06303506054733685,0.005193403605079281,0.0821671225934058,0.05387404344546514,0.07269503171042599,0.01882098826496085,0.05337336296736554,0.0736492827055518,0.02027591973818625,108,R2_Percent,0.01680978832810883,0.11912403914067453,False
15,2,Joey Fatone,0.05482890950619387,0.054898864849573153,0.00484479390502409,0.08836203288844889,0.04522489845147031,0.06522692435344461,0.0200020259019743,0.04483904499304909,0.06670964473474802,0.021870599741698936,108,R2_Percent,0.013527340267049963,0.1233978810922572,True
15,2,Kelly Monaco,0.10518416889871303,0.10331744541802587,0.011729175465352014,0.11151084415228502,0.08452898505006257,0.13098384753886805,0.04645486248880548,0.08221486392834915,0.13183328416278906,0.04961842023443991,108,R2_Percent,0.17942027968844065,0.03964796147305044,False
15,2,Kirstie Alley,0.09169584363928686,0.09185939706397689,0.011551950995783542,0.1259811845041375,0.07314953361651304,0.11591313486492319,0.04276360124841015,0.07180861083035339,0.11879005658407873,0.04698144575372534,108,R2_Percent,0.058256651667813054,0.09402043969891746,False
15,2,Melissa Rycroft,0.10408033029597215,0.10386129823292542,0.011971524093112034,0.11502196485223228,0.08292699314700659,0.12478295171567262,0.04185595856866603,0.08031402225822354,0.12499833779485367,0.04468431553663013,108,R2_Percent,0.17935115296851942,0.0382029001320618,False
15,2,Sabrina Bryan,0.08107868153100471,0.0805319711232458,0.007695225481855978,0.0949105897696832,0.06650415453676284,0.09869834845956883,0.032194193922805994,0.06593796898811803,0.09947832554258441,0.03354035655446638,108,R2_Percent,0.02964144136331283,0.10110532097709703,False
15,2,Shawn Johnson,0.10812464347995056,0.1059796487300918,0.013463538737507772,0.12451868791599116,0.08681388925582299,0.13890568001536446,0.05209179075954147,0.0855618999236209,0.14221440547175107,0.05665250554813017,108,R2_Percent,0.1744713632532478,0.038056470313665464,False
15,3,Apolo Anton Ohno,0.08949264506468342,0.08764711602753686,0.013265494776951844,0.14822999998898034,0.06420341281409316,0.11305894994402449,0.048855537129931334,0.06330135522212804,0.1179331398551665,0.05463178463303846,108,R2_Percent,0.1426567562712019,0.05635613092389923,False
15,3,Bristol Palin,0.06143020738244096,0.06214278124796592,0.005366563716046736,0.08736033858125473,0.05337581252844822,0.07161588888122705,0.018240076352778835,0.052644035437998456,0.07231235427314235,0.019668318835143896,108,R2_Percent,0.019104109748979407,0.14277864879093247,False
15,3,Drew Lachey,0.054067572755180565,0.05367945097104623,0.004937802558426857,0.09132650693948036,0.046683741157471384,0.06411596725135607,0.017432226093884687,0.04498161800989165,0.06472827227996701,0.01974665427007536,108,R2_Percent,0.013264662636547582,0.1432177476345787,True
15,3,Emmitt Smith,0.10207667667397663,0.10110944933493007,0.01177530961870976,0.11535749401715926,0.07960501537752031,0.1254549009688315,0.04584988559131119,0.07875698925597006,0.12803925952336856,0.049282270267398495,108,R2_Percent,0.11070361686772164,0.07118190983926441,False
15,3,Gilles Marini,0.09460098705593532,0.09393959957434381,0.010106570719407208,0.10683367091541478,0.07512839122768347,0.11504381777305409,0.039915426545370614,0.07501838806508326,0.11785743535794901,0.04283904729286575,108,R2_Percent,0.06580176058323135,0.09591817829693158,False
15,3,Helio Castroneves,0.05827320024664751,0.05766361224134411,0.004904629932805002,0.08416613318035795,0.04958307418854925,0.06817289082068176,0.018589816632132508,0.0493957784395441,0.06835703156808899,0.018961253128544894,108,R2_Percent,0.014886539989299718,0.13642944412124428,True
15,3,Kelly Monaco,0.12016562833522403,0.1179769663372639,0.01332298363057129,0.110871834276973,0.09580009469700339,0.14853269091200733,0.05273259621500394,0.09399429577231058,0.15009060533167518,0.05609630955936459,108,R2_Percent,0.18466792887653954,0.0405954254600943,False
15,3,Kirstie Alley,0.10098040907284415,0.10103455379165466,0.01323397703943174,0.13105489630058,0.08004580817284909,0.1274978829910804,0.0474520748182313,0.0776460605551509,0.1321611854288285,0.05451512487367759,108,R2_Percent,0.05799302207311234,0.10509499018057716,False
15,3,Melissa Rycroft,0.11788375444614557,0.1168286111179877,0.013644727011817483,0.11574730611460961,0.09395594826130586,0.1416743607557771,0.04771841249447124,0.09155167609290482,0.1426133143252021,0.051061638232297285,108,R2_Percent,0.18424417679207164,0.040714633544349836,False
15,3,Sabrina Bryan,0.08148890666458285,0.08103395850587346,0.007579922450368161,0.0930178445216837,0.06726343905197173,0.09865971905949424,0.03139628000752251,0.06655768926664174,0.09971215677104102,0.03315446750439928,108,R2_Percent,0.02751636403180464,0.12501259330496414,False
15,3,Shawn Johnson,0.11954001230233902,0.11716039242596943,0.014896093932513161,0.12461178182614001,0.09660601968201898,0.1516804902494513,0.05507447056743231,0.09527274851417517,0.1559262376953735,0.06065348918119834,108,R2_Percent,0.17916106212949015,0.042700297903163764,False
15,4,Apolo Anton Ohno,0.0999640289006639,0.09827959765966982,0.014825611046414515,0.14830945900696937,0.07186420509955078,0.12642557562949633,0.054561370529945544,0.0706377812800706,0.13288536347732957,0.06224758219725897,108,R2_Percent,0.14499604432643157,0.07900332627377349,False
15,4,Bristol Palin,0.06584953839171624,0.06596655118627183,0.005644321458977798,0.08571542939908967,0.056084689678896335,0.07609022137195502,0.020005531693058687,0.05604887388322576,0.07692017790992099,0.02087130402669523,108,R2_Percent,0.017104635626258816,0.2019968553116405,True
15,4,Emmitt Smith,0.11409080121895573,0.11349613477293805,0.013305212137077825,0.11661949951200112,0.08888712845017789,0.14189383028705405,0.053006701836876155,0.08720449838201524,0.1437518995789059,0.05654740119689067,108,R2_Percent,0.1103905844549188,0.09718934432585298,False
15,4,Gilles Marini,0.10375446770874186,0.10324810564580192,0.01032255177140997,0.09949019063340286,0.08428594589523879,0.12413650741625941,0.03985056152102062,0.08378018946068877,0.127721619012559,0.04394142955187022,108,R2_Percent,0.062164355114368734,0.12584319293870763,False
15,4,Kelly Monaco,0.1432438646101097,0.14211397793578517,0.015683981640620428,0.10949147234550038,0.11279605559130335,0.17708918836417137,0.06429313277286802,0.1120021676959617,0.17997800411292242,0.06797583641696071,108,R2_Percent,0.1977411236260063,0.051415907301514324,False
15,4,Kirstie Alley,0.10801166235547939,0.10742714499886741,0.013281432567854442,0.12296294935396557,0.08593997240639092,0.1347129016218399,0.048772929215448985,0.08441394104696301,0.1388196926180623,0.05440575157109928,108,R2_Percent,0.05403448056177378,0.16332770396706242,False
15,4,Melissa Rycroft,0.13804475407907277,0.13735172474256643,0.015547342388995258,0.11262537640575358,0.11119074260675724,0.16297754364903919,0.05178680104228195,0.10760795118309267,0.1642098660839292,0.056601914900836534,108,R2_Percent,0.1960996446712237,0.05256588620509408,False
15,4,Sabrina Bryan,0.08276816203128623,0.08260819314993675,0.006801871419947519,0.08217980504842456,0.0704433664237464,0.09784751592819044,0.02740414950444403,0.06943442454555043,0.09915595457425821,0.029721530028707782,108,R2_Percent,0.024772422884801713,0.1776587216210408,False
15,4,Shawn Johnson,0.1442727207039742,0.14190467832494363,0.01746146014886441,0.12103092021597543,0.11643952671767165,0.17992824928859769,0.06348872257092604,0.11510671328293919,0.18608965147955828,0.07098293819661909,108,R2_Percent,0.19269670873421677,0.05099906205531388,False
15,5,Apolo Anton Ohno,0.10571309133248812,0.10424925033638385,0.015169020462849922,0.14349235531425733,0.07778182889479553,0.13322925006650846,0.05544742117171293,0.07614119230585627,0.1389903533100564,0.06284916100420014,108,R2_Percent,0.1420954055914864,0.09668804378646924,False
15,5,Emmitt Smith,0.11985506565148306,0.11987439611429,0.013524129692929017,0.11283736418996883,0.0933578259394174,0.1480617443756422,0.05470391843622481,0.09239824692826391,0.1495073858036071,0.05710913887534318,108,R2_Percent,0.10440624393384713,0.12647777115432343,False
15,5,Gilles Marini,0.10493273667729403,0.10393497366323187,0.009765338516972514,0.09306284031268953,0.08668696102854931,0.12400826607482683,0.03732130504627752,0.0862610422670222,0.12796378180699924,0.04170273953997704,108,R2_Percent,0.05556042953734434,0.17596333659361268,False
15,5,Kelly Monaco,0.15990967152386948,0.1577708365817291,0.017033252788886094,0.10651796496463671,0.12651601528503573,0.1989300089388519,0.07241399365381618,0.125764691560715,0.2010379026214101,0.07527321106069512,108,R2_Percent,0.211093759027255,0.06483758999223602,False
15,5,Kirstie Alley,0.10863381421779968,0.10819481204697982,0.012405567984614356,0.11419619272266794,0.08792706367572313,0.13403442093942863,0.046107357263705503,0.08641088700126788,0.13807519957004777,0.05166431256877989,108,R2_Percent,0.04735290976689073,0.19821191312839592,False
15,5,Melissa Rycroft,0.15814512611359355,0.1573894371166299,0.017345055733590194,0.10967809226780388,0.1290762710400876,0.18471886252713224,0.055642591487044646,0.12476123890988972,0.1869638112102474,0.062202572300357695,108,R2_Percent,0.21051645462574153,0.0602224170274584,False
15,5,Sabrina Bryan,0.07787749117111496,0.0775073191783904,0.006419726280090732,0.082433655521659,0.06660847856725813,0.09161454352655642,0.025006064959298288,0.06610872619833533,0.09260953883821083,0.0265008126398755,108,R2_Percent,0.02131917160502361,0.2161724859944006,False
15,5,Shawn Johnson,0.16493300331235722,0.1628521011569994,0.019120000568249765,0.11592586192127652,0.13445318032961392,0.20228135111102916,0.06782817078141523,0.1329485505559795,0.2097166156688604,0.0767680651128809,108,R2_Percent,0.20765562591241127,0.06142644232310381,False
15,6,Apolo Anton Ohno,0.1014452441521337,0.10014562395120705,0.014733827110200886,0.14523920991411987,0.07401407396681713,0.12920107738514983,0.0551870034183327,0.07282379171804453,0.13319676315824444,0.060372971440199916,108,R2_Percent,0.13578661014266644,0.0947329085786479,False
15,6,Emmitt Smith,0.1155113203374649,0.11560624570097111,0.013301792704833604,0.11515574980852596,0.08945817163124561,0.1428640514366065,0.05340587980536088,0.0890266583438644,0.14447628785578703,0.05544962951192263,108,R2_Percent,0.09641279737186996,0.13847273781647665,False
15,6,Gilles Marini,0.09388676889937912,0.09337937998686419,0.008431554994181556,0.0898055721058829,0.07844742615750483,0.11001504430635335,0.03156761814884852,0.07735423513660926,0.11334390666149602,0.03598967152488676,108,R2_Percent,0.0483428083584245,0.18729409815798898,False
15,6,Kelly Monaco,0.17801251276908422,0.17718882676173175,0.01789905913980198,0.10054944375185824,0.14180751030431918,0.21688843365937274,0.07508092335505356,0.14055775101380139,0.2171829783552509,0.07662522734144953,108,R2_Percent,0.22445545781525578,0.05622507881601222,False
15,6,Kirstie Alley,0.09605855482761515,0.09478785108361568,0.010401625978204244,0.1082842230644715,0.08004770663815744,0.11815641334374564,0.038108706705588205,0.07843453994637244,0.12148180344934252,0.043047263502970085,108,R2_Percent,0.04036061099921826,0.19793002754935,False
15,6,Melissa Rycroft,0.1673682111378055,0.1663638767862223,0.0174123407288442,0.10403612854837438,0.13747842676613892,0.19552051738934353,0.05804209062320462,0.13220674443709188,0.198371083043338,0.06616433860624613,108,R2_Percent,0.21831902844563975,0.054341074690513594,False
15,6,Sabrina Bryan,0.06975859660902956,0.06943554628218057,0.006031991144148194,0.08646950250383066,0.059128670656782685,0.0825800564325077,0.02345138577572501,0.05864066494212351,0.08338515935715153,0.024744494415028018,108,R2_Percent,0.017921899879929173,0.21414128981406436,True
15,6,Shawn Johnson,0.17795879126748776,0.17514413402999107,0.019590173284764006,0.11008263848745886,0.14552502760348526,0.21559721574052432,0.07007218813703905,0.1449002943888169,0.22293099462283397,0.07803070023401706,108,R2_Percent,0.21840078698699603,0.05686278457694621,False
15,7,Apolo Anton Ohno,0.09918172078656215,0.09651783511003821,0.015120860736264863,0.15245612413606707,0.07324453929824634,0.12709188696665868,0.05384734766841234,0.07181004801786425,0.13033817840512169,0.05852813038725743,108,R2_Percent,0.12620618901331343,0.13367270910946646,False
15,7,Emmitt Smith,0.11161038871308969,0.11100388736404376,0.013693510441906382,0.12269028537394928,0.08576013210250644,0.13835087810883892,0.052590746006332484,0.08523381380350564,0.1395029213910562,0.05426910758755055,108,R2_Percent,0.08357910743691015,0.17199556824692738,False
15,7,Gilles Marini,0.09099865988559265,0.09045758645390689,0.007705237424504823,0.08467418568792301,0.07706359676640753,0.10576423549061223,0.028700638724204697,0.07634130868740008,0.10841971494905131,0.03207840626165123,108,R2_Percent,0.040683276989599795,0.2381465425697528,False
15,7,Kelly Monaco,0.20762123456298653,0.20514493180533844,0.019673780961691267,0.09475803861344821,0.17038063293576966,0.24972331555730928,0.07934268262153962,0.16584845880748036,0.25368394813324346,0.0878354893257631,108,R2_Percent,0.24398258790100213,0.054306864562406236,False
15,7,Kirstie Alley,0.08614696819370266,0.08575530505887968,0.009590548546102768,0.11132775473349552,0.06948811739187698,0.10604844750857237,0.03656033011669539,0.0682498825405312,0.1086317541299311,0.040381871589399904,108,R2_Percent,0.032228555937117646,0.29549448744299683,False
15,7,Melissa Rycroft,0.19629294049783164,0.19579576954517441,0.019321851097260014,0.0984337544093872,0.1641871890367668,0.22862980213902484,0.06444261310225805,0.15777502151635409,0.23287488851583218,0.0750998669994781,108,R2_Percent,0.2362628606007279,0.05257762189159093,False
15,7,Shawn Johnson,0.2081480873602348,0.20484015667865652,0.021296124130050866,0.10231237000604473,0.17278798806482468,0.24968092970957018,0.0768929416447455,0.17154884819692026,0.25536917288328476,0.0838203246863645,108,R2_Percent,0.2370574221213289,0.053806206176859356,False
15,8,Apolo Anton Ohno,0.08637516650216008,0.08356124686386349,0.013691835964779861,0.1585158850540387,0.06286528050398411,0.11060078121063806,0.047735500706653944,0.062400367644261504,0.11235440714580233,0.04995403950154083,108,R2_Percent,0.11383811431713224,0.13536428160481837,False
15,8,Emmitt Smith,0.09715825025536289,0.09768638498089771,0.012141515336107082,0.12496638529610511,0.07380417626567248,0.11920729955194063,0.04540312328626815,0.07302606469182361,0.12012954526107619,0.04710348056925258,108,R2_Percent,0.07017209586979274,0.18453500094940753,False
15,8,Gilles Marini,0.08145023920179807,0.08110950851538576,0.00688838438826523,0.08457169009901648,0.0697701031183698,0.095913714232731,0.026143611114361198,0.06932466774438832,0.09692251362002569,0.027597845875637364,108,R2_Percent,0.03255888709718649,0.23755230836726826,True
15,8,Kelly Monaco,0.2194611157210686,0.21651172121724052,0.019769139924591488,0.09008037646959625,0.18293976332413373,0.2619286392875633,0.0789888759634296,0.177755108607597,0.2664035606656193,0.08864845205802233,108,R2_Percent,0.25753759261147857,0.05174986812037629,False
15,8,Kirstie Alley,0.08181950853688807,0.08136895678194726,0.009263365891868817,0.11321708059016826,0.06608490678165281,0.10049727997010602,0.03441237318845321,0.06385336584546582,0.10223403250259505,0.038380666657129234,108,R2_Percent,0.02572615180397066,0.28396244419586036,True
15,8,Melissa Rycroft,0.20938039152029184,0.20859047269939496,0.019717896952283938,0.09417260522398538,0.17647258445648312,0.24312907093924596,0.06665648648276284,0.16936870427176517,0.24698810675366445,0.07761940248189927,108,R2_Percent,0.2487554503033319,0.051899917743370654,False
15,8,Shawn Johnson,0.22435532826243046,0.22084729933990088,0.021941005098450983,0.09779578344930766,0.18664449944965517,0.2677468238446175,0.08110232439496234,0.18647828114793638,0.27322691457913495,0.08674863343119857,108,R2_Percent,0.2514117079971073,0.054936179018898426,False
15,9,Apolo Anton Ohno,0.09165718820950855,0.09032209122603514,0.013134703253645099,0.1433024895289391,0.06820503203390199,0.1162859223435618,0.04808089030965981,0.06714062415307266,0.11823193539094771,0.05109131123787505,108,R2_Percent,0.08769633241122557,0.3161629645366661,True
15,9,Emmitt Smith,0.10143542521085597,0.1014530720920363,0.011806142155112534,0.11639071981579273,0.07795600259588178,0.12424590002223003,0.046289897426348245,0.07671219026383415,0.12466434711365364,0.04795215684981949,108,R2_Percent,0.05007692846264525,0.44391292922200853,True
15,9,Kelly Monaco,0.2722472432140738,0.268576826567289,0.02377371123745244,0.08732397418165468,0.22926189937870212,0.3230154818755637,0.09375358249686161,0.22245797680966992,0.3262771087381761,0.1038191319285062,108,R2_Percent,0.2960118858605652,0.08051261383496597,False
15,9,Melissa Rycroft,0.2576585097059237,0.2574131616805083,0.023154601548685066,0.08986546407922785,0.21607301313957186,0.2966503047945579,0.08057729165498603,0.208821870072532,0.3036690054620957,0.09484713538956369,108,R2_Percent,0.28315394709328895,0.08109261303221148,False
15,9,Shawn Johnson,0.2770016336596381,0.2729033819261163,0.025425398569426404,0.09178790115248024,0.23702956741931755,0.32637974669544145,0.0893501792761239,0.23266601417107344,0.3320505543468371,0.09938454017576367,108,R2_Percent,0.2830609061722751,0.07831887937414786,False
15,10,Kelly Monaco,0.3382907057346682,0.3343432645465638,0.029678043488681242,0.08772940842175737,0.28507207923087713,0.40046205255816764,0.11538997332729051,0.28009921105368146,0.40976677062425076,0.1296675595705693,108,R2_Percent,0.34291696730687077,0.31207643016983233,False
15,10,Melissa Rycroft,0.32087997080983194,0.32157486830635706,0.027483542544724494,0.08565053928221805,0.2715104656940081,0.3706865328326582,0.09917606713865007,0.2645763923794589,0.37568511822317324,0.11110872584371434,108,R2_Percent,0.3270123507708728,0.34230672201684287,False
15,10,Shawn Johnson,0.34082932345549977,0.33602630179079684,0.03003959396516899,0.0881367649373957,0.2924265173023623,0.40323164767145936,0.11080513036909706,0.2897869572841786,0.4047295514245623,0.11494259414038371,108,R2_Percent,0.3300706819222564,0.34561684781332475,False
9,1,Aaron Carter,0.0653105021104387,0.06534919043486354,0.007544130950839936,0.11551175855428224,0.052692157627319866,0.08165001923849581,0.028957861611175945,0.05138150484267079,0.0820882757752118,0.03070677093254101,100,R2_Percent,0.08410701107944991,0.04431647645680806,False
9,1,Ashley Hamiliton,0.04778503245594196,0.04781327215426841,0.004673419757612488,0.0978009120726538,0.038368177804427424,0.057133158491503966,0.018764980687076542,0.03752734007802389,0.05800966515685303,0.02048232507882914,100,R2_Percent,0.01279871537392264,0.09059001773595853,True
9,1,Chuck Liddell,0.06016468157842095,0.05960141327758901,0.006056514828256498,0.1006656175909816,0.048948425494366746,0.07275038619728608,0.02380196070291933,0.04731931919080311,0.07354479302097364,0.02622547383017053,100,R2_Percent,0.017189303594768193,0.08349870845751248,False
9,1,Debi Mazar,0.055115990598004434,0.05509617137498429,0.005421748637293827,0.0983697939285542,0.04387551085092969,0.06708458238089081,0.02320907152996112,0.04305685547874752,0.06745673404158575,0.024399878562838234,100,R2_Percent,0.016023582731372856,0.08417495798010133,False
9,1,Donny Osmond,0.07328033475383706,0.07303258464929711,0.008173565735361255,0.11153832420140897,0.05925511168022049,0.09011458531411724,0.030859473633896753,0.057348932446762424,0.0910063878679096,0.033657455421147175,100,R2_Percent,0.15587720996206517,0.027905490646820862,False
9,1,Joanna Krupa,0.06437168225537725,0.06405599321133204,0.006820270594876497,0.10595141148896679,0.051722415014209884,0.07997049120220415,0.028248076187994263,0.05014496764407688,0.0805068672087926,0.030361899564715723,100,R2_Percent,0.10876850223944755,0.03611190412577753,False
9,1,Kathy Ireland,0.05071559674699693,0.050692281493634875,0.004592294908308511,0.09054995312818515,0.04232797634000496,0.05802201340851155,0.01569403706850659,0.04214393433403272,0.06019302033172851,0.018049085997695793,100,R2_Percent,0.014399153384274232,0.08807830867281709,False
9,1,Kelly Osbourne,0.07364852834409043,0.07314514344949173,0.00821555633427755,0.11155085538021844,0.057569913872729674,0.09095547464834194,0.03338556077561227,0.05701302025760966,0.0937927314260581,0.036779711168448435,100,R2_Percent,0.15683379822205232,0.0272529728355343,False
9,1,Louie Vito,0.06365886590922161,0.06258681302963603,0.007011747839675277,0.11014566061660795,0.05159442719255461,0.0796496006807511,0.028055173488196486,0.04960247949415125,0.08159903921988118,0.03199655972572993,100,R2_Percent,0.023971020077757223,0.0731630897965199,False
9,1,Macy Gray,0.04636433391138537,0.046199163814331874,0.004393609044728176,0.09476269093233468,0.03801458266155917,0.055680829619768765,0.0176662469582096,0.03747032071254058,0.05625787601227995,0.018787555299739377,100,R2_Percent,0.012032195591615332,0.09107178341911185,True
9,1,Mark Dacascos,0.06405389532366013,0.06380307725987994,0.006458394520161668,0.10082750607949485,0.051841855909672295,0.07752565053414331,0.02568379462447102,0.05014792521304012,0.08013170031949139,0.02998377510645127,100,R2_Percent,0.03718526792914952,0.06453238789355793,False
9,1,Melissa Joan Hart,0.06403148680687586,0.06453215515253784,0.006908672778280713,0.10789492986657999,0.05224343256797246,0.08004235468772995,0.027798922119757492,0.05014764868857269,0.0803561158956746,0.030208467207101908,100,R2_Percent,0.027571746086159084,0.07510613560680827,False
9,1,Michael Irvin,0.06710451043002298,0.06591752366348055,0.007652416087239327,0.11403728360732646,0.05404082169627868,0.08403646942820607,0.029995647731927387,0.052266080538999476,0.08474110730026259,0.03247502676126311,100,R2_Percent,0.07851448287007692,0.057490323715151594,False
9,1,Mya,0.07541211229616165,0.07496715973519864,0.007882273651637699,0.10452264777681998,0.06310465616866079,0.0909099001579055,0.027805243989244707,0.06287194352502352,0.09566347249702375,0.03279152897200023,100,R2_Percent,0.141600474538549,0.03028247455999111,False
9,1,Natalie Coughlin,0.05764985946907949,0.0575875510479945,0.005790858198665043,0.10044878256417902,0.04778243516457854,0.06895972255753105,0.021177287392952507,0.047248156407920607,0.07093327173712982,0.023685115329209215,100,R2_Percent,0.01917182374465437,0.07563351393784651,False
9,1,Tom DeLay,0.0713325870104852,0.07077455351536845,0.006478505487986338,0.09082112060556644,0.060459584193425224,0.08603141500653524,0.02557183081311002,0.0602929229886993,0.08740528942760926,0.027112366438909963,100,R2_Percent,0.09395571257468588,0.05079145415968245,False
9,2,Aaron Carter,0.07427974079545344,0.07369494277149263,0.008718519741300876,0.11737412715681589,0.0597073181549783,0.09370162848313571,0.033994310328157404,0.058105216653263486,0.09371862378764274,0.03561340713437926,100,R2_Percent,0.08891633864917121,0.050636396432827295,False
9,2,Chuck Liddell,0.06236682842785405,0.061968563723977216,0.005743600101206408,0.09209383010153553,0.05210728706438438,0.074629847920483,0.022522560856098613,0.05054966012863504,0.07534819609492466,0.024798535966289614,100,R2_Percent,0.015948999571500783,0.10127727993403651,False
9,2,Debi Mazar,0.05160715322289981,0.05133683365034072,0.004767612017688514,0.09238277486643007,0.042022504011182286,0.0626024418051564,0.020579937793974108,0.0415343122175952,0.06330741524262003,0.021773103025024824,100,R2_Percent,0.014320617449648394,0.09771526948908237,False
9,2,Donny Osmond,0.08492340195075249,0.08381508316162384,0.009754082079020473,0.11485741097226551,0.06806728899493368,0.10467756453645305,0.03661027554151937,0.0660436337391389,0.10529070393796212,0.03924707019882323,100,R2_Percent,0.1605804340411559,0.03232551910844212,False
9,2,Joanna Krupa,0.07364652178656583,0.07294746983978206,0.008034172396929875,0.10909099577321005,0.05859478841638619,0.09106971678761387,0.03247492837122768,0.056887573785086076,0.09297817622945113,0.03609060244436506,100,R2_Percent,0.11646356231527351,0.04934356161354495,False
9,2,Kathy Ireland,0.04782445884467971,0.04785061613955156,0.004337387084367736,0.09069390828768895,0.03954527264490733,0.05458716319845776,0.01504189055355043,0.03939860378188002,0.05631963629970136,0.016921032517821337,100,R2_Percent,0.012755786453033997,0.10600579833580775,True
9,2,Kelly Osbourne,0.08383576472257406,0.08308117266537093,0.010015236875721497,0.11946258149923861,0.06473414211535065,0.10383015621998296,0.0390960141046323,0.06447483127115505,0.10751755446971298,0.043042723198557925,100,R2_Percent,0.16146155102778328,0.03700214916071304,False
9,2,Louie Vito,0.07224950172288956,0.07111505995493775,0.008337482910579558,0.11539848319726387,0.05793464246892772,0.09411568522330878,0.03618104275438106,0.05713179198355999,0.0966308794791941,0.03949908749563411,100,R2_Percent,0.023044466032461613,0.09642489696882255,False
9,2,Mark Dacascos,0.0721394278735643,0.07201275112025396,0.007261000177748591,0.10065231166616177,0.05792687369013392,0.08736544931759829,0.029438575627464374,0.055961688510562504,0.09027641785136048,0.034314729340797975,100,R2_Percent,0.036663427646687854,0.08371807616517268,False
9,2,Melissa Joan Hart,0.07209180475000179,0.07189498365865087,0.00793063403682033,0.11000742822741073,0.05893222997412099,0.09043538953340904,0.031503159559288056,0.05702003361835671,0.09136081053885124,0.03434077692049453,100,R2_Percent,0.026741650066921953,0.09398934883971424,False
9,2,Michael Irvin,0.08001315255460754,0.07939221071267119,0.00934866897795318,0.11683915305765362,0.06393562675792303,0.10030187685821297,0.036366250100289946,0.06339083095610246,0.10189751619478936,0.0385066852386869,100,R2_Percent,0.08321454850974856,0.06210811071396401,False
9,2,Mya,0.08891644811091101,0.0883515836019085,0.009436427539320247,0.10612690609896613,0.07433058989901181,0.10791727327531227,0.033586683376300455,0.07426182065105623,0.11234585282788342,0.038084032176827196,100,R2_Percent,0.14713854350063665,0.03384520263003531,False
9,2,Natalie Coughlin,0.0566783871132714,0.05669164294392451,0.005990849698929206,0.10569901516351426,0.04546370188088464,0.07009439737502822,0.02463069549414358,0.0451018270370003,0.07100464764343709,0.025902820606436783,100,R2_Percent,0.017017967781844702,0.09590837400255785,False
9,2,Tom DeLay,0.07942740812397502,0.07869154847176721,0.007113049902696083,0.08955409814699747,0.06773456278098146,0.09501142450728514,0.027276861726303683,0.06708416231780961,0.09694298206277606,0.029858819744966444,100,R2_Percent,0.09573210695413148,0.059700016605279245,False
9,3,Aaron Carter,0.07948966099246235,0.07872095709293761,0.009581721113259287,0.12054047021496139,0.063700076097134,0.10088435196894696,0.03718427587181296,0.06170796967908274,0.1018329859961087,0.040125016317025954,100,R2_Percent,0.09171833658297847,0.06159623719940878,False
9,3,Chuck Liddell,0.05537515265880397,0.05503886267944948,0.004952605017277075,0.089437315826337,0.04656157249982727,0.06577641855613374,0.019214846056306467,0.04499773070875522,0.06637768055043136,0.02137994984167614,100,R2_Percent,0.01426414597928353,0.11719413055086593,False
9,3,Debi Mazar,0.04740070458836604,0.04706968638544472,0.004484993795444149,0.09461871578476368,0.038198560608843926,0.05754888981667167,0.01935032920782774,0.037642942432687114,0.05819753935414965,0.020554596921462533,100,R2_Percent,0.012535168863829547,0.1186046383581194,True
9,3,Donny Osmond,0.09641363897931397,0.09512540875058736,0.01123648540076469,0.11654456277887752,0.0762587290032877,0.11892852102658995,0.04266979202330225,0.07433574108909898,0.1194289184246406,0.04509317733554162,100,R2_Percent,0.16557923477273293,0.036948099275030954,False
9,3,Joanna Krupa,0.07912080921714526,0.07870299411289242,0.008828548050221624,0.11158313644128531,0.0627956232840305,0.09870388040731753,0.03590825712328703,0.061378346042943864,0.0999403878354022,0.03856204179245833,100,R2_Percent,0.12084727458177241,0.04772238237685183,False
9,3,Kelly Osbourne,0.09915431347557943,0.09849344464031451,0.011700124226739592,0.11799914513674888,0.07634643308934701,0.12319699669227951,0.04685056360293251,0.07551732440522761,0.12692967373972444,0.05141234933449683,100,R2_Percent,0.168992029003094,0.03706670701355067,False
9,3,Louie Vito,0.07108336121007829,0.0698091478986051,0.008200896676200737,0.11537013073937201,0.05698407668367777,0.09138371246188255,0.03439963577820478,0.05603604391810184,0.093563326516732,0.03752728259863017,100,R2_Percent,0.021047847801254727,0.10317547186190648,False
9,3,Mark Dacascos,0.07694851526996124,0.07683556752506943,0.007823223229288783,0.1016682804319523,0.06246044185590282,0.09340634454108436,0.03094590268518154,0.06003655566201385,0.09657807575620998,0.03654152009419613,100,R2_Percent,0.03521417066368145,0.098696184070404,False
9,3,Melissa Joan Hart,0.0702059104957059,0.07065737885763501,0.007593582727922737,0.10816158745476555,0.0569873365041505,0.08710230511605285,0.030114968611902354,0.05473183900286149,0.08855092907295327,0.033819090070091776,100,R2_Percent,0.024654701108997278,0.1033677809485972,False
9,3,Michael Irvin,0.08193446262591422,0.08025169174238653,0.009328567573106976,0.11385401544278315,0.06566074731818293,0.1023262233417032,0.03666547602352027,0.06488388040960075,0.1041102165429393,0.03922633613333855,100,R2_Percent,0.08261710789488234,0.0791478876384981,False
9,3,Mya,0.100504688490589,0.10053591127544585,0.010891259109451915,0.10836568196986894,0.08346692528666091,0.12319637244263051,0.0397294471559696,0.08301513341518425,0.12661264501913716,0.04359751160395291,100,R2_Percent,0.1516896423476238,0.03462942875812045,False
9,3,Natalie Coughlin,0.05745633109296125,0.057656923187560154,0.005193883226696689,0.09039705682378615,0.04800226323835202,0.06826743525783571,0.02026517201948369,0.04769068418893505,0.06983322417606833,0.022142539987133274,100,R2_Percent,0.01540022369868022,0.09134009303828702,False
9,3,Tom DeLay,0.08491245090311914,0.08409445484299416,0.007737422975055937,0.09112236065219634,0.07255809961538882,0.1024378047755722,0.029879705160183373,0.07205583813649143,0.10381057410244587,0.03175473596595445,100,R2_Percent,0.09544011670118929,0.07051095891035929,False
9,4,Aaron Carter,0.09359038546470376,0.09339756947781874,0.011253516178915823,0.12024222491486501,0.0738425412125725,0.11828986798441354,0.044447326771841045,0.07146926871795957,0.11973097091041193,0.04826170219245236,100,R2_Percent,0.10253307058253823,0.08198487129286296,False
9,4,Chuck Liddell,0.05769133239911531,0.05717507630083024,0.005295121932764294,0.09178366511163286,0.04850643399204626,0.0694430308779737,0.020936596885927437,0.048077513444926785,0.06998264605785065,0.021905132612923865,100,R2_Percent,0.013979285541502177,0.15569255611076466,True
9,4,Donny Osmond,0.12579113211011447,0.12522510912313972,0.014313381621193479,0.11378688927502374,0.10023227335134181,0.15479250974049488,0.05456023638915307,0.09715146328460784,0.15579945175567242,0.058647988471064574,100,R2_Percent,0.19208108677849714,0.037163977570737854,False
9,4,Joanna Krupa,0.09829361201075208,0.09839967994857651,0.011109977804406493,0.11302848249376776,0.07617431139272016,0.12198494641153808,0.04581063501881792,0.07520142802450956,0.12492406814494902,0.04972264012043946,100,R2_Percent,0.13883895825424508,0.05073249409956238,False
9,4,Kelly Osbourne,0.12728988812865846,0.1275961331539101,0.014183092677590062,0.11142356149495927,0.09824945550210194,0.15617965833988884,0.057930202837786895,0.09700167211990235,0.15916209491955988,0.06216042279965753,100,R2_Percent,0.19573352423530732,0.03728756619812498,False
9,4,Louie Vito,0.06854022060363034,0.06766788954132905,0.007492973893441003,0.1093222902910255,0.05445594887843925,0.08439589609859899,0.02993994722015974,0.05323711755771178,0.08599143383772494,0.03275431628001316,100,R2_Percent,0.02019638584911313,0.1534625940344874,False
9,4,Mark Dacascos,0.0811472242825992,0.08049000599279599,0.008735298543259535,0.10764753348603064,0.06512504240931191,0.10011437014441765,0.03498932773510574,0.06345616087535014,0.10213257231163375,0.038676411436283614,100,R2_Percent,0.03528940283817962,0.1164497178432678,False
9,4,Melissa Joan Hart,0.07591334852315577,0.0758212432397655,0.007843580821743502,0.1033228144237503,0.062142475533749846,0.09391460177015241,0.03177212623640257,0.060800865005825044,0.09454436302413254,0.03374349801830749,100,R2_Percent,0.02504596263207721,0.10529648199138711,False
9,4,Michael Irvin,0.08203528917568689,0.08098028667160917,0.008991417492087242,0.10960426399949916,0.06789234990651079,0.10057873859205357,0.032686388685542786,0.06492744896417248,0.10074982894332425,0.035822379979151775,100,R2_Percent,0.08386285382890762,0.09878161184595692,False
9,4,Mya,0.13162889000157565,0.13096422834687155,0.01380876375420417,0.10490678569149123,0.10945060079379137,0.1615212445581312,0.05207064376433981,0.1077398591239904,0.16474506328864205,0.05700520416465166,100,R2_Percent,0.1772987744209972,0.03671752336461501,False
9,4,Natalie Coughlin,0.05807867730000805,0.058266616263634136,0.0049977041471767,0.08605058481894882,0.04949777675410547,0.06787065525063606,0.018372878496530583,0.04938074799933967,0.07005778770231066,0.020677039702970995,100,R2_Percent,0.015140695038635283,0.126430605648233,False
9,5,Aaron Carter,0.09868815796438732,0.09834631142336916,0.011417385886197107,0.11569154923650711,0.07817899999757696,0.12418820183133751,0.046009201833760546,0.0761944771836745,0.125372753040213,0.0491782758565385,100,R2_Percent,0.10003790336682691,0.08689949269458834,False
9,5,Donny Osmond,0.1402827256097535,0.1409381321408983,0.01497658920206383,0.10676003860750868,0.11233171146036766,0.16897735302649924,0.05664564156613158,0.10978209623202634,0.17088143387223137,0.06109933764020503,100,R2_Percent,0.19972072450132375,0.037789153205948924,False
9,5,Joanna Krupa,0.11037758710963147,0.11073302830009482,0.012208679366364437,0.11060831900808164,0.08543362125926972,0.13653551659647267,0.051101895337202954,0.08519707076106256,0.13870109405786785,0.053504023296805286,100,R2_Percent,0.14230690356437392,0.06486241669347978,False
9,5,Kelly Osbourne,0.14562186252475828,0.14500769873896593,0.015462376303539208,0.10618169576639175,0.1148067327857661,0.17679084249098648,0.06198410970522038,0.11309780958170224,0.17983959946206213,0.06674178988035989,100,R2_Percent,0.20646995296841963,0.04160776657922348,False
9,5,Louie Vito,0.06502825954199942,0.06368475793625038,0.006791078772900627,0.10443273156518225,0.0529079434035218,0.07880107358280886,0.025893130179287058,0.05141656167653563,0.08036223878343876,0.028945677106903128,100,R2_Percent,0.017951355121005843,0.16238068254878893,False
9,5,Mark Dacascos,0.07567783131211801,0.07470824021820371,0.008212018377483225,0.10851286612078516,0.06075902454777094,0.09419236712477637,0.03343334257700543,0.06031147974749124,0.09556646748989875,0.03525498774240751,100,R2_Percent,0.031050729079517163,0.13228094141140012,False
9,5,Melissa Joan Hart,0.0695366383943633,0.06961471909593889,0.007043555271252966,0.1012927204117466,0.05741881641164815,0.08525557855681944,0.027836762145171286,0.056170454549825125,0.08668579286439924,0.03051533831457412,100,R2_Percent,0.022554213320808536,0.15285661122944602,False
9,5,Michael Irvin,0.08605296810671366,0.08499167753099574,0.00909517535812249,0.10569275596448492,0.0703466945699769,0.1038059246301009,0.033459230060123996,0.06824323575792901,0.10487243896472265,0.03662920320679364,100,R2_Percent,0.07774690789003019,0.11047359394295649,False
9,5,Mya,0.15296909354664015,0.15219795296772132,0.01554492067527795,0.10162131653436461,0.1277297638287759,0.1866677369915442,0.0589379731627683,0.12561493054082395,0.18820718756902735,0.0625922570282034,100,R2_Percent,0.18888640776313836,0.043128226558212995,False
9,5,Natalie Coughlin,0.05576487588963488,0.05575214846794974,0.004824272338551724,0.08651094908019728,0.0475851587946355,0.06534892533737593,0.017763766542740436,0.0472190240995895,0.06733174647270075,0.02011272237311125,100,R2_Percent,0.01327490242455573,0.1677211151359549,True
9,6,Aaron Carter,0.09931643214811588,0.09891574493895872,0.01055923867970361,0.10631915032908205,0.08044965826701568,0.12154065276902024,0.041090994502004555,0.07791906641475616,0.12284726726917133,0.04492820085441518,100,R2_Percent,0.09292672215754513,0.09417721475326947,False
9,6,Donny Osmond,0.15919733265900612,0.16002260031132137,0.016263814241080872,0.10216134887082101,0.12834435574639502,0.1909933603846079,0.06264900463821288,0.1261845633635238,0.19283880542700949,0.06665424206348569,100,R2_Percent,0.2128442768676098,0.04332041232402041,False
9,6,Joanna Krupa,0.1260309068782752,0.12664414277182362,0.013559475270823192,0.10758849243161742,0.09854913912469818,0.1548531387469421,0.056303999622243917,0.09838690951538338,0.15764993026856378,0.05926302075318039,100,R2_Percent,0.14270387184620972,0.06161447970910702,False
9,6,Kelly Osbourne,0.1680584126418921,0.1674787086030124,0.0168401769672861,0.10020430814832253,0.13397964849465221,0.20283570861993203,0.06885606012527981,0.1313948734334816,0.20657478989385056,0.07517991646036895,100,R2_Percent,0.22152657397164666,0.04785769654659365,False
9,6,Louie Vito,0.0628748057018484,0.061892810650892416,0.006535274976293044,0.10394107629188139,0.05132257070704842,0.0760437410064152,0.024721170299366782,0.050253459944213576,0.07809503729638215,0.02784157735216857,100,R2_Percent,0.015367254880221868,0.20466549565111533,True
9,6,Mark Dacascos,0.067669976226207,0.06601712310698019,0.007367077038520609,0.10886773498920652,0.05477151860809775,0.08375175160355801,0.028980232995460257,0.05401936777759626,0.08514827752885437,0.031128909751258114,100,R2_Percent,0.026557763307818217,0.1530909678335215,False
9,6,Melissa Joan Hart,0.06622756250527931,0.06639591690744123,0.00674675058396002,0.10187224667104734,0.05482320864383942,0.08156248236383966,0.02673927372000024,0.05370043942128009,0.08303044681494806,0.02933000739366797,100,R2_Percent,0.01955342905585111,0.1988226068596195,True
9,6,Michael Irvin,0.07456968279497064,0.07407697915584874,0.007486938141309159,0.10040190410752446,0.061860766360084515,0.08866828480801957,0.026807518447935053,0.059333363234674814,0.08971632060712785,0.030382957372453036,100,R2_Percent,0.06562848695717977,0.15244795265657868,False
9,6,Mya,0.17605488844440534,0.17456167402374087,0.017014468491327272,0.09664297675380996,0.14887924404911218,0.21362299518725317,0.06474375113814099,0.1470625661573032,0.21481438079681522,0.06775181463951202,100,R2_Percent,0.20289162095591787,0.04400317366617449,False
9,7,Aaron Carter,0.09679645025865295,0.09648685795052635,0.009704220739690064,0.10025389065155901,0.07935663103244539,0.11901148853602576,0.039654857503580374,0.07828529550179006,0.11930034001105186,0.0410150445092618,100,R2_Percent,0.08051534112092423,0.1684443322054311,False
9,7,Donny Osmond,0.19784805098860148,0.19834065267255316,0.019356082977750134,0.09783307382120882,0.1602781754376492,0.2349154295715404,0.07463725413389122,0.15724672794013647,0.2367447739717197,0.07949804603158322,100,R2_Percent,0.23906317490941845,0.05735353137662244,False
9,7,Joanna Krupa,0.12827849584824733,0.12840431884376882,0.01282295062784054,0.09996180999042904,0.10602408640210376,0.15455587259694512,0.04853178619484136,0.10365981421474942,0.15588274537909844,0.05222293116434902,100,R2_Percent,0.13802233570494746,0.1087719084303363,False
9,7,Kelly Osbourne,0.2058699090765948,0.20552176370961261,0.01919379771357937,0.09323265259925984,0.16823919733684625,0.24775986715298542,0.07952066981613917,0.16491351176776736,0.2521315549188145,0.08721804315104714,100,R2_Percent,0.2424054212279207,0.056042339547855195,False
9,7,Mark Dacascos,0.07184555523230529,0.07095414881345903,0.007854563986391684,0.10932567729478533,0.05841208239233075,0.08779523454376141,0.029383152151430662,0.05695294874719743,0.08887962735588348,0.031926678608686046,100,R2_Percent,0.021787575003046563,0.30800500859411634,True
9,7,Michael Irvin,0.07618261770377771,0.07555530097230598,0.007903144944782219,0.10373947736361809,0.06258147007264162,0.09268983016946993,0.03010836009682831,0.061022889703654104,0.09310256347990883,0.03207967377625473,100,R2_Percent,0.0486237934071385,0.23640938370888379,True
9,7,Mya,0.2231789208918206,0.2226621133496962,0.020693810220130296,0.09272296029319459,0.18861702215831294,0.26231131716820805,0.0736942950098951,0.18691347934881675,0.26641150307837314,0.07949802372955639,100,R2_Percent,0.22958235862660395,0.06497349613675495,False
9,8,Aaron Carter,0.10091351832189922,0.10123355170171053,0.010609019817534052,0.10512981802589466,0.08298104652569804,0.12344739177474603,0.04046634524904799,0.0813950167178365,0.12516389173459644,0.04376887501675994,100,R2_Percent,0.05815101731851851,0.44849406501397265,True
9,8,Donny Osmond,0.24975946947148653,0.25091728706015104,0.02330469049010995,0.09330853616651559,0.20478849368641872,0.2958990580949464,0.09111056440852766,0.2010551213118105,0.2970765766695635,0.096021455357753,100,R2_Percent,0.2825901642216012,0.09490441763451724,False
9,8,Joanna Krupa,0.12442281036817845,0.12426681681967715,0.012045979075963902,0.09681487695317885,0.10137285844047658,0.15139239530354076,0.05001953686306418,0.10050054836155015,0.15411797809339997,0.053617429731849825,100,R2_Percent,0.12214362017236682,0.2732185757198582,False
9,8,Kelly Osbourne,0.25261924149599146,0.25335918418369363,0.022927794847849736,0.09076028695230468,0.20756140935404363,0.30177442600250093,0.0942130166484573,0.20554003504246576,0.30760260289485386,0.1020625678523881,100,R2_Percent,0.27919658208985043,0.09462690139051882,False
9,8,Mya,0.2722849603424443,0.27266401720281275,0.02264229642000189,0.08315661794733495,0.23152337067863946,0.3127406697234175,0.08121729904477806,0.22879526050237645,0.3196463267489238,0.09085106624654735,100,R2_Percent,0.257918616197663,0.08875604024113311,False
9,9,Donny Osmond,0.2810170947667272,0.28169835359913564,0.025780754812536662,0.09174087730832643,0.23347104224162668,0.3317490394294208,0.09827799718779412,0.2281859319786886,0.3361192518578503,0.10793331987916169,100,R2_Percent,0.31822664351628466,0.1381850519169886,False
9,9,Joanna Krupa,0.11957359989923899,0.11945077676456445,0.011600588251376482,0.09701630009594044,0.09736926979404394,0.14652084322635164,0.04915157343230771,0.0961488030466916,0.14764774561244165,0.05149894256575005,100,R2_Percent,0.08453480759726711,0.5984081046143117,True
9,9,Kelly Osbourne,0.2883442036011803,0.2882942982591381,0.025705287414283493,0.08914792492183211,0.23854863033673124,0.3412304477616582,0.10268181742492694,0.2364182055938788,0.3456382745623525,0.10922006896847372,100,R2_Percent,0.31084655872100675,0.1333762950048352,False
9,9,Mya,0.31106510173285357,0.31070422924072916,0.024766374766999767,0.07961797909515876,0.2662351072491344,0.3542889224709134,0.08805381522177902,0.263428260470157,0.3606659641896899,0.09723770371953289,100,R2_Percent,0.2863919901654414,0.13003054846386447,False
9,10,Donny Osmond,0.3270763794625651,0.3298774452090999,0.02927122766250144,0.08949355410683706,0.273116525234365,0.3846501811816043,0.1115336559472393,0.26873778149223054,0.38836452644240943,0.11962674495017889,100,R2_Percent,0.34823380748420985,0.26186298135071456,False
9,10,Kelly Osbourne,0.3206335439485195,0.32290090730304866,0.0284734584591498,0.08880374183095908,0.2670546186416372,0.380520967482133,0.11346634884049578,0.26587031305852854,0.3836094405311443,0.11773912747261578,100,R2_Percent,0.33502233086755356,0.3938101105974215,False
9,10,Mya,0.35229007658891526,0.35195490286415204,0.027424934700520806,0.07784759356853177,0.3020233799899155,0.4023395089891251,0.10031612899920961,0.2978533974553399,0.40934902959622027,0.11149563214088037,100,R2_Percent,0.3167438616482366,0.34432690805186394,False
7,1,Brooke Burke,0.09260826023073901,0.09309438194050439,0.010330575186376947,0.111551336356365,0.07478412664581181,0.11531356124249957,0.04052943459668776,0.07086296806314227,0.11756163289601024,0.04669866483286797,97,R2_Percent,0.1543468469289098,0.035440778803399235,False
7,1,Cloris Leachman,0.07837328213023195,0.07767015048173456,0.007892158968149897,0.1006996102962179,0.06416144630471837,0.09499409762754316,0.030832651322824783,0.06327108193863981,0.09701388873876646,0.033742806800126646,97,R2_Percent,0.043354854477716614,0.09647461989451411,False
7,1,Cody Linley,0.08353924631014094,0.08275573915139868,0.009206712049961874,0.11020822495551123,0.06562381520719494,0.09957051214374801,0.03394669693655307,0.06394446008276553,0.10461345504147046,0.040668994958704935,97,R2_Percent,0.12556557895618128,0.048272020289943394,False
7,1,Jeffrey Ross,0.05394583681717668,0.05337622036573615,0.005315508497005099,0.09853417447243322,0.041910588729756455,0.06429765320095013,0.022387064471193673,0.04175246764572461,0.06476133146453328,0.02300886381880867,97,R2_Percent,0.013564429261677436,0.1323237947361522,True
7,1,Kim Kardashian,0.06165363041642215,0.06125268313984465,0.005442629680097632,0.08827752142634451,0.05145194116242539,0.07260924417052074,0.021157303008095353,0.051035897978968396,0.07327051396122804,0.02223461598225964,97,R2_Percent,0.01697456017790494,0.10811267150032577,False
7,1,Lance Bass,0.09301435765523984,0.09175646779537329,0.009954243532713578,0.10701835483946728,0.07659045535916766,0.11367365704969486,0.0370832016905272,0.07641038784351868,0.11491538202271478,0.0385049941791961,97,R2_Percent,0.16064878762828855,0.03684177107409273,False
7,1,Maurice Greene,0.07548270451289,0.07575650634547051,0.008293041783452776,0.10986678123114405,0.06105814483324363,0.09405557529491254,0.03299743046166891,0.05924070640068552,0.09558003217292943,0.03633932577224391,97,R2_Percent,0.10365041965176751,0.0577402507237727,False
7,1,Misty May-Treanor,0.08970562605735319,0.08897940548575711,0.008237543525120022,0.09182861641089667,0.07438383397556533,0.10515927222889186,0.03077543825332653,0.07318747545181571,0.10589117028489148,0.032703694833075767,97,R2_Percent,0.0978295764175827,0.057687720241419896,False
7,1,Rocco DiSpirito,0.07345013213046916,0.07290560326506257,0.0072967098572937865,0.09934236529803202,0.059841036022144835,0.08664710223805756,0.02680606621591273,0.05958443669418429,0.08766610782479647,0.028081671130612183,97,R2_Percent,0.021902265961451197,0.10739728819476238,False
7,1,Susan Lucci,0.0787617336401971,0.07861598182931509,0.008291210156178837,0.10526952332023463,0.06457068621727995,0.09334473742874996,0.028774051211470017,0.06346049162344412,0.09710051773488555,0.03364002611144143,97,R2_Percent,0.05575603710217432,0.08266715037986566,False
7,1,Ted McGinley,0.05678357002151695,0.055804622303789145,0.005715684803784183,0.10065736975710303,0.04714331782164207,0.06921891252454505,0.022075594702902983,0.04673168305200032,0.06970384080436769,0.02297215775236737,97,R2_Percent,0.01460534117724628,0.10989967940830182,True
7,1,Toni Braxton,0.07324923619173322,0.07298735399488111,0.006279050880345804,0.08572172498713981,0.061251445720899224,0.0831616241863674,0.021910178465468173,0.06029821279569347,0.0885508111916563,0.028252598395962822,97,R2_Percent,0.024484743177939392,0.0919616795201074,False
7,1,Warren Sapp,0.08943238388588978,0.08930870931246347,0.009689836781081568,0.1083481884307725,0.0712478241807791,0.10762359838638012,0.03637577420560102,0.07094822670575765,0.11088364125525284,0.03993541454949519,97,R2_Percent,0.16731655908115997,0.03518057523334264,False
7,2,Brooke Burke,0.10892962498993251,0.10979729214095518,0.012383004639844025,0.11367894308814967,0.08690529589436342,0.13595275687168817,0.04904746097732475,0.08312893959634862,0.1392377815410857,0.05610884194473709,97,R2_Percent,0.16078874022720768,0.044500778078164174,False
7,2,Cloris Leachman,0.08706848035636426,0.08658018188837478,0.008609755113279159,0.09888486715330423,0.07103828907743803,0.10565469185176589,0.034616402774327856,0.07033554942715574,0.10756731406809433,0.037231764640938594,97,R2_Percent,0.04182766051334233,0.13435165219253378,False
7,2,Cody Linley,0.09877044004677792,0.09785310031012726,0.010955424401046148,0.11091804790843933,0.07738837139858533,0.11888442386537844,0.04149605246679311,0.07589695327203684,0.1244356313052787,0.048538678033241855,97,R2_Percent,0.13551675871485888,0.05822467428503805,False
7,2,Kim Kardashian,0.06119006015258215,0.06090197464361562,0.005395820570016095,0.08818132481911603,0.05151358979054802,0.07210748497924406,0.02059389518869604,0.051172136526278944,0.07246487239162568,0.021292735865346732,97,R2_Percent,0.015267102859299553,0.15165799378535,True
7,2,Lance Bass,0.11045991340774182,0.1083063980867722,0.012108682896692933,0.10962060826533537,0.09051026310421613,0.1362635683866285,0.04575330528241238,0.09030329828634324,0.13843948208511742,0.04813618379877417,97,R2_Percent,0.1689226998518074,0.047677728349184885,False
7,2,Maurice Greene,0.08284233864049549,0.0824139005987159,0.009522397190630486,0.1149460209223945,0.06525533163394774,0.10335484400047024,0.038099512366522495,0.0627238573164378,0.10574064731798573,0.04301679000154793,97,R2_Percent,0.10528572987437326,0.07641018285467721,False
7,2,Misty May-Treanor,0.10661896253165255,0.10527431951212414,0.009949294548581933,0.09331636992461102,0.08826205594929588,0.12596187865499175,0.03769982270569587,0.0863533266267761,0.12611069560902685,0.039757368982250754,97,R2_Percent,0.10145178740081445,0.07370160681709872,False
7,2,Rocco DiSpirito,0.07525339660495284,0.07486578110166099,0.006669717213894994,0.08863011524792787,0.0630978558898133,0.08726353759678286,0.02416568170696956,0.062184420186401954,0.08832818398622232,0.026143763799820363,97,R2_Percent,0.020060232331082613,0.15137675853780388,False
7,2,Susan Lucci,0.08710854624056605,0.08645834993959314,0.009050523518130252,0.10389937507550166,0.072032508215532,0.10274100919356662,0.03070850097803461,0.07083065176643301,0.10699415643726774,0.036163504670834734,97,R2_Percent,0.054646166048906625,0.10189062760026148,False
7,2,Toni Braxton,0.07714674253634266,0.07670824946439161,0.006191985298916974,0.08026243358233855,0.0654935411791493,0.08814659343953037,0.02265305226038107,0.06484613159662304,0.09188378087143569,0.027037649274812642,97,R2_Percent,0.022551480357544406,0.1195053484453538,False
7,2,Warren Sapp,0.10461149449259177,0.1044391498761219,0.011847865965393237,0.11325587138258753,0.08253445811142247,0.12899960683616593,0.04646514872474346,0.08145432136653405,0.13010739081033443,0.04865306944380038,97,R2_Percent,0.17368164182076282,0.040702649054534065,False
7,3,Brooke Burke,0.14051232742726102,0.1405494442949668,0.015596940614742521,0.11100051433434967,0.11354451931067336,0.17419803892063687,0.06065351960996351,0.10758790692127716,0.17805281863344377,0.07046491171216661,97,R2_Percent,0.1875247039003901,0.04551223470364937,False
7,3,Cloris Leachman,0.10045105654670539,0.1000500693034715,0.009229034975728799,0.09187593732712704,0.08253817856473447,0.11995417719176207,0.0374159986270276,0.08106768597467894,0.12095748840568772,0.039889802431008786,97,R2_Percent,0.04293074919812173,0.18787413476501927,False
7,3,Cody Linley,0.11961804271224127,0.11842068897514811,0.012975670840916234,0.10847586657249618,0.09425598010450047,0.14395286568884635,0.04969688558434589,0.09276825962192008,0.15021849872818907,0.057450239106268994,97,R2_Percent,0.15708045587719197,0.07166805232160622,False
7,3,Lance Bass,0.14083351232081395,0.13810443936262062,0.01511034970281837,0.10729228756574292,0.11641583642002144,0.17352457026569382,0.057108733845672374,0.11560242487124628,0.17615690835531586,0.06055448348406958,97,R2_Percent,0.19658524657432064,0.052663185371627654,False
7,3,Maurice Greene,0.0983967603033536,0.09830238824397244,0.011160322261324128,0.11342164342522318,0.07773087511027035,0.12135464382252098,0.04362376871225063,0.07475705082320795,0.12500371975180968,0.05024666892860173,97,R2_Percent,0.11474316224490212,0.08654687332075232,False
7,3,Rocco DiSpirito,0.0820329782257666,0.08145334609044279,0.008492886364408803,0.10353014785145498,0.06652372947030458,0.09730468254443916,0.030780953074134587,0.06594621906490596,0.09860244350243512,0.03265622443752916,97,R2_Percent,0.01997615064126861,0.1916213697307055,False
7,3,Susan Lucci,0.10350113504433411,0.10381825205930942,0.010206805138717023,0.09861539329346482,0.08570929631603938,0.12065938934924149,0.03495009303320211,0.08504347151779788,0.12548294725378378,0.0404394757359859,97,R2_Percent,0.05765711403643734,0.14259566251971473,False
7,3,Toni Braxton,0.08433058183590655,0.0840170368727099,0.005940217587472547,0.0704396608934969,0.07333701948515017,0.09404844876948291,0.02071142928433274,0.07228051883441242,0.09944088226542734,0.027160363431014925,97,R2_Percent,0.022671052715869826,0.17544581594273606,False
7,3,Warren Sapp,0.13032360558361747,0.13012487440786694,0.014922277127291677,0.11450172100799753,0.1025989085560915,0.16106522418032118,0.05846631562422969,0.10177693559159977,0.16228335603362362,0.06050642044202385,97,R2_Percent,0.2008313648114975,0.046072671324188845,False
7,4,Brooke Burke,0.14909345675071203,0.15003882076766786,0.01624138694597231,0.10893427049000758,0.12076818028367033,0.18441179532860197,0.06364361504493164,0.11560653377825354,0.1892479336284226,0.07364139985016906,97,R2_Percent,0.1893926647633775,0.0488645234271892,False
7,4,Cloris Leachman,0.08687570671059618,0.08685064021967391,0.007311229085071822,0.0841573480308745,0.07353387509849,0.10277696781884,0.02924309272035,0.07250872632844103,0.10422409797586477,0.03171537164742373,97,R2_Percent,0.03777528360303007,0.15989655504194467,False
7,4,Cody Linley,0.12492411186090967,0.1235755876712862,0.013812741610456623,0.11056905992524253,0.09799888652144571,0.14975453358474375,0.051755647063298035,0.09637326766761131,0.15691956934309562,0.060546301675484304,97,R2_Percent,0.15957608657223865,0.06652845511866735,False
7,4,Lance Bass,0.15539497489918322,0.15340838664300352,0.016125059477267827,0.10376821700784986,0.12825773086803655,0.1890958430333365,0.06083811216529997,0.12738596922002549,0.19206966109704934,0.06468369187702386,97,R2_Percent,0.20191035510454552,0.04481013985488062,False
7,4,Maurice Greene,0.09676730822665977,0.09647151598045751,0.011374038395983733,0.11754009287250321,0.07612592080783316,0.12091681625652449,0.04479089544869133,0.07299679053484069,0.1228679646584567,0.04987117412361601,97,R2_Percent,0.10985420448408684,0.10395356030356172,False
7,4,Rocco DiSpirito,0.06313569603619096,0.062407709139951084,0.005657905500299924,0.0896150015841541,0.05180972286487103,0.0725188414082887,0.020709118543417664,0.05141057311545884,0.07340048705321353,0.021989913937754693,97,R2_Percent,0.0163020381331956,0.2126099823627904,True
7,4,Susan Lucci,0.09567950963488907,0.09572062775365399,0.009227861379249316,0.09644553378735568,0.07963119435304164,0.1121051684057498,0.03247397405270816,0.07882406075542275,0.11390942340964805,0.035085362654225294,97,R2_Percent,0.05256538868448726,0.13482969917369866,False
7,4,Toni Braxton,0.07292050990336285,0.0725174761433953,0.005391783258909807,0.07394055891895451,0.06247646979632684,0.08348975847216744,0.021013288675840604,0.0618415154136727,0.08751554868556904,0.025674033271896345,97,R2_Percent,0.020003728572174313,0.18081941325019363,False
7,4,Warren Sapp,0.15520872597749624,0.1545873061737461,0.01706132863683479,0.10992506078110915,0.1245017556687089,0.18313220466147612,0.05863044899276722,0.12428379374965379,0.18600976965138977,0.06172597590173598,97,R2_Percent,0.2126202500828644,0.04768767146707359,False
7,5,Brooke Burke,0.17338336463455836,0.17373966859160042,0.018117873300906757,0.10449603016468136,0.14094136871999907,0.2122494356351005,0.07130806691510141,0.13502175228034213,0.21670108956991146,0.08167933728956933,97,R2_Percent,0.20011353564171275,0.05246940053417589,False
7,5,Cloris Leachman,0.08144316543825875,0.08110080057642881,0.0070266705515417,0.08627698240521543,0.06712590781295188,0.09683644457342458,0.029710536760472694,0.06644310120749872,0.09750072772462677,0.031057626517128054,97,R2_Percent,0.03350402983185561,0.2207384863607485,False
7,5,Cody Linley,0.13847330044937367,0.13755541731649276,0.015078392356199979,0.1088902503751089,0.10927397260945448,0.16466686317802126,0.05539289056856678,0.10690404825264133,0.17257068863368463,0.0656666403810433,97,R2_Percent,0.163505751520268,0.0700371469987068,False
7,5,Lance Bass,0.17570023187584002,0.17442104160412952,0.01724036609194889,0.09812375264326306,0.14701636906300977,0.21166473681984568,0.06464836775683591,0.1461999795915997,0.21600572175312033,0.06980574216152063,97,R2_Percent,0.2136351170110139,0.06346869311044927,False
7,5,Maurice Greene,0.10064600292720577,0.1007389166748954,0.011036273145925573,0.10965436107689024,0.08107424228286865,0.12299284132760269,0.04191859904473404,0.07798365168377143,0.12443116212483982,0.04644751044106839,97,R2_Percent,0.10331543783727727,0.11005746720452289,False
7,5,Susan Lucci,0.09679963835422567,0.09683363946432706,0.008167257395575608,0.08437280897360994,0.08237100761749054,0.11048033553310703,0.02810932791561649,0.08141872004033744,0.11367239726720786,0.03225367722687042,97,R2_Percent,0.04842653291393278,0.1921422825300538,False
7,5,Toni Braxton,0.06721928658393889,0.06706467303149694,0.005053941310974871,0.07518588143097668,0.0576446709408846,0.07606060699352701,0.018415936052642412,0.05682671387914569,0.07903037045205187,0.022203656572906183,97,R2_Percent,0.017190418961008938,0.23850183874954456,True
7,5,Warren Sapp,0.16633500973659887,0.16409738265962392,0.01796930324269579,0.10803079442596734,0.13417472456602808,0.1999080313886411,0.06573330682261302,0.1321292151102373,0.20237254643822195,0.07024333132798463,97,R2_Percent,0.22030917628293092,0.05258468451179826,False
7,6,Brooke Burke,0.2027024314701645,0.20254559421221036,0.02023209446908164,0.09981179960369432,0.16402265643769232,0.2456764548487011,0.08165379841100878,0.15770451100371607,0.2504671377320732,0.09276262672835711,97,R2_Percent,0.21572060274005483,0.05854544691624078,False
7,6,Cloris Leachman,0.07735288208420651,0.0767940939944389,0.006820495789814787,0.08817377718893499,0.064086478489759,0.09239444721735271,0.02830796872759371,0.06389784169022641,0.094275470742145,0.030377629051918584,97,R2_Percent,0.02746517891613786,0.34660075528282425,True
7,6,Cody Linley,0.14987826699819898,0.14902616048505865,0.015435903382834433,0.10298960410998027,0.11958713845633567,0.17722241435224267,0.057635275895907,0.11630508141502659,0.18307578628862456,0.06677070487359797,97,R2_Percent,0.16598145654892082,0.09403994327769513,False
7,6,Lance Bass,0.20365750229709437,0.20276922551252083,0.019025703444538678,0.09342009614153125,0.1719067373674994,0.24807259617997787,0.07616585881247848,0.17111206317497413,0.25113916172282136,0.08002709854784723,97,R2_Percent,0.22649524250462819,0.05203933753214642,False
7,6,Maurice Greene,0.10056033468197134,0.10053691624025567,0.009917165795405029,0.09861906115138455,0.08355991904714212,0.11937808847116833,0.035818169424026214,0.08097552377058534,0.12129170305107548,0.04031617928049014,97,R2_Percent,0.09267745065147093,0.1702805750842844,False
7,6,Susan Lucci,0.08739115095048679,0.08747326087970766,0.007541908266401155,0.08630059433219017,0.0741461757971411,0.10000818883993781,0.025862013042796714,0.07329410625536785,0.10252734304830574,0.02923323679293789,97,R2_Percent,0.04094861295583757,0.2233845435929085,False
7,6,Warren Sapp,0.17845743151787752,0.17796532622148103,0.019262944923675338,0.10794139958102901,0.1422211128453246,0.21762937098385707,0.07540825813853247,0.1409271641531361,0.21899818173961874,0.07807101758648263,97,R2_Percent,0.23071145568294985,0.055109398313900534,False
7,7,Brooke Burke,0.23449534031156255,0.23498654650003903,0.02219588163164029,0.09465382809803258,0.19216627997344438,0.2801476691373402,0.0879813891638958,0.1874230331858884,0.2887595234916084,0.10133649030571998,97,R2_Percent,0.2342211092021851,0.06625948447386035,False
7,7,Cody Linley,0.14556847095964612,0.14654929518417106,0.013243079819692024,0.09097491876082985,0.11872642213913774,0.16851195984229442,0.049785537703156676,0.11622739195848096,0.17287703263657436,0.0566496406780934,97,R2_Percent,0.16021527494924367,0.16113524003986082,False
7,7,Lance Bass,0.22328753958507364,0.22248162158370277,0.01997883566898722,0.08947581986040554,0.18923504814320416,0.2633979602794084,0.07416291213620427,0.1868890757044148,0.26618665599311947,0.07929758028870468,97,R2_Percent,0.24081260646318964,0.08010418983549678,False
7,7,Maurice Greene,0.09204079357737677,0.09179954435631375,0.009097915607814396,0.09884655764257366,0.07656819402242218,0.10959506679208912,0.03302687276966694,0.07400907570731047,0.1113651880644255,0.03735611235711503,97,R2_Percent,0.0752954669895537,0.2518006397253276,False
7,7,Susan Lucci,0.08831669772071919,0.0883141956260289,0.00812115327995198,0.09195490195561003,0.07470819708155882,0.10285313878168266,0.02814494170012384,0.07301810680419428,0.10463269981559453,0.03161459301140025,97,R2_Percent,0.03286673117645924,0.3540006641593575,True
7,7,Warren Sapp,0.21629115784562175,0.2170693480817465,0.021552170568844172,0.09964425168146299,0.17800171286542338,0.26051906415416687,0.08251735128874349,0.17491307749719748,0.26070283492808005,0.08578975743088257,97,R2_Percent,0.2565888112193687,0.08669978176609706,False
7,8,Brooke Burke,0.2710102304202654,0.2720090948658377,0.02463990619545075,0.09091873084363182,0.2228674795368306,0.3251383581111564,0.10227087857432579,0.21963146026642677,0.32775310477259084,0.10812164450616407,97,R2_Percent,0.2653101304324715,0.08891944243534698,False
7,8,Cody Linley,0.12629462493327467,0.12674587011480873,0.011349805063387725,0.08986768098313111,0.10466236278592854,0.14579821567067897,0.041135852884750426,0.10133652566387412,0.15022428013516995,0.04888775447129583,97,R2_Percent,0.13599397503801683,0.26308941422150134,False
7,8,Lance Bass,0.25965378076493717,0.25771395679886877,0.02263969950670527,0.08719187311661307,0.22332687263698442,0.3073003290300525,0.08397345639306808,0.21913459235015229,0.30896740535831735,0.08983281300816506,97,R2_Percent,0.26423528628316245,0.10260086727404627,False
7,8,Maurice Greene,0.09244682807998457,0.09194814366511178,0.009632850769820666,0.10419882401466893,0.07600736699044207,0.11353973110264495,0.037532364112202884,0.07452315182200704,0.11535298198306461,0.04082983016105757,97,R2_Percent,0.05432971824865232,0.4629303055009292,True
7,8,Warren Sapp,0.25059453580153823,0.25316815342263516,0.024316096722182337,0.0970336270278447,0.20728070126371556,0.29693398072266924,0.08965327945895368,0.2047040205181933,0.3002060066458142,0.0955019861276209,97,R2_Percent,0.28013088999769714,0.08245997056817628,False
7,9,Brooke Burke,0.30196173635290835,0.3012913418282718,0.026389690103821316,0.0873941527246326,0.24952915845484966,0.3573506978520487,0.10782153939719905,0.24866471437651355,0.3598151557456433,0.11115044136912977,97,R2_Percent,0.3047130365256653,0.13173894612311554,False
7,9,Cody Linley,0.11828038649022171,0.11769591404143016,0.010971430593580437,0.09275781825829128,0.09842973504850205,0.13829718786614606,0.039867452817644006,0.09481568793979718,0.14194711988694972,0.04713143194715254,97,R2_Percent,0.09294615663658665,0.6323468372146449,True
7,9,Lance Bass,0.31109727059086556,0.30773261740126157,0.02563900393660192,0.08241475049879378,0.2673584514534005,0.3665431043107902,0.0991846528573897,0.26663951067684694,0.37061320407481285,0.10397369339796592,97,R2_Percent,0.2918715904361952,0.10931935496650466,False
7,9,Warren Sapp,0.2686606065660044,0.2674119555335231,0.027225342621179142,0.10133730794838519,0.21840010636761265,0.31929663804092046,0.10089653167330781,0.21528563693584735,0.32446304410164484,0.10917740716579749,97,R2_Percent,0.31046921640155295,0.12659486169573478,False
7,10,Brooke Burke,0.34479653772443447,0.34362134453388027,0.029506697307440433,0.08557712760741971,0.28608058820151944,0.4073924820665802,0.12131189386506075,0.2831915320261234,0.41095233165088474,0.12776079962476133,97,R2_Percent,0.3370312817012401,0.2809040708525678,False
7,10,Lance Bass,0.33290757754297784,0.33036562152037946,0.026976613347454215,0.08103334128515467,0.2880909018905551,0.38871235542576626,0.10062145353521118,0.2869093509312886,0.391077312864526,0.10416796193323741,97,R2_Percent,0.31711527556298336,0.3951797802596524,False
7,10,Warren Sapp,0.3222958847325877,0.32373117861324674,0.030032665434439037,0.09318352128311368,0.26400810096746413,0.37496143993645203,0.1109533389689879,0.26313047239559634,0.380848095068783,0.11771762267318664,97,R2_Percent,0.34585344273577656,0.3239161488877798,False
6,1,Adam Carolla,0.07988948306294297,0.07938454751272975,0.007287841399232731,0.09122404000900618,0.06613879322003784,0.0951851582719336,0.02904636505189577,0.06577806169997574,0.09717160171074127,0.031393540010765525,101,R2_Percent,0.02313859033545647,0.12883240783013483,False
6,1,Cristian de la Fuente,0.09447468333405325,0.09450189058970163,0.010160469768304195,0.10754701058248342,0.07526962054241576,0.11425777758540134,0.03898815704298558,0.07179563074701803,0.11498184851313156,0.04318621776611353,101,R2_Percent,0.1982968773862625,0.0323183858240991,False
6,1,Jason Taylor,0.09720749767644439,0.09644987464154697,0.011045303906330921,0.11362604912529758,0.07560402380862195,0.11965581536332348,0.04405179155470153,0.0750040024523687,0.12244998432113587,0.04744598186876717,101,R2_Percent,0.17747176299780473,0.0362798227685411,False
6,1,Kristi Yamaguchi,0.09986215575664927,0.09948643057796747,0.011707283844234785,0.11723443936824147,0.07891069748650305,0.12307987728713544,0.0441691798006324,0.07810811599447509,0.12484210176673234,0.04673398577225725,101,R2_Percent,0.17406585604359412,0.03221560464176224,False
6,1,Mario,0.0900895202712948,0.08940213482932163,0.010166911605738549,0.11285343262037581,0.0728132246756385,0.10781805367947384,0.035004829003835336,0.06884865331882455,0.11456729483721895,0.0457186415183944,101,R2_Percent,0.09143326081815396,0.06215684543709506,False
6,1,Marissa Jaret Winokur,0.08262557239287267,0.08127767746542858,0.007812359631361435,0.0945513526274262,0.07046126594442054,0.09954516371908531,0.029083897774664774,0.06958928952461664,0.09993362106250267,0.03034433153788603,101,R2_Percent,0.15084008393782775,0.04888372068501724,False
6,1,Marlee Matlin,0.08673661826353193,0.08663653681077933,0.008525638410989555,0.09829341495752233,0.07274570256204509,0.10541252694241365,0.03266682438036857,0.07151179396206213,0.10584958980316642,0.03433779584110429,101,R2_Percent,0.04359247453689439,0.09162008551656357,False
6,1,Monica Seles,0.06630703735496242,0.06621429144578429,0.0057486839943409855,0.08669794675890091,0.0554692691489911,0.07666017302120356,0.021190903872212466,0.055132926589059765,0.07984585678030029,0.024712930191240524,101,R2_Percent,0.015360995648304421,0.13595583681621015,False
6,1,Penn Jillette,0.06382588955456336,0.06392075157697243,0.005490380291683637,0.08602121067172953,0.05473065495900217,0.07398339378305008,0.019252738824047905,0.05414075103548513,0.07541632274896878,0.021275571713483654,101,R2_Percent,0.016735058466962268,0.1308885917686445,False
6,1,Priscilla Presley,0.08184590378211076,0.08095887811935921,0.0089573452563547,0.10944158280909015,0.06730565868892764,0.10284807177770094,0.0355424130887733,0.06604561134013665,0.10720046802663127,0.04115485668649463,101,R2_Percent,0.028040043682324857,0.09638162309775739,False
6,1,Shannon Elizabeth,0.08595060325987317,0.08526476023344313,0.00895733570273802,0.10421492535259302,0.06814340909887712,0.10465894990984329,0.03651554081096617,0.06656390343990223,0.10571022495438474,0.03914632151448251,101,R2_Percent,0.06114814059204398,0.08348343993258132,False
6,1,Steve Guttenberg,0.07118503529070096,0.07018240291001875,0.006431502387616366,0.09034907914777034,0.06131520779456297,0.08456415327304782,0.023248945478484856,0.06127181205339435,0.08520071535102927,0.023928903297634918,101,R2_Percent,0.019876855554370455,0.12098363568159363,False
6,2,Adam Carolla,0.07352842408618247,0.07308452251457369,0.006569894718784752,0.08935176838666085,0.06204367337709367,0.0876716479331863,0.025627974556092628,0.06158227981609671,0.08934068385502954,0.02775840403893283,101,R2_Percent,0.0213577396335571,0.11850868392243268,False
6,2,Cristian de la Fuente,0.10123274332442334,0.10133355007585,0.011874482753134156,0.11729883398575575,0.07865103776551849,0.12439113888666056,0.045740101121142074,0.07359094927258239,0.12607135929626023,0.05248041002367784,101,R2_Percent,0.19513024500360024,0.034661466838410024,False
6,2,Jason Taylor,0.10922137800260716,0.10904790012390263,0.01306427741265198,0.11961282352929231,0.08377551351863677,0.13649939616102041,0.052723882642383646,0.08254289214539764,0.13733076229704794,0.05478787015165029,101,R2_Percent,0.1796947630672102,0.03194336773877208,False
6,2,Kristi Yamaguchi,0.11478850551714812,0.11590498394482161,0.01422373762843536,0.12391256044631135,0.08892426981944404,0.1400497431551225,0.05112547333567846,0.08727185200694776,0.14239560278909863,0.05512375078215087,101,R2_Percent,0.17690905982008026,0.03256507777209537,False
6,2,Mario,0.0981483996336501,0.09686097514241263,0.012329073233964056,0.12561665070427744,0.07763888400172236,0.11859266856075652,0.04095378455903416,0.07376648034959557,0.1274927843291659,0.05372630397957032,101,R2_Percent,0.09760983711632495,0.057909557636432886,False
6,2,Marissa Jaret Winokur,0.08173346509150972,0.07989016103799113,0.008969649302260295,0.10974267752159746,0.06744629914310171,0.09920029188503952,0.03175399274193781,0.06631030823800754,0.10146393568472213,0.03515362744671459,101,R2_Percent,0.1541642438591054,0.04479837145679066,False
6,2,Marlee Matlin,0.09024083340809853,0.0898338008880916,0.009924170884944357,0.10997428226381746,0.07350071414878351,0.11092612323341412,0.037425409084630615,0.07218322519307722,0.11372616664270965,0.04154294144963243,101,R2_Percent,0.043063563468871614,0.08913648843608063,False
6,2,Monica Seles,0.055525774753171935,0.05514478409028415,0.004805402479069007,0.08654363672421331,0.04646434396584825,0.06401150028676775,0.0175471563209195,0.045959884940784,0.06663464470131278,0.02067475976052878,101,R2_Percent,0.013306550723178228,0.139546082280309,True
6,2,Penn Jillette,0.05170612846427052,0.051553871960719595,0.004679500180613794,0.09050184803233485,0.043657585264149895,0.060405241476764765,0.01674765621261487,0.043338491543123664,0.060872005178698965,0.0175335136355753,101,R2_Percent,0.014198992964417722,0.13141636846227908,True
6,2,Priscilla Presley,0.0773151173809271,0.07613251676631656,0.008550222870060246,0.11058927619463854,0.06327205977129381,0.09636297063562257,0.03309091086432876,0.06251559848971164,0.10029910961459054,0.037783511124878905,101,R2_Percent,0.025860188151204475,0.10885125160564597,False
6,2,Shannon Elizabeth,0.08849509464289271,0.08784084089580052,0.010152688592853894,0.11472600412286564,0.06862132453469422,0.10869437022026178,0.04007304568556756,0.06756133073925857,0.11175076934418725,0.044189438604928674,101,R2_Percent,0.0614432025673953,0.07849142191516423,False
6,2,Steve Guttenberg,0.05806413569511835,0.05711324985048073,0.005182912303361626,0.08926185228306725,0.050057336336088984,0.0684194391059643,0.01836210276987532,0.049920449088647845,0.06946026520318759,0.01953981611453974,101,R2_Percent,0.017261613625054472,0.13217186193558733,False
6,3,Adam Carolla,0.07054308384051819,0.06990711814547453,0.006230143920374487,0.08831686369792707,0.06035044201966557,0.08432082057587581,0.023970378556210238,0.059769382228631235,0.08613892865820881,0.026369546429577576,101,R2_Percent,0.019518437210401873,0.1619441819985017,False
6,3,Cristian de la Fuente,0.11875101363601676,0.11838403636436194,0.014709673663570465,0.1238698787755785,0.09000360373304807,0.14605485885168548,0.056051255118637414,0.08496170689675192,0.14869378713623158,0.06373208023947965,101,R2_Percent,0.1992878799567939,0.04134394770800657,False
6,3,Jason Taylor,0.1294759358157757,0.12850402763212496,0.015356631902020973,0.11860606996400545,0.09915084172475934,0.16161431622401318,0.06246347449925384,0.0985217751434791,0.1632204886326179,0.0646987134891388,101,R2_Percent,0.1885746602220788,0.04731158277549504,False
6,3,Kristi Yamaguchi,0.1281031830027513,0.12871705143293494,0.015684440941942455,0.12243599709466702,0.10129899711067807,0.15979019999207492,0.05849120288139685,0.10015461249036475,0.16265136561721158,0.06249675312684683,101,R2_Percent,0.181346110096319,0.044052297461760294,False
6,3,Mario,0.11372734264268672,0.11221433825970385,0.015127217427635276,0.13301302110929114,0.08891590385078973,0.13985917376583734,0.050943269915047606,0.08525846297979392,0.14957620690083212,0.0643177439210382,101,R2_Percent,0.10271164910306645,0.09106644701732668,False
6,3,Marissa Jaret Winokur,0.10664372593642668,0.10425762975175466,0.011182740570521224,0.1048607451805235,0.08874075745178595,0.13003093175828634,0.04129017430650039,0.08672046315856696,0.13131151269477576,0.04459104953620879,101,R2_Percent,0.16762434053183234,0.061751532726209014,False
6,3,Marlee Matlin,0.10024576157755613,0.09932404923932889,0.011111735449074709,0.11084494021702856,0.08121539905675831,0.12294933857451101,0.0417339395177527,0.07863980884360544,0.12526122927710062,0.04662142043349518,101,R2_Percent,0.041696805509675944,0.13890450339790106,False
6,3,Priscilla Presley,0.07835859351285972,0.07736659418853142,0.007773990608777364,0.09921044087527613,0.06511344995384818,0.09528236655451403,0.03016891660066584,0.06456638215808597,0.09882678006212818,0.034260397904042214,101,R2_Percent,0.023758659073127988,0.1351203579966226,False
6,3,Shannon Elizabeth,0.09808421295530449,0.09749931885247475,0.011039286954590501,0.11254907004882568,0.0779164687228773,0.12150329098382268,0.043586822260945374,0.07571052582204113,0.12399882470046858,0.04828829887842745,101,R2_Percent,0.06063371165426507,0.11124155930211274,False
6,3,Steve Guttenberg,0.056067147080104324,0.05472811196602442,0.005434087091761069,0.0969210558189678,0.04742292284911337,0.06762748103685362,0.02020455818774025,0.04704174027633233,0.06890915581990024,0.021867415543567914,101,R2_Percent,0.014847746642438596,0.1672635896160644,True
6,4,Adam Carolla,0.06753573605315323,0.06724388439695081,0.00610196296699292,0.09035161713778375,0.056964077470235006,0.08089885452154799,0.023934777051312986,0.056549959709211395,0.08409517428721935,0.02754521457800796,101,R2_Percent,0.017155216793936584,0.21579289248406403,True
6,4,Cristian de la Fuente,0.1346886442664646,0.13401028014404226,0.016513240554734913,0.12260306460628957,0.102736994521367,0.1673216657145622,0.06458467119319519,0.09731388924742357,0.16880401992157265,0.07149013067414908,101,R2_Percent,0.20599370205840553,0.047104085217609226,False
6,4,Jason Taylor,0.14539903344447117,0.14478905613718931,0.01676526191661247,0.11530518133062578,0.11270590767740835,0.18045611946911197,0.06775021179170362,0.11154785410541387,0.1832225468295402,0.07167469272412633,101,R2_Percent,0.19655119925468606,0.04585282504300559,False
6,4,Kristi Yamaguchi,0.15780480407576405,0.15911887193030363,0.01929971752569946,0.12230120393821106,0.1222835865658363,0.1913785473497266,0.0690949607838903,0.12007573991273289,0.19621353266689182,0.07613779275415893,101,R2_Percent,0.1936482223952445,0.04678320165897665,False
6,4,Mario,0.12253569059406168,0.12069820170994636,0.01688806310597016,0.13782158507530043,0.09564274236564094,0.15267077655450662,0.05702803418886568,0.0915528386479828,0.16255810646971552,0.07100526782173272,101,R2_Percent,0.10252048673212857,0.1024995679180843,False
6,4,Marissa Jaret Winokur,0.11470513558259207,0.11304230028604302,0.012504275644779447,0.10901234352995375,0.09500055052301526,0.14092367134680234,0.04592312082378708,0.09282382464219627,0.14238027549662294,0.04955645085442667,101,R2_Percent,0.1697760933660354,0.06435906950532727,False
6,4,Marlee Matlin,0.08818799922579443,0.08836217743127525,0.008140099372586734,0.09230393527519566,0.07438054240834377,0.10308875122254473,0.028708208814200956,0.07260465419332339,0.10466528256981614,0.03206062837649275,101,R2_Percent,0.036775066876776084,0.16154592053127323,False
6,4,Priscilla Presley,0.0719717504506571,0.07168278570815836,0.006990817948530467,0.09713280425662679,0.06011654810905976,0.08714104651485124,0.027024498405791485,0.05917425315553339,0.09048289439111816,0.03130864123558477,101,R2_Percent,0.02121440370468763,0.19132434578011365,False
6,4,Shannon Elizabeth,0.09717120630704167,0.09580580904588777,0.010499660593960923,0.10805320828048677,0.07710940234399685,0.1170970916072372,0.03998768926324035,0.07542830024190936,0.12098777770715041,0.045559477465241055,101,R2_Percent,0.05636560881809951,0.12473809186154604,False
6,5,Cristian de la Fuente,0.15655628872301838,0.15707142095850457,0.018006334199996487,0.11501508081769586,0.1204513430319204,0.19047869299404419,0.07002734996212379,0.11512185610831091,0.19271570689395043,0.07759385078563952,101,R2_Percent,0.21792793596154156,0.05772006061150648,False
6,5,Jason Taylor,0.17409766226862936,0.17317841888407728,0.019523421855616722,0.11214063187989541,0.13733162412915945,0.21456080525023444,0.07722918112107499,0.13459364746005376,0.21597124774301701,0.08137760028296326,101,R2_Percent,0.21198533100434622,0.05222227675946093,False
6,5,Kristi Yamaguchi,0.1637571229969563,0.16465753523713653,0.019019290219212993,0.11614328507448496,0.13105799374624144,0.20281054994674202,0.07175255620050058,0.12850462904552556,0.20677738664885453,0.07827275760332897,101,R2_Percent,0.19887614646810833,0.053282676435600244,False
6,5,Mario,0.12643417288201922,0.12453233762303076,0.017163845546239637,0.13575321572480178,0.10046932022497045,0.15853990127646023,0.05807058105148978,0.09682789908288264,0.16709967539425663,0.07027177631137399,101,R2_Percent,0.09815980864876743,0.11479343024065097,False
6,5,Marissa Jaret Winokur,0.12660596699754842,0.12420136890690787,0.013868662548978849,0.10954193453810435,0.10449300140409062,0.1555162658941613,0.05102326449007066,0.10196774522089427,0.15765683459488672,0.055689089373992445,101,R2_Percent,0.17073246151191657,0.07723662560900957,False
6,5,Marlee Matlin,0.08498101150423598,0.08501218965476534,0.008399519187276794,0.09883995305066604,0.07075902452802701,0.10146338577610453,0.030704361248077516,0.06868171791121444,0.10454803292229747,0.03586631501108303,101,R2_Percent,0.03247750592207173,0.21575604069664897,False
6,5,Priscilla Presley,0.07173517118045532,0.07148245393921102,0.007027088948228,0.0979587674022666,0.05972615915131047,0.08720136809126239,0.027475208939951916,0.05819147627029088,0.09054691385717584,0.03235543758688496,101,R2_Percent,0.018509211543642476,0.24619085959873457,True
6,5,Shannon Elizabeth,0.09583260344713702,0.09482053110777819,0.009057670213746814,0.0945155394713156,0.07993838767475947,0.11262032916484291,0.03268194149008344,0.0775193551197711,0.11564512419170289,0.0381257690719318,101,R2_Percent,0.051331598939605684,0.18279803004838818,False
6,6,Cristian de la Fuente,0.18702091095605136,0.18644360745445132,0.019800838007990908,0.10587499497659901,0.14850469597106886,0.22330190073428025,0.07479720476321139,0.14140585315315296,0.22497497768170527,0.08356912452855231,101,R2_Percent,0.23327828812053802,0.05916827835407585,False
6,6,Jason Taylor,0.19237733442403024,0.19160551716500313,0.020284058234500812,0.10543891927409453,0.1525192943684946,0.23412938144215636,0.08161008707366177,0.15166574043070602,0.23704059787300802,0.085374857442302,101,R2_Percent,0.22619572068349006,0.0697362554421644,False
6,6,Kristi Yamaguchi,0.19256705153599266,0.19274314191186445,0.020673352960681173,0.10735664692262852,0.15640952253494017,0.23554942571342674,0.07913990317848657,0.15446881798205062,0.23928624524685063,0.08481742726480002,101,R2_Percent,0.21400686597191323,0.06024438528934194,False
6,6,Mario,0.12510583782898038,0.12486354244942512,0.015281279201470927,0.12214681158492721,0.10192163805119364,0.15401248543270768,0.05209084738151404,0.09929527637689112,0.16122117655694607,0.06192590018005495,101,R2_Percent,0.08926986983987403,0.15422638612595224,False
6,6,Marissa Jaret Winokur,0.13905278983841265,0.136716799129554,0.015251431529352648,0.10968087405564239,0.11278881902050661,0.16916137085777133,0.05637255183726472,0.10984938946740473,0.1694635714745164,0.059614182007111674,101,R2_Percent,0.16791364722797994,0.09665265862760586,False
6,6,Marlee Matlin,0.07523355759610544,0.07488813580043878,0.006903290530907297,0.09175812963635066,0.06317042251526805,0.0880925342310245,0.02492211171575645,0.06213251542129529,0.0886725590470407,0.026540043625745413,101,R2_Percent,0.025804711422240254,0.3131457816500237,True
6,6,Shannon Elizabeth,0.08864251782042713,0.08816142138110837,0.008489452092744739,0.09577178425755857,0.0745556370642228,0.10404477762647354,0.029489140562250743,0.07288837460122238,0.1067225793647679,0.03383420476354551,101,R2_Percent,0.043530896733964465,0.24682625451083595,False
6,7,Cristian de la Fuente,0.21523976821491414,0.2153149387721658,0.02220797623515446,0.10317784868166222,0.17220315640369713,0.25501587583460483,0.0828127194309077,0.16483803052982973,0.25614444344001897,0.09130641291018923,101,R2_Percent,0.2533427066097322,0.08583995509751478,False
6,7,Jason Taylor,0.22096964842105776,0.2194626176155129,0.02237816145255051,0.10127255762252432,0.1769890981188336,0.26786662699290553,0.09087752887407194,0.17610593426406007,0.27119438324377365,0.09508844897971358,101,R2_Percent,0.24506800431662557,0.07430667749042798,False
6,7,Kristi Yamaguchi,0.22257026060169893,0.22333321798764524,0.022339466603152756,0.10037040232940372,0.18400214021562938,0.26730546840092906,0.08330332818529967,0.18073804265031462,0.27460516270653135,0.09386712005621672,101,R2_Percent,0.23525247889974163,0.08132989236988908,False
6,7,Mario,0.11322105779717069,0.11134369733918546,0.013697127360931732,0.12097685384170659,0.09234224959842363,0.1400931062476537,0.04775085664923007,0.08911480849213635,0.14562378005340954,0.056508971561273186,101,R2_Percent,0.07454468562735711,0.26446922065949535,False
6,7,Marissa Jaret Winokur,0.1345986475656609,0.13290852073634,0.013702641174060308,0.10180370621759617,0.11001205360353422,0.16076999590432284,0.05075794230078862,0.10794502644791054,0.1617667315177257,0.05382170506981515,101,R2_Percent,0.15676847129446694,0.1464050560562715,False
6,7,Shannon Elizabeth,0.0934006173994976,0.09304919981642185,0.009209007377197289,0.09859685763968862,0.07887630765551829,0.1115860386332151,0.03270973097769682,0.07846242732518023,0.11199182055475304,0.03352939322957281,101,R2_Percent,0.03502365325207643,0.34764919832640145,True
6,8,Cristian de la Fuente,0.2372773348091541,0.23866782853644644,0.025174153470438793,0.10609590456959052,0.18755058274517877,0.2838889965942887,0.0963384138491099,0.18257759439283133,0.28400549386071494,0.10142789946788361,101,R2_Percent,0.27058295324317866,0.08905380712662327,False
6,8,Jason Taylor,0.2676974811439445,0.26645179821250176,0.0267976977477063,0.10010440753193647,0.22079804707007616,0.32099095205016454,0.10019290498008837,0.2140008864785921,0.33310427099718604,0.11910338451859392,101,R2_Percent,0.2775633013000024,0.09659431277795229,False
6,8,Kristi Yamaguchi,0.2642023434757343,0.26535293647678315,0.024949279540918697,0.0944324687385302,0.22067360773832229,0.31634302003507553,0.09566941229675324,0.21684355536087704,0.32416623188230986,0.10732267652143282,101,R2_Percent,0.2639883603438602,0.0981703928908048,False
6,8,Mario,0.11372976248486123,0.11243969001972934,0.013992914008666198,0.12303651834785832,0.09101072017149739,0.1402465919752685,0.04923587180377112,0.08844497896630688,0.14590306213928106,0.057458083172974184,101,R2_Percent,0.05479466456092454,0.4396899336877588,True
6,8,Marissa Jaret Winokur,0.11709307808630594,0.11544135162859423,0.011939526926053906,0.10196612063826373,0.09629881521241707,0.1402138110606185,0.04391499584820144,0.0955171742199121,0.14258410357756407,0.04706692935765197,101,R2_Percent,0.13307072055203428,0.2764915535168609,False
6,9,Cristian de la Fuente,0.2785641674881248,0.2810013498929163,0.027048280698080008,0.09709892317443548,0.22483442162091555,0.32799514575842376,0.10316072413750821,0.21851616227197837,0.329055833400125,0.11053967112814664,101,R2_Percent,0.3028486007159123,0.12582330772969785,False
6,9,Jason Taylor,0.2929880027679593,0.2921568715567689,0.029054050722086302,0.09916464308300206,0.24145499501981849,0.35585903728529167,0.11440404226547318,0.23788970023763228,0.3662429863321318,0.12835328609449953,101,R2_Percent,0.3079694957067672,0.1253233000449286,False
6,9,Kristi Yamaguchi,0.32024648082072893,0.31720429162983693,0.02962864180818336,0.0925182432364314,0.26264606873848034,0.37277597969494103,0.11012991095646069,0.25976052890028106,0.38079534262119213,0.12103481372091107,101,R2_Percent,0.2995984900030092,0.12470056311494054,False
6,9,Marissa Jaret Winokur,0.10820134892318702,0.10844390690600376,0.010958750029404517,0.10128108511090947,0.08903000257248597,0.12950915786615894,0.040479155293672964,0.08849309690026293,0.13232982562353296,0.04383672872327003,101,R2_Percent,0.08958341357431131,0.624152829110433,True
6,10,Cristian de la Fuente,0.3170935933125855,0.32029742564499386,0.029931583789787403,0.09439353055702186,0.25697230067138344,0.3672191477715191,0.11024684710013566,0.2493025579373525,0.368486774802239,0.1191842168648865,101,R2_Percent,0.33125196185424943,0.40000605861572935,False
6,10,Jason Taylor,0.33982132346165145,0.33947171838743223,0.033151509368833404,0.09755570672001848,0.2828945030580289,0.4170811627006282,0.13418665964259935,0.2803304664045613,0.43001481156138066,0.1496843451568194,101,R2_Percent,0.3444380577138588,0.2975302910086202,False
6,10,Kristi Yamaguchi,0.3430850832257632,0.3451218109904606,0.031102102965452485,0.09065419770811226,0.2900289863224492,0.4013036273089623,0.11127464098651307,0.2867194547612151,0.4050000613935036,0.11828060663228851,101,R2_Percent,0.32430998043189163,0.30246365037565043,False
28,1,Ally Brooke,0.0834174914825422,0.08375120904858306,0.0037380469713796,0.04481130881479344,0.07712062458739173,0.090093130903318,0.012972506315926266,0.07690517926965038,0.09041219231183335,0.013507013042182978,91,R3_Bottom2,0.0873920920605822,0.04701857063328837,False
28,1,Hannah Brown,0.08329756693203387,0.08281584148562654,0.0034996415113786312,0.04201373029579774,0.07758303513124808,0.08990208000881704,0.012319044877568963,0.07747365308417059,0.09013178609059917,0.012658133006428582,91,R3_Bottom2,0.0815954768122641,0.01162450740053465,False
28,1,James Van Der Beek,0.08355936519520428,0.08366382934313768,0.0034792499169265887,0.0416380606626039,0.07747529412763106,0.09040983794362989,0.01293454381599883,0.07724952345373678,0.09083548038300802,0.01358595692927124,91,R3_Bottom2,0.08351496078436188,0.004869101519973652,False
28,1,Karamo Brown,0.08283518932381523,0.08248029359435136,0.0034967912640601955,0.042213838015033825,0.07745222234155871,0.09060991086060469,0.013157688519045974,0.07736829910074036,0.09081987524913072,0.013451576148390362,91,R3_Bottom2,0.08445619768387312,0.05000012994795119,False
28,1,Kate Flannery,0.08220352023396035,0.08206884215801649,0.0038976073533810453,0.047414117330839625,0.076494189130177,0.08884791565545024,0.012353726525273237,0.07619830466107064,0.09040827554608853,0.014209970885017895,91,R3_Bottom2,0.0860407322294665,0.07950590983705698,False
28,1,Kel Mitchell,0.08307002052711444,0.08239462479436722,0.0038462075370343913,0.04630078953428176,0.07755870234872408,0.09167862403905812,0.014119921690334034,0.0767889599051875,0.09216000258838378,0.015371042683196279,91,R3_Bottom2,0.0812792646067103,0.1353792618737425,False
28,1,Lamar Odom,0.08974944847072457,0.0889244669739667,0.0031182456777690344,0.03474389793922998,0.08573302762201339,0.09702683567321697,0.011293808051203585,0.08564517752334143,0.09754578277603365,0.011900605252692223,91,R3_Bottom2,0.0866910505197905,0.11498138592617506,False
28,1,Lauren Alaina,0.0837875067609368,0.08359777567226342,0.004041153707270569,0.04823098172381262,0.07633868422128624,0.09228567771459836,0.01594699349331212,0.07620183394627376,0.09264916672503054,0.016447332778756776,91,R3_Bottom2,0.07885703726308163,0.048043759917220506,False
28,1,Mary Wilson,0.06840425150209235,0.069323598299227,0.0036102019046413097,0.05277744914043655,0.061028848563897876,0.07322080657684288,0.012191958012945002,0.06020996016690647,0.07349267991029076,0.013282719743384297,91,R3_Bottom2,0.08339545403517837,0.07022618216822046,False
28,1,Ray Lewis,0.08878315359636756,0.08787116757087708,0.0036703025682495523,0.04134007882774416,0.0824895017122827,0.09706232930529018,0.014572827593007487,0.08206594428141797,0.09759296689086565,0.015527022609447674,91,R3_Bottom2,0.07983075893404948,0.24364596114271814,False
28,1,Sailor Brinkley-Cook,0.08286033843623014,0.08245007622432159,0.0036495179311767105,0.0440442073982766,0.07704748818744483,0.0911223874860665,0.014074899298621671,0.07679269612476723,0.09151550577146687,0.014722809646699642,91,R3_Bottom2,0.08082574875993703,0.07828592706790907,False
28,1,Sean Spicer,0.08803214753897819,0.08770374299027901,0.0030711279378046004,0.0348864366445768,0.08355435303211212,0.0933787757611962,0.009824422729084084,0.08352999919391105,0.09509082399539433,0.01156082480148328,91,R3_Bottom2,0.08612122631070485,0.11641930246520943,False
28,2,Ally Brooke,0.08269390127166663,0.08266420242094374,0.001053813467542224,0.012743545186968842,0.0804563714140038,0.084464296112199,0.004007924698195192,0.08037415231271638,0.08483601390021231,0.004461861587495924,91,R3_Bottom2,0.0832931295494798,0.02687018989393542,False
28,2,Hannah Brown,0.08176158260859631,0.08170374908937103,0.0009348116580801553,0.011433385072243823,0.07983791341870886,0.08351478679762915,0.003676873378920295,0.07980854196753402,0.08371750909398995,0.003908967126455928,91,R3_Bottom2,0.08303680900355065,0.0003177265165105154,False
28,2,James Van Der Beek,0.0826042604743834,0.08269490297454249,0.001005392717617009,0.012171196883105001,0.08084965990686364,0.0844591561432246,0.0036094962363609623,0.0802155733819743,0.08456044971012376,0.0043448763281494635,91,R3_Bottom2,0.08356998511833443,0.028604899884763384,False
28,2,Karamo Brown,0.08339762651960356,0.08330384943048094,0.0010385052974823709,0.0124524562727005,0.0816261008621375,0.08565541199533969,0.004029311133202193,0.081295537772342,0.08591653383217175,0.0046209960598297545,91,R3_Bottom2,0.0835416099610565,0.051847800542074225,False
28,2,Kate Flannery,0.08194867738142572,0.08214633790340266,0.0012008873702125014,0.014654139744355307,0.07947017847743813,0.08425163824575256,0.004781459768314428,0.0793523976484328,0.08459441406816663,0.005242016419733833,91,R3_Bottom2,0.0832874212146813,0.019238303133010944,False
28,2,Kel Mitchell,0.08231458940019656,0.08226957982305133,0.0014882469330017947,0.018079989754504453,0.08009476589730696,0.08519628431820976,0.005101518420902798,0.07992310063317895,0.08526837464434069,0.005345274011161735,91,R3_Bottom2,0.08350497921550626,0.03623723472702872,False
28,2,Lamar Odom,0.09436015528279756,0.09398067549579586,0.0022191361488941535,0.023517724639636278,0.09103217974351022,0.09845585241551996,0.007423672672009746,0.09082173950621335,0.09880097139770116,0.007979231891487817,91,R3_Bottom2,0.08639905017248765,0.12163661578805036,False
28,2,Lauren Alaina,0.08411860862358674,0.0842241973588474,0.0011143661291370271,0.013247557792159683,0.08176913927324352,0.086258840308341,0.004489701035097479,0.08120509011678655,0.08636080250387018,0.005155712387083636,91,R3_Bottom2,0.08329402709264835,0.06179128074218508,False
28,2,Mary Wilson,0.06152949622205451,0.06182747739843672,0.002457004724838951,0.039932144348652526,0.05644706415799083,0.06538229846192438,0.008935234303933552,0.05627046769653508,0.06571253575155014,0.009442068055015067,91,R3_Bottom2,0.07581555108888159,0.3715856511234849,True
28,2,Ray Lewis,0.09087945217530961,0.09072476814437605,0.001443637447974286,0.015885190914107398,0.08854115564901434,0.09348865427699637,0.004947498627982036,0.08846550141721145,0.09362990808259276,0.005164406665381316,91,R3_Bottom2,0.08563327746986557,0.10488446822674456,False
28,2,Sailor Brinkley-Cook,0.0860396621987599,0.08591216668315416,0.0013825182658961496,0.016068383238214017,0.08414007642624731,0.0893410847810708,0.005201008354823497,0.08388851402309892,0.08986191626630062,0.0059734022432016975,91,R3_Bottom2,0.0834559739415753,0.0843447990072512,False
28,2,Sean Spicer,0.08835198784161946,0.08815309021441795,0.0010810953197541433,0.012236230855293535,0.08653536875777698,0.09066101248095423,0.0041256437231772525,0.08651770463053349,0.09087829145237267,0.00436058682183918,91,R3_Bottom2,0.08516818617193257,0.0926410303149607,False
28,3,Ally Brooke,0.09985681734634005,0.09969680875012363,0.0012744991513998,0.012763266297376268,0.09797861462612419,0.10255703928948803,0.004578424663363848,0.09745661804844877,0.10321681622240962,0.005760198173960854,91,R3_Bottom2,0.10019327461354378,0.006410268492330722,False
28,3,Hannah Brown,0.09879241493861686,0.0987139055688174,0.0012437445455424853,0.012589474063522657,0.09690339941495389,0.10169344957015786,0.004790050155203965,0.09688848118119602,0.10183625259442379,0.004947771413227775,91,R3_Bottom2,0.09945193075182854,0.05651515595613525,False
28,3,James Van Der Beek,0.099792803451024,0.10008008054842758,0.001241781257968888,0.012443595279676912,0.09710467489069566,0.10171836734012454,0.004613692449428886,0.09690646210448185,0.10187491230907268,0.00496845020459083,91,R3_Bottom2,0.10053131035912619,0.02076661552564428,False
28,3,Karamo Brown,0.10022956038501338,0.09958143908061012,0.002100924536200556,0.020961126918348654,0.09731657276679073,0.1051619988256488,0.007845426058858074,0.09711944275788208,0.10564394911108295,0.008524506353200872,91,R3_Bottom2,0.10024258770639247,0.12475276875311578,False
28,3,Kate Flannery,0.09860238899650284,0.09842737969785638,0.0015084375852797653,0.015298184969263428,0.0957847612599206,0.10148621389274962,0.005701452632829021,0.09571910550305116,0.10242028574258066,0.006701180239529508,91,R3_Bottom2,0.10002912571886032,0.012402120239303946,False
28,3,Kel Mitchell,0.0976562697652078,0.0976622657367356,0.0015281849763265575,0.015648610990371938,0.09480066185611924,0.10039429735707113,0.005593635500951891,0.09453978705028517,0.10102360409290284,0.006483817042617676,91,R3_Bottom2,0.09974792515836182,0.08307226270191735,False
28,3,Lamar Odom,0.08942797754993473,0.0894502231563984,0.0024264924877004956,0.027133482766571484,0.08556544293774215,0.09447478872203864,0.008909345784296488,0.08469172603173455,0.09473777746957267,0.010046051437838113,91,R3_Bottom2,0.0946506518848805,0.48817435360366634,False
28,3,Lauren Alaina,0.09810916656099264,0.09819877722113357,0.0019297137735317204,0.019669046646442086,0.09380072981059785,0.10142691338339888,0.0076261835728010235,0.09343989816135063,0.10191215169094846,0.008472253529597823,91,R3_Bottom2,0.09880730397992411,0.10850620126662015,False
28,3,Sailor Brinkley-Cook,0.10875432681670634,0.10849506207499304,0.003306818861852238,0.030406319993369308,0.10376862275523344,0.11523971879315684,0.0114710960379234,0.10346730278688597,0.11608378688622373,0.012616484099337757,91,R3_Bottom2,0.10254744099384179,0.019318847026918124,False
28,3,Sean Spicer,0.10877827418966132,0.10863758042310648,0.0018407629066853138,0.016922155829350954,0.10581698834396903,0.11351139097777636,0.007694402633807329,0.10572056357943811,0.11382372521625883,0.008103161636820719,91,R3_Bottom2,0.10379844883324028,0.08008140633434795,False
28,4,Ally Brooke,0.10068122678399016,0.1005234341741124,0.000838301955007463,0.008326298574073054,0.09913061576070958,0.10226167318583107,0.003131057425121486,0.09910785413432299,0.10238392760143268,0.0032760734671096886,91,R3_Bottom2,0.10067615349797115,0.006699361669691471,False
28,4,Hannah Brown,0.10098573048524655,0.1008629317284209,0.0011789939748888454,0.011674857123116913,0.09920790445313457,0.10369062411865929,0.004482719665524715,0.0990415204784073,0.10371452345387995,0.0046730029754726565,91,R3_Bottom2,0.1004150748181096,0.014106049728807704,False
28,4,James Van Der Beek,0.10203373655757213,0.10220818196395316,0.0012008201347371362,0.01176885386393331,0.09924591570111543,0.10384655799526175,0.00460064229414632,0.09904163184480494,0.10418816051009136,0.005146528665286421,91,R3_Bottom2,0.10181695292100545,0.06594680422001134,False
28,4,Karamo Brown,0.1035418865929141,0.10335422925565839,0.0021429061443492903,0.020696031479263584,0.10076889815674883,0.10749275383048676,0.006723855673737927,0.10071558526987356,0.10881811938780692,0.008102534117933352,91,R3_Bottom2,0.10142298816384356,0.07798306209282936,False
28,4,Kate Flannery,0.10229948775000935,0.10220430961524904,0.0013360296295820578,0.013059983573397079,0.10036855897176161,0.10621063512877937,0.0058420761570177615,0.10017159943576374,0.10638162926784492,0.006210029832081174,91,R3_Bottom2,0.10166030884439231,0.10431036251918847,False
28,4,Kel Mitchell,0.10028655766248136,0.10025483880919028,0.0009486701306589509,0.009459594114813874,0.09791366098484999,0.1018116133299482,0.00389795234509821,0.09785301557075674,0.1019204622241863,0.004067446653429563,91,R3_Bottom2,0.10111349426705812,0.020846832332761706,False
28,4,Lamar Odom,0.07830551598494818,0.07875989267735571,0.002908197826969458,0.03713911836719739,0.07228934730764644,0.0833080564541398,0.01101870914649336,0.07192490768940986,0.0837546929717709,0.011829785282361047,91,R3_Bottom2,0.0868599677958018,0.5040672914749197,True
28,4,Lauren Alaina,0.10105140683961075,0.10108708839449229,0.00118553301805539,0.011731979347274931,0.0989546481772332,0.10315440875022748,0.004199760572994274,0.09747000690420193,0.10317905020058843,0.005709043296386496,91,R3_Bottom2,0.10037527219196636,0.029358901287423998,False
28,4,Sailor Brinkley-Cook,0.1015432339634933,0.10175090107997668,0.0019211146274540243,0.018919179077403633,0.09707577012655474,0.1036954508584551,0.006619680731900349,0.09576609556109596,0.10382206660085046,0.0080559710397545,91,R3_Bottom2,0.10061152352414468,0.052727174629364576,False
28,4,Sean Spicer,0.10927121737973407,0.10888272157945958,0.0020320963089174213,0.018596812204037028,0.10643680722254215,0.11426399973222597,0.00782719250968382,0.10552934381582468,0.11451491392839588,0.0089855701125712,91,R3_Bottom2,0.10504826397570702,0.12395415994500159,False
28,5,Ally Brooke,0.11465885092007427,0.11446321073075082,0.0014305983744890354,0.012476999054231485,0.11219186787117838,0.11693074766678682,0.004738879795608442,0.11209297948026903,0.1177925484204427,0.005699568940173677,91,R3_Bottom2,0.11315265898874688,0.005028700996428417,False
28,5,Hannah Brown,0.11828777653888596,0.11816299141456241,0.002026010145707789,0.017127806481693042,0.1146148630868839,0.12198124347966828,0.00736638039278438,0.11436586252233685,0.12240537215507112,0.008039509632734268,91,R3_Bottom2,0.1134693905464298,0.03875356909255143,False
28,5,James Van Der Beek,0.10694645769185297,0.10695768977011377,0.0019054502693800776,0.017816861918608755,0.1031784428846275,0.10994140988235922,0.006762966997731712,0.10254663054177408,0.11086296643277913,0.008316335891005042,91,R3_Bottom2,0.10903011582678394,0.03241524681399652,False
28,5,Karamo Brown,0.11357079771227173,0.11408889846076578,0.002432224933061491,0.02141593598051025,0.10748996131266439,0.1167953769817755,0.009305415669111111,0.10710995674875301,0.11689331234579674,0.009783355597043727,91,R3_Bottom2,0.11339507138134873,0.17130874448550099,False
28,5,Kate Flannery,0.11240824304354344,0.11220469934865324,0.0032547990259813053,0.028955163232295144,0.1077673890645166,0.11877275882785535,0.01100536976333874,0.10742118927693703,0.11994864047666658,0.012527451199729547,91,R3_Bottom2,0.10941663445521535,0.12461313819994148,False
28,5,Kel Mitchell,0.10961899063794406,0.10966883945361246,0.0010708584219552343,0.009768913358198374,0.1067959587146823,0.11108311765023933,0.004287158935557034,0.10617687078472138,0.111138064348754,0.004961193564032629,91,R3_Bottom2,0.11149555256098807,0.03412753423043213,False
28,5,Lauren Alaina,0.10923546788590055,0.10949981750600635,0.00149692611942663,0.013703663731181254,0.105984723728774,0.11157767498913612,0.0055929512603621195,0.10590289754961794,0.11160852033363657,0.005705622784018621,91,R3_Bottom2,0.1103992798497086,0.17955130391686872,False
28,5,Sailor Brinkley-Cook,0.09133834078352872,0.0905159577661039,0.0036076533779157683,0.0394976889985979,0.08531390648975869,0.09763178145919102,0.012317874969432333,0.08374317767090912,0.09882967728699545,0.015086499616086324,91,R3_Bottom2,0.10264274277403009,0.2676662118243599,False
28,5,Sean Spicer,0.12393507478599827,0.12334322441641282,0.002796620082775553,0.02256520268862181,0.12018373084039452,0.13134639468726664,0.011162663846872117,0.12003466712177228,0.13252979248690414,0.012495125365131851,91,R3_Bottom2,0.11699855361674848,0.14653555033992044,False
28,6,Ally Brooke,0.11727870439868039,0.11708010722818969,0.0017754224529612796,0.015138489652186646,0.1139570342343055,0.12071098688089327,0.006753952646587763,0.11349787578121534,0.12086125057958957,0.007363374798374234,91,R3_Bottom2,0.11540239809070825,0.11033144105118535,False
28,6,Hannah Brown,0.12239220602704082,0.12217383295999434,0.00248688045574929,0.0203189446164558,0.11777097188252811,0.12699282144691132,0.009221849564383211,0.11748401101658443,0.12730545965006815,0.00982144863348372,91,R3_Bottom2,0.11648172332006766,0.14982948846476163,False
28,6,James Van Der Beek,0.10492615719357795,0.10491861963462801,0.0023946187982178116,0.022821943186197,0.10007631873726601,0.10974823023626719,0.009671911499001179,0.09950682581433544,0.11039967927996791,0.010892853465632471,91,R3_Bottom2,0.10680435364095463,0.047424705567785504,False
28,6,Karamo Brown,0.11385424465678018,0.11536944395330243,0.004833329280077713,0.042451902383157054,0.10201889528640035,0.11932469363451363,0.017305798348113285,0.10173959822662924,0.11947609234262573,0.017736494115996482,91,R3_Bottom2,0.11568404275020142,0.11981147991929732,False
28,6,Kate Flannery,0.11141217347214825,0.11117010938561464,0.004495383062003195,0.040349119148339635,0.10483535813572344,0.12017372184551049,0.015338363709787056,0.10456818749698775,0.121344298696627,0.016776111199639246,91,R3_Bottom2,0.10643092918591915,0.060922065811319044,False
28,6,Kel Mitchell,0.1114555714900738,0.11153674145008405,0.0011074073235129412,0.009935863310445332,0.10900094424065541,0.1131505351408196,0.004149590900164188,0.10897162943018524,0.1134187045402088,0.004447075110023568,91,R3_Bottom2,0.11291993964316414,0.09495326364038043,False
28,6,Lauren Alaina,0.11057898426544768,0.11061181959789375,0.0013062013229645324,0.011812383082023639,0.10820818962126794,0.11281399791145438,0.004605808290186447,0.10806008221539051,0.11385186684375725,0.005791784628366742,91,R3_Bottom2,0.11198686379782644,0.10699706614281237,False
28,6,Sailor Brinkley-Cook,0.08155137908644522,0.08119306380391689,0.004674268715230752,0.05731685677903722,0.07296062012057579,0.09016814983258375,0.017207529712007966,0.07217598657803959,0.09211549654287687,0.019939509964837288,91,R3_Bottom2,0.09588165265894645,0.13060332611167272,True
28,6,Sean Spicer,0.12655057940980566,0.1259271549743077,0.0033271824444483385,0.026291325254813768,0.12203639905119802,0.13466498303852192,0.012628583987323902,0.12133505821478255,0.1359685756969251,0.01463351748214256,91,R3_Bottom2,0.11840809691221175,0.17912716319078564,False
28,7,Ally Brooke,0.12390909012841708,0.12385055093669999,0.001390913247812224,0.011225272063338593,0.12171888624249871,0.12660214289926075,0.004883256656762036,0.1215816323819948,0.1271954662606602,0.005613833878665389,91,R3_Bottom2,0.12350612318136384,0.025717222025055057,False
28,7,Hannah Brown,0.12633173472707837,0.12599244372223625,0.0017730700718051732,0.014035033047204151,0.12392769118778947,0.12927392824196762,0.005346237054178152,0.12206210090269584,0.13030307205430983,0.008240971151613985,91,R3_Bottom2,0.12396512608364861,0.07439728015164826,False
28,7,James Van Der Beek,0.1223259606867222,0.12239934823047105,0.002253622998260236,0.018423096664098828,0.11857404488101639,0.1251763097262605,0.006602264845244121,0.11814025793563418,0.1254849055829808,0.0073446476473466304,91,R3_Bottom2,0.12454494141526053,0.037239019390378506,False
28,7,Karamo Brown,0.10319606942341897,0.10361584331705508,0.004072026495049397,0.039459123955018625,0.09429836650353043,0.10963078904922302,0.015332422545692587,0.09383683343323655,0.10986655687556818,0.016029723442331625,91,R3_Bottom2,0.11097409176896807,0.3701473928789437,True
28,7,Kate Flannery,0.13147823105898762,0.13169433585842216,0.0025451559763013925,0.019358002886116638,0.12577790317504653,0.13529426474387976,0.009516361568833231,0.12378908193870022,0.13532278174164902,0.0115336998029488,91,R3_Bottom2,0.13116355179815567,0.15051894592150664,False
28,7,Kel Mitchell,0.12860092796265676,0.12854071011852033,0.0017764666340399297,0.013813793276482278,0.12458181156235623,0.13200937551202563,0.007427563949669397,0.12410783143433657,0.13263613241724684,0.00852830098291027,91,R3_Bottom2,0.12846534353836495,0.10491940171776479,False
28,7,Lauren Alaina,0.12458658593765173,0.12445878828939605,0.0014764315944392362,0.011850646546957338,0.12207049669275014,0.1278129451145083,0.005742448421758167,0.12178203639777338,0.12808847733116027,0.006306440933386892,91,R3_Bottom2,0.12408192781111949,0.054365811392814115,False
28,7,Sean Spicer,0.13957140007506727,0.13884579256117335,0.0039029647355092872,0.02796392909586141,0.1341798857761779,0.14958470319702882,0.015404817420850925,0.13407702272024669,0.15010783708257952,0.016030814362332835,91,R3_Bottom2,0.13329889440311884,0.18269492642188884,False
28,8,Ally Brooke,0.14116855207900622,0.14151661245988398,0.0013237101842583747,0.009376806411654266,0.13770761858521394,0.14278800094047736,0.005080382355263424,0.13739202994085278,0.14304667975968405,0.005654649818831264,91,R3_Bottom2,0.14160421758696815,0.06199842806945454,False
28,8,Hannah Brown,0.14082731884165756,0.14103685654337583,0.0012730046408708604,0.009039472251134686,0.13768644049032885,0.14268075163638613,0.004994311146057279,0.13750048607391954,0.1428366931122174,0.005336207038297847,91,R3_Bottom2,0.14118373199003206,0.03621193504073103,False
28,8,James Van Der Beek,0.14160797954901216,0.14140974787210656,0.0019498375617794659,0.013769263342286474,0.13891026659745692,0.1448438346819932,0.005933568084536267,0.1383632602062959,0.1467829049132443,0.008419644706948393,91,R3_Bottom2,0.1430833550965999,0.016131770898799594,False
28,8,Kate Flannery,0.1234991723808544,0.12394944102948612,0.003423037177118246,0.027717085962018207,0.11560537537606932,0.1291582544767641,0.013552879100694776,0.11489550969422097,0.1294177703045839,0.014522260610362936,91,R3_Bottom2,0.1267378652101633,0.40246572306593686,True
28,8,Kel Mitchell,0.14199346195265805,0.1421177183789125,0.0011725127519773711,0.008257512253404299,0.1392865842990305,0.1440086898355336,0.004722105536503096,0.138901136397594,0.14427025247967218,0.005369116082078185,91,R3_Bottom2,0.14263385583592497,0.08760088726860696,False
28,8,Lauren Alaina,0.15432530699088756,0.15375207581454572,0.0027367085424274793,0.01773337501016002,0.15088583280334522,0.16151105865868248,0.010625225855337261,0.15080471541965468,0.16189845108396028,0.011093735664305604,91,R3_Bottom2,0.15117096138076438,0.18665458114735478,False
28,8,Sean Spicer,0.15657820820592402,0.15582418613687724,0.003398306174007614,0.02170357045814656,0.15228354252711432,0.1664465338359715,0.014162991308857176,0.15204544285179683,0.1678815078043409,0.015836064952544082,91,R3_Bottom2,0.15358601289954735,0.20893667440911623,False
28,9,Ally Brooke,0.17032829489042897,0.16991542395865145,0.002034265633230766,0.0119432043545049,0.16787800728386834,0.1750420365220355,0.007164029238167169,0.16700546228606686,0.17522627482317918,0.00822081253711232,91,R3_Bottom2,0.16926604783556723,2.8951348386915116e-05,False
28,9,Hannah Brown,0.17335167606404425,0.17259124039707344,0.002682745872124228,0.015475742335096292,0.1703587575119042,0.18044822901888677,0.010089471506982556,0.17024925251102319,0.1817207750757208,0.011471522564697606,91,R3_Bottom2,0.16994937599530255,0.05922555640800356,False
28,9,James Van Der Beek,0.1700081832671842,0.17132212299131303,0.005438311119651084,0.0319885255823495,0.1598630224865882,0.17415072344703833,0.014287700960450123,0.1490606649406633,0.17438077867846122,0.02532011373779791,91,R3_Bottom2,0.1715608915842353,0.057078673146722644,False
28,9,Kel Mitchell,0.17151904752435596,0.17090172075071738,0.0023805176400650886,0.013879027865561413,0.16864361682545115,0.1764927562332606,0.007849139407809458,0.16842826881274914,0.17960975051046948,0.011181481697720347,91,R3_Bottom2,0.1707413698883729,0.04633736997451763,False
28,9,Lauren Alaina,0.17394424094718391,0.1728105992665195,0.003344264675913139,0.01922607300881312,0.1705559231100857,0.18286206002768116,0.012306136917595467,0.1703937122743884,0.1866935772839411,0.01629986500955269,91,R3_Bottom2,0.17054801698961808,0.13079431552530135,False
28,9,Sean Spicer,0.1408485573068027,0.1411794897917176,0.004984188912325818,0.03538686520919793,0.13121547699747013,0.14903368032745792,0.017818203329987792,0.1303613511669938,0.1496623112423133,0.019300960075319507,91,R3_Bottom2,0.14793429770690403,0.706535133497068,True
28,10,Ally Brooke,0.20128454766645254,0.20113899683664616,0.0018394673971554969,0.009138641880268264,0.19821739009817696,0.20473349793679801,0.006516107838621055,0.19709500578023384,0.20494979137882532,0.007854785598591485,91,R3_Bottom2,0.2020803788070527,0.007416680661294158,False
28,10,Hannah Brown,0.20934771109826344,0.20884034180331607,0.0032802795564243555,0.015669049062994822,0.2046467496417551,0.2172913590017589,0.012644609360003778,0.20428112741601595,0.21788738610552316,0.013606258689507211,91,R3_Bottom2,0.20443264749112472,0.10824453010996951,False
28,10,James Van Der Beek,0.17247158003457835,0.17306254153773434,0.0058505470189839474,0.033921803336010414,0.16047917847520868,0.18262629866854868,0.022147120193340003,0.15690452731137633,0.18316460502694523,0.026260077715568902,91,R3_Bottom2,0.18068637710372062,0.6884176549234196,True
28,10,Kel Mitchell,0.20503042388730972,0.20464903838731005,0.00216172135898418,0.010543417498723609,0.20217494697676863,0.2110518547528705,0.008876907776101867,0.2021520499867201,0.2111698623565411,0.009017812369820993,91,R3_Bottom2,0.20470286176493274,0.05148196521193695,False
28,10,Lauren Alaina,0.21186573731339592,0.2115636533531109,0.0037052199167852086,0.017488528177184097,0.20693776168506461,0.22003290845757534,0.013095146772510724,0.2065825920093978,0.2259189252243036,0.0193363332149058,91,R3_Bottom2,0.20809773483316926,0.14443916899337983,False
28,11,Ally Brooke,0.24222583433475173,0.24341003658955246,0.009387331900667347,0.03875446203518582,0.22180282040160132,0.2592858604326032,0.03748304003100189,0.22128484520816552,0.2613343731319668,0.04004952792380126,91,R3_Bottom2,0.24721333813723748,0.10213321414881324,False
28,11,Hannah Brown,0.25673721282166206,0.2554171611467223,0.009397392320244839,0.03660315626614117,0.23959768368423706,0.276366127500892,0.03676844381665495,0.23882111980773832,0.27705948981570955,0.03823837000797123,91,R3_Bottom2,0.2521995516673494,0.21590546380913184,False
28,11,Kel Mitchell,0.24721231187886938,0.24558697295282225,0.009784387805352703,0.0395788855781055,0.23196554923864787,0.2693314870782406,0.037365937839592744,0.22943567480910365,0.27344022356689013,0.04400454875778648,91,R3_Bottom2,0.24822037745768546,0.3131921180465268,False
28,11,Lauren Alaina,0.2538246409647169,0.25381200763628325,0.009072318774065698,0.03574246668717559,0.23788239413754741,0.2731074108442461,0.0352250167066987,0.23617162363576932,0.27440234376772904,0.03823072013195972,91,R3_Bottom2,0.2523667327377277,0.36876920389552814,False
3,1,Emmitt Smith,0.10563856924105933,0.10611968167786438,0.011976896269984874,0.11337616891283799,0.08321737940017505,0.12449305899749666,0.041275679597321605,0.08225938057589341,0.12533899023040565,0.04307960965451224,99,R2_Percent,0.19479967457010958,0.033066192735783886,False
3,1,Harry Hamlin,0.07659963441848831,0.07654327949386869,0.007061026440491338,0.09218094177727652,0.06182769874810077,0.0904921354406164,0.028664436692515637,0.060479587253667026,0.09178708227569538,0.03130749502202835,99,R2_Percent,0.02150332334788285,0.13784454622761777,False
3,1,Jerry Springer,0.09752668897540573,0.09598547744377332,0.010611360950217993,0.10880468784184773,0.08068412828698515,0.12206010810955714,0.04137597982257199,0.07994039399488534,0.12221940320408346,0.04227900920919812,99,R2_Percent,0.08015176254340416,0.09491135960097173,False
3,1,Joey Lawrence,0.09981528163073873,0.09798859601749696,0.01148815064790705,0.11509410643559416,0.07972958032971779,0.12194517594469562,0.04221559561497783,0.0778871776424954,0.12205788359718787,0.04417070595469247,99,R2_Percent,0.14844973587053123,0.05025712034195903,False
3,1,Mario Lopez,0.11037711932544333,0.11028630242218254,0.01144602160567124,0.10369922385746468,0.0909737327276753,0.13179033039697188,0.040816597669296587,0.08928018042777959,0.13416038679980705,0.044880206372027456,99,R2_Percent,0.18235345115478346,0.03376264400387291,False
3,1,Monique Coleman,0.09262040495116101,0.09163078173388203,0.009026009942631447,0.09745163549426161,0.07617206034419323,0.11466794563475947,0.038495885290566245,0.0748402988658725,0.11594434544671359,0.04110404658084109,99,R2_Percent,0.11799416517330524,0.06623249130050643,False
3,1,Sara Evans,0.10699369738478776,0.10776837581996183,0.011038508732031613,0.10316971000948937,0.08586758489207137,0.12840837360303875,0.04254078871096738,0.0849672057460464,0.1313803761348431,0.04641317038879671,99,R2_Percent,0.16427043031575428,0.05479050304541728,False
3,1,Shanna Moakler,0.06965929107583983,0.06913118923492471,0.006772422458225384,0.09722209849727119,0.0590053864474281,0.08554582435827335,0.026540437910845247,0.058602208509590865,0.08726283000251023,0.028660621492919362,99,R2_Percent,0.017662326664174943,0.1370115361623642,False
3,1,Tucker Carlson,0.06948195305593333,0.0690966389159311,0.006226882034275581,0.08961869608447692,0.059708109746367935,0.08584002927292265,0.02613191952655472,0.05953276887455045,0.08916008032123962,0.029627311446689168,99,R2_Percent,0.015422953776263128,0.16925355033029887,True
3,1,Vivica A. Fox,0.08122917198151955,0.08080232538964786,0.008066998063775572,0.0993115880291245,0.06659505017223305,0.09696741499344162,0.030372364821208572,0.06614193938987016,0.09826654552859619,0.03212460613872603,99,R2_Percent,0.02525305310848714,0.11408939483402492,False
3,1,Willa Ford,0.09005818795962309,0.08983942994847458,0.009169576945735135,0.101818359368348,0.07553586453040838,0.10627454467194641,0.030738680141538036,0.07362454106968692,0.10709742563954316,0.03347288456985624,99,R2_Percent,0.032139123475303906,0.10878066141718298,False
3,2,Emmitt Smith,0.1202242226779137,0.12019223831726404,0.014128158947973122,0.11751507835341235,0.09300229192819619,0.14299479443287283,0.04999250250467664,0.09235497194653274,0.1435706141009907,0.051215642154457966,99,R2_Percent,0.19536939248372082,0.04416382206401737,False
3,2,Harry Hamlin,0.06651679614214191,0.06635366029083309,0.005916422233571512,0.08894628991042378,0.05440713523352175,0.07817063404530984,0.02376349881178809,0.05387666725054556,0.07902187247897448,0.02514520522842892,99,R2_Percent,0.018677659783987187,0.16415225682488732,False
3,2,Jerry Springer,0.11013800721848438,0.1085060295527862,0.012914725206180328,0.11725947774378162,0.09009386500720948,0.13949455703743024,0.049400692030220766,0.08883220334017579,0.14160819090323792,0.052775987563062135,99,R2_Percent,0.0835918859835421,0.11125060176239863,False
3,2,Joey Lawrence,0.12449568114433346,0.12199189958308954,0.015969539941322226,0.12827384688797372,0.09700349467943759,0.16355320250140928,0.0665497078219717,0.09535386038299797,0.16729500753609855,0.07194114715310058,99,R2_Percent,0.16141088453704033,0.048060418372472526,False
3,2,Mario Lopez,0.12630564806791006,0.12646240478589474,0.013517027915270267,0.1070183964220083,0.10141503543468672,0.1510261667133438,0.04961113127865707,0.09960366652352122,0.1537194573326002,0.05411579080907898,99,R2_Percent,0.18471522169967636,0.05203329407829075,False
3,2,Monique Coleman,0.10064875052765848,0.09936699386637865,0.010521810869973232,0.10453990551111528,0.08314702763796786,0.12556240519464373,0.042415377556675876,0.08185356753072415,0.1279220620778419,0.046068494547117755,99,R2_Percent,0.12029677119497567,0.06990987159190803,False
3,2,Sara Evans,0.12038332340524956,0.12144729135472741,0.013137533787220972,0.10913084483467653,0.09461719331870903,0.14597464003609062,0.051357446717381586,0.09329399492981262,0.1490344425551593,0.055740447625346676,99,R2_Percent,0.16819057586259945,0.05833646879630524,False
3,2,Shanna Moakler,0.06333793064297036,0.06279557503016778,0.006106146488402007,0.09640584127735007,0.053617667211281216,0.07779515458932065,0.024177487378039438,0.05338450928314753,0.07900672272926625,0.025622213446118716,99,R2_Percent,0.015323230620420219,0.16302776130173552,True
3,2,Vivica A. Fox,0.07687995236639286,0.07616685436412915,0.007202249974663706,0.09368176947274075,0.06404319102500791,0.09029783479668255,0.026254643771674635,0.0629131736618136,0.09077881623698245,0.02786564257516884,99,R2_Percent,0.022449898814901153,0.14612123459738682,False
3,2,Willa Ford,0.09106968780694524,0.09062119346311089,0.0091578966019993,0.10055921813867129,0.07683511432553651,0.10657201081394259,0.029736896488406078,0.0754754450785117,0.10859550825097404,0.03312006317246234,99,R2_Percent,0.02997447901913677,0.14294427061059786,False
3,3,Emmitt Smith,0.13481333496581335,0.1359751701199258,0.01577898926118107,0.11704323808310495,0.10383871509298397,0.15959653281155553,0.055757817718571565,0.10320474918856343,0.1614582878670657,0.058253538678502276,99,R2_Percent,0.20004961233879232,0.0610947560416225,False
3,3,Harry Hamlin,0.0633873244659777,0.06280615158633099,0.005654793425743478,0.08921016107532055,0.05220540279513149,0.0746733098346133,0.02246790703948181,0.05148786879789216,0.07558419020254611,0.024096321404653953,99,R2_Percent,0.016160459444239907,0.19727099668598708,True
3,3,Jerry Springer,0.11737253904674426,0.11495475554665043,0.013916498037835678,0.11856689947120728,0.09669164931912808,0.14909785816943472,0.05240620885030664,0.09451993528430329,0.15292294700652825,0.058403011722224965,99,R2_Percent,0.08332942386957584,0.1281530363098549,False
3,3,Joey Lawrence,0.12500011109344916,0.12244976032796206,0.01497865716632679,0.11982915083274491,0.09868849645655274,0.15651394520704967,0.05782544875049693,0.09749580627681985,0.15714365927667084,0.059647852999850995,99,R2_Percent,0.1657199785800044,0.07008361082558576,False
3,3,Mario Lopez,0.14841925215582588,0.14993931075948944,0.015370573712293271,0.1035618593210243,0.12110977802471207,0.17579668633288753,0.054686908308175464,0.11903598053155409,0.17976533929544314,0.060729358763889046,99,R2_Percent,0.19135399510370074,0.05869251919879798,False
3,3,Monique Coleman,0.11088414154366615,0.11012262841579394,0.011776571229449567,0.10620609101989535,0.09158178211605944,0.13832585280329723,0.04674407068723779,0.09037514778338283,0.14241721498468657,0.052042067201303735,99,R2_Percent,0.12220906475595,0.08012810362331117,False
3,3,Sara Evans,0.1373901998188184,0.13819725810068303,0.01489870459775644,0.10844081031546589,0.1070600642715844,0.1652606786922046,0.05820061442062019,0.10478671175530822,0.16810975916832185,0.06332304741301363,99,R2_Percent,0.17329607395961844,0.06015843983127991,False
3,3,Vivica A. Fox,0.07032900097139291,0.06942141863684705,0.0063203890121017745,0.08986888658737896,0.05946000955924867,0.08208180776159281,0.02262179820234414,0.05831217062077305,0.08304531153073332,0.024733140909960268,99,R2_Percent,0.019880224964906323,0.16266607801937294,False
3,3,Willa Ford,0.0924040959383121,0.09241282237120271,0.008129135747266493,0.08797375987200187,0.07968610264132493,0.10669007919059005,0.02700397654926512,0.07838235835871528,0.10685845081578704,0.028476092457071764,99,R2_Percent,0.028001166983212002,0.18175245946418778,False
3,4,Emmitt Smith,0.163571059781547,0.16486543614191004,0.01804747490808799,0.1103341564955978,0.12883492967527926,0.19348449809663518,0.06464956842135591,0.1273783703382596,0.19439868605937266,0.06702031572111306,99,R2_Percent,0.2111982000199309,0.06199430867047679,False
3,4,Jerry Springer,0.11336006556638292,0.11175445034875733,0.012043690795753952,0.10624280019228856,0.09441643908226667,0.1411934745098945,0.04677703542762783,0.09275934510389627,0.14323355276108063,0.050474207657184356,99,R2_Percent,0.07698956156761863,0.16827593518792155,False
3,4,Joey Lawrence,0.1439420649142377,0.14260158486464977,0.01744916803053526,0.12122354949494209,0.11383040909776343,0.18018500948207095,0.06635460038430752,0.11283985964763828,0.18730615081961535,0.07446629117197708,99,R2_Percent,0.17502406503784473,0.07170140468458613,False
3,4,Mario Lopez,0.17130850927951505,0.17351523124452037,0.017546599913476707,0.10242690212689229,0.13940363771733336,0.20340112965159907,0.06399749193426571,0.13760579522818464,0.2068243802913037,0.06921858506311906,99,R2_Percent,0.1990448231047075,0.056622246139701286,False
3,4,Monique Coleman,0.11362841798283457,0.11316427384396895,0.012023599741371004,0.10581507649950178,0.09519827753043794,0.14196441374173352,0.04676613621129558,0.09347355672879704,0.146841985022107,0.053368428293309955,99,R2_Percent,0.11973842611376453,0.11673495653273988,False
3,4,Sara Evans,0.14969683866745626,0.15060933103098112,0.01655798238805635,0.11061010062369485,0.1154267211030828,0.17976616862210765,0.06433944751902484,0.1121861314858683,0.1827040904908201,0.0705179590049518,99,R2_Percent,0.17674645514783688,0.09048859496043604,False
3,4,Vivica A. Fox,0.06558944128260517,0.06543132564500155,0.005935432440718736,0.09049371857193816,0.05607002940120565,0.07685755745714866,0.020787528055943007,0.05484319919020573,0.07755778391100727,0.022714584720801546,99,R2_Percent,0.016990911341588994,0.23766828513274413,True
3,4,Willa Ford,0.07890360252542129,0.07849334973052721,0.007151405890202026,0.09063471959848696,0.06819032465200817,0.09094681156637899,0.02275648691437082,0.0661616686012994,0.09363837279533985,0.02747670419404044,99,R2_Percent,0.02426755766670797,0.19651426869139407,False
3,5,Emmitt Smith,0.18675243626113752,0.187930364566671,0.01995209859220539,0.10683715292638112,0.14809938286010074,0.22171939078629468,0.07362000792619394,0.14584622925907054,0.22249535448020766,0.07664912522113712,99,R2_Percent,0.22432128631685358,0.06829002754913038,False
3,5,Jerry Springer,0.10154440959754293,0.09969130395948113,0.009664466874535252,0.0951747803038987,0.08535980104193559,0.12336039678929425,0.03800059574735866,0.08455817711269932,0.12501866415216562,0.040460487039466295,99,R2_Percent,0.066619588053677,0.22807690468890573,False
3,5,Joey Lawrence,0.15111256397952905,0.15042477899713497,0.018111767360508596,0.11985613163814866,0.11984498015712305,0.19154956192976755,0.0717045817726445,0.11951764357263187,0.19801321567212,0.07849557209948813,99,R2_Percent,0.18099380239198876,0.09948743181882778,False
3,5,Mario Lopez,0.2033407539872704,0.20524996214437471,0.01955508431806725,0.09616903613572439,0.16631213267070838,0.23931129879573387,0.0729991661250255,0.16534508212486304,0.24162526583591878,0.07628018371105574,99,R2_Percent,0.21680253908243313,0.07193697138353053,False
3,5,Monique Coleman,0.11577707623781765,0.11532015987530693,0.011089458247603792,0.0957828493166034,0.09772360762684743,0.1417087857011323,0.04398517807428487,0.09653636711975047,0.14481029542259835,0.04827392830284788,99,R2_Percent,0.1133837198070368,0.14714307170163055,False
3,5,Sara Evans,0.1618674813905101,0.16301660476883456,0.018093200722797746,0.11177786030504398,0.12355115836948445,0.1931384144165176,0.06958725604703316,0.12014738430753735,0.19616006387431129,0.07601267956677393,99,R2_Percent,0.17676932884358032,0.10643054943712549,False
3,5,Willa Ford,0.07960527854619234,0.07963703577958396,0.0070579245610962954,0.08866151453764227,0.06946113536984404,0.09187474211307618,0.022413606743232145,0.06739958921797565,0.0948715848712068,0.02747199565323115,99,R2_Percent,0.02110973550443037,0.27863504342084955,True
3,6,Emmitt Smith,0.2695638089932066,0.27009959453910226,0.02582064898533783,0.0957867789514302,0.21909283443612584,0.3113827941497692,0.09228995971364337,0.21630292954449834,0.3136502659729957,0.09734733642849738,99,R2_Percent,0.3008635127443151,0.06520311869850082,False
3,6,Jerry Springer,0.12738992814742628,0.12493578541253096,0.012565340025828414,0.09863684051447734,0.10962002458683164,0.15542160937227725,0.04580158478544562,0.10817217178303669,0.16146600869892197,0.05329383691588528,99,R2_Percent,0.06511591066571584,0.5023343787273279,False
3,6,Joey Lawrence,0.17702871011441923,0.17598166866038228,0.019235826655097547,0.10865936176490709,0.14193685831565558,0.21695694340946803,0.07502008509381244,0.1362968551743873,0.2184238712857259,0.0821270161113386,99,R2_Percent,0.21951541624269588,0.12139415045953651,False
3,6,Mario Lopez,0.2936756393595122,0.29751793890281186,0.02566615770158216,0.0873962775991853,0.2429497121223638,0.337169918180613,0.09422020605824918,0.2369836295102311,0.33822265642620014,0.10123902691596903,99,R2_Percent,0.29277574966826486,0.0578324278682226,False
3,6,Monique Coleman,0.13234191338543572,0.13105378311241006,0.010886752048901126,0.08226231411052892,0.11546015007190559,0.15757931365871536,0.04211916358680977,0.11443548120656706,0.16334474355046594,0.04890926234389888,99,R2_Percent,0.12172941067900833,0.25323592424641217,False
3,7,Emmitt Smith,0.283168589910091,0.2842875551437674,0.026659422283028866,0.09414682006748529,0.23085891266446165,0.3261044843867754,0.09524557172231377,0.22713299846497076,0.32807484397244313,0.10094184550747237,99,R2_Percent,0.31812819667407666,0.05742172769543603,False
3,7,Jerry Springer,0.11440132797195442,0.11265240730336148,0.010930185597647264,0.09554247132801472,0.0981251069327988,0.13903764237508529,0.040912535442286485,0.0975070200794222,0.14277263869596785,0.04526561861654564,99,R2_Percent,0.04868612608202438,0.49115429174852215,True
3,7,Joey Lawrence,0.17510011795884148,0.17339937947423267,0.017597389357775065,0.10049901486594918,0.1424643634659044,0.20641523441127713,0.06395087094537272,0.13841589250159578,0.21114437811564665,0.07272848561405088,99,R2_Percent,0.21734728854911603,0.11532849922723606,False
3,7,Mario Lopez,0.31242570682617277,0.3145784817545541,0.02623255944327214,0.08396415170108712,0.26153274601020576,0.3566104169467868,0.09507767093658104,0.25458883875117677,0.35823454849548503,0.10364570974430826,99,R2_Percent,0.3129904898217542,0.0610444101664538,False
3,7,Monique Coleman,0.11490425733294027,0.11354807514336479,0.009626920561218933,0.0837821050731349,0.09973377715006082,0.1375124961796236,0.037778719029562785,0.0992263146653746,0.1418599803113589,0.04263366564598431,99,R2_Percent,0.10284789887302878,0.27505107116235195,False
3,8,Emmitt Smith,0.33904426409191407,0.34169629045703687,0.0294727574394739,0.0869289368997669,0.28099069497766815,0.38971193572851776,0.1087212407508496,0.27776379227972137,0.39043445226534135,0.11267065998561998,99,R2_Percent,0.36421877265393354,0.07882350821981257,False
3,8,Joey Lawrence,0.16148617484520433,0.1610376496285262,0.016967426681550532,0.10507046004287973,0.1303031071712514,0.1936884164508901,0.0633853092796387,0.12785383941116302,0.19791912163741052,0.0700652822262475,99,R2_Percent,0.2036605192533563,0.23941713388828703,False
3,8,Mario Lopez,0.37707220783292694,0.3825792286862194,0.029749861500685114,0.07889698811710534,0.3160714959235189,0.42711642959681767,0.11104493367329876,0.3123434166063713,0.4303144906956954,0.11797107408932406,99,R2_Percent,0.3583505508631176,0.07463378686298779,False
3,8,Monique Coleman,0.12239735322995463,0.12218036305783644,0.01079548110456748,0.08820028227477614,0.10445728816385717,0.1458043219848888,0.04134703382103162,0.1032887252449408,0.15165203912014422,0.048363313875203415,99,R2_Percent,0.07377015722959253,0.6071255710289126,True
3,9,Emmitt Smith,0.39927476028993886,0.3991436898816721,0.03378725863494339,0.08462157390166188,0.33298437555332344,0.4567966269439209,0.12381225139059748,0.3298139746474231,0.46372426422365715,0.13391028957623402,99,R2_Percent,0.42970857678994606,0.10745632302115993,False
3,9,Joey Lawrence,0.1630589397748183,0.16263007224738668,0.01816717428104276,0.11141477005879792,0.13016021773787903,0.20066302558258833,0.0705028078447093,0.12800761989499945,0.20635401170334713,0.07834639180834768,99,R2_Percent,0.14258097263939357,0.7835913230493871,True
3,9,Mario Lopez,0.43766629993524286,0.44221484636956754,0.03245740214637409,0.0741601584384644,0.36656943530258146,0.4940453976064637,0.12747596230388225,0.36281834540349894,0.49753421366390344,0.1347158682604045,99,R2_Percent,0.42771045057066037,0.10895235392945302,False
3,10,Emmitt Smith,0.4660380217737527,0.4604202256180292,0.038493109630580766,0.0825965003543595,0.3940302695971637,0.5440170568900277,0.14998678729286397,0.3905405599636513,0.5512842898358717,0.16074372987222046,99,R2_Percent,0.4930318651109209,0.5240896268469941,False
3,10,Mario Lopez,0.5339619782262474,0.5395797743819709,0.03849310963058075,0.07208960787517098,0.45598294310997234,0.6059697304028363,0.14998678729286397,0.4487157101641283,0.6094594400363487,0.16074372987222035,99,R2_Percent,0.5069681348890792,0.475910373153006,False
14,1,Donald Driver,0.09731096077191113,0.09632508631739678,0.009551372339504259,0.09815309872329683,0.0794709037237838,0.11757036309686755,0.03809945937308375,0.07861926775783176,0.11880440853696922,0.04018514077913746,96,R2_Percent,0.18602903679022573,0.038451334806569974,False
14,1,Gavin DeGraw,0.07986708371538172,0.07980597620046612,0.007232521749211843,0.0905569780785538,0.06690960181034898,0.09390337040318572,0.02699376859283674,0.06661553641704426,0.0963000680083323,0.029684531591288033,96,R2_Percent,0.024076743582375684,0.12098465873357361,False
14,1,Gladys Knight,0.08172058924771117,0.08150020886776863,0.006828048361985489,0.08355358698269212,0.06729806667409746,0.0939718364708991,0.02667376979680164,0.06506054047278528,0.09430796100383056,0.029247420531045273,96,R2_Percent,0.032916681936069656,0.10538399961184933,False
14,1,Jack Wagner,0.07283637848519155,0.07252292516166052,0.0053980438326088455,0.07411191968730747,0.06328002278894526,0.08309301507886246,0.019812992289917203,0.06256939820373772,0.08349352537015031,0.020924127166412593,96,R2_Percent,0.017869813214670804,0.1169479387412683,False
14,1,Jaleel White,0.08400675792855578,0.0843007708086576,0.008619549211037374,0.1026054263202008,0.06929627872665128,0.09938866529000605,0.030092386563354764,0.06808652184261783,0.1016935040726869,0.03360698223006907,96,R2_Percent,0.039080487979883664,0.09351067534203077,False
14,1,Katherine Jenkins,0.0953602356645394,0.09514878898477964,0.00889668917507128,0.093295587128877,0.0786944837172182,0.1139324828565139,0.035237999139295706,0.07788146783183732,0.11444030953700535,0.03655884170516803,96,R2_Percent,0.18494309645272972,0.03408192725903742,False
14,1,Maria Menounos,0.08635879772424038,0.0868233262887329,0.008606867503970479,0.09966404964846547,0.07282230631832778,0.10255717030173335,0.029734863983405566,0.07098652401249397,0.10321706937288755,0.032230545360393575,96,R2_Percent,0.12818763789468834,0.057376323885809745,False
14,1,Martina Navratilova,0.06566781508856,0.06588698723717237,0.006535112928517443,0.09951774578922949,0.05161617708705805,0.07820927276941059,0.02659309568235254,0.050457286954228645,0.07885230708493872,0.028395020130710075,96,R2_Percent,0.015962840601256564,0.1279716264921171,False
14,1,Melissa Gilbert,0.08383626023113931,0.08305412276606053,0.008356286487219042,0.09967389366105414,0.06987683256880517,0.10284774342397801,0.03297091085517284,0.06934593704251148,0.10494243606626064,0.03559649902374916,96,R2_Percent,0.07685556381549441,0.08396972769565661,False
14,1,Roshon Fegan,0.08500835800486128,0.0849712477136536,0.00816617100403568,0.09606315420853899,0.07015750681963732,0.10067788818265587,0.030520381363018545,0.06932790725365827,0.10361410412831595,0.034286196874657685,96,R2_Percent,0.09224197348639124,0.06990272054097728,False
14,1,Sherri Sheperd,0.07329070486585075,0.07268477239293006,0.00709000658412529,0.09673814158429284,0.061672267639865705,0.08743313316130377,0.025760865521438067,0.060627626480341604,0.08984112400168251,0.029213497521340906,96,R2_Percent,0.0208725532899121,0.11454309870407552,False
14,1,William Levy,0.09473605827205757,0.09523548924362216,0.008977503281125418,0.09476331868636902,0.07776031997729707,0.11117608926885522,0.03341576929155815,0.07566344448421372,0.11265317769265865,0.036989733208444925,96,R2_Percent,0.18096357095630217,0.03687596818703437,False
14,2,Donald Driver,0.106097770746346,0.10556079233507973,0.011241181234442968,0.10595115387785009,0.08491994252597598,0.1304721119688657,0.04555216944288973,0.08433559522415225,0.13228010825360656,0.04794451302945431,96,R2_Percent,0.18699688083353097,0.03447238923165965,False
14,2,Gavin DeGraw,0.0774690448511226,0.07714448909783184,0.0069963484359187355,0.09031153603822123,0.06507184344294387,0.09102439840820366,0.02595255496525979,0.0648350928454912,0.09335409651007792,0.02851900366458672,96,R2_Percent,0.022222029758202415,0.11645465120117804,False
14,2,Gladys Knight,0.07915275191071523,0.07842374916866168,0.0069111912785704424,0.08731460513674,0.06526269327750414,0.09234541590498818,0.02708272262748404,0.06349837564301838,0.09280290872888183,0.02930453308586345,96,R2_Percent,0.03061279942668442,0.11568697156906407,False
14,2,Jack Wagner,0.06261001828747292,0.06235576834567631,0.004544771615253833,0.07258856872372381,0.05462478630119984,0.07119245121448818,0.016567664913288344,0.05374428814793549,0.07134264789871517,0.017598359750779675,96,R2_Percent,0.015838322923199734,0.12171405999327453,False
14,2,Jaleel White,0.08496181651308016,0.08513492983951093,0.008950669120803223,0.10534931441143608,0.06989456685631046,0.1011933382235892,0.03129877136727874,0.06837633593525089,0.1034853128363917,0.035108976901140815,96,R2_Percent,0.037786632607411844,0.10190877216260287,False
14,2,Katherine Jenkins,0.10312872718943494,0.10312248928715126,0.010146683968136458,0.09838853096187479,0.08515382237172495,0.12557423683519142,0.040420414463466475,0.08374652923497339,0.12637974012572803,0.04263321089075464,96,R2_Percent,0.1847656581554098,0.033253203638507464,False
14,2,Maria Menounos,0.09258095538978957,0.09224625371127597,0.009903915210500587,0.10697572917456472,0.07717434894761624,0.11300324188103225,0.03582889293341601,0.07462320247934613,0.11355298252237926,0.03892978004303313,96,R2_Percent,0.13575320781340938,0.04789543324016945,False
14,2,Martina Navratilova,0.053964296863849875,0.0541860564357991,0.0053871864905811005,0.09982871645993632,0.04221270939693213,0.06454051192503178,0.022327802528099655,0.04136676155962524,0.06483336561491121,0.023466604055285972,96,R2_Percent,0.013573947664344029,0.1370350142271412,True
14,2,Melissa Gilbert,0.0853189927364778,0.08445018673458576,0.00919497548931071,0.10777173047167765,0.07008443837268408,0.10760412553853792,0.03751968716585384,0.06953387215421224,0.10936690427487505,0.03983303212066282,96,R2_Percent,0.07834802852026065,0.08103302701156871,False
14,2,Roshon Fegan,0.08836611082904426,0.08855793150673147,0.009066281527090086,0.1025990783347927,0.07194709415974682,0.1061884280288039,0.03424133386905709,0.07115313171454023,0.1099446943273309,0.03879156261279067,96,R2_Percent,0.09545480317865526,0.06169142496499283,False
14,2,Sherri Sheperd,0.0659132478444755,0.06525266656052206,0.006372382274582115,0.09667832314405085,0.055018500101225915,0.07896894947583571,0.0239504493746098,0.05437623883518778,0.08020856017629586,0.025832321341108085,96,R2_Percent,0.018266501175665806,0.1136843590753226,False
14,2,William Levy,0.10043626683819112,0.10117284140154009,0.01033425675422646,0.10289367655286881,0.08240983526770707,0.11941631837752613,0.03700648310981906,0.07866956226725215,0.12080603346742162,0.04213647120016947,96,R2_Percent,0.18038118794322577,0.03517069368451872,False
14,3,Donald Driver,0.12037659948892761,0.12024659608501895,0.01291660925592278,0.10730166253874672,0.09550364092097183,0.14813833780107066,0.052634696880098836,0.09537707475062776,0.15128775935249786,0.0559106846018701,96,R2_Percent,0.19169403240029986,0.03938028514140407,False
14,3,Gavin DeGraw,0.07511662519349373,0.07461961102446567,0.006351329830585701,0.08455291773592387,0.06368276381178246,0.08745880870898243,0.023776044897199963,0.06326681335296806,0.0892254071004812,0.025958593747513137,96,R2_Percent,0.020431589873554364,0.13533531351059613,False
14,3,Gladys Knight,0.08382557551670387,0.0838324257949073,0.006899096911736773,0.08230300679966097,0.06954770142498246,0.09614472080384105,0.026597019378858597,0.06675637389075535,0.09682545122187493,0.030069077331119576,96,R2_Percent,0.029015361745801084,0.1275309888711961,False
14,3,Jack Wagner,0.05749665059418441,0.05738405603635006,0.004369507380997151,0.07599585951253848,0.049606707958605736,0.06614698231758448,0.016540274358978743,0.04890363216051365,0.06664530376793412,0.01774167160742047,96,R2_Percent,0.013872796894920015,0.14161889502539127,True
14,3,Jaleel White,0.08833997567552088,0.08851648719048102,0.009143325367811424,0.10350156084936586,0.07322093858911366,0.10519781432858351,0.03197687573946985,0.07208680389357129,0.10695240118866377,0.034865597295092476,96,R2_Percent,0.03619406653599639,0.11838866159353685,False
14,3,Katherine Jenkins,0.1139315570101329,0.11381389213778137,0.011603049184809285,0.10184227697140422,0.09371743034667662,0.13691283616041555,0.04319540581373893,0.09031662028073566,0.13845685374695516,0.0481402334662195,96,R2_Percent,0.18713076307279455,0.03773933226000182,False
14,3,Maria Menounos,0.09927745871681574,0.09902039701778298,0.01107416872789129,0.11154766521048683,0.08122233878745139,0.1204000218248569,0.039177683037405514,0.07844831162171993,0.12118417031801249,0.04273585869629255,96,R2_Percent,0.14189535772099426,0.05422481045356703,False
14,3,Melissa Gilbert,0.09158795337340242,0.09054928760935675,0.010448662199443782,0.11408336811332355,0.07527795095823081,0.117906069259216,0.04262811830098519,0.07502428395228636,0.11942380681964708,0.04439952286736072,96,R2_Percent,0.0790177804087439,0.0902301405633476,False
14,3,Roshon Fegan,0.09493162837520157,0.0944649362428795,0.01000258352153054,0.10536618504000565,0.07688966662298537,0.11502805951383671,0.038138392890851344,0.07603830595990843,0.11954425086494236,0.04350594490503393,96,R2_Percent,0.09795923887013536,0.07721422862247734,False
14,3,Sherri Sheperd,0.058265749438271223,0.05721260365687346,0.005574935298145908,0.0956811737923699,0.047979068654265766,0.06985561801547045,0.021876549361204686,0.047680376757144836,0.07037113321775201,0.022690756460607177,96,R2_Percent,0.01598202017337734,0.13956698529165898,False
14,3,William Levy,0.11685022661734569,0.1176766813702543,0.01225681586580247,0.10489338549543747,0.09500328253843546,0.13816154611042858,0.04315826357199312,0.09100642109938585,0.13892497291662356,0.04791855181723771,96,R2_Percent,0.18680699230338302,0.038770358666822824,False
14,4,Donald Driver,0.13530906461446654,0.1349919162787489,0.014135200012012478,0.10446602415209673,0.10837597660743224,0.16413149540652755,0.05575551879909531,0.10719507044679664,0.16846684555269548,0.06127177510589883,96,R2_Percent,0.19707021930921542,0.03970241985441058,False
14,4,Gavin DeGraw,0.06784006778543479,0.06732339535515092,0.005663852562931771,0.08348830931073739,0.05807097449696806,0.07916798018855302,0.021097005691584958,0.0572731947885225,0.08026077301783967,0.02298757822931717,96,R2_Percent,0.01836198532517398,0.15397490338824577,False
14,4,Gladys Knight,0.0804352126763741,0.08064017880727875,0.006127625523611728,0.07618088297056955,0.06727791759909692,0.09103053139344117,0.02375261379434425,0.06480962898268824,0.09227221477545294,0.0274625857927647,96,R2_Percent,0.026310531114926084,0.15931483509676084,False
14,4,Jaleel White,0.08925214126745144,0.08924435288153107,0.008971837301292373,0.10052237597759721,0.07345513535210037,0.10601974422835068,0.03256460887625032,0.07320325019657618,0.10740004689665626,0.03419679670008008,96,R2_Percent,0.033746947531976816,0.142598057292701,False
14,4,Katherine Jenkins,0.13039960607363102,0.13030051075715288,0.013168374495968633,0.10098477205930377,0.10765379301877098,0.15626943061413748,0.048615637595366495,0.10352917781070851,0.15757821654790227,0.05404903873719376,96,R2_Percent,0.1937141423455233,0.04442170158114258,False
14,4,Maria Menounos,0.10873068196099944,0.10868119168635121,0.01226479080591602,0.11279972299185315,0.08829941532736699,0.1321854178890317,0.04388600256166472,0.0851957707219693,0.1326840504775383,0.04748827975556902,96,R2_Percent,0.14737392159925744,0.05768444464241187,False
14,4,Melissa Gilbert,0.09882248278104529,0.09709310514250843,0.011647624030665892,0.11786411050279717,0.08165134916917337,0.12706181254772225,0.045410463378548885,0.0810214020377619,0.12900131703278764,0.04797991499502574,96,R2_Percent,0.07757942391359426,0.10529094761330639,False
14,4,Roshon Fegan,0.10005063821226291,0.09936370685035685,0.010551810820914467,0.105464702769094,0.08108742306401685,0.12077622677206756,0.03968880370805071,0.08065857196376094,0.12652360491017056,0.04586503294640962,96,R2_Percent,0.09725721667271581,0.08159550880840884,False
14,4,Sherri Sheperd,0.05469411047616432,0.0540507279577402,0.005458422519227445,0.09979909119476811,0.04473006069902954,0.06612520610402897,0.021395145404999434,0.04465666010474915,0.06648076050218653,0.02182410039743738,96,R2_Percent,0.013814617408302822,0.16862057451138587,True
14,4,William Levy,0.13446599415217017,0.13479198184262844,0.013892171300375497,0.10331363991296003,0.10929907926462365,0.15844369385617868,0.04914461459155503,0.10494395830895516,0.15952122154099238,0.054577263232037224,96,R2_Percent,0.19477099477931398,0.046796607211226304,False
14,5,Donald Driver,0.15026073607954754,0.14882302117074872,0.014755299449484862,0.09819797130285222,0.12221682407178147,0.1783431766175445,0.056126352545763036,0.12096022016611321,0.1806048684359811,0.05964464826986787,96,R2_Percent,0.20546933433261375,0.04510781469321169,False
14,5,Gavin DeGraw,0.06577958187467504,0.06503766937955771,0.005576416819406747,0.08477428193494875,0.05625304548763909,0.07693094259135524,0.020677897103716154,0.05483122358574989,0.07701801313942465,0.022186789553674757,96,R2_Percent,0.016268506133876617,0.21387124772976884,True
14,5,Gladys Knight,0.07099954450475203,0.07073645421269747,0.005424075721547114,0.07639592281023828,0.05962101053367972,0.08036822385084608,0.020747213317166356,0.05891008276707667,0.08085701099159115,0.02194692822451448,96,R2_Percent,0.022976066433337244,0.18610065663216663,False
14,5,Jaleel White,0.09053630999719846,0.09111734369908696,0.007875732369346343,0.08698976542770573,0.07537424878410995,0.1056424852813133,0.030268236497203352,0.07486021405817705,0.10738942263239729,0.03252920857422023,96,R2_Percent,0.031193121425662666,0.16528101037055926,False
14,5,Katherine Jenkins,0.14957425224933676,0.14963213630867703,0.014280824821904497,0.09547649148931527,0.12514103365675652,0.17740421301305162,0.0522631793562951,0.12050551910429153,0.17855217960826056,0.05804666050396903,96,R2_Percent,0.20319343231396203,0.04307840414021979,False
14,5,Maria Menounos,0.11969910506607624,0.11903484012009519,0.01342774571610202,0.11217916548907898,0.09691701443954971,0.14585688013099057,0.04893986569144086,0.09259816915159208,0.14644578757198257,0.053847618420390486,96,R2_Percent,0.15203701267715664,0.06528647306543914,False
14,5,Melissa Gilbert,0.0975702615113347,0.09582039096221986,0.01112118399285885,0.1139812871319086,0.0810810733529241,0.12565862264498856,0.044577549292064464,0.08078979478214739,0.1269662078968716,0.046176413114724216,96,R2_Percent,0.07137063260943731,0.13731924823776387,False
14,5,Roshon Fegan,0.10143637090249569,0.10093435613211442,0.010284266327336393,0.10138637882877338,0.08261989069488551,0.12128352931420545,0.03866363861931994,0.08172940683257716,0.12684224637125185,0.04511283953867469,96,R2_Percent,0.09311886833913001,0.10122692847918731,False
14,5,William Levy,0.1541438378145835,0.15450156363293732,0.015291103578987315,0.0992002262028838,0.12605837171680703,0.1805777007771525,0.054519329060345456,0.12115462953593892,0.18165789456048725,0.060503265024548336,96,R2_Percent,0.2043730257348238,0.04272821665168343,False
14,6,Donald Driver,0.1767480027473859,0.17547864780792366,0.016445600389948856,0.0930454666209352,0.14544135550099466,0.2083373429286261,0.06289598742763144,0.14471685040118845,0.21079421344961113,0.06607736304842268,96,R2_Percent,0.22019309586525546,0.050702272357089476,False
14,6,Gladys Knight,0.06893012238999857,0.06850446326697862,0.005478510451639576,0.07947919228465612,0.058069518018370465,0.07863939209355213,0.02056987407518166,0.05706619917284108,0.07876096943109134,0.021694770258250264,96,R2_Percent,0.01943777534088914,0.2659511521903524,True
14,6,Jaleel White,0.08075463005983861,0.0810784342280612,0.0072021640330137675,0.08918577210590915,0.06760882195021752,0.09518921343128547,0.02758039148106796,0.0668804938223062,0.09605467620510005,0.02917418238279386,96,R2_Percent,0.026828817497844784,0.17830810978673164,False
14,6,Katherine Jenkins,0.17610617745338983,0.1759745565789763,0.015707754766531683,0.08919479710295267,0.15034456664678633,0.2070815146600646,0.05673694801327828,0.14596182153152987,0.2105638395051765,0.06460201797364662,96,R2_Percent,0.21762826413480593,0.045133172029500686,False
14,6,Maria Menounos,0.1233748584108401,0.12332936621387218,0.013548735077917097,0.10981763426061743,0.09854010794711937,0.14912774441954094,0.050587636472421565,0.095541882812274,0.1493290326906816,0.05378714987840759,96,R2_Percent,0.1510836448572197,0.0910546537428033,False
14,6,Melissa Gilbert,0.09653159413571603,0.09423223872282002,0.010852027289559809,0.1124194351779034,0.08138528613751578,0.12394756138274395,0.04256227524522817,0.0805723286117212,0.12499962668200688,0.044427298070285684,96,R2_Percent,0.06255700119459402,0.16801019352626909,False
14,6,Roshon Fegan,0.09984398469535409,0.09956320894888243,0.009785852055715496,0.09801143339355173,0.08132670600927493,0.1188579125795175,0.03753120657024257,0.08073127316952747,0.12291320675062915,0.042181933581101685,96,R2_Percent,0.08495255884839345,0.15182103517340564,False
14,6,William Levy,0.1777106301074769,0.17745785830855315,0.016835185121143296,0.09473369775888821,0.14614127720026526,0.2075098167172838,0.06136853951701854,0.14094320703680333,0.20906321991604335,0.06812001287924002,96,R2_Percent,0.21731884226099762,0.04901941119384775,False
14,7,Donald Driver,0.2037602072029651,0.20261226481151434,0.01787030825888038,0.08770264078638183,0.17225598066802075,0.2381932338577841,0.06593725318976335,0.16990990770091027,0.23956496673471436,0.06965505903380409,96,R2_Percent,0.23791231537350507,0.05991782446797457,False
14,7,Jaleel White,0.08171922570772079,0.08158340552341989,0.007573689154424422,0.09267940425075348,0.06829923760062144,0.09781450877468753,0.02951527117406609,0.06715805408028497,0.0991869014232938,0.03202884734300883,96,R2_Percent,0.022522360442475665,0.27619067782593326,True
14,7,Katherine Jenkins,0.20061652972263677,0.20129590517145238,0.017224005123024664,0.08585536369728748,0.1707931918527662,0.23328482500021075,0.06249163314744455,0.16520856101364,0.23366850520145563,0.06845994418781562,96,R2_Percent,0.23623012866184043,0.059487107612146636,False
14,7,Maria Menounos,0.12718240284728796,0.12714856455173032,0.012374235965521422,0.0972951893382575,0.10518435182184507,0.1516732636599849,0.04648891183813983,0.1008960184366375,0.1538326401233761,0.052936621686738614,96,R2_Percent,0.14571559802129283,0.10516378944842673,False
14,7,Melissa Gilbert,0.08838683264148361,0.08650753054861952,0.009555631264155658,0.10811147971457914,0.07473326874202163,0.11092585651772799,0.03619258777570636,0.07344751077355245,0.11274845150866628,0.03930094073511382,96,R2_Percent,0.05050770875716477,0.24539333160800975,False
14,7,Roshon Fegan,0.0923251409041551,0.09193120514572703,0.008530621373606816,0.09239759928947906,0.0757248229031707,0.10976088367187951,0.03403606076870881,0.07516175012926883,0.11367974999124764,0.038517999861978805,96,R2_Percent,0.0716705739173389,0.19289614343347267,False
14,7,William Levy,0.2060096609737507,0.20504042327508493,0.018608345541608326,0.09032753829918375,0.17141698743799813,0.23989052352188162,0.06847353608388349,0.16709373987008475,0.24384300783214596,0.07674926796206122,96,R2_Percent,0.23544131482638242,0.060951125604036385,False
14,8,Donald Driver,0.2386702103279831,0.2387471918637566,0.020005486146842454,0.08382062478325512,0.20139648605174554,0.2783789498112859,0.07698246375954038,0.19949909216906758,0.2788646292224285,0.07936553705336091,96,R2_Percent,0.2614859640401746,0.06732308378441816,False
14,8,Katherine Jenkins,0.2337845226168482,0.23380914669766428,0.01869055283494832,0.07994777680633912,0.202628670587149,0.2684890845452731,0.06586041395812409,0.1963721798345151,0.26899797205350806,0.07262579221899296,96,R2_Percent,0.26131525365427516,0.06740265580128449,False
14,8,Maria Menounos,0.11169876000897998,0.11197849628296806,0.010229481917006207,0.09158098009488926,0.09300708007145785,0.1318684429437206,0.03886136287226276,0.08974964596423023,0.13330225418107933,0.0435526082168491,96,R2_Percent,0.12948503647288537,0.17507528659248336,False
14,8,Melissa Gilbert,0.08706648771634724,0.08557885478557495,0.00935797832938355,0.10748082959164246,0.07355505887205387,0.10946283664150094,0.03590777776944708,0.07177830238435381,0.10975939916249221,0.03798109677813839,96,R2_Percent,0.03667705044421762,0.3471407136036956,True
14,8,Roshon Fegan,0.09077462577687367,0.09007374327542036,0.008268207463822801,0.09108500743529656,0.07537808471877717,0.1096562918848492,0.03427820716607202,0.0752557071706928,0.11200003244157775,0.03674432527088495,96,R2_Percent,0.05434685397435319,0.27634733496081815,True
14,8,William Levy,0.2380053935529678,0.23701477158587136,0.020664283175417828,0.08682275164835296,0.2013576639656322,0.27828663018826116,0.07692896622262896,0.1955441540305781,0.28043321950383054,0.08488906547325245,96,R2_Percent,0.25668984141409396,0.0667109252573003,False
14,9,Donald Driver,0.29685897635276903,0.2965157293540701,0.02407740322163706,0.0811072096166799,0.2533866905322729,0.34534202680323345,0.09195533627096053,0.2502496491339935,0.35407668907302986,0.10382703993903636,96,R2_Percent,0.3052491691502133,0.13801759805572505,False
14,9,Katherine Jenkins,0.2887860569933722,0.2891836610889723,0.02240994137203038,0.07760049638596196,0.24824977535746828,0.3323687503719458,0.08411897501447752,0.24507766064607428,0.33346008944890554,0.08838242880283126,96,R2_Percent,0.30620047842433595,0.1412997721088326,False
14,9,Maria Menounos,0.11857787176126593,0.11771805068673838,0.011286437831809661,0.09518165290175527,0.09776361683919776,0.141552638866269,0.043789022027071245,0.09507146546311665,0.14360540396098706,0.04853393849787041,96,R2_Percent,0.08865418021987866,0.5817017230487247,True
14,9,William Levy,0.29577709489259285,0.2966541182507122,0.02496423953563633,0.08440220681963805,0.2508094446387121,0.3455190198423645,0.09470957520365242,0.24882786695954906,0.3485917707658398,0.09976390380629074,96,R2_Percent,0.2998961722055721,0.13898090678671757,False
14,10,Donald Driver,0.3371890937522264,0.3370998367249616,0.027085731481739244,0.08032801767201406,0.28776181637279385,0.39236047766769205,0.1045986612948982,0.28367656864195684,0.4014261128355928,0.11774954419363598,96,R2_Percent,0.3355999428098929,0.3307866668487846,False
14,10,Katherine Jenkins,0.33167790946616516,0.3332125192066262,0.024195035579384218,0.0729473832560211,0.2916932386631502,0.3790194379391102,0.08732619927595997,0.2873978368615478,0.38640503064466525,0.09900719378311745,96,R2_Percent,0.33635739202899223,0.3206685018296925,False
14,10,William Levy,0.3311329967816084,0.33098079036660666,0.027837112872977018,0.08406626081826687,0.2814701957039147,0.384889436203999,0.10341924050008433,0.2789882897913094,0.39076616829056876,0.11177787849925935,96,R2_Percent,0.3280426651611148,0.3485448313215228,False
33,1,Anna Delvey,0.06439173434995923,0.06480561945980583,0.0026124173364073023,0.04057069378204994,0.059131911966682264,0.068773496453192,0.009641584486509737,0.05869752684955034,0.06894317772785853,0.010245650878308192,98,R3_Bottom2,0.07160259718633999,0.15400384368554754,False
33,1,Brooks Nader,0.07908601394235945,0.07827220335872215,0.0033888447228257353,0.04285011412126093,0.07368442291069187,0.08600088233416832,0.01231645942347645,0.07346479947678151,0.08650059719901106,0.013035797722229542,98,R3_Bottom2,0.07775515483887072,0.07262943592316248,False
33,1,Chandler Kinney,0.07624491105185364,0.07554145878215793,0.0028790717871419826,0.03776083868973164,0.07170589981558283,0.08194184806935673,0.0102359482537739,0.07117461406414431,0.08209809073948603,0.010923476675341715,98,R3_Bottom2,0.07606793049534409,0.001746652047935685,False
33,1,Danny Amendola,0.0781177894134965,0.07766002508411421,0.0027410052264976205,0.03508810537365326,0.07397804690157228,0.0842139229495763,0.010235876048004022,0.07391728461807608,0.08498426146510217,0.011066976847026094,98,R3_Bottom2,0.07942457038470235,0.021911113787903867,False
33,1,Dwight Howard ,0.0776756772728963,0.0771283761775293,0.0022494767633427486,0.028959860310450978,0.07430745314791211,0.08253738041680887,0.008229927268896764,0.07414098840881142,0.08304738743011497,0.008906399021303552,98,R3_Bottom2,0.07980881798719001,0.006325343351153989,False
33,1,Eric Roberts,0.0838973535067727,0.08314749735231536,0.0024495198013860403,0.029196627771915357,0.08096896080235481,0.08944953208035057,0.008480571277995758,0.08087430784840466,0.08955964957377338,0.008685341725368723,98,R3_Bottom2,0.07801363159801387,0.1407097225126811,False
33,1,Ilona Maher,0.07791840472537503,0.07765347073054588,0.0030139107986487633,0.0386803452826242,0.07326662342146159,0.08417236840871185,0.010905744987250263,0.07313649797649376,0.08431792995554106,0.011181431979047307,98,R3_Bottom2,0.08110064710938135,0.048710585721486246,False
33,1,Jenn Tran,0.07904570275807239,0.07881330568891225,0.00248848014264093,0.031481536071064894,0.07487667173837641,0.08360848032113799,0.008731808582761583,0.0741130556026228,0.08374497850692521,0.009631922904302412,98,R3_Bottom2,0.08083610700903611,0.032924930467599096,False
33,1,Joey Graziadei,0.07902629100836847,0.07874596196266784,0.002787046309597058,0.03526733032810466,0.07406852482398293,0.08381854289791206,0.009750018073929126,0.0731040025319332,0.08457537231038442,0.01147136977845123,98,R3_Bottom2,0.07748625128769712,0.018269302446630338,False
33,1,Phaedra Parks,0.07730273164434778,0.07671281342793611,0.002781983783886664,0.03598816917215728,0.0734846928211469,0.08405350044424198,0.010568807623095075,0.07326755515496068,0.08613672059954369,0.012869165444583011,98,R3_Bottom2,0.07122096358230494,0.12473750888951364,False
33,1,Reginald VelJohnson,0.08406573442112612,0.084388988725417,0.0026657191501510483,0.03170993709276559,0.07996765889438535,0.08916939534714584,0.009201736452760484,0.07941764607062136,0.08941279796647085,0.009995151895849486,98,R3_Bottom2,0.07458709477271461,0.2188675042544264,False
33,1,Stephen Nedoroscik,0.07819591949801323,0.07824376607966013,0.0025131039555797447,0.03213855622790645,0.07368550686545954,0.08301517829205624,0.0093296714265967,0.07326973716499191,0.08321047485272344,0.00994073768773153,98,R3_Bottom2,0.07500089250061552,0.031669582512246906,False
33,1,Tori Spelling,0.06503173640735915,0.0653473897921133,0.0025465744855585923,0.03915894955667239,0.059653779401802214,0.06892211712438788,0.009268337722585666,0.05815019233336415,0.06901959177492235,0.010869399441558202,98,R3_Bottom2,0.07709534124778937,0.1274944742997126,False
33,2,Anna Delvey,0.05818793793352224,0.05835160712733414,0.0017336932948744895,0.029794719600738827,0.05367147629018186,0.060817353147970474,0.007145876857788613,0.052474833957112756,0.061215776581572894,0.008740942624460138,98,R3_Bottom2,0.07086177437151799,0.30207931543837546,True
33,2,Brooks Nader,0.08244525992585566,0.08199172405142544,0.0025499637783812203,0.03092917386244453,0.07870904423940588,0.08823842004654851,0.009529375807142637,0.0786317002426629,0.08855286861151722,0.009921168368854316,98,R3_Bottom2,0.07767591144290936,0.047823042286255155,False
33,2,Chandler Kinney,0.07562564091602011,0.07561381609854428,0.0008403103488164929,0.011111447633873688,0.07421248831951979,0.07726756885347454,0.003055080533954743,0.07417132928670031,0.07741373603310268,0.0032424067464023737,98,R3_Bottom2,0.07731428377424698,0.0011891589651556974,False
33,2,Danny Amendola,0.07846596941316136,0.07837469723330642,0.001003925703214241,0.012794408974011212,0.07705916758144639,0.08077328747172158,0.0037141198902751887,0.0768919602273864,0.08172765853173804,0.0048356983043516405,98,R3_Bottom2,0.07760064904038895,0.02974136280080326,False
33,2,Dwight Howard ,0.07647788270526006,0.0764226902239617,0.0008036275409066647,0.010507973187539515,0.07489015542514213,0.07807110426732736,0.0031809488421852272,0.07483018351025293,0.0783833105239797,0.003553127013726773,98,R3_Bottom2,0.07740683048723837,0.016160539418560275,False
33,2,Eric Roberts,0.08934646302334782,0.08934040955641781,0.0016930024626835834,0.018948735130580062,0.08628157788593246,0.09269731438071974,0.006415736494787272,0.08610234035043146,0.0931201864124563,0.007017846062024838,98,R3_Bottom2,0.08032510612621796,0.10108725407156643,False
33,2,Ilona Maher,0.0783353180251418,0.07839652070772235,0.001053649754373208,0.013450507139513214,0.07673719866843996,0.08035684086599608,0.0036196421975561166,0.07671398005835435,0.08108848799268978,0.004374507934335428,98,R3_Bottom2,0.07732626765534707,0.03503502425137793,False
33,2,Jenn Tran,0.08173035944205312,0.08172555821728544,0.0011735964094503472,0.014359369241272306,0.07948295949134142,0.08357017542525488,0.004087215933913466,0.07921222932067443,0.08432972957825853,0.005117500257584104,98,R3_Bottom2,0.07823415685221184,0.06995419511405095,False
33,2,Joey Graziadei,0.07678948270603875,0.07672244616513016,0.0008366359024654325,0.010895188676660264,0.07539245133061336,0.07859881561100453,0.003206364280391172,0.075207419647712,0.07868477326325546,0.003477353615543452,98,R3_Bottom2,0.07721234203009902,0.02045222648647825,False
33,2,Phaedra Parks,0.077879916775161,0.07765021280718508,0.0014075860976005645,0.01807380074203546,0.07622600882362249,0.0813378334793368,0.005111824655714317,0.07619917160475101,0.08258195253542436,0.0063827809306733485,98,R3_Bottom2,0.07752954107606523,0.03859305378505096,False
33,2,Reginald VelJohnson,0.08886666098465625,0.0887561540215714,0.001599244732729379,0.01799600339440575,0.08639282748020678,0.09155321437443663,0.005160386894229846,0.08603736967356343,0.09184112638460926,0.005803756711045827,98,R3_Bottom2,0.08009216414044397,0.10594755494036345,False
33,2,Stephen Nedoroscik,0.0770880630212665,0.0771124959374659,0.000773987549970607,0.010040303513101437,0.07566507962545352,0.0786827923552662,0.0030177127298126882,0.07535400468128586,0.07888312597889732,0.0035291212976114594,98,R3_Bottom2,0.07711751026209872,0.024348015702961582,False
33,2,Tori Spelling,0.05876104512851538,0.058847311429069925,0.001756886105679848,0.029898823307811993,0.05499729647867166,0.061845645910263314,0.006848349431591655,0.053896377599203044,0.06200045507582967,0.008104077476626628,98,R3_Bottom2,0.07130346274121462,0.20758925663900057,True
33,3,Brooks Nader,0.0928636580277073,0.09288378358049047,0.0012188357256590829,0.01312500230494285,0.09051434305065333,0.0949564944670525,0.0044421514163991704,0.09008244856530685,0.09605247463400256,0.005970026068695705,98,R3_Bottom2,0.09237074686791162,0.0189128916171918,False
33,3,Chandler Kinney,0.09284105565935137,0.09264946456109115,0.001005653099534967,0.010831986909162995,0.09171450638732515,0.09522107466321271,0.0035065682758875644,0.09169118550067376,0.09635034422123949,0.004659158720565729,98,R3_Bottom2,0.0925618874096053,0.0019186601813083247,False
33,3,Danny Amendola,0.09365296071195715,0.09364316996444291,0.0009528801131763496,0.01017458610953119,0.09174532589721689,0.09538593774431596,0.0036406118470990734,0.09156710272411006,0.09545928794125043,0.0038921852171403676,98,R3_Bottom2,0.09289975104072161,0.027648563177277027,False
33,3,Dwight Howard ,0.09435243325062379,0.09440762060218046,0.0008632651027495113,0.009149367674031916,0.09260655175455713,0.09609486325981001,0.003488311505252875,0.0923987704826755,0.09621610508519075,0.0038173346025152516,98,R3_Bottom2,0.0931859675241481,0.06492044617894124,False
33,3,Eric Roberts,0.07946588506360426,0.07927154899058092,0.002198069290509409,0.027660539975740292,0.07576766510920498,0.08394448636287327,0.008176821253668295,0.0754611294969784,0.08437400765818402,0.008912878161205617,98,R3_Bottom2,0.08417660522484031,0.2709165275889749,True
33,3,Ilona Maher,0.09438110649189439,0.09434436967029644,0.0010379531889366331,0.010997467899211102,0.09260900201640097,0.09664919008795049,0.004040188071549516,0.09248875198899506,0.09686463491335338,0.004375882924358324,98,R3_Bottom2,0.09260301288862892,0.05313122481985556,False
33,3,Jenn Tran,0.09307709196400059,0.09297547666730388,0.0009480419573017182,0.010185556266287222,0.09185374688998466,0.09582132170484477,0.003967574814860111,0.09183826845398672,0.09632048852527642,0.0044822200712896915,98,R3_Bottom2,0.09208187207684572,0.0247546720091262,False
33,3,Joey Graziadei,0.09254077681841451,0.09245954361572303,0.0005644805724835092,0.006099803696171095,0.09156906799245991,0.09374313780163383,0.002174069809173923,0.09143719923847884,0.09375817074991692,0.0023209715114380775,98,R3_Bottom2,0.09204114248199634,0.004280234114928775,False
33,3,Phaedra Parks,0.09503263374369329,0.09449087241936785,0.0019010876842834369,0.020004577473994294,0.09283386746829371,0.09993408636403868,0.00710021889574497,0.09260835433273469,0.10065781460188616,0.008049460269151473,98,R3_Bottom2,0.09292797089905112,0.05782196903837633,False
33,3,Reginald VelJohnson,0.07839956191831396,0.0782924949629362,0.002364216834077174,0.030155995470236143,0.0742820863404348,0.08322376229326624,0.008941675952831435,0.07406380947267713,0.08349819098105747,0.009434381508380343,98,R3_Bottom2,0.08293637461051794,0.44576848133310487,True
33,3,Stephen Nedoroscik,0.0933928363504394,0.09347822139351536,0.0009459969081354878,0.010129223451205708,0.09158573044229604,0.09515233602158948,0.003566605579293447,0.09131030447651449,0.09520081947902526,0.0038905150025107665,98,R3_Bottom2,0.09221466897573297,0.0299263298409151,False
33,4,Brooks Nader,0.09208411323680958,0.09212092437848328,0.0025496637523733296,0.027688421626176126,0.08724424605122036,0.09612681622378914,0.008882570172568785,0.08656069456592491,0.09666232010915803,0.010101625543233114,98,R3_Bottom2,0.10111785056599996,0.21331917113016746,True
33,4,Chandler Kinney,0.11612302435739946,0.11611384035662195,0.001374067410366475,0.011832859314251216,0.11401479339386848,0.11906132882695082,0.005046535433082339,0.11381584618746075,0.11973077946953972,0.0059149332820789685,98,R3_Bottom2,0.11469977683810745,0.09602845325567326,False
33,4,Danny Amendola,0.10544726947913882,0.10524875199682762,0.0019880470637327606,0.01885347125205614,0.1024185491777293,0.1112124353754579,0.008793886197728598,0.10206163042188911,0.11204504399569881,0.009983413573809705,98,R3_Bottom2,0.10728545831569654,0.009113992596224923,False
33,4,Dwight Howard ,0.12174773295797454,0.12137741230576829,0.0021447662636743404,0.017616478036717783,0.11859455727084121,0.1270549038392967,0.008460346568455498,0.11847874016807174,0.12801415140895073,0.009535411240878991,98,R3_Bottom2,0.11596701307472092,0.1724944697178027,False
33,4,Ilona Maher,0.11559407580943754,0.11541363462125481,0.0014670393261768037,0.012691302005781762,0.11368023463227345,0.1188256631812732,0.005145428548999756,0.11342966476521815,0.1192494186584137,0.005819753893195542,98,R3_Bottom2,0.11396255175418796,0.11387773283781708,False
33,4,Jenn Tran,0.11727501554186888,0.11698523901970137,0.002144119632535107,0.018282833923561708,0.11415718246864894,0.1220142603245785,0.007857077855929567,0.11395650767045332,0.12275931088457391,0.008802803214120594,98,R3_Bottom2,0.11378030992733094,0.12578568357167333,False
33,4,Joey Graziadei,0.10497940996253821,0.10502601955187761,0.0016771441635453717,0.015975934367928518,0.10203989679078165,0.10788725649617614,0.005847359705394489,0.10189202701896982,0.1080083856848129,0.006116358665843077,98,R3_Bottom2,0.10674734960700334,0.03335651955244263,False
33,4,Phaedra Parks,0.1140586286818006,0.11459767410734212,0.0028345895753442195,0.024852039763270554,0.10845366847890689,0.11834900484605075,0.009895336367143862,0.10700999306911062,0.11846501900450947,0.01145502593539885,98,R3_Bottom2,0.11442096455704799,0.1284873419195065,False
33,4,Stephen Nedoroscik,0.11269072997303234,0.11251437291756647,0.0011549157868415104,0.010248542955732824,0.1109206786159385,0.1151673570140705,0.004246678398132003,0.11081121156367454,0.11539834867190979,0.004587137108235245,98,R3_Bottom2,0.11201872535990481,0.10753663531869216,False
33,5,Chandler Kinney,0.12422850519685298,0.12405185197172719,0.001552170123605392,0.012494476377589967,0.12196701499091259,0.13007708604069143,0.008110071049778844,0.12191673370541221,0.13017165760054428,0.008254923895132063,98,R3_Bottom2,0.12552066370682685,0.009821287385531414,False
33,5,Danny Amendola,0.12678583127548174,0.12701795889272532,0.0013701371397518748,0.010806705496727192,0.12368722906451458,0.1289868281790037,0.005299599114489115,0.12341207458974847,0.1296153125163219,0.006203237926573443,98,R3_Bottom2,0.1268103665304427,0.055688960879485015,False
33,5,Dwight Howard ,0.1336979976072586,0.1335937573382595,0.0024181140075266914,0.01808638910681344,0.12991544391308324,0.13874475686002427,0.008829312946941031,0.12987668881004136,0.13931078568252217,0.009434096872480813,98,R3_Bottom2,0.1292934754340062,0.12327996338189937,False
33,5,Ilona Maher,0.12767402322588092,0.12681914264906588,0.0027547244003141586,0.021576232429368184,0.12496192327496004,0.13486473336540952,0.00990281009044948,0.12475450610009993,0.1368676506834712,0.012113144583371274,98,R3_Bottom2,0.12516979982851512,0.04684580824707075,False
33,5,Jenn Tran,0.12616552426394997,0.12692244391402924,0.002341943362067914,0.0185624668524212,0.12016143443390481,0.12899615670897188,0.00883472227506707,0.11923830343995837,0.12926226514026598,0.010023961700307615,98,R3_Bottom2,0.12559770646529017,0.07844427562952187,False
33,5,Joey Graziadei,0.12549621476331405,0.12557940155936587,0.0012178661269858458,0.009704405262602878,0.12222591491141864,0.1273848659048158,0.005158950993397152,0.12200138073775472,0.12744778933440193,0.005446408596647204,98,R3_Bottom2,0.12536733722437068,0.05827978640605283,False
33,5,Phaedra Parks,0.10293227135385051,0.1032175381220454,0.003815041400355725,0.03706360843083651,0.09421650908012384,0.10989650265230669,0.015679993572182846,0.09316450710778759,0.11016739072702007,0.01700288361923248,98,R3_Bottom2,0.11227736849562793,0.4746449238485707,True
33,5,Stephen Nedoroscik,0.1330196323134112,0.13321084304700967,0.0020997032846498762,0.015784912708995524,0.12904839599087264,0.1363710348484455,0.007322638857572866,0.12859570827709965,0.13711029628578097,0.008514588008681323,98,R3_Bottom2,0.1299632823149203,0.15299499412186812,False
33,6,Chandler Kinney,0.1370550135190883,0.1370781578467994,0.0022807198596645575,0.016640907917950122,0.1327882303245699,0.1419906856912678,0.009202455366697893,0.13277038333044833,0.14213716684547598,0.009366783515027649,98,R3_Bottom2,0.13715854198439648,0.03801886652478299,False
33,6,Danny Amendola,0.15370596464249806,0.15346313901827002,0.002277038863222941,0.014814251799005099,0.15027478419799903,0.15927678399375256,0.00900199979575353,0.15004144967144864,0.15993068665255927,0.009889236981110633,98,R3_Bottom2,0.1506259464434654,0.16299510325475874,False
33,6,Dwight Howard ,0.1396489433481664,0.13978026302462004,0.002964714389175642,0.02122976599818697,0.1333610863841469,0.1444203188936288,0.011059232509481903,0.1332319712079455,0.1447193859091824,0.011487414701236903,98,R3_Bottom2,0.14200506369424518,0.10047529875631053,False
33,6,Ilona Maher,0.15730884731746156,0.15702136267322717,0.0027477615900738292,0.01746730483968668,0.15282390016706066,0.16267984638867983,0.009855946221619172,0.15277295268794605,0.16280241902117504,0.010029466333228987,98,R3_Bottom2,0.1504898396237636,0.23644280420654715,False
33,6,Jenn Tran,0.12086273252643409,0.12101620396127302,0.003603802364934869,0.029817316633534454,0.11340996825221925,0.12744623014361903,0.014036261891399782,0.11296590155966463,0.12777668774837736,0.014810786188712732,98,R3_Bottom2,0.12804867622785135,0.21115356071294272,True
33,6,Joey Graziadei,0.13754520993703365,0.13751808790324566,0.0027863439419446353,0.020257658868819833,0.1322917470533936,0.14259455420084063,0.010302807147447024,0.13180538532413977,0.14273978978191812,0.010934404457778352,98,R3_Bottom2,0.14187872324728368,0.07003107910986307,False
33,6,Stephen Nedoroscik,0.15387328870931793,0.15379093283441608,0.0024884680431448538,0.0161721898844043,0.14973889048667197,0.15860609448467872,0.00886720399800675,0.14961886838266164,0.15871634123859005,0.009097472855928407,98,R3_Bottom2,0.14979320877899427,0.18088328733479483,False
33,7,Chandler Kinney,0.1667085622061858,0.16747253012216595,0.0031723461925947387,0.01902929370041095,0.1573141417321382,0.16963833706630602,0.012324195334167815,0.15540386940162643,0.1700938034811438,0.01468993407951738,98,R3_Bottom2,0.16909399256121177,0.0010551372456278907,False
33,7,Danny Amendola,0.17780278653225517,0.17715733263075725,0.003194644209842148,0.01796734613752866,0.17354226585531782,0.1865961858439893,0.013053919988671475,0.17337529232409063,0.18736542818280547,0.013990135858714836,98,R3_Bottom2,0.17175831458872612,0.11021720259174062,False
33,7,Dwight Howard ,0.13769898026495117,0.13819394536930452,0.005132921398673197,0.03727639368713387,0.12768851845906817,0.14593804874483812,0.01824953028576995,0.12759770830987102,0.1462953409580314,0.01869763264816038,98,R3_Bottom2,0.14998516510865856,0.6590525382438202,True
33,7,Ilona Maher,0.17581161589085595,0.1753668151242515,0.0031999865055888413,0.018201223448030854,0.17134708496352702,0.1836459856968917,0.012298900733364676,0.1711221986546941,0.18476880867871678,0.013646610024022676,98,R3_Bottom2,0.17103797155580602,0.1082844552743086,False
33,7,Joey Graziadei,0.17005340361478613,0.16994548521331615,0.001722924272564275,0.01013166591165169,0.16737502155893813,0.17386687127467448,0.006491849715736353,0.16583612892233626,0.17414973644831808,0.008313607525981814,98,R3_Bottom2,0.16883751864481042,0.04590189786028511,False
33,7,Stephen Nedoroscik,0.17192465149096575,0.17129692579788616,0.001991572380464862,0.011583983816128395,0.16934021731216378,0.1770046525878548,0.007664435275691023,0.16891707062472006,0.17755672966794825,0.008639659043228193,98,R3_Bottom2,0.16928703754078708,0.07548876868421765,False
33,8,Chandler Kinney,0.19047337155457658,0.1908258716868965,0.007735099103695164,0.04060987129363023,0.1744066586030472,0.2029514783018107,0.02854481969876352,0.17394553059535417,0.20376562328351866,0.02982009268816449,98,R3_Bottom2,0.19606174078743682,0.07627459207302045,False
33,8,Danny Amendola,0.20537490810180353,0.20491652256141152,0.00715851273890615,0.034855829298083986,0.1935246835420535,0.21887750500962266,0.025352821467569175,0.19334864369739535,0.2194572133956539,0.02610856969825856,98,R3_Bottom2,0.2033772724874369,0.18191724905900758,False
33,8,Ilona Maher,0.20334706505187733,0.20324858625271935,0.007552544870924924,0.0371411550444465,0.18985933783557865,0.22036328767849178,0.03050394984291313,0.18941272046549146,0.22083134241846977,0.031418621952978315,98,R3_Bottom2,0.2035561279409834,0.0940107636127013,False
33,8,Joey Graziadei,0.19889030130366409,0.1992638896029415,0.0065337852650462725,0.03285120099984434,0.18674587802549844,0.2098031430238603,0.02305726499836186,0.1860328004982264,0.21237407472328865,0.026341274225062244,98,R3_Bottom2,0.1983035043871193,0.12925412172982864,False
33,8,Stephen Nedoroscik,0.20191435398807842,0.20176837112660762,0.006774806899985159,0.033552874108123895,0.18874903259023995,0.21467750947546613,0.025928476885226176,0.1868751557755216,0.21560490837865257,0.02872975260313096,98,R3_Bottom2,0.19870135439702358,0.518543273425442,False
33,9,Chandler Kinney,0.19221230356285182,0.19306029379212158,0.011311108851061251,0.058846955379017206,0.1689869178592699,0.21092665643561703,0.04193973857634714,0.16851008798352,0.21181521421798208,0.04330512623446209,98,R3_Bottom2,0.19514501284789207,0.07849455330866012,False
33,9,Danny Amendola,0.19933185936563536,0.1995128648876816,0.011009797241447301,0.05523350495242198,0.18134950967943275,0.2203276269543098,0.038978117274877044,0.18077823137567656,0.22284271888162407,0.04206448750594752,98,R3_Bottom2,0.20174064761526136,0.3188577155267787,False
33,9,Ilona Maher,0.20518128031777894,0.20489561905853593,0.011824394721716983,0.05762901324820518,0.18380825363346956,0.22944113173252867,0.04563287809905911,0.18149269960784908,0.2308503619481948,0.04935766234034572,98,R3_Bottom2,0.20667929646519315,0.16656020369007962,False
33,9,Joey Graziadei,0.20454159303288805,0.2045475842901763,0.00991209260590818,0.048460034259703966,0.18595229472826708,0.22319952635813065,0.03724723162986357,0.18555572266953618,0.2248553482672552,0.03929962559771902,98,R3_Bottom2,0.20038710536194873,0.15924457000181771,False
33,9,Stephen Nedoroscik,0.19873296372084573,0.19837629987379862,0.010376013684803799,0.052210833525225715,0.18120654787218235,0.21875002151031162,0.037543473638129266,0.17799138893004882,0.22095514022275622,0.04296375129270741,98,R3_Bottom2,0.19604793770970477,0.27684295737266396,False
13,1,Carson Kressley,0.08144957177916307,0.0807057399065422,0.007681729432847454,0.09431270496639543,0.06678552502487231,0.0972900720091263,0.03050454698425399,0.06595313793878368,0.09760442188771498,0.0316512839489313,110,R2_Percent,0.030884331854596388,0.11132794809669741,False
13,1,Chaz Bono,0.08417772502133025,0.08424258761552289,0.008147731290048017,0.09679201104548049,0.06992669470495019,0.0987714065182695,0.02884471181331931,0.06818012966443991,0.09968639455720055,0.031506264892760635,110,R2_Percent,0.049280517038916054,0.09802145778173905,False
13,1,Chynna Phillips,0.07752748899951574,0.07743079329038463,0.007310895684409693,0.09430068971349452,0.0637552307058297,0.09484066802320075,0.031085437317371054,0.06362198947665412,0.09582895320279232,0.032206963726138196,110,R2_Percent,0.022190935014629817,0.10080597494285859,False
13,1,David Arquette,0.08448985870251403,0.08380604119100851,0.007765401767208993,0.09190927629019612,0.07081947157281303,0.0990758533915349,0.028256381818721865,0.06902168476460478,0.10150237229669044,0.03248068753208566,110,R2_Percent,0.06742696185292991,0.08374136929686903,False
13,1,Elisabetta Canalis,0.06414521470304059,0.06444435166699362,0.005639619704626678,0.08791957016178405,0.054122147973478384,0.07671776504516775,0.022595617071689368,0.05370783874746122,0.07777726036357673,0.024069421616115506,110,R2_Percent,0.016742719349712113,0.13085755197520874,False
13,1,Hope Solo,0.0911615002438122,0.09173948617166466,0.009413056917104392,0.10325693293692065,0.07381960245228186,0.10923310751274806,0.0354135050604662,0.07306891272187559,0.11085970873875207,0.03779079601687649,110,R2_Percent,0.13622947395480975,0.04727520832118672,False
13,1,J.R. Martinez,0.10000112637315851,0.09860288237997833,0.010916889226982023,0.10916766263457053,0.08306506996063541,0.1237568059767954,0.040691736016159996,0.08199063583722227,0.12913752490902466,0.047146889071802395,110,R2_Percent,0.17602551749687897,0.03476901247871135,False
13,1,Kristin Cavallari,0.07267262489962219,0.07224261032166457,0.006617302997440331,0.09105633664093415,0.05998518862092456,0.08563965269160514,0.025654464070680588,0.059854293918092306,0.0869576664250771,0.027103372506984795,110,R2_Percent,0.018931045902196988,0.11345623027182987,False
13,1,Metta World Peace (Ron),0.059565845176331275,0.05946933247050478,0.0051083605423486314,0.08575989356360982,0.05107768977135797,0.07045056960273742,0.019372879831379447,0.05032196777465229,0.07097486646093204,0.02065289868627975,110,R2_Percent,0.014414386788016025,0.13729170677871466,True
13,1,Nancy Grace,0.08326151524455593,0.0825163762137656,0.010252871207540218,0.12314057914302255,0.06413217198436699,0.10370982978865963,0.039577657804292635,0.06241958073572231,0.10540714846075037,0.04298756772502806,110,R2_Percent,0.11872248273019052,0.06258743120383163,False
13,1,Ricki Lake,0.09984094543592927,0.09970424777844321,0.011303586181738493,0.11321593693233124,0.08010068923457718,0.12233451853287836,0.042233829298301176,0.07833952874547047,0.12468819905678018,0.04634867031130971,110,R2_Percent,0.17147997771377374,0.03824277790831575,False
13,1,Rob Kardashian,0.101706583421027,0.10232197054947938,0.011155128848577332,0.10967951604862484,0.08096661658030518,0.12158723850465347,0.04062062192434829,0.08079578141644492,0.12398410804499813,0.04318832662855321,110,R2_Percent,0.1776716503033499,0.04162333094403719,False
13,2,Carson Kressley,0.0830758229865538,0.08233464881255234,0.007641619426554825,0.09198367409242103,0.06917109215603816,0.09921925413987608,0.030048161983837918,0.06766410381461903,0.09971268930523812,0.03204858549061909,110,R2_Percent,0.02876102768915317,0.13427965823354468,False
13,2,Chaz Bono,0.09050904665426975,0.08979835026312369,0.008675640490452682,0.09585384899249086,0.07502109768475211,0.10598982939356588,0.03096873170881377,0.07401972472737399,0.10677127139546555,0.03275154666809156,110,R2_Percent,0.048530312317082734,0.12080273782599107,False
13,2,Chynna Phillips,0.072703164957538,0.07321829937457314,0.006379443002334038,0.08774642762883744,0.06021158580961246,0.08689091744897841,0.02667933163936595,0.06013339894984463,0.08813985449045009,0.028006455540605456,110,R2_Percent,0.019767776215046415,0.13019920414991498,False
13,2,David Arquette,0.09062382074874627,0.09001839048543252,0.008727653614779451,0.09630639651551211,0.07508994906345305,0.10735217060589965,0.032262221542446595,0.07388258445016256,0.11052536338740918,0.036642778937246615,110,R2_Percent,0.06733173946543979,0.1028252972210742,False
13,2,Elisabetta Canalis,0.05797429725392057,0.058185647259344324,0.00501749976075328,0.0865469699231924,0.04891749622577712,0.06901675086818299,0.02009925464240587,0.04877504596628028,0.07057435592118223,0.021799309954901952,110,R2_Percent,0.014495763493510326,0.13503658533562168,True
13,2,Hope Solo,0.10390180774235419,0.1039889641647821,0.011330078842640425,0.10904602228611532,0.08301152644490284,0.12607708060614586,0.043065554161243025,0.08258421502507017,0.1268179029519817,0.04423368792691153,110,R2_Percent,0.14574648292698208,0.0579398034228434,False
13,2,J.R. Martinez,0.11372505252878345,0.11193768228127815,0.012883056048619088,0.11328248052783645,0.09289731091233926,0.14113544184513668,0.04823813093279743,0.09173197568332477,0.1479784265789948,0.05624645089567003,110,R2_Percent,0.17852324690290347,0.04207755747236375,False
13,2,Kristin Cavallari,0.0640916863204558,0.06387259601522817,0.005621332715605223,0.0877076737768888,0.05349431073365365,0.07521718405578563,0.021722873322131984,0.052890062299965464,0.07643390629635013,0.02354384399638467,110,R2_Percent,0.01671566768943451,0.12891527628063726,False
13,2,Nancy Grace,0.08995408368709423,0.08871800615658773,0.011876840476479337,0.13203225456437298,0.06711382545849519,0.11214257097747973,0.045028745518984545,0.06684749284130098,0.11588090292488966,0.04903341008358868,110,R2_Percent,0.12262718507053044,0.0639001335672625,False
13,2,Ricki Lake,0.11486847125624033,0.11495844990057669,0.013493488386218886,0.11746903426718878,0.09118550509094064,0.14113520969293716,0.04994970460199652,0.09013955509925568,0.14404454393773555,0.05390498883847987,110,R2_Percent,0.17489761432407344,0.041828288715000224,False
13,2,Rob Kardashian,0.1185727458640436,0.11939487806546384,0.013306891594177948,0.1122255497855783,0.09425423866714805,0.14233266952582607,0.04807843085867802,0.09316948209851793,0.14469372508984926,0.051524242991331334,110,R2_Percent,0.1826031839058435,0.042195457775746265,False
13,3,Carson Kressley,0.0797745338814154,0.07930166635756818,0.006766172589925618,0.08481619710850975,0.06802649074662777,0.09400170612395492,0.02597521537732715,0.06622154738468093,0.09435250910889373,0.028130961724212797,110,R2_Percent,0.026068584564404418,0.15054363012148075,False
13,3,Chaz Bono,0.09226677980647813,0.0919184321598823,0.008646451947111757,0.09371143075814467,0.07701079214250253,0.10775759132550898,0.03074679918300645,0.07625263004391886,0.10858434666288137,0.03233171661896252,110,R2_Percent,0.04587200675399247,0.15189724718903783,False
13,3,Chynna Phillips,0.0662917357615214,0.06662542687530121,0.005680965176291241,0.08569643125242647,0.055413373840950214,0.07908928424807234,0.023675910407122122,0.05532222076937488,0.07977946814069076,0.024457247371315875,110,R2_Percent,0.01760264292151313,0.14623926459192088,False
13,3,David Arquette,0.09384733661368638,0.09328011599978434,0.008950334155162346,0.09537121114055205,0.07827004953349748,0.11186803846054472,0.03359798892704724,0.07739096565683976,0.11551122499692061,0.038120259340080856,110,R2_Percent,0.06476360602949692,0.11186614260555981,False
13,3,Hope Solo,0.11669163862713346,0.11655286242340651,0.012881499897234971,0.11038922795827233,0.09304827541322275,0.1417356792089776,0.04868740379575484,0.09295835862910663,0.1422370269532676,0.04927866832416096,110,R2_Percent,0.15387967998262406,0.06037994270179681,False
13,3,J.R. Martinez,0.13180240668094387,0.12979134265838055,0.014949783403191648,0.11342572400351399,0.10644749009284589,0.16350070908335337,0.057053218990507484,0.10580847523174569,0.16963460580932474,0.06382613057757905,110,R2_Percent,0.18489074857309823,0.0459558076010776,False
13,3,Kristin Cavallari,0.0601791158520313,0.059816859281414156,0.005230046605895687,0.08690800009018662,0.05061184219359798,0.07069600969114015,0.020084167497542167,0.04932750895704143,0.07141540629312923,0.0220878973360878,110,R2_Percent,0.014638782837319569,0.15824521928146984,True
13,3,Nancy Grace,0.09468872407371183,0.0936342143904874,0.01293600477752937,0.13661610613169892,0.06884337649132344,0.12039371879798827,0.05155034230666483,0.06845456186194487,0.12264218698782518,0.05418762512588031,110,R2_Percent,0.12370273065646177,0.08121163448836317,False
13,3,Ricki Lake,0.13036299088341047,0.13027052197909766,0.015325247101205818,0.11755826555799016,0.10394147380985214,0.16028147795938405,0.056340004149531914,0.10236200448198132,0.1628407303181622,0.060478725836180885,110,R2_Percent,0.18005251357814026,0.046153012772646884,False
13,3,Rob Kardashian,0.13409473781966771,0.13564242476481364,0.015086607959251135,0.11250708420445099,0.10652404323836917,0.16183673956972672,0.05531269633135755,0.10541810489217208,0.1643061793026768,0.05888807441050471,110,R2_Percent,0.1885287041029492,0.04750809864664645,False
13,4,Carson Kressley,0.07027456405828648,0.07018389763453727,0.0058668174636778885,0.08348422423242478,0.060314700632074204,0.08157243036178756,0.021257729729713355,0.0588052005203819,0.08361670122321374,0.02481150070283184,110,R2_Percent,0.022812205110540995,0.19457266467896994,False
13,4,Chaz Bono,0.0885384934022093,0.08837479730282247,0.00760713693863742,0.08591897881162273,0.07501925498629579,0.10191882635856812,0.026899571372272335,0.07473474047226471,0.10248065900361496,0.02774591853135025,110,R2_Percent,0.04126560801398796,0.1656716465298775,False
13,4,Chynna Phillips,0.06446580071321016,0.06434644954078275,0.005623523927412267,0.087232670116512,0.054125336815599806,0.07708439097016422,0.02295905415456441,0.054002368672246524,0.07780107391582695,0.02379870524358043,110,R2_Percent,0.015475045696409659,0.19803974051406376,True
13,4,David Arquette,0.09773801998858399,0.09732135524493135,0.008846221630612019,0.09050952363926829,0.08144582747833444,0.1156069717639869,0.034161144285652464,0.08071916009277061,0.11837445628929222,0.03765529619652161,110,R2_Percent,0.06069532973207049,0.13555075333596175,False
13,4,Hope Solo,0.1267287991752588,0.12740753227865703,0.013581133108096567,0.1071669044170033,0.101331231545702,0.15125815065280349,0.04992691910710148,0.10090624663701343,0.1519425775179167,0.05103633088090327,110,R2_Percent,0.15924043779754357,0.06631042190176246,False
13,4,J.R. Martinez,0.14502560367526016,0.14205948914625185,0.01589361991180477,0.10959182040292416,0.11877375289918879,0.17886258057997564,0.060088827680786855,0.11794966180990296,0.18577867175947133,0.06782900994956836,110,R2_Percent,0.19053281311077339,0.04997889442090862,False
13,4,Nancy Grace,0.10726423996698062,0.10668561609481836,0.01412692269288048,0.1317020723516915,0.08111971184476818,0.13278719517819068,0.0516674833334225,0.07827078621324836,0.1378525711087557,0.05958178489550735,110,R2_Percent,0.1250762673560642,0.09276533499700165,False
13,4,Ricki Lake,0.14582595873608525,0.146197741718316,0.01662343669065247,0.1139950447419135,0.11587798087236847,0.17955569806969565,0.06367771719732718,0.11433149543933187,0.18096317940157178,0.06663168396223991,110,R2_Percent,0.18672330055560873,0.04646209831899017,False
13,4,Rob Kardashian,0.1541385202841252,0.15524761102820173,0.01669091678415849,0.10828517591444335,0.12347432472713743,0.18382814212491028,0.060353817397772846,0.12128346864390308,0.1869646627988254,0.06568119415492232,110,R2_Percent,0.198178992627001,0.05064844530246396,False
13,5,Carson Kressley,0.06872135623769292,0.06842899657140786,0.0058644970487560415,0.08533732990472369,0.0591294478434131,0.08164751509119969,0.022518067247786593,0.057640455910372146,0.08179014022392378,0.024149684313551634,110,R2_Percent,0.019489149606810276,0.2574455637447219,True
13,5,Chaz Bono,0.07711124893122152,0.07726699079613256,0.0065769630884540044,0.08529187608308937,0.06534947288587312,0.08938866096679372,0.024039188080920607,0.06442388531317768,0.08954006606314059,0.025116180749962913,110,R2_Percent,0.03478405003297397,0.21515557880586558,False
13,5,David Arquette,0.09402486477036513,0.0939806085629134,0.007758832790127528,0.08251894654756224,0.07944380143329557,0.10941089668848299,0.029967095255187412,0.07877030705469613,0.11230155003550071,0.03353124298080458,110,R2_Percent,0.05367919260033843,0.16294125490283534,False
13,5,Hope Solo,0.14415134004856633,0.14423215892102648,0.015406189504377488,0.10687510431180838,0.11533545000944494,0.1738000867555244,0.058464636746079476,0.11494530522652228,0.17398369936946959,0.0590383941429473,110,R2_Percent,0.165436051743705,0.07801375988413944,False
13,5,J.R. Martinez,0.16646156536873222,0.16287503427347846,0.01738813762274624,0.10445737179167722,0.13741299794630882,0.2028385414438937,0.06542554349758489,0.1357845466042302,0.20864407674979493,0.07285953014556473,110,R2_Percent,0.2009684409470952,0.052656556459813826,False
13,5,Nancy Grace,0.1104378913744019,0.10985531271233692,0.013711370560105025,0.12415458489352457,0.08503518189880137,0.13586733473727966,0.05083215283847829,0.0829834638813391,0.1400362172457376,0.05705275336439848,110,R2_Percent,0.11907572993297462,0.11573370033584181,False
13,5,Ricki Lake,0.16684557962819907,0.16728313706658982,0.018006159781285738,0.10792110777768825,0.13519513036178848,0.2036453929824417,0.06845026262065321,0.1325568213778164,0.20581212164379295,0.07325530026597654,110,R2_Percent,0.19829637269664058,0.06214718467473144,False
13,5,Rob Kardashian,0.17224615364082096,0.17339851202222045,0.0184651984901805,0.10720238507435904,0.13905367991525022,0.20605642335833455,0.06700274344308432,0.13629561015451236,0.20762972410858507,0.07133411395407271,110,R2_Percent,0.20827101243946192,0.05590640119205058,False
13,6,Chaz Bono,0.07540816041115368,0.07488220192682996,0.00655162050843043,0.08688211557885152,0.06363131349423816,0.08721269228580347,0.023581378791565313,0.06311328509165959,0.08819875366494188,0.025085468573282296,110,R2_Percent,0.028192313893881316,0.314149464585274,True
13,6,David Arquette,0.08567645390207078,0.08520748290460133,0.007101607510545682,0.08288867229102298,0.0724700629846736,0.10009580558324142,0.02762574259856783,0.07189160489250108,0.10231966527914772,0.030428060386646638,110,R2_Percent,0.045063884323278104,0.23660396747365905,False
13,6,Hope Solo,0.15371204624946763,0.15262135085208794,0.015874167427335942,0.10327211051222943,0.12388867870804242,0.18380361479733673,0.05991493608929431,0.12326379229398697,0.18610931516487778,0.0628455228708908,110,R2_Percent,0.1674395044209477,0.11496781451632931,False
13,6,J.R. Martinez,0.18777926144217064,0.18389267199793194,0.01864751692169258,0.09930551850335909,0.1563827101910946,0.22603149792093516,0.06964878772984057,0.15424802470210394,0.23211610932263999,0.07786808462053604,110,R2_Percent,0.21546264957698869,0.056667112521794405,False
13,6,Nancy Grace,0.105507030660623,0.10504999614747104,0.011639665679765899,0.11032123268833513,0.08387095910390893,0.12769316992003682,0.04382221081612789,0.08234258266419754,0.12969728284089768,0.04735470017670014,110,R2_Percent,0.10588608120116495,0.14898405423069117,False
13,6,Ricki Lake,0.1924910930119886,0.19307119395490321,0.01984928095664594,0.10311791909981881,0.15635199121614923,0.23253080156071537,0.07617881034456614,0.15550638392080537,0.2343548185883029,0.07884843466749752,110,R2_Percent,0.21236961581532018,0.0578930022871043,False
13,6,Rob Kardashian,0.1994259543225257,0.2015887303628084,0.02034888313538558,0.10203728599175177,0.16172432641719905,0.23611507200453655,0.07439074558733749,0.15885468488870377,0.23972960100843538,0.0808749161197316,110,R2_Percent,0.22558595076841903,0.07073458438514775,False
13,7,David Arquette,0.08594485187744719,0.08521469547419297,0.00739401132100589,0.08603204449696834,0.07262350476718582,0.10052753230514555,0.02790402753795973,0.07131165128117549,0.10235470417673806,0.03104305289556257,110,R2_Percent,0.03550933981415767,0.3546314288306037,True
13,7,Hope Solo,0.14544446901067623,0.14554165008615133,0.01315516420408647,0.09044801973955315,0.12092176748233234,0.16928287768272487,0.048361110200392535,0.12009628575968688,0.17234282864157935,0.05224654288189247,110,R2_Percent,0.157175206530494,0.1423591444051229,False
13,7,J.R. Martinez,0.21694477396841763,0.2121387380164872,0.02034256897546987,0.09376842135146937,0.1823219406150723,0.2591432903842775,0.07682134976920524,0.17967312150716672,0.261428243709911,0.08175512220274431,110,R2_Percent,0.23998447803961465,0.0841482484339082,False
13,7,Nancy Grace,0.09619298404310928,0.09530445433388257,0.010559832540810362,0.10977757521357202,0.07774781728539157,0.11531556955025718,0.03756775226486561,0.07623256717099684,0.11750971059876264,0.0412771434277658,110,R2_Percent,0.08750723838996255,0.2656352802481463,False
13,7,Ricki Lake,0.2223366525326488,0.22221532059914584,0.021678827659875433,0.09750451584536664,0.1839703157036715,0.26745054794337453,0.08348023223970302,0.18195122218178517,0.2688495630018805,0.08689834082009534,110,R2_Percent,0.2340052257999224,0.07793478794476133,False
13,7,Rob Kardashian,0.23313626856770087,0.23591660530605268,0.022749321471470976,0.09757950408674727,0.19090080292640524,0.2734343914250245,0.08253358849861928,0.18596228362533507,0.2769851271631376,0.09102284353780254,110,R2_Percent,0.2458185114258488,0.07529111013745758,False
13,8,Hope Solo,0.1272482230678127,0.12710214798304836,0.011439962557327897,0.08990272933895,0.10725801326428458,0.14795896556971933,0.040700952305434746,0.10636977722032344,0.15037164513498474,0.044001867914661305,110,R2_Percent,0.1348417898758894,0.23903767807958567,False
13,8,J.R. Martinez,0.25252137069076636,0.24791790610437775,0.02259390865532143,0.08947325366370504,0.21393453381473404,0.29718676774681424,0.0832522339320802,0.20963612789923053,0.29943018238946334,0.08979405449023281,110,R2_Percent,0.2685537329874995,0.07652810720633417,False
13,8,Nancy Grace,0.0948629722588477,0.09385258882537603,0.010723638765029003,0.11304346163398679,0.07641588477401341,0.11459617258631635,0.03818028781230294,0.07551511693805331,0.11625862707058075,0.040743510132527444,110,R2_Percent,0.06176734107286548,0.49078107097681417,True
13,8,Ricki Lake,0.25646552370474046,0.2559629256443313,0.02419861854938382,0.09435427499114002,0.21370472327861298,0.3060047078159264,0.09229998453731345,0.2097263144931376,0.3092430613852302,0.09951674689209261,110,R2_Percent,0.2618435274297692,0.09926789321250652,False
13,8,Rob Kardashian,0.26890191027783283,0.2725596809949326,0.025354604042237952,0.09428941585443278,0.22212527585138786,0.3127411279509586,0.09061585209957074,0.21545701060811842,0.3174796876930743,0.10202267708495585,110,R2_Percent,0.2729936086339765,0.09438525052475949,False
13,9,Hope Solo,0.12057151153696984,0.12022441509769424,0.010599925464108175,0.08791401326057033,0.10402212716683516,0.14192837183088583,0.03790624466405067,0.10257743427266607,0.1435258222615717,0.04094838798890564,110,R2_Percent,0.09648747092124609,0.6710894712007479,True
13,9,J.R. Martinez,0.2843002000238737,0.282079077431555,0.024541403484429222,0.08632214638740457,0.2404001989107431,0.3334517016914155,0.09305150278067242,0.2361161097461655,0.334676574376005,0.0985604646298395,110,R2_Percent,0.3122656856792364,0.12290588616692066,False
13,9,Ricki Lake,0.2906308896371441,0.2899007428663375,0.02644448900567982,0.0909899461777654,0.24865574417889857,0.3440294762154437,0.09537373203654514,0.2400163366917984,0.34902810640139725,0.10901176970959886,110,R2_Percent,0.2890458388464935,0.10468260710589179,False
13,9,Rob Kardashian,0.3044973988020124,0.30700451738812806,0.028498935610076277,0.09359336310326449,0.25149160817118604,0.353575641079876,0.10208403290868995,0.24440998593949012,0.35921564367732645,0.11480565773783633,110,R2_Percent,0.30220100455302407,0.10132203552643967,False
13,10,J.R. Martinez,0.32709059868896606,0.3249461619084163,0.027578649418906125,0.08431501709142963,0.2740889618688134,0.3808451325760024,0.10675617070718901,0.271448028869458,0.3828207878836358,0.11137275901417781,110,R2_Percent,0.34407565593701855,0.3083952372767861,False
13,10,Ricki Lake,0.32780975705452686,0.3260397122012587,0.029262645918648654,0.08926715965254566,0.27941296428711837,0.3850176968000319,0.10560473251291352,0.2714053046797422,0.39067649484706535,0.11927119016732313,110,R2_Percent,0.3187517573428201,0.37250695214059876,False
13,10,Rob Kardashian,0.3450996442565074,0.34739966115227033,0.03172439624318198,0.09192822064922708,0.28422323789575876,0.3991883750950452,0.11496513719928642,0.2773946110774923,0.40284958220595496,0.12545497112846266,110,R2_Percent,0.3371725867201615,0.3190978105826151,False
27,1,Alexis Ren,0.09177509641201387,0.09153504565721718,0.00989979656733439,0.1078701843350878,0.07355549165041896,0.11438039222759225,0.04082490057717329,0.07089059777078012,0.11797836687705279,0.04708776910627267,102,R2_Percent,0.15373560915620918,0.03895252977286492,False
27,1,Bobby Bones,0.09484332653059054,0.09370043107522968,0.010924108636139884,0.11518057237919052,0.07421166203704388,0.11766691045262613,0.04345524841558225,0.07082409463117273,0.11951489090657309,0.048690796275400364,102,R2_Percent,0.166615006489313,0.03761846049701078,False
27,1,Danelle Umstead,0.058295699161787416,0.058120129381916255,0.004949782863293545,0.08490819965219847,0.04861452723021334,0.06706927903655618,0.018454751806342845,0.048244418329419364,0.06797809881512308,0.019733680485703717,102,R2_Percent,0.015968532927057747,0.11263774169795268,False
27,1,DeMarcus Ware,0.07531747823254943,0.0749274157057781,0.008000907358485567,0.1062290924529105,0.05960186891981104,0.09217226236315092,0.032570393443339875,0.05921529154976968,0.0957694740698854,0.03655418252011572,102,R2_Percent,0.030000269757358096,0.08924674910664948,False
27,1,Evanna Lynch,0.0940624001751224,0.09288657797123358,0.010334341278353783,0.10986686772943954,0.07685873249802112,0.1155668198886716,0.03870808739065047,0.07521773620525801,0.11792602444101845,0.042708288235760436,102,R2_Percent,0.15960627824362716,0.04169009682369766,False
27,1,Joe Amabile,0.0755559304696913,0.07506320434549218,0.007295973333986031,0.09656387379032752,0.06053438899366117,0.09068249043757562,0.03014810144391445,0.06021579811526489,0.09230886608861956,0.03209306797335467,102,R2_Percent,0.0993037331894783,0.07053256492312483,False
27,1,John Schneider,0.07802695311761029,0.07742840020018182,0.007189043118443508,0.0921353818289872,0.06474080091391804,0.09265504809938846,0.02791424718547042,0.06354014602419816,0.09427333451601058,0.03073318849181242,102,R2_Percent,0.045796144626412585,0.09163215281880173,False
27,1,Juan Pablo Di Pace,0.07425479632457752,0.07380937421663378,0.007986108073651129,0.10755006368535167,0.059591441959529014,0.0899839802800143,0.03039253832048528,0.058740842227527484,0.09120771693705557,0.03246687470952808,102,R2_Percent,0.08862788291690991,0.06112139708267835,False
27,1,Mary Lou Retton,0.07273081187865793,0.07240752676514682,0.006783650208196334,0.09327065150206199,0.06139359464105958,0.08711632165470101,0.02572272701364143,0.06014906627460292,0.08724261671066373,0.027093550436060813,102,R2_Percent,0.025060304217719077,0.1001825820170858,False
27,1,Milo Manheim,0.08541224908480888,0.0849002844290609,0.009674776458688462,0.1132715337946672,0.06808878421554126,0.10726036305099064,0.039171578835449375,0.06727358652084775,0.10784696351404766,0.040573376993199906,102,R2_Percent,0.16304598189018155,0.03855905880023573,False
27,1,Nancy McKeon,0.0654537293867766,0.06573820619736626,0.005653752468203548,0.0863778507530811,0.05484328519539824,0.07769874580372246,0.022855460608324225,0.053764285885693174,0.0779989213149258,0.024234635429232633,102,R2_Percent,0.018296390527382588,0.10641702928385771,False
27,1,Nikki Glaser,0.06184953493636998,0.06129057881347015,0.0055637510701627944,0.08995623129400587,0.051758869977336246,0.07471704512467113,0.022958175147334885,0.05040810944542523,0.07633528295934225,0.025927173513917018,102,R2_Percent,0.014078828994888156,0.1156791733384637,True
27,1,Tinashe,0.0724219942894439,0.07216782121176554,0.007059343171401666,0.09747512811077923,0.059587387313289705,0.0854206206411758,0.02583323332788609,0.05912745459534214,0.08646468713217864,0.027337232536836502,102,R2_Percent,0.019865037063462605,0.09573046383757666,False
27,2,Alexis Ren,0.10647278450527072,0.10602134171872728,0.012402724532652148,0.11648727503729535,0.08419787647128914,0.13371447036831177,0.049516593897022634,0.08011261460018543,0.13847184767804785,0.05835923307786242,102,R2_Percent,0.16038943194052713,0.042001320466600114,False
27,2,Bobby Bones,0.11843782200728853,0.11826554644174575,0.015880315590401217,0.13408145574835004,0.09060114300708594,0.1516686179324452,0.06106747492535927,0.08738173675902144,0.15817394560718773,0.07079220884816628,102,R2_Percent,0.1794157388792168,0.04184408767269162,False
27,2,Danelle Umstead,0.052785610583737805,0.05250266861581644,0.004467552996445199,0.0846358116736754,0.04428907755346813,0.06098397554433641,0.016694897990868283,0.04387000336976422,0.06149837394549729,0.01762837057573307,102,R2_Percent,0.0135734392237159,0.13524537230581668,True
27,2,DeMarcus Ware,0.07332223686304042,0.07324910225985323,0.008672697729290336,0.11828195783893206,0.057958741692748963,0.09250797841334006,0.0345492367205911,0.057119089219601925,0.09354379411596847,0.036424704896366546,102,R2_Percent,0.0269729670095519,0.10846938936469817,False
27,2,Evanna Lynch,0.11387483450654613,0.11151830853829098,0.014073828955676028,0.12359033509609174,0.09012112054837691,0.14527790650236683,0.055156785953989915,0.0879555432335147,0.1460866511276204,0.058131107894105694,102,R2_Percent,0.16871513256538742,0.04016038420033843,False
27,2,Joe Amabile,0.08171380366133013,0.0816201753950587,0.008358567695009773,0.10229076753852474,0.06493118447959911,0.09761762922256992,0.032686444742970805,0.06364167197964275,0.10118728960158034,0.03754561762193759,102,R2_Percent,0.10036130072108912,0.0761066501073639,False
27,2,John Schneider,0.08642031719314036,0.08559288054801995,0.00793996217137831,0.09187610540277612,0.07155452270152042,0.10187572280948937,0.030321200107968946,0.07041761572340421,0.1040718843580981,0.03365426863469388,102,R2_Percent,0.04501572922280943,0.10076398969827866,False
27,2,Juan Pablo Di Pace,0.08023993688773541,0.07914546541570812,0.009381217296749489,0.1169145647494072,0.0634497349081913,0.09786349206468005,0.034413757156488756,0.0617944813222103,0.09925834110400635,0.03746385978179605,102,R2_Percent,0.08813058650958656,0.06664173519774849,False
27,2,Mary Lou Retton,0.06857150359966772,0.06832181037389069,0.007847398189258139,0.11444109837626726,0.05696492735515477,0.08433254036109286,0.02736761300593809,0.05485019388008475,0.08599743471745976,0.03114724083737501,102,R2_Percent,0.021972405021110246,0.113733747181216,False
27,2,Milo Manheim,0.09113633993082942,0.09060320030832418,0.011348772974375204,0.12452522213409804,0.07131122922317518,0.11692525740010881,0.045614028176933635,0.07071805859676057,0.11829866313685207,0.0475806045400915,102,R2_Percent,0.16192124839035235,0.03999404080735037,False
27,2,Nancy McKeon,0.05470870444768901,0.05486050499282463,0.004518603025395177,0.0825938590762233,0.0452041571132144,0.06314022579752666,0.017936068684312266,0.044645045661787466,0.063946736798451,0.019301691136663537,102,R2_Percent,0.015520708799712906,0.12678021388002714,False
27,2,Tinashe,0.07231610581372434,0.07223293710545717,0.006415642445150961,0.08871664718336346,0.06086687652379545,0.08392532948208724,0.023058452958291786,0.05994309726330625,0.08461707734686479,0.024673980083558533,102,R2_Percent,0.018011311716940134,0.10825906911787038,False
27,3,Alexis Ren,0.11913892137707037,0.11930828113554592,0.014142549053190913,0.11870637143364977,0.09368995107075731,0.1494686578000904,0.05577870672933308,0.088158983267747,0.1548154931509439,0.0666565098831969,102,R2_Percent,0.16812403280117022,0.04590286890722787,False
27,3,Bobby Bones,0.12431061189888971,0.12378826456823631,0.01571273361092178,0.1263989724682718,0.09398290092918138,0.1559901526627773,0.06200725173359592,0.0907800968209862,0.1601747462556453,0.06939464943465909,102,R2_Percent,0.18568071876302675,0.043888100364293636,False
27,3,DeMarcus Ware,0.08065057454591563,0.08075890154450137,0.008929087675331814,0.1107132556166521,0.06514714531832153,0.10017555923165969,0.03502841391333816,0.06408955292640123,0.10136627921398253,0.0372767262875813,102,R2_Percent,0.025405235736017003,0.12323364536403832,False
27,3,Evanna Lynch,0.13115579996101318,0.1297720237693449,0.01716364205464448,0.13086452951182084,0.09975424681620666,0.16210340544352475,0.06234915862731809,0.09736176722747973,0.1677429569356062,0.07038118970812647,102,R2_Percent,0.17818566554983664,0.04173632301549644,False
27,3,Joe Amabile,0.08169482598913999,0.08202977865636377,0.00910866657100182,0.11149624790452055,0.06494236776145372,0.09930819103063358,0.03436582326917986,0.06263675386126849,0.10223894146436957,0.03960218760310108,102,R2_Percent,0.09718517171325076,0.09198845104870351,False
27,3,John Schneider,0.08758689381936989,0.0871031269088889,0.008168151312522057,0.0932576890940693,0.07300507249092311,0.10385954909335117,0.030854476602428058,0.07133476400778042,0.10686826899015182,0.0355335049823714,102,R2_Percent,0.04267684530977011,0.12424275485857206,False
27,3,Juan Pablo Di Pace,0.0803700611376426,0.07907984284837923,0.010054832624710876,0.12510669374122865,0.06354700573770974,0.09879840091205908,0.03525139517434933,0.06106674210435953,0.10115575249376707,0.04008901038940754,102,R2_Percent,0.08499807021514512,0.07366962075766365,False
27,3,Mary Lou Retton,0.07470006952187042,0.07417808343499697,0.007289002903970223,0.09757692262704219,0.06253803688104818,0.08915295235308789,0.026614915472039702,0.062194418725663204,0.09164146084165874,0.029447042115995532,102,R2_Percent,0.020515388023616125,0.13415352297067148,False
27,3,Milo Manheim,0.10474754152137673,0.1042848252054611,0.013251907732700737,0.12651282827479352,0.08168173471097794,0.13461874374996025,0.05293700903898231,0.08048863143794362,0.13687735437754645,0.05638872293960283,102,R2_Percent,0.16761736061790197,0.044902795934153035,False
27,3,Nancy McKeon,0.05350167446447286,0.053361312098177696,0.004337797836406573,0.08107779578538304,0.045027927275600454,0.062095663001654075,0.01706773572605362,0.04397536351403227,0.06237881458749618,0.01840345107346391,102,R2_Percent,0.013709410710382753,0.14799024958090629,True
27,3,Tinashe,0.06214302576323862,0.061795575562770544,0.005582198103765872,0.08982823149026775,0.05192913465566707,0.07230402072543508,0.020374886069768013,0.051474320415300576,0.0725730962306727,0.02109877581537213,102,R2_Percent,0.015902100559882566,0.12829166719827378,False
27,4,Alexis Ren,0.1380217236197418,0.1381832349561876,0.01659859585993212,0.12026074899384864,0.10812544043339381,0.1736053979683838,0.06547995753499,0.10419386685197153,0.18205129146567856,0.07785742461370702,102,R2_Percent,0.17943870661410494,0.04849560763362006,False
27,4,Bobby Bones,0.13840716021202876,0.1376821116341987,0.017216685152630803,0.12439157863116483,0.10529324957112292,0.17339053641122285,0.06809728684009993,0.10164781364250164,0.17744382605384626,0.07579601241134462,102,R2_Percent,0.1970561740867028,0.049833958149905946,False
27,4,DeMarcus Ware,0.08550894124171117,0.08516007368983321,0.009130271201377339,0.10677563151634022,0.07116853249823918,0.1050192495518456,0.03385071705360643,0.06922590932634191,0.10704900308055486,0.037823093754212944,102,R2_Percent,0.02385856659783143,0.1556329277810009,False
27,4,Evanna Lynch,0.13241584957922675,0.1307685266913445,0.015802386733928454,0.11933908806342405,0.10381307348994671,0.16253555924232838,0.05872248575238166,0.09944824544198949,0.16572771527713445,0.06627946983514496,102,R2_Percent,0.18137831293173368,0.04929771600559076,False
27,4,Joe Amabile,0.08614733423725746,0.08637590045335648,0.00918403962818412,0.10660851794775744,0.06881785046769562,0.10357640714549807,0.03475855667780245,0.06667474256540104,0.10616053563285431,0.03948579306745327,102,R2_Percent,0.09269521588295745,0.11909956709892791,False
27,4,John Schneider,0.0895651486526945,0.08875846631697636,0.008144258391296894,0.0909311100780703,0.07502234519131298,0.10485458857400488,0.0298322433826919,0.0733490440530869,0.10835407398232352,0.035005029929236625,102,R2_Percent,0.039938757984578514,0.1434602200230965,False
27,4,Juan Pablo Di Pace,0.08524027081712522,0.08395804041208056,0.010466034162454074,0.12278274179710127,0.06697571425787247,0.10437792823519962,0.03740221397732715,0.06529206557674802,0.10700902752660656,0.041716961949858536,102,R2_Percent,0.08244074886764939,0.09775695903424116,False
27,4,Mary Lou Retton,0.07471397635198258,0.07401350139612771,0.006175263309664965,0.08265205000698775,0.06361173919543367,0.08610590353404442,0.022494164338610748,0.06347654013949348,0.08837556180425216,0.024899021664758672,102,R2_Percent,0.01895780959033639,0.14289473618074935,False
27,4,Milo Manheim,0.1090484744966087,0.10859487882706731,0.01453022319785634,0.13324554300214642,0.0846455386646054,0.14166102785089954,0.057015489186294135,0.08397488916211104,0.1439934305096945,0.06001854134758344,102,R2_Percent,0.16991564341557497,0.04597352588757858,False
27,4,Tinashe,0.06093112079162302,0.06038668855663266,0.005425072566071236,0.08903615255370602,0.051102079128662985,0.07089643380467937,0.01979435467601639,0.05087308670422705,0.0716783360154461,0.02080524931121905,102,R2_Percent,0.014320064028530317,0.14755478220528886,True
27,5,Alexis Ren,0.1517426287873802,0.15070613126609345,0.01699767064155997,0.11201645033695104,0.12007114408466392,0.18743852148676896,0.06736737740210504,0.11525992590403376,0.1955955591569319,0.08033563325289812,102,R2_Percent,0.18888616332252603,0.049547273058108805,False
27,5,Bobby Bones,0.15696893728456332,0.15620989557517395,0.01885007751686463,0.12008794760897187,0.12052930758961806,0.1957589207192391,0.07522961312962102,0.11652536998134114,0.20008565839920886,0.08356028841786772,102,R2_Percent,0.2105480179376722,0.05472882626973904,False
27,5,DeMarcus Ware,0.0900662497377352,0.08940602823979232,0.009050843160272489,0.10049095178968515,0.0745920341992312,0.10563349741898642,0.03104146321975522,0.07343999339946719,0.11169572997205314,0.03825573657258595,102,R2_Percent,0.022335326354306677,0.17224146475410984,False
27,5,Evanna Lynch,0.12819341107108345,0.1269104331989839,0.014871594778753269,0.11600904176351892,0.10173205441591408,0.1559688270076821,0.054236772591768026,0.10056728777536572,0.15703789950308533,0.05647061172771961,102,R2_Percent,0.1810249567321761,0.06114022207606478,False
27,5,Joe Amabile,0.08838129933643796,0.08844230435967514,0.008857528649216963,0.10021948891585451,0.07063069378690973,0.10422423070762883,0.033593536920719105,0.06906787341752281,0.1063675463961513,0.03729967297862849,102,R2_Percent,0.08320962528769245,0.1496345868988853,False
27,5,John Schneider,0.08749575462680015,0.08741463562584653,0.007245982852116336,0.08281525067156657,0.0739304625346315,0.10099556938386638,0.027065106849234882,0.07309889444703356,0.10307261016812043,0.02997371572108687,102,R2_Percent,0.036087962996673474,0.16667960459973677,False
27,5,Juan Pablo Di Pace,0.08895638251426469,0.08809257934749479,0.010516064304244236,0.11821596165466736,0.0700266278918365,0.10951634215767436,0.03948971426583786,0.06896687062360259,0.111580906859941,0.042614036236338415,102,R2_Percent,0.07709372772982359,0.10739184050210848,False
27,5,Mary Lou Retton,0.07442772521040708,0.07443558644536215,0.005933167422814752,0.07971716730615769,0.06402777632879109,0.08587079797347488,0.021843021644683797,0.06361158044490747,0.08649950382602434,0.022887923381116865,102,R2_Percent,0.017401004793793966,0.18386652547464793,False
27,5,Milo Manheim,0.13376761143132793,0.13412481376784025,0.016267391279414692,0.1216093425407828,0.1047077412953375,0.16986421259073456,0.06515647129539706,0.10344117858497148,0.17260435891615222,0.06916318033118074,102,R2_Percent,0.18341321484533554,0.05476965636659916,False
27,6,Alexis Ren,0.15345626310903174,0.15325025206368717,0.016286757712676552,0.10613289664889532,0.12294398479239686,0.18425133204573188,0.06130734725333502,0.1154368722569439,0.18925992599647803,0.07382305373953413,102,R2_Percent,0.19179024705276093,0.05102055854834428,False
27,6,Bobby Bones,0.16135047655998613,0.16043059100880872,0.017822747897388906,0.11045984045025642,0.12683713763698537,0.19837684937898964,0.07153971174200427,0.12140864003852626,0.20156631787069262,0.08015767783216636,102,R2_Percent,0.21609928937629305,0.05015422824569025,False
27,6,DeMarcus Ware,0.08174458757342573,0.08069756366570802,0.008642418612092823,0.10572465858158392,0.06781506601441552,0.09810674381294404,0.030291677798528524,0.06652901524348198,0.1046008782596902,0.03807186301620821,102,R2_Percent,0.020063979513921405,0.17255555663155725,False
27,6,Evanna Lynch,0.16183205492048147,0.1597529210346643,0.017737208995964145,0.10960256918618243,0.1292482285933954,0.19408088502402804,0.06483265643063263,0.1246109625931177,0.19736006792329044,0.07274910533017274,102,R2_Percent,0.19509399058857665,0.04694304674826111,False
27,6,Joe Amabile,0.07899696275552137,0.079362369451353,0.007711132385030293,0.09761302353983647,0.06473265296403985,0.09285152026473191,0.02811886730069206,0.06234981059587398,0.09438492967021557,0.03203511907434159,102,R2_Percent,0.07183183355480777,0.13609775109799657,False
27,6,John Schneider,0.07106784316345585,0.071106479783749,0.006060080426854559,0.08527176507828428,0.05996270587501171,0.08339495616567741,0.0234322502906657,0.058617110208386364,0.08540549400603001,0.026788383797643645,102,R2_Percent,0.03096430629726095,0.19771155324389045,False
27,6,Juan Pablo Di Pace,0.08136705527548317,0.08103953021234389,0.00944169072318949,0.11603825026262662,0.06504503771997495,0.0987906551021176,0.03374561738214264,0.06316502031270431,0.10041829905855794,0.03725327874585363,102,R2_Percent,0.06932582481914366,0.10874239959804428,False
27,6,Mary Lou Retton,0.06678308236445077,0.06669524683931258,0.005770148993888655,0.08640135779297538,0.05698688091790723,0.07782102857633676,0.020834147658429523,0.056441547595247554,0.07808821798746482,0.021646670392217265,102,R2_Percent,0.015307041188990397,0.18943923585116654,True
27,6,Milo Manheim,0.14340167427816378,0.14342437222478688,0.016520085302757066,0.1152014813349542,0.11461187250817689,0.17959893898141968,0.06498706647324279,0.1132072511810584,0.18208941555377042,0.06888216437271202,102,R2_Percent,0.1895234876082452,0.0473356700350492,False
27,7,Alexis Ren,0.19161931485218398,0.19297167275398963,0.020088575177301348,0.10483585745412861,0.15460345236818976,0.2342400053007086,0.07963655293251884,0.1483972076683984,0.24167942436544101,0.09328221669704262,102,R2_Percent,0.20741920508910444,0.05825501489920919,False
27,7,Bobby Bones,0.18795719151582024,0.18711162216673985,0.019973748165910663,0.10626753892643413,0.14986376390911027,0.22893457021873398,0.07907080630962371,0.14550877212287916,0.23403005166508276,0.0885212795422036,102,R2_Percent,0.22965169241059025,0.05156302415674469,False
27,7,DeMarcus Ware,0.06739103585076027,0.06711604197946791,0.006589272811934286,0.09777669579862897,0.05708531399179212,0.0826165922782834,0.02553127828649128,0.055420031067744485,0.08385815225408488,0.028438121186340398,102,R2_Percent,0.01636004251915946,0.2255843164099968,True
27,7,Evanna Lynch,0.15706706357229833,0.15574107702310375,0.016804643838849952,0.10699024643772459,0.12728702910519016,0.18767966809258158,0.06039263898739142,0.12553423954907877,0.18919202875002533,0.06365778920094656,102,R2_Percent,0.1942368011312635,0.059884551703202005,False
27,7,Joe Amabile,0.07349897667701123,0.07361078185036501,0.006704733278871213,0.09122213100101974,0.06001435183597286,0.08507982467019068,0.025065472834217818,0.0590909464186048,0.08636272308320404,0.02727177666459924,102,R2_Percent,0.059957058435672936,0.18354564138550444,False
27,7,John Schneider,0.07188249834941368,0.0722536483250702,0.006089528076336398,0.0847150310042899,0.06053158096874849,0.08424752729165193,0.023715946322903435,0.059971643161043135,0.08566425160846393,0.025692608447420794,102,R2_Percent,0.026351583973191615,0.2071927694273512,True
27,7,Juan Pablo Di Pace,0.07766111836730373,0.07761298122636585,0.008011323878583585,0.10315746215105305,0.06298651505161285,0.09386108216213672,0.030874567110523873,0.0620982221412038,0.09549235607920939,0.03339413393800559,102,R2_Percent,0.06159095275185199,0.15727466292774941,False
27,7,Milo Manheim,0.17292280081520842,0.17373607091478835,0.017936568519509383,0.10372587325067127,0.14052417351114047,0.21210641030569946,0.071582236794559,0.13980146588170728,0.21517649756336654,0.07537503168165927,102,R2_Percent,0.2044326636891658,0.05670001909024234,False
27,8,Alexis Ren,0.21609446721044187,0.21577761328737988,0.02070527791335918,0.09581586322242815,0.17915093707120702,0.25331787230845587,0.07416693523724885,0.16793391417706074,0.261889294386926,0.09395538020986524,102,R2_Percent,0.21903304953291583,0.08590399997948507,False
27,8,Bobby Bones,0.21177212503494622,0.2126802303862324,0.021429526371784052,0.10119144041383064,0.1716157087430792,0.25653632577978486,0.08492061703670567,0.16644327442404747,0.2581370591785043,0.09169378475445686,102,R2_Percent,0.25130496418503084,0.09085676407703859,False
27,8,Evanna Lynch,0.22107087211783885,0.22173980040465488,0.02211464200321065,0.10003417361751185,0.17972237509044817,0.2614797444311435,0.08175736934069536,0.17401575052668977,0.2633918039950544,0.08937605346836464,102,R2_Percent,0.21741100625163795,0.08687360582917772,False
27,8,Joe Amabile,0.0727405127921081,0.07301970559046739,0.007140403593933641,0.09816267881339891,0.05976379352198715,0.08539691766475224,0.02563312414276509,0.058087852636245295,0.08646227425341908,0.028374421617173788,102,R2_Percent,0.042338432691235696,0.37757001200335405,True
27,8,Juan Pablo Di Pace,0.07496035478132579,0.07485100327208127,0.008409972899688112,0.11219227716066273,0.05993977404669074,0.09206815260681993,0.032128378560129185,0.05864784532626791,0.09211436485850016,0.03346651953223225,102,R2_Percent,0.04780412828555488,0.2691003257272446,True
27,8,Milo Manheim,0.20336166806333925,0.20358702583362043,0.021003319996320675,0.10328062410355013,0.1650675817390381,0.24708562375257093,0.08201804201353283,0.16439723753224028,0.252130969637887,0.08773373210564672,102,R2_Percent,0.2221084190536248,0.08969529238369996,False
27,9,Alexis Ren,0.2626439998763273,0.2622808406300829,0.02336464749750239,0.08895938041038148,0.22055021172097633,0.31123075451079857,0.09068054278982224,0.2145101070033514,0.3188827003410777,0.10437259333772628,102,R2_Percent,0.24525207025649887,0.2634802741356744,False
27,9,Bobby Bones,0.26017096195438405,0.25890650294578094,0.025111323765522546,0.09651854909897797,0.21389153207082845,0.31190191296671615,0.0980103808958877,0.20790025328218908,0.3168428122912807,0.10894255900909161,102,R2_Percent,0.28003077792936015,0.22660061782354293,False
27,9,Evanna Lynch,0.22717739779527885,0.22665607533069243,0.023178777121558605,0.10202941554267729,0.18849999646871418,0.2702860983401153,0.08178610187140112,0.18260380391879955,0.27115437719838853,0.08855057327958898,102,R2_Percent,0.22740193737747189,0.2724974519534835,False
27,9,Milo Manheim,0.25000764037400974,0.24960358934036536,0.02457011503675911,0.09827745664093458,0.20615925527484544,0.30364363114737114,0.0974843758725257,0.20501106807511837,0.30792115015343013,0.10291008207831176,102,R2_Percent,0.24731521443666904,0.23742165608729898,False
29,1,AJ McLean,0.06660813936830633,0.06599997798752585,0.002934277175230765,0.04405283202711651,0.061824737745684005,0.07292762103448748,0.011102883288803475,0.061511472699919294,0.07311882140510063,0.01160734870518134,112,R3_Bottom2,0.06911980040876109,0.024395223051919608,False
29,1,Anne Heche,0.07021036300641897,0.0709414403515749,0.0027471594820583536,0.039127549900392834,0.06378116554207243,0.07363496304679654,0.009853797504724107,0.06307482199601099,0.07372939066201378,0.010654568666002798,112,R3_Bottom2,0.07063210769651274,0.020491226381683447,False
29,1,Carole Baskin,0.06254906990948074,0.0626516475685106,0.0024849021339626394,0.03972724354748552,0.05627426750243346,0.06654006053021146,0.010265793027777997,0.056000993013453744,0.06709780766379406,0.011096814650340313,112,R3_Bottom2,0.06591738513882679,0.1649299635438129,False
29,1,Charles Oakley,0.0524957759410602,0.05332310770763472,0.0035992361282881423,0.0685623950454451,0.04505100077414276,0.058051489490713364,0.013000488716570606,0.04432796642809245,0.05827593950523272,0.013947973077140276,112,R3_Bottom2,0.06322294151535365,0.2451909841033919,False
29,1,Chrishell Stause,0.0673518734680884,0.06672340674423433,0.0029498133384548066,0.04379704953348389,0.06281954000446059,0.07436436753598287,0.011544827531522278,0.06258374036038979,0.07590185785402648,0.013318117493636691,112,R3_Bottom2,0.06697126356065938,0.108164469862781,False
29,1,Jeannie Mai,0.0684984242220125,0.06796423324036394,0.002499073632647817,0.03648366602635978,0.06514352774569505,0.07419060538521094,0.009047077639515885,0.0649311593871661,0.07440480937751444,0.009473649990348332,112,R3_Bottom2,0.06670024326013224,0.040966119020827196,False
29,1,Jesse Metcalfe,0.06755981779115229,0.06720557078816117,0.003695584871916968,0.05470093012004757,0.06187327913850185,0.0747738153782718,0.012900536239769944,0.06175947245877764,0.07556857034548754,0.013809097886709906,112,R3_Bottom2,0.06536859115076935,0.056629930190193876,False
29,1,Johnny Weir,0.06758064691146383,0.06762074741983017,0.002540975425489103,0.03759915806692393,0.06306479640788937,0.07321233272223447,0.010147536314345104,0.06292653754985847,0.07341887573649,0.010492338186631534,112,R3_Bottom2,0.07143123637253229,0.021607603749530253,False
29,1,Justina Machado,0.06737449541041293,0.06666479487936197,0.0028096277788359036,0.041701652260562494,0.06318959969538072,0.07247659478960743,0.009286995094226702,0.06310488766454499,0.07280112112836522,0.00969623346382023,112,R3_Bottom2,0.06605004826995654,0.006524142473539295,False
29,1,Kaitlyn Bristowe,0.06644498065338704,0.06618717023293978,0.0030330494932724822,0.045647533695502285,0.0616399475008313,0.07209472185673385,0.01045477435590255,0.06141205785231415,0.07304114176047645,0.0116290839081623,112,R3_Bottom2,0.06723006718231689,0.014755849533896309,False
29,1,Monica Aldama,0.06992299608923386,0.0696132260441043,0.00281925807172291,0.04031946897877557,0.06492115004706922,0.07662445905031078,0.011703309003241555,0.06429243234102165,0.07945164000110704,0.015159207660085383,112,R3_Bottom2,0.06746482574901295,0.025955654714943908,False
29,1,Nelly,0.06868323227964271,0.06793291186334555,0.0028540364241034727,0.04155361256854232,0.06477746359802386,0.07441316459094643,0.009635700992922575,0.06460615231001741,0.07514420833220589,0.010538056022188477,112,R3_Bottom2,0.06408930602096027,0.13755834413271764,False
29,1,Nev Schulman,0.06600364124536162,0.06586676283106327,0.002823818435415887,0.04278276746761043,0.0619328608416148,0.07285871917069572,0.010925858329080926,0.06150821821451607,0.07341632631557232,0.011908108101056254,112,R3_Bottom2,0.0677786254401361,0.01521947837537467,False
29,1,Skai Jackson,0.07105708885954985,0.07115979159299696,0.002549252255988304,0.0358761145003718,0.06621082757251577,0.07763265234841471,0.01142182477589894,0.06585177253416792,0.07794885694518111,0.01209708441101319,112,R3_Bottom2,0.06300717048985148,0.0163488597617006,False
29,1,Veron Davis,0.06765945484442873,0.06724111914273415,0.0024068295657528735,0.03557270112930948,0.06344125710033541,0.0724770103223607,0.009035753222025295,0.06316279594816121,0.07383319258379743,0.010670396635636223,112,R3_Bottom2,0.0650163877442181,0.10126215100368738,False
29,2,AJ McLean,0.06745660902859864,0.06734591476809693,0.0010882685513961825,0.016132867736277767,0.06577128396422487,0.06994530300608107,0.0041740190418562,0.06550093643695555,0.07003855146890473,0.004537615031949174,112,R3_Bottom2,0.06665118773429923,0.02703625526383519,False
29,2,Anne Heche,0.0717690569491456,0.07212190734832936,0.002704607435493496,0.03768486797046724,0.0654188244977285,0.07540003410029929,0.00998120960257079,0.0648662240611508,0.07577594615675652,0.010909722095605714,112,R3_Bottom2,0.06698978505554422,0.045156988756375784,False
29,2,Carole Baskin,0.060895602887527725,0.059872173201535706,0.00444552594865368,0.07300241294703046,0.05439023484836959,0.0706510518997227,0.016260817051353113,0.05361631661812937,0.07138196184363134,0.017765645225501968,112,R3_Bottom2,0.0675150660622732,0.08189629320064803,False
29,2,Charles Oakley,0.045755250367342105,0.04633374143551461,0.002579769077684666,0.05638192463101417,0.0398498449272762,0.04901814764849561,0.009168302721219407,0.03956137254248088,0.04922768298024766,0.009666310437766786,112,R3_Bottom2,0.059541951606648505,0.3621601992166064,True
29,2,Chrishell Stause,0.06800851737484384,0.0678092629715242,0.001321515650634556,0.01943161976831127,0.0659464087980612,0.07061502849907023,0.0046686197010090275,0.0655875287531098,0.07098455118799825,0.005397022434888446,112,R3_Bottom2,0.06704485641632477,0.04876040833862757,False
29,2,Jeannie Mai,0.06823295671768301,0.06808318073843272,0.000889001062180328,0.013028910147608153,0.06690251924826993,0.07010974474632284,0.0032072254980529125,0.06685429267390378,0.07040544267877354,0.0035511500048697603,112,R3_Bottom2,0.06725594777605243,0.04846894471733127,False
29,2,Jesse Metcalfe,0.06981666663148922,0.06982787066965634,0.0034252792457410324,0.04906105391454106,0.064191457335404,0.07632977329564074,0.012138315960236734,0.06414786330222448,0.07699803533053529,0.012850172028310805,112,R3_Bottom2,0.06663666852285478,0.019421931413752026,False
29,2,Johnny Weir,0.06842342694498207,0.06842319072703415,0.0008111864020324624,0.011855389860620711,0.06646655396717847,0.06986767750652018,0.003401123539341702,0.06641091137866274,0.0700045634605445,0.003593652081881754,112,R3_Bottom2,0.06714247219306972,0.05250321324361169,False
29,2,Justina Machado,0.066631552857917,0.06647869148917393,0.0009008316121378515,0.013519595049191728,0.06526803334756857,0.06892020708485141,0.0036521737372828406,0.06511791444129032,0.06912779822590139,0.004009883784611062,112,R3_Bottom2,0.06671243076258195,0.010111250388825222,False
29,2,Kaitlyn Bristowe,0.06616258375505184,0.06620701212896868,0.0009463899180285675,0.014304004836514657,0.06442459992787292,0.06831190088956529,0.003887300961692375,0.06401136321476922,0.06839018883912881,0.004378825624359595,112,R3_Bottom2,0.06650821620433185,0.00448382566566649,False
29,2,Monica Aldama,0.07086212711502918,0.0708588676267438,0.0014965830076941258,0.021119645551491144,0.06818754677900837,0.07396818130209294,0.0057806345230845685,0.06777409380496087,0.07416987094658958,0.006395777141628714,112,R3_Bottom2,0.06822075376410465,0.08032692557970297,False
29,2,Nelly,0.06861510742199933,0.06850712783414753,0.0010144266415027315,0.014784304501103013,0.06679289406755887,0.0711438871408159,0.004350993073257037,0.06661124619344287,0.07147257029640953,0.004861324102966663,112,R3_Bottom2,0.06697169636126754,0.057848618907586816,False
29,2,Nev Schulman,0.06579093627288267,0.06581461239860284,0.001103805653803279,0.01677747295197316,0.0642325713624942,0.06760449070504619,0.0033719193425519878,0.06417585544060099,0.06767973988364293,0.0035038844430419352,112,R3_Bottom2,0.06672675161337935,0.013176425495028225,False
29,2,Skai Jackson,0.07369516529872754,0.07369818598149186,0.0013882844354973793,0.01883820234163109,0.07014740260813751,0.0763640279586199,0.0062166253504823965,0.07009331150539375,0.07707873503477615,0.0069854235293824035,112,R3_Bottom2,0.06873288038283429,0.09321674389258941,False
29,2,Veron Davis,0.06788444037678024,0.06753969215289798,0.0017719085144140994,0.026101835775318227,0.0658294096922857,0.07305589809530404,0.00722648840301833,0.06557808072923348,0.07399616255001014,0.008418081820776663,112,R3_Bottom2,0.06734933554443345,0.05543197581981295,False
29,3,AJ McLean,0.07261832497856689,0.07257653797714306,0.0008623187678196701,0.011874671690295545,0.0708356062951434,0.07435683898724325,0.003521232692099849,0.07049622175647932,0.07476003358965984,0.004263811833180517,112,R3_Bottom2,0.07186794591567444,0.036244505895386255,False
29,3,Anne Heche,0.06971814168428299,0.06975487387525162,0.004043259893138097,0.05799437270499703,0.06145696533842858,0.07562215059911061,0.014165185260682028,0.061137480336263116,0.0764615069307837,0.015324026594520583,112,R3_Bottom2,0.07245511095557546,0.10074816221309281,False
29,3,Carole Baskin,0.054240709294006366,0.05410218200231673,0.0025571319735562923,0.04714414702240734,0.050013588858139564,0.05874146137613909,0.008727872517999523,0.049369480378874155,0.05992558767574893,0.010556107296874777,112,R3_Bottom2,0.06314712572330823,0.43064114130165804,True
29,3,Chrishell Stause,0.072062600567222,0.07205658180805985,0.0009833626916844402,0.013645950658790507,0.07035262234986149,0.07408018137100193,0.003727559021140442,0.07026533662197182,0.07452784587922187,0.004262509257250052,112,R3_Bottom2,0.07178419738334253,0.02298078066697008,False
29,3,Jeannie Mai,0.07243761291287232,0.07224518751743875,0.0009259723579164005,0.012783032470025709,0.07119901521497311,0.074502213124394,0.0033031979094208935,0.07096664503924005,0.07492206946419548,0.003955424424955431,112,R3_Bottom2,0.07212682096644445,0.02339619270253644,False
29,3,Jesse Metcalfe,0.07611464031743972,0.07639924179216084,0.002211366581613177,0.029053104269961307,0.07191860906583093,0.08033512754886864,0.008416518483037705,0.07169168279517506,0.08064261449807578,0.008950931702900719,112,R3_Bottom2,0.07209430523541367,0.05364802245098435,False
29,3,Johnny Weir,0.0715208477254875,0.07142942515102649,0.0008393263590917941,0.011735408426831158,0.0702961353182145,0.07319977707676223,0.002903641758547723,0.07021696787586797,0.07342549446550636,0.003208526589638397,112,R3_Bottom2,0.07168070768056356,0.005296287783472434,False
29,3,Justina Machado,0.07323884856264343,0.07328389365008316,0.0007421596590564579,0.010133415169978621,0.07154077316909581,0.0746784905042746,0.0031377173351787857,0.07138178496523045,0.0748105983246535,0.0034288133594230497,112,R3_Bottom2,0.0723687518239842,0.06461998411596465,False
29,3,Kaitlyn Bristowe,0.07118788830871728,0.07123788250532129,0.0007490499539950103,0.010522154425295485,0.06932980404861258,0.07247531282399532,0.0031455087753827354,0.0690342324703306,0.07297436022169904,0.003940127751368441,112,R3_Bottom2,0.0716989128546411,0.015692896474968163,False
29,3,Monica Aldama,0.07375080985304347,0.07337669013440207,0.0014672534227674905,0.019894743199310665,0.07157666572368877,0.07736716357907238,0.005790497855383603,0.07151856928563752,0.077791076226434,0.0062725069407964795,112,R3_Bottom2,0.07217986037346588,0.042878553952075966,False
29,3,Nelly,0.07442758380503833,0.07433802804484194,0.0009365020341510848,0.012582727884922805,0.07289445640013935,0.07662321013234956,0.0037287537322102104,0.07273855044469144,0.07690694962085227,0.004168399176160839,112,R3_Bottom2,0.07213707274439798,0.08380299906288795,False
29,3,Nev Schulman,0.0705681416542544,0.07069955050109579,0.0007619417697679658,0.010797248615403066,0.06909268469026714,0.07172442055353236,0.0026317358632652194,0.06904376663873082,0.07180592472506694,0.0027621580863361195,112,R3_Bottom2,0.07178986048095858,0.008235305015938289,False
29,3,Skai Jackson,0.07455323711440112,0.074536480620437,0.0008492808296998787,0.011391602331051924,0.07294688022801629,0.07615186190671124,0.003204981678694943,0.07268782180351353,0.07630412525730648,0.003616303453792949,112,R3_Bottom2,0.07240283831321247,0.0822924298379477,False
29,3,Veron Davis,0.07356061322202424,0.07288860505441044,0.002427152361693982,0.03299527091173414,0.0704608377198328,0.0786269687933992,0.008166131073566396,0.07034734929791396,0.07959099798183011,0.009243648683916153,112,R3_Bottom2,0.07226648954901736,0.029522738426116874,False
29,4,AJ McLean,0.07707321079716604,0.07714230196071943,0.0011537738621943527,0.014969842961787917,0.07511533524265976,0.07900230676949106,0.0038869715268313038,0.07495623679648755,0.07945856241282925,0.004502325616341701,112,R3_Bottom2,0.0762854084879839,0.03321020386679337,False
29,4,Anne Heche,0.06183460846254537,0.0617192763447685,0.0025404962596836853,0.04108534561551436,0.05683836171398439,0.06628775448285804,0.009449392768873646,0.0567892342374269,0.06657022955091099,0.009780995313484094,112,R3_Bottom2,0.06768807208665219,0.32773989374349943,True
29,4,Chrishell Stause,0.07944203606346913,0.07921747387331882,0.0011936151756469762,0.015024982173082192,0.07812888146339096,0.08341200122161764,0.005283119758226679,0.07794381373915225,0.08435709179096712,0.006413278051814866,112,R3_Bottom2,0.0783190990059755,0.07473781507485158,False
29,4,Jeannie Mai,0.08163658813415497,0.08155325235016012,0.0010715295414804866,0.01312560416806765,0.07966887591063596,0.0839078526667717,0.004238976756135743,0.07959560614373859,0.08401532106741454,0.004419714923675946,112,R3_Bottom2,0.07984637944878298,0.09134969757002522,False
29,4,Jesse Metcalfe,0.07849063593359977,0.07900539480941587,0.0028252364502684576,0.03599456695265541,0.07181717925851502,0.084086788387203,0.012269609128687978,0.07057630313218619,0.08459066361210958,0.014014360479923396,112,R3_Bottom2,0.07940823760173459,0.09897476417147072,False
29,4,Johnny Weir,0.07676634114218306,0.07675447289070486,0.0009634309973741418,0.012550174764610959,0.07544188230582176,0.07834890535041407,0.0029070230445923106,0.07493309756818953,0.0791392647892803,0.0042061672210907675,112,R3_Bottom2,0.07684080837544875,0.036708045688268645,False
29,4,Justina Machado,0.07706773645593486,0.07701865300843211,0.0007560430885485878,0.009810111511201211,0.0758041170181038,0.07848357880340331,0.002679461785299514,0.0757765787025869,0.0790195307805289,0.0032429520779419935,112,R3_Bottom2,0.07693458661589024,0.0389813191433262,False
29,4,Kaitlyn Bristowe,0.07598168339132519,0.0760560283142662,0.0005497853195344619,0.007235761238704417,0.07474111735085884,0.07678938943101866,0.002048272080159827,0.07468167778855428,0.0768775416195269,0.0021958638309726164,112,R3_Bottom2,0.0763469447196447,0.022784285510697704,False
29,4,Monica Aldama,0.07688104798987234,0.0765476119565352,0.001270217558510562,0.01652185540808301,0.07534715847898199,0.08025544718198098,0.004908288702998989,0.0753274388050546,0.08099579230238643,0.0056683534973318295,112,R3_Bottom2,0.07689131927607025,0.044093405581615557,False
29,4,Nelly,0.08171765589595643,0.08172775414914302,0.001101127595082428,0.013474781955130875,0.07964690528184275,0.08387856393564681,0.004231658653804066,0.07957651335934149,0.0842203525120371,0.004643839152695617,112,R3_Bottom2,0.07921902141652921,0.10502281666443428,False
29,4,Nev Schulman,0.07684816776700756,0.07683345311565745,0.0005176534768548028,0.006736054897551398,0.07588427429161082,0.07790783589803962,0.002023561606428803,0.07577973132482227,0.07800112599833817,0.0022213946735158974,112,R3_Bottom2,0.0769544266155458,0.04675727583054664,False
29,4,Skai Jackson,0.07556004973072647,0.07546014249905122,0.0008844525539626376,0.011705293433693642,0.0741793024823189,0.07770083530164996,0.003521532819331069,0.0739744082475995,0.07843763693371497,0.00446322868611547,112,R3_Bottom2,0.07628951461954869,0.001073866094198852,False
29,4,Veron Davis,0.08070023823605876,0.08056488307892998,0.0017804747011349374,0.02206281840119004,0.07780083237944999,0.08429244889244784,0.006491616512997858,0.07755347788205173,0.08476874239955388,0.007215264517502151,112,R3_Bottom2,0.07897618173019319,0.07856661096027188,False
29,5,AJ McLean,0.08446788704337971,0.08447316463845507,0.0010372490741758448,0.012279803727576973,0.0827899423468894,0.08639477003345244,0.0036048276865630474,0.08252262796239125,0.08716644990479595,0.004643821942404702,112,R3_Bottom2,0.08383531988853414,0.05163342315999217,False
29,5,Chrishell Stause,0.08888917217414104,0.0884966737576469,0.0016635920590075224,0.018715351018776638,0.08680632887811865,0.09307073273228392,0.006264403854165268,0.08673194961986445,0.09371855678892232,0.006986607169057871,112,R3_Bottom2,0.08595257683906267,0.11516677088234424,False
29,5,Jeannie Mai,0.0846006837840378,0.08456532649010345,0.0005795847571361362,0.0068508282819043885,0.08368092017490791,0.08573244520403292,0.0020515250291250064,0.08362264259055605,0.08600838839633254,0.0023857458057764958,112,R3_Bottom2,0.0845662505325623,0.050195605594332636,False
29,5,Jesse Metcalfe,0.068764539922306,0.06892241311325437,0.0022911448606682226,0.033318696864065196,0.06335906764609282,0.0722429729813933,0.00888390533530048,0.06283927199478467,0.07255120911578322,0.009711937120998548,112,R3_Bottom2,0.07216654016595433,0.4470296829402537,True
29,5,Johnny Weir,0.08306659921545943,0.08303264489809585,0.0007779907253578405,0.009365867059753778,0.0812965864834475,0.08425938704059258,0.0029628005571450816,0.08117114197939532,0.08453762903330538,0.0033664870539100583,112,R3_Bottom2,0.08365111200206303,0.0006190546023084899,False
29,5,Justina Machado,0.08471972925782938,0.0845709069116882,0.0007998793275882637,0.009441476437607274,0.08346556547969688,0.08691100793777373,0.0034454424580768472,0.08336018808857652,0.08696126216737539,0.003601074078798866,112,R3_Bottom2,0.08438410118455417,0.05443963537876602,False
29,5,Kaitlyn Bristowe,0.08307820218808934,0.083109097076741,0.0006293169514085413,0.007574994822152814,0.08148710744858756,0.08419176258047768,0.002704655131890124,0.08135494453974446,0.08465548315358762,0.0033005386138431625,112,R3_Bottom2,0.0836397664081532,0.011051080031029569,False
29,5,Monica Aldama,0.08425116157401281,0.08429691567379212,0.0009665932097161404,0.011472758258258662,0.08274019896576137,0.08614262136300531,0.0034024223972439344,0.0824735784648545,0.08629955989827992,0.0038259814334254266,112,R3_Bottom2,0.08398129826717778,0.02257935586259485,False
29,5,Nelly,0.08479638899670904,0.0847435799815956,0.000807496335363451,0.009522767949408673,0.08353627679645383,0.08645715136126818,0.002920874564814352,0.08338596284002882,0.0871510727725364,0.0037651099325075876,112,R3_Bottom2,0.0837694989301693,0.06370334511996825,False
29,5,Nev Schulman,0.0836091179192583,0.08355102456284576,0.0004906227855219389,0.005868053601471259,0.08269438959780794,0.08486510138426588,0.002170711786457946,0.08264242334984342,0.08490699527874206,0.0022645719288986316,112,R3_Bottom2,0.08400396582904512,0.02597838186306602,False
29,5,Skai Jackson,0.08446965460173884,0.084382057913784,0.0006741957634480886,0.007981514386755999,0.08317586164717058,0.08581091196461134,0.002635050317440754,0.08313096840133091,0.08602411807208794,0.002893149670757031,112,R3_Bottom2,0.08421896317768598,0.06441852167781952,False
29,5,Veron Davis,0.08528686332303834,0.0857244485916413,0.0021101351723456702,0.024741620105703483,0.08050525363398602,0.08839474225023285,0.007889488616246831,0.07858979054506653,0.08897962113865597,0.010389830593589444,112,R3_Bottom2,0.08583060677503791,0.09318514278752456,False
29,6,AJ McLean,0.09077087324934495,0.09058594921377693,0.0012034100460307957,0.013257667387698952,0.08902393269741486,0.0933582203165075,0.004334287619092644,0.08886919219820576,0.09400117171140168,0.005131979513195925,112,R3_Bottom2,0.09084988943641616,0.013443780492194995,False
29,6,Chrishell Stause,0.093756393511059,0.09356700958348631,0.0016807035005439732,0.017926281479094294,0.09123156212658821,0.09713352797797041,0.005901965851382196,0.09105886056634634,0.09790151261883417,0.006842652052487838,112,R3_Bottom2,0.0917279792201217,0.0733155770832576,False
29,6,Jeannie Mai,0.09193834725390969,0.09180787295104172,0.0009533558273834612,0.010369512351038262,0.09050969931085806,0.09363632754108588,0.0031266282302278153,0.09027348697551549,0.09401377750470893,0.0037402905291934463,112,R3_Bottom2,0.09201747204424783,0.052590959093579824,False
29,6,Johnny Weir,0.0955065875014234,0.09528834302898845,0.0011009263883914515,0.011527229871709567,0.09361910143417373,0.09776336693005588,0.004144265495882149,0.09354495730458384,0.09819182923960887,0.0046468719350250265,112,R3_Bottom2,0.09296859050580843,0.10312712471519313,False
29,6,Justina Machado,0.09080744188688898,0.09092779777287788,0.0007344477883067156,0.008087969147083277,0.08910070391740837,0.09192086098611939,0.002820157068711013,0.08839673464342339,0.09202873571205959,0.0036320010686362036,112,R3_Bottom2,0.09142458549718158,0.01731503730938709,False
29,6,Kaitlyn Bristowe,0.09106488015806882,0.09093926318228909,0.0007214961454814327,0.007922880304998726,0.08999184939426849,0.09265785370973834,0.0026660043154698443,0.08989693922749137,0.09269179594875428,0.002794856721262909,112,R3_Bottom2,0.09121873913107599,0.020477737626502755,False
29,6,Monica Aldama,0.08899141503474069,0.08938005946911091,0.0020544114314874325,0.02308550134510645,0.08344401734734967,0.09152389847993517,0.008079881132585495,0.08340270830288615,0.09162457030527822,0.008221862002392069,112,R3_Bottom2,0.09134723488835292,0.023031653886687337,False
29,6,Nelly,0.09233378674378447,0.0923264189812901,0.0008095805295374111,0.008767977119620395,0.09061155818671406,0.09372049014947889,0.0031089319627648354,0.09037993397400786,0.09380170836285799,0.003421774388850135,112,R3_Bottom2,0.09139603764890061,0.08686012219833102,False
29,6,Nev Schulman,0.09151246632621687,0.0915657573450793,0.0005893065416943282,0.00643963129125612,0.09034775854728617,0.0924610654058215,0.0021133068585353215,0.09006323723173604,0.09257031441167939,0.0025070771799433483,112,R3_Bottom2,0.09171521809638263,0.04517977387400029,False
29,6,Skai Jackson,0.09925858156330492,0.09894207004622953,0.001501906002566124,0.015131245872259839,0.09683772786528487,0.10271411976085848,0.00587639189557361,0.09670740430392716,0.10278856811031235,0.006081163806385195,112,R3_Bottom2,0.09602063951220872,0.13103924465591063,False
29,6,Veron Davis,0.07405922677125819,0.07458775454871379,0.002589641501223387,0.034967169036504264,0.06928790059162161,0.07797657171402826,0.00868867112240665,0.06880546775996538,0.07878140101964716,0.009975933259681782,112,R3_Bottom2,0.07931361401930338,0.43361898896495543,True
29,7,AJ McLean,0.10320032184624271,0.10305760366967687,0.0014750627256788801,0.014293198890179467,0.10112908154326594,0.10674041070449988,0.005611329161233941,0.10100456426073899,0.10730603014277498,0.006301465882035992,112,R3_Bottom2,0.10128085506038459,0.04927105987661427,False
29,7,Chrishell Stause,0.10065203008398145,0.10106441678767046,0.0023751702834742833,0.02359783783290315,0.09439080036605425,0.10352280521993948,0.009132004853885226,0.09333670279801874,0.10372922096421058,0.010392518166191841,112,R3_Bottom2,0.10139811735167036,0.0531012096701901,False
29,7,Jeannie Mai,0.1039356287031835,0.10391240334603884,0.0011125944339065263,0.01070464909664272,0.10200735047460872,0.10623213524140086,0.004224784766792139,0.10144179059845125,0.10677012238816798,0.005328331789716728,112,R3_Bottom2,0.10259763281646848,0.08144125082218127,False
29,7,Johnny Weir,0.10110382656424717,0.10089146310563066,0.0013524538175446132,0.013376880613763777,0.09936460669245749,0.10420686686415077,0.004842260171693286,0.09916011653802466,0.1057808082498887,0.006620691711864038,112,R3_Bottom2,0.10131132467215544,0.030002613643654967,False
29,7,Justina Machado,0.10238110450701378,0.10251241757069059,0.0009287297867573832,0.009071300717348279,0.10013900787307967,0.10373503311482367,0.0035960252417440025,0.09965837210311822,0.10382951732431732,0.004171145221199102,112,R3_Bottom2,0.10195628630245335,0.060388310804237816,False
29,7,Kaitlyn Bristowe,0.10582509590483206,0.10565117934864063,0.0012890180855703586,0.012180646514410585,0.10345699001480028,0.10801451355474699,0.004557523539946706,0.10323479065301865,0.10824140810553677,0.005006617452518125,112,R3_Bottom2,0.10260334363793368,0.11274460366657095,False
29,7,Monica Aldama,0.07903516683496693,0.07915943102080461,0.003238805342477796,0.0409792940557807,0.07261502274984431,0.08463739037589839,0.012022367626054076,0.07241103529371155,0.0848320019635809,0.012420966669869346,112,R3_Bottom2,0.0858552644376378,0.5329690377568763,True
29,7,Nelly,0.10185019698423521,0.10167700729031146,0.0011543598967964754,0.01133389950119735,0.09992030637296624,0.10404078955647153,0.0041204831835052885,0.09985094584550987,0.10447968434817134,0.004628738502661475,112,R3_Bottom2,0.10061908451788541,0.03865254123916972,False
29,7,Nev Schulman,0.10026534866839173,0.10022997270903794,0.0006542031411398729,0.006524718158648442,0.09903193749816387,0.10156691734168133,0.002534979843517457,0.09894534384160819,0.10176085045411537,0.0028155066125071793,112,R3_Bottom2,0.10102449940932885,0.001630748082326325,False
29,7,Skai Jackson,0.10175127990290544,0.10143956593805431,0.0014718992818148796,0.014465658645467814,0.09964544698848074,0.10558862053863356,0.005943173550152822,0.0995320218081065,0.10570456331357414,0.006172541505467644,112,R3_Bottom2,0.10135359179408211,0.039798624338178275,False
29,8,AJ McLean,0.13041634608613134,0.1305171484298785,0.001691705986249226,0.012971579384166815,0.12743985435822347,0.13332011289511392,0.005880258536890448,0.1265999904327217,0.13354056787666368,0.006940577443941998,112,R3_Bottom2,0.1274367790694794,0.12021348795860984,False
29,8,Chrishell Stause,0.10386220421682767,0.10423460376806509,0.0029002315706418117,0.02792383998116534,0.09711508123436606,0.10896140465993985,0.01184632342557379,0.09676347783177637,0.10908410196188759,0.012320624130111216,112,R3_Bottom2,0.10798836524126647,0.3397557381123311,True
29,8,Johnny Weir,0.12322723824104065,0.1231002834547961,0.0014790385655401397,0.012002529527173547,0.12100575121844787,0.12618983621469684,0.005184084996248978,0.12061220069243993,0.1263528847535899,0.005740684061149984,112,R3_Bottom2,0.12320506059643932,0.018830426543872562,False
29,8,Justina Machado,0.12467501691054998,0.12469395490602271,0.0008558149388421669,0.006864365933522868,0.12303975983201425,0.12637127515310828,0.0033315153210940335,0.12269353299989426,0.1269863862627815,0.004292853262887239,112,R3_Bottom2,0.12528569204635853,0.05563330559718333,False
29,8,Kaitlyn Bristowe,0.1270587280566762,0.12690636920449375,0.001102961959861714,0.008680725651288775,0.12548975869437837,0.12996212392223377,0.004472365227855407,0.12545632771812745,0.13035390387420695,0.004897576156079497,112,R3_Bottom2,0.12805621807196158,0.09378071434138259,False
29,8,Nelly,0.1371556908471165,0.1369976177886681,0.0017269963267044278,0.012591503247426026,0.13427932214883462,0.141179829931321,0.006900507782486381,0.1341131266115784,0.14166836315195205,0.0075552365403736554,112,R3_Bottom2,0.13317405359180964,0.1958105256492255,False
29,8,Nev Schulman,0.12261128105773443,0.1227722248572155,0.000909710714488216,0.0074194699430622305,0.12057718828019888,0.12409238402965066,0.003515195749451777,0.12035802924537145,0.12418570222738577,0.0038276729820143213,112,R3_Bottom2,0.1232518313027763,0.03362756800486581,False
29,8,Skai Jackson,0.13099349458392326,0.13075955614377,0.0013563605272765848,0.010354411351379048,0.12889256788768866,0.13385161081068864,0.004959042922999979,0.12878076425998483,0.13405969239991844,0.0052789281399336085,112,R3_Bottom2,0.1316020000799088,0.1423482336925293,False
29,9,AJ McLean,0.11515771124494512,0.11533350086534036,0.004662997301587984,0.04049227143521114,0.10534894294837499,0.12346641466330628,0.01811747171493129,0.10300756731312373,0.12357060363941672,0.020563036326292986,112,R3_Bottom2,0.12125369007951584,0.49017520347014637,True
29,9,Johnny Weir,0.14255866609304485,0.14279846480458713,0.0016391346940625127,0.01149796598821068,0.1383922496360357,0.144860445450377,0.006468195814341299,0.1380430766490528,0.14549052261929776,0.007447445970244965,112,R3_Bottom2,0.14327825559327376,0.016521280278568994,False
29,9,Justina Machado,0.1508451788705214,0.15066800551352685,0.0018282031720113893,0.012119732202914056,0.14778349012992284,0.15582149079987312,0.00803800066995028,0.14761418595067843,0.15608532345810883,0.008471137507430393,112,R3_Bottom2,0.15030209473731065,0.13252967179136949,False
29,9,Kaitlyn Bristowe,0.14337815251936772,0.1432728475694731,0.0011793261303429507,0.008225284742622456,0.14123033427068934,0.14607255958528598,0.004842225314596632,0.1408305291369802,0.14648660178043665,0.005656072643456467,112,R3_Bottom2,0.14329345518618147,0.023436264919466446,False
29,9,Nelly,0.15911880791206381,0.15897458717653334,0.0033485219922219263,0.02104416213369616,0.15381685601234113,0.16672140403171382,0.012904548019372686,0.15366009361238964,0.16745508410864407,0.013794990496254433,112,R3_Bottom2,0.15423944221490898,0.20756427129558566,False
29,9,Nev Schulman,0.1448092800040299,0.1444633885938319,0.001292062272104197,0.008922510160041126,0.1428646179365779,0.1474112020975876,0.004546584161009698,0.14270537663572327,0.1474640071204861,0.004758630484762827,112,R3_Bottom2,0.1440303998936201,0.05977785878502791,False
29,9,Skai Jackson,0.1441322033560272,0.1445778232917077,0.0019185335263759405,0.013310929006176973,0.13830743088918843,0.14652234018742932,0.008214909298240897,0.13769987645388093,0.14663215211692215,0.008932275663041223,112,R3_Bottom2,0.14360266229518925,0.0699954493598353,False
29,10,Johnny Weir,0.14467810955791108,0.144494500118237,0.0041007899382665665,0.02834423224631036,0.13719138802327394,0.15255799750381266,0.015366609480538723,0.13575219858609697,0.15287883486022474,0.017126636274127777,112,R3_Bottom2,0.1522573358592333,0.23106019340859615,True
29,10,Justina Machado,0.17805867674739992,0.1778660900263352,0.0018592281982931945,0.010441660200197706,0.17523559618535942,0.18181376527565235,0.006578169090292935,0.17512668382210958,0.18266335752949212,0.007536673707382535,112,R3_Bottom2,0.17804217561558194,0.08250841582890599,False
29,10,Kaitlyn Bristowe,0.17167369042479755,0.17150912851987593,0.0011143324550416918,0.00649099144012303,0.1695807008655403,0.17456618567948226,0.004985484813941954,0.16935137070081902,0.17484499269323905,0.005493621992420039,112,R3_Bottom2,0.17056520956537974,0.04204244548400901,False
29,10,Nelly,0.1876431222046542,0.1875540220110054,0.0030845967965902636,0.016438635002171985,0.18229381314749124,0.19452824099201138,0.01223442784452014,0.18204173388796047,0.19533274653730962,0.013291012649349149,112,R3_Bottom2,0.18405055302711126,0.17225068015461834,False
29,10,Nev Schulman,0.171699826671921,0.17159652291756894,0.0011064688042498685,0.006444204549862923,0.16966484649726934,0.17382677934743537,0.004161932850166028,0.1694906034157554,0.17406895364454514,0.004578350228789746,112,R3_Bottom2,0.17099287192790505,0.051324805683741995,False
29,10,Skai Jackson,0.14624657439331618,0.14731168836279793,0.004248807822993696,0.029052357914154857,0.13751124414452853,0.1523386133423239,0.01482736919779537,0.1362652241646191,0.15245355048858947,0.01618832632397038,112,R3_Bottom2,0.14409185400478874,0.4208134593401285,True
29,11,Justina Machado,0.24633090178094807,0.24569140091479807,0.00837065155200379,0.03398132955096095,0.23017832166003663,0.26160100732503,0.03142268566499337,0.22978991045123479,0.2645417250433507,0.03475181459211593,112,R3_Bottom2,0.24945171654207451,0.1408173050864009,False
29,11,Kaitlyn Bristowe,0.24865709818495738,0.24947273193688765,0.008734624456286174,0.0351271872793639,0.233149024305438,0.264784886185258,0.03163586187981998,0.2325965580503879,0.2663572777299627,0.03376071967957481,112,R3_Bottom2,0.24456844984548878,0.22271860202773835,False
29,11,Nelly,0.26378735901409334,0.2631513530578437,0.008905878284657885,0.03376158098683596,0.2492628879018749,0.28266350060240397,0.033400612700529075,0.24740294251985176,0.28316026513327386,0.0357573226134221,112,R3_Bottom2,0.262927338697533,0.29852061005233815,False
29,11,Nev Schulman,0.24122464102000116,0.241075237517004,0.008760386332751363,0.03631629959405762,0.22412341087177592,0.2611605867643616,0.03703717589258568,0.22301839217738478,0.26180585710517856,0.03878746492779378,112,R3_Bottom2,0.24305249491490355,0.3379434827335226,False
1,1,Evander Holyfield,0.17543041285622263,0.17653313081239053,0.006817585696897173,0.03886205125951939,0.15811640687026568,0.18430984145354218,0.026193434583276498,0.15152970566172574,0.18463598862198963,0.03310628296026388,101,R1_Rank,0.17446831148690503,0.11449769108625174,False
1,1,Joey McIntyre,0.17331509142072699,0.17298976290661724,0.005620285121061645,0.03242813464765312,0.1640949188203893,0.18613339740654414,0.022038478586154847,0.16379515489237634,0.18679748800929424,0.023002333116917906,101,R1_Rank,0.1731910877071077,0.09378367463407783,False
1,1,John O'Hurley,0.1714454270252981,0.17148058249269132,0.004892242985239411,0.02853527836888599,0.16278616995872727,0.1804958578175259,0.017709687858798617,0.16150455147948906,0.18156621393911715,0.020061662459628093,101,R1_Rank,0.1583944679457678,0.199316041545052,False
1,1,Kelly Monaco,0.1749204751739473,0.1739947779294895,0.005829586661722168,0.033327068520280514,0.16410334960901868,0.18733175463149246,0.02322840502247378,0.16319503619653075,0.1880835600202565,0.02488852382372575,101,R1_Rank,0.17749403471543027,0.1181651811602995,False
1,1,Rachel Hunter,0.17078729687526267,0.17127206147750243,0.006627555821732111,0.03880590619437379,0.15824334688176003,0.18305795161318106,0.024814604731421025,0.15707845100273046,0.18412616440235888,0.027047713399628415,101,R1_Rank,0.1626451727827464,0.1611003133951188,False
1,1,Trista Sutter,0.13410129664854234,0.13605423585327545,0.0084129026096319,0.06273543075187966,0.11593852497470242,0.14604666743950592,0.030108142464803506,0.11437511001566583,0.14731909412594443,0.0329439841102786,101,R1_Rank,0.1538069253620428,0.31313709817920027,False
1,2,Evander Holyfield,0.1780620933592965,0.1800793474022396,0.0066458798703977785,0.03732338391073285,0.15697143384000725,0.18460143926134576,0.027630005421338505,0.1507862248121754,0.184851280664541,0.034065055852365606,101,R1_Rank,0.17552869582799246,0.15232631136690603,False
1,2,Joey McIntyre,0.17657318114060233,0.17479450222637513,0.005456659945272855,0.03090310719909274,0.171109415077706,0.19258520102503995,0.02147578594733396,0.17045262362229244,0.19389494419160122,0.023442320569308783,101,R1_Rank,0.17294768690420959,0.12040026620476595,False
1,2,John O'Hurley,0.1713593483665061,0.17084537650899181,0.003883712081962641,0.022664138951182845,0.16503033693337232,0.17924749034247411,0.01421715340910179,0.16461976091189978,0.18138110234624288,0.016761341434343102,101,R1_Rank,0.1711442116333554,0.10337490966819475,False
1,2,Kelly Monaco,0.18108783612004622,0.18030280118776076,0.0043701136040423605,0.02413256294666494,0.1745208372440703,0.19222852406934787,0.01770768682527757,0.17425616300918206,0.19346514076738186,0.019208977758199797,101,R1_Rank,0.17404537066307027,0.14326388095613937,False
1,2,Rachel Hunter,0.174360893665427,0.17409726864335878,0.0045255803378912,0.025955248580998472,0.1653727216313959,0.18398156607376265,0.01860884444236674,0.16435069030709687,0.1853476925120912,0.02099700220499434,101,R1_Rank,0.17082975823101998,0.11561624552473343,False
1,2,Trista Sutter,0.11855664734812173,0.12058854288033732,0.007212014447178468,0.060831801577532776,0.10227457111981636,0.1285028551623384,0.026228284042522032,0.10042593061748725,0.12935276086038394,0.02892683024289669,101,R1_Rank,0.13550427674035231,0.3650183862792606,True
1,3,Evander Holyfield,0.16846189100678513,0.16859801334052618,0.007568889174182234,0.04492938509088315,0.15562303704450436,0.18189646676510035,0.026273429720595987,0.15403982494725948,0.18365972638439104,0.029619901437131557,101,R1_Rank,0.16922539405379664,0.4735960274468967,True
1,3,Joey McIntyre,0.21088656633288086,0.2091481544277115,0.005611084359850636,0.02660712086797238,0.20479064710924189,0.22633607507479314,0.021545427965551256,0.20446864404268073,0.2283919218194208,0.02392327777674008,101,R1_Rank,0.20908223245163962,0.1346212239083915,False
1,3,John O'Hurley,0.20658107300590323,0.20581018971715842,0.003964113374171856,0.019189141175864538,0.20103645785871943,0.21754756661830593,0.0165111087595865,0.2009833043624279,0.21817963867164758,0.017196334309219685,101,R1_Rank,0.20777071687941612,0.12245387809159276,False
1,3,Kelly Monaco,0.2098376809174066,0.20932667504556204,0.0032176738442801773,0.015334108870306633,0.2049498170404084,0.21809156980065442,0.013141752760246012,0.20486061047601561,0.2185095102534178,0.01364889977740219,101,R1_Rank,0.20921475720990845,0.15252724013244406,False
1,3,Rachel Hunter,0.2042327887370242,0.2045190814432604,0.0037710020995200782,0.018464234478900082,0.1954618227152568,0.21061502827788248,0.015153205562625671,0.1944231334702886,0.21068754536769613,0.016264411897407516,101,R1_Rank,0.20470689940523928,0.11680163042067485,False
1,4,Joey McIntyre,0.2691840333180059,0.2694502793995979,0.006247700822591512,0.02320977490968295,0.25357659333794247,0.27811412405940467,0.024537530721462197,0.25108542427821434,0.2799343582691082,0.028848933990893832,101,R1_Rank,0.2653828234689395,0.2252919813215562,False
1,4,John O'Hurley,0.26741235068096,0.2670106868293059,0.0051775604027249345,0.019361710068889433,0.25972547559083825,0.28129007177035925,0.021564596179521,0.2588968556708018,0.28344334861193443,0.024546492941132647,101,R1_Rank,0.2631572214898058,0.19751268595432145,False
1,4,Kelly Monaco,0.2636246774703361,0.2609957795714581,0.009164564381215221,0.034763681720374785,0.25503056904905164,0.28935881885743786,0.034328249808386224,0.2549423539046877,0.29464933173393726,0.039706977829249535,101,R1_Rank,0.25753772748023734,0.1557807205646338,False
1,4,Rachel Hunter,0.19977893853069809,0.1999127457002963,0.010562761743748886,0.052872248803773725,0.17788906955157507,0.21802878655509042,0.040139717003515346,0.1771844747152268,0.21938988740192766,0.04220541268670086,101,R1_Rank,0.21392222756101728,0.4214146121594886,True
1,5,Joey McIntyre,0.2954416207290829,0.2969336286818904,0.01330919488065174,0.04504847640561836,0.26481436145776616,0.3152280819039755,0.05041372044620934,0.25976465956789324,0.3160188282006008,0.056254168632707546,101,R1_Rank,0.2938053484388562,0.6263188553131643,True
1,5,John O'Hurley,0.34963200891798835,0.3482318098940505,0.007447779384046164,0.02130176641176225,0.3405821397889328,0.3703453154959122,0.029763175706979395,0.3403847213999347,0.373515860892088,0.033131139492153294,101,R1_Rank,0.352194318046814,0.165133758477538,False
1,5,Kelly Monaco,0.35492637035292873,0.35404238775124974,0.007920173630419903,0.022314976547232336,0.3434938507557206,0.36873400467919615,0.02524015392347556,0.3433564243804613,0.3716872062782641,0.028330781897802804,101,R1_Rank,0.3540003335143297,0.20854738620929772,False
1,6,John O'Hurley,0.48521440010053535,0.4850198766716699,0.017369517018939715,0.03579761238607261,0.45111324716630613,0.5179100029082104,0.0667967557419043,0.4461161690150143,0.5188634097547218,0.07274724073970751,101,R1_Rank,0.4850571854678209,0.7716442556531137,False
1,6,Kelly Monaco,0.5147855998994647,0.51498012332833,0.017369517018939736,0.03374126436779103,0.48208999709178957,0.5488867528336938,0.06679675574190425,0.48113659024527833,0.5538838309849858,0.07274724073970751,101,R1_Rank,0.514942814532179,0.22835574434688632,False
11,1,Audrina Patridge,0.08428422376751457,0.08479505457032625,0.008037102694981972,0.09535714200976826,0.06976451117902321,0.09936813723591177,0.029603626056888557,0.06762905780089465,0.09978531503496309,0.03215625723406844,101,R2_Percent,0.034682907063012657,0.10167389939537648,False
11,1,Brandy,0.0880717497486096,0.08685297406612645,0.0095640752307116,0.10859413214806249,0.0717290982518505,0.10775379612369743,0.03602469787184692,0.06948735141524177,0.10851154847250617,0.0390241970572644,101,R2_Percent,0.12232132506437088,0.04907836943890456,False
11,1,Bristol Palin,0.09810121779598263,0.09712297823341882,0.009589659693807928,0.09775270796078371,0.082715109388953,0.11783804727845207,0.035122937889499065,0.0820490565207199,0.11901241476971545,0.03696335824899555,101,R2_Percent,0.19655101369495465,0.03419890601488275,False
11,1,David Hasselhoff,0.06206924464835201,0.0614072831520303,0.004912418302158535,0.07914416117014829,0.052350847962957615,0.0715120282281817,0.019161180265224086,0.051288134223995,0.07349351785775181,0.022205383633756806,101,R2_Percent,0.014260254537628789,0.13229282403586376,True
11,1,Florence Henderson,0.07949533473241936,0.07891180456807949,0.00844740413157373,0.1062628915270012,0.06435683802555457,0.0976841122899205,0.03332727426436592,0.06413661116989083,0.0992661818135235,0.03512957064363266,101,R2_Percent,0.03074663830163386,0.1077152003556392,False
11,1,Jennifer Grey,0.09879494943007526,0.09867692234881405,0.010516947181287565,0.10645227556628503,0.07866786263138748,0.11854501918256731,0.039877156551179835,0.07850083568678345,0.12129633213632035,0.042795496449536896,101,R2_Percent,0.1754457927019549,0.032961378256634755,False
11,1,Kurt Warner,0.08915039094840677,0.08863335963995132,0.008957400481143808,0.10047516770092065,0.07258524684686966,0.10951020040171243,0.036924953554842765,0.07246735774538991,0.11179452009688651,0.039327162351496595,101,R2_Percent,0.116985812039948,0.05752783317630468,False
11,1,Kyle Massey,0.09961758213730233,0.09712774904090772,0.010839761320362531,0.10881373636856746,0.08163078570475082,0.11937403452612662,0.037743248821375794,0.07958358036635246,0.121634471713206,0.04205089134685354,101,R2_Percent,0.18387379097634832,0.03205653397440099,False
11,1,Margaret Cho,0.07508817823694842,0.0742666050780305,0.00716003107323269,0.09535497119984027,0.06442094800182663,0.09144184873488034,0.027020900733053715,0.06404265149138005,0.09207203539700681,0.02802938390562676,101,R2_Percent,0.01982869339090846,0.12729236884154307,False
11,1,Michael Bolton,0.06396198261346456,0.06431228823741068,0.0053480867100879105,0.08361352308929354,0.052122717340034125,0.07291527926618974,0.02079256192615561,0.050166576852611014,0.0738538273508734,0.023687250498262383,101,R2_Percent,0.01693065280741114,0.1259716710203558,False
11,1,Rick Fox,0.08286070135195574,0.08200660046306965,0.008753549657256639,0.10564175193346986,0.06878431909576325,0.10241043454280058,0.03362611544703732,0.06852983577796412,0.10598182980633628,0.037451994028372154,101,R2_Percent,0.06438490136016874,0.07555017464308755,False
11,1,The Situation,0.07850444458896874,0.07815000456420419,0.007401647446334674,0.09428316428564015,0.0655553495936857,0.09496484330161845,0.02940949370793275,0.06287743730666025,0.09537135402129429,0.032493916714634044,101,R2_Percent,0.023988218061659492,0.12368084084700638,False
11,2,Audrina Patridge,0.09036664748385494,0.09077991556586706,0.008621540270164199,0.09540622021752593,0.07468250645810191,0.10664191642189967,0.03195940996379776,0.07241645936571564,0.10695031096184496,0.03453385159612932,101,R2_Percent,0.03312753475554424,0.10697998224304764,False
11,2,Brandy,0.09984760360349428,0.09912905984681096,0.011515452427467262,0.1153302834707619,0.08059231505927207,0.1222939909199849,0.04170167586071283,0.07775307110029629,0.12332357422267548,0.04557050312237919,101,R2_Percent,0.12984994296893715,0.058322252471642515,False
11,2,Bristol Palin,0.11209282616781768,0.11096524073123105,0.011353011455206488,0.10128223048109733,0.09390311926141995,0.13577868583013053,0.04187556656871058,0.09297768022199798,0.13705301492685895,0.04407533470486097,101,R2_Percent,0.20038785168661258,0.03469447671631498,False
11,2,Florence Henderson,0.08000483257327819,0.0794676189098623,0.00841572019271304,0.1051901481701733,0.06560540362840964,0.09793898506018131,0.032333581431771674,0.0649069562333754,0.09966086691936124,0.03475391068598584,101,R2_Percent,0.02823590119333558,0.12542790179727034,False
11,2,Jennifer Grey,0.11102239548338876,0.11075048354652778,0.01239926951095458,0.1116825975242965,0.0873266069928903,0.13486591587824853,0.047539308885358234,0.0865045436313625,0.136997713483793,0.050493169852430506,101,R2_Percent,0.17737288558225683,0.038214453225961106,False
11,2,Kurt Warner,0.10017876974808967,0.0994855344811387,0.010491512949574733,0.10472790767900997,0.08095871525572433,0.12304643108878269,0.042087715833058356,0.08017947095183123,0.12601543088052275,0.04583595992869152,101,R2_Percent,0.12358582393827361,0.06090582373718526,False
11,2,Kyle Massey,0.11567174723413848,0.11345633620379528,0.012980510525125562,0.11221850482513152,0.0941824041690838,0.13901999018187666,0.04483758601279286,0.09190525343596231,0.14149449587330087,0.04958924243733856,101,R2_Percent,0.18949770841779895,0.03740991389280736,False
11,2,Margaret Cho,0.06892153281894249,0.06822422135762057,0.006275232942029228,0.09104894632152659,0.059515742576332076,0.08267779020376587,0.02316204762743379,0.05925078273419082,0.08391444386765737,0.024663661133466547,101,R2_Percent,0.01788727792715611,0.1390244180585634,False
11,2,Michael Bolton,0.05821092844643753,0.05851320579375844,0.004742656868878731,0.08147365100425534,0.04749630214949173,0.06587994321563417,0.018383641066142445,0.04583637105089733,0.06704119070368898,0.021204819652791654,101,R2_Percent,0.014719435115738698,0.17147400887715494,True
11,2,Rick Fox,0.0875363445822672,0.0857974308350505,0.009609375489897177,0.10977583694811732,0.07143426648192193,0.10938774742714716,0.03795348094522523,0.07135814525907547,0.11317086253648942,0.04181271727741395,101,R2_Percent,0.06337962480981695,0.09238185269603516,False
11,2,The Situation,0.07614637185829075,0.07608669449730279,0.006678839057050399,0.08771053556536867,0.0641188326711716,0.09027399107353165,0.026155158402360046,0.06180348846213199,0.09070307991704268,0.028899591454910695,101,R2_Percent,0.021956013604529194,0.13516491628401728,False
11,3,Audrina Patridge,0.08947198948877137,0.0902823209107711,0.00810343228432983,0.09056948806695307,0.07473843400641778,0.10418672060384496,0.02944828659742718,0.07264422335234146,0.10543159305785756,0.0327873697055161,101,R2_Percent,0.030414583765331973,0.12497545333157321,False
11,3,Brandy,0.11035609215307737,0.10919844331800624,0.013041503174653808,0.11817655845010941,0.08878356238256868,0.13487713799817708,0.046093575615608395,0.08564772905637187,0.13562293653663685,0.049975207480264974,101,R2_Percent,0.13429523517867348,0.06484029618207342,False
11,3,Bristol Palin,0.12966864931530064,0.128709596327543,0.013017515961537114,0.10039061893738005,0.10812981047965961,0.15567681811975864,0.04754700764009903,0.10770624831644929,0.15633013560138592,0.048623887284936634,101,R2_Percent,0.20862355446788616,0.04533856364147411,False
11,3,Florence Henderson,0.07915733046039641,0.078966593082424,0.007756679280303006,0.09799066283802721,0.0642528000890806,0.09466318826869213,0.03041038817961153,0.06348910428062281,0.09611084952559684,0.032621745244974035,101,R2_Percent,0.02557447769879498,0.15593992305028276,False
11,3,Jennifer Grey,0.12931433434502015,0.1286569647097815,0.014209271449951332,0.10988164244839208,0.10138023770276855,0.15583897744334477,0.05445873974057622,0.10086567658335192,0.16063377085400365,0.05976809427065173,101,R2_Percent,0.18343494423877396,0.046150186117473485,False
11,3,Kurt Warner,0.10833557618054554,0.1080810559774312,0.011486204713653757,0.10602431000608278,0.08683027074378483,0.13274353378973755,0.045913263045952724,0.08607328855212348,0.13521829373727906,0.04914500518515558,101,R2_Percent,0.1264136740570595,0.07065258562127825,False
11,3,Kyle Massey,0.13004491816333602,0.12729088147303058,0.014522311342217972,0.1116715020265382,0.10582090449226814,0.1573800113684698,0.05155910687620166,0.10382093567392917,0.15910142588763648,0.05528049021370732,101,R2_Percent,0.19514861935331845,0.0439106804700329,False
11,3,Margaret Cho,0.0626368537148888,0.06222209741301841,0.005642837331089975,0.09008813496244739,0.05419811425358703,0.07579602476060421,0.021597910507017176,0.0539477601477055,0.07655396764021699,0.022606207492511493,101,R2_Percent,0.015445059570632537,0.17807108538413258,True
11,3,Rick Fox,0.09218781343694947,0.09037475668319353,0.01000299955743193,0.10850674492104467,0.07543655665340951,0.11541231087023002,0.03997575421682051,0.07488598996133677,0.1193979538651942,0.04451196390385742,101,R2_Percent,0.060953698288568815,0.1077075926719459,False
11,3,The Situation,0.06882644274171422,0.06846237260415872,0.005984893515589322,0.08695631035369503,0.05814448242347284,0.08138517536189302,0.023240692938420182,0.056546687280526135,0.08203705797165527,0.02549037069112913,101,R2_Percent,0.019696153380960167,0.16241363352973337,False
11,4,Audrina Patridge,0.08617126878163059,0.08661421688530259,0.007064029976363397,0.08197662720116823,0.07334133201214453,0.099482754856478,0.026141422844333476,0.07085238456384858,0.10019161336984608,0.0293392288059975,101,R2_Percent,0.02748871375201836,0.1475376664181844,False
11,4,Brandy,0.12262954213345668,0.12196532095247528,0.014545843346059385,0.11861614332889923,0.09858290661701705,0.1493547102142515,0.05077180359723446,0.09508584723103443,0.14978974985761867,0.05470390262658424,101,R2_Percent,0.1368303981377705,0.06660820835695515,False
11,4,Bristol Palin,0.14629006098935274,0.14580183539312805,0.014212451027699741,0.09715254017656162,0.12196263051875261,0.17377446279409275,0.05181183227534014,0.12138083253487933,0.17444641587163426,0.05306558333675493,101,R2_Percent,0.2172761297357211,0.052009792739748956,False
11,4,Florence Henderson,0.06757776158297069,0.06723382537159157,0.006764137397544118,0.1000941321390061,0.05577435362488249,0.08270907440269851,0.026934720777816015,0.054887921582596005,0.08336457219462373,0.028476650612027726,101,R2_Percent,0.02185314576767467,0.18974710449862042,False
11,4,Jennifer Grey,0.15052392308149037,0.15045341971083462,0.015991960323703133,0.10624198463818561,0.11833599732948019,0.1799130816716584,0.06157708434217821,0.11804732345378322,0.18772076881610772,0.0696734453623245,101,R2_Percent,0.19104219658322427,0.03921570337088886,False
11,4,Kurt Warner,0.11325791781336188,0.11341068718505296,0.012020022279814245,0.10612964207608055,0.09020859305480898,0.1378129541860854,0.04760436113127643,0.08949252062125848,0.13992806902677604,0.05043554840551756,101,R2_Percent,0.12533277645846566,0.09453638217455602,False
11,4,Kyle Massey,0.1528189742392948,0.1503195772378505,0.01637941851591511,0.1071818378408106,0.12551550605859496,0.18393603631809222,0.058420530259497255,0.12399856271292727,0.18505555392413436,0.0610569912112071,101,R2_Percent,0.2062274439294308,0.04809877802185869,False
11,4,Rick Fox,0.09473371824782588,0.093593673862207,0.009601289065051543,0.10135028206044146,0.07852891894583805,0.11673822173422332,0.038209302788385274,0.07780314181746488,0.1202007178735128,0.04239757605604792,101,R2_Percent,0.05666136942677011,0.13803675810679922,False
11,4,The Situation,0.06599683313061636,0.06595129550957145,0.006014199849673857,0.09112861275890269,0.05506780571980684,0.07868440204959148,0.023616596329784648,0.05398409508653712,0.0792084937951151,0.025224398708577983,101,R2_Percent,0.01728782620892452,0.2242096063123884,True
11,5,Audrina Patridge,0.0793884886026101,0.07985068539606002,0.006625494593444513,0.0834566158150375,0.06794080143344808,0.09216487734248874,0.02422407590904066,0.06590434156985386,0.09230565269320647,0.026401311123352603,101,R2_Percent,0.02435564072576347,0.21411612567999294,False
11,5,Brandy,0.13612733999058788,0.1356518212665302,0.01604289744150357,0.11785213347012297,0.10902588150323307,0.1654566584377659,0.05643077693453284,0.10512078248199322,0.16631173956137607,0.06119095707938285,101,R2_Percent,0.13831165299148132,0.08358898444409736,False
11,5,Bristol Palin,0.16882665595060675,0.16899249780809733,0.015799822627104217,0.09358606635984508,0.14188975531545772,0.19835208554066083,0.05646233022520311,0.1413550327089896,0.1997194942595806,0.058364461550590996,101,R2_Percent,0.2294281655864555,0.06265231762027601,False
11,5,Florence Henderson,0.0661885267240105,0.06549324693793994,0.006675613311147683,0.100857560087163,0.05467862429063157,0.08123492460541254,0.02655630031478097,0.05397156608807694,0.08208161858482169,0.028110052496744746,101,R2_Percent,0.018687199561711467,0.2402742851849153,True
11,5,Jennifer Grey,0.16779433082548428,0.16707194821260885,0.017090004997662445,0.1018509082731587,0.13402865888127663,0.203702183461327,0.06967352458005038,0.13328786038749327,0.20768462086276118,0.07439676047526791,101,R2_Percent,0.20145999676380802,0.05826438064839656,False
11,5,Kurt Warner,0.11882295263271093,0.11891133154018126,0.011702625961632985,0.09848792428013906,0.09629948689199001,0.14085938754419186,0.04455990065220185,0.09578706447085686,0.14434381019420844,0.048556745723351585,101,R2_Percent,0.12096510963608978,0.10563625467280068,False
11,5,Kyle Massey,0.16974415970267587,0.16753290001782772,0.017586503294949454,0.10360594040910745,0.1412580161139279,0.20328278633806965,0.06202477022414174,0.14123412776428357,0.20582285826769892,0.06458873050341535,101,R2_Percent,0.21610680601070018,0.06367165914474614,False
11,5,Rick Fox,0.09310754557131376,0.09245411868885627,0.00831569556780353,0.0893127996960708,0.07832422685646254,0.11210049290768817,0.033776266051225634,0.07755547490980433,0.11417723464225124,0.03662175973244691,101,R2_Percent,0.05068542872399031,0.17179599260477513,False
11,6,Audrina Patridge,0.07851005520678146,0.07864744124398673,0.006849009872265708,0.08723735901378032,0.06678908400184616,0.09157525994539079,0.024786175943544625,0.06435610967094164,0.09212673282298185,0.027770623152040208,101,R2_Percent,0.020819996842020076,0.25985090393564914,True
11,6,Brandy,0.1431477876657806,0.1435182567747564,0.016429979999986386,0.11477634595615874,0.11514518875867302,0.1740612861434351,0.058916097384762084,0.11059147494187457,0.1748462534751517,0.06425477853327713,101,R2_Percent,0.1362223016677552,0.10229458340559891,False
11,6,Bristol Palin,0.1926083082680387,0.1910226717866986,0.017115775726550802,0.08886312267865437,0.163031771856225,0.22778017345792878,0.06474840160170378,0.16173908068098963,0.22883892758950003,0.0670998469085104,101,R2_Percent,0.24293699804179553,0.06387086418224444,False
11,6,Jennifer Grey,0.19550714924532825,0.19408859985733065,0.018622386208611837,0.09525168916070638,0.15797203696617884,0.2335257278787371,0.07555369091255826,0.156658469334211,0.2392897197566189,0.0826312504224079,101,R2_Percent,0.21902959509264208,0.07288317481449612,False
11,6,Kurt Warner,0.11358135587417602,0.11315067833465738,0.009966352343978666,0.08774637586664544,0.0945181566911577,0.13234192910234024,0.03782377241118254,0.0939003832070261,0.13484398946986653,0.04094360626284044,101,R2_Percent,0.1097633349105294,0.19616073306605,False
11,6,Kyle Massey,0.19243469675243222,0.18931951363382798,0.019210638005869203,0.09982938799536625,0.16291332409137638,0.22797834398751327,0.06506501989613689,0.16217528348078167,0.23089442775545857,0.0687191442746769,101,R2_Percent,0.22865539160153184,0.06594536636823757,False
11,6,Rick Fox,0.08421064698746264,0.08290684999997733,0.0074654498977577075,0.0886520904995442,0.0706748984064574,0.10082304731849108,0.030148148912033684,0.069822830949307,0.10324168043368562,0.03341884948437862,101,R2_Percent,0.04257238184372593,0.2389943742277238,False
11,7,Brandy,0.13769822834572265,0.13835331392732675,0.013942048357786417,0.10125074610823416,0.11325403674253592,0.1634870337618884,0.050232997019352466,0.10942767701824635,0.1643633333083569,0.054935656290110546,101,R2_Percent,0.12873369553788777,0.17035226088029778,False
11,7,Bristol Palin,0.22421136967274274,0.2220671100518452,0.01896634478416532,0.08459136042854765,0.19070954235550974,0.26408115509788016,0.07337161274237042,0.18841458261422916,0.26625485338730265,0.07784027077307348,101,R2_Percent,0.26500309283286355,0.07576912299356713,False
11,7,Jennifer Grey,0.22779059660639833,0.2260128338713892,0.020333581885851933,0.08926436028870206,0.18748419152015713,0.26727985483098915,0.07979566331083202,0.1837486426018809,0.273926212572931,0.09017756997105009,101,R2_Percent,0.23841180179040686,0.07975358640109845,False
11,7,Kurt Warner,0.10266669423871827,0.1019915689568965,0.009118936964276795,0.08882079073349386,0.08603905786137225,0.1201854710194803,0.03414641315810804,0.08454962812359004,0.12220428562536487,0.037654657501774824,101,R2_Percent,0.08676129867028279,0.2393868950224145,False
11,7,Kyle Massey,0.22249667718057842,0.22028426557193506,0.020847445250479622,0.09369778243276786,0.1876111890659486,0.261201406402513,0.0735902173365644,0.18509279063684003,0.2638315302919896,0.07873873965514955,101,R2_Percent,0.24769809132244824,0.08261958850286093,False
11,7,Rick Fox,0.08513643395583963,0.08380761675634502,0.007709783762260582,0.09055798327493558,0.07128680214648303,0.10172090640581127,0.030434104259328243,0.06972705918283797,0.10439876442188832,0.034671705239050346,101,R2_Percent,0.03339201984611086,0.3521185461997613,True
11,8,Brandy,0.12285533116951956,0.12416143605179338,0.012491532880971774,0.10167676699137763,0.1006398639690893,0.14620430828251968,0.045564444313430374,0.09805752247745711,0.1472078475607035,0.04915032508324638,101,R2_Percent,0.10961823822130264,0.26222740812711054,False
11,8,Bristol Palin,0.25554637728281127,0.25445534027183625,0.020898985276655607,0.0817815752227505,0.2191593867682779,0.299109905698112,0.07995051892983412,0.21577369072073382,0.3026366127376015,0.08686292201686768,101,R2_Percent,0.2952685176629303,0.09422692725374678,False
11,8,Jennifer Grey,0.25972189211962465,0.2584992558779502,0.022295418886570665,0.08584343316081215,0.21634087694281534,0.3029320433767332,0.08659116643391784,0.21305584730433647,0.3091746476141497,0.09611880030981323,101,R2_Percent,0.26221413631834933,0.09122346822598454,False
11,8,Kurt Warner,0.10333203691810701,0.1025922091681204,0.009430725401138507,0.09126622954904655,0.08598124193170545,0.1229227024900133,0.036941460558307854,0.08442303869110451,0.12516227912774106,0.04073924043663654,101,R2_Percent,0.060844139018170366,0.4648492666043174,True
11,8,Kyle Massey,0.2585443625099375,0.25605296487060203,0.02304748091412172,0.08914323518941884,0.2195122749402011,0.30311137123326065,0.08359909629305956,0.21744427680336387,0.3102730810063383,0.09282880420297446,101,R2_Percent,0.2720549687792475,0.08747292978884066,False
11,9,Brandy,0.12177080892080325,0.12328505030754382,0.012486088163289902,0.10253761368548145,0.09951870696656273,0.14435848625650857,0.04483977928994584,0.09737908250385957,0.14808873826744834,0.05070965576358877,101,R2_Percent,0.08004038905048402,0.6152247038881882,True
11,9,Bristol Palin,0.2911490086083511,0.2900484907415912,0.02297513223487364,0.07891193703420579,0.2492282751353277,0.33786026461141905,0.08863198947609136,0.24650721206913412,0.3418393001451111,0.09533208807597698,101,R2_Percent,0.32743820410649255,0.12539818670583702,False
11,9,Jennifer Grey,0.2968664076302057,0.2941139478753938,0.02457637364110543,0.08278597042114381,0.2495715671542335,0.3422241667073729,0.09265259955313937,0.2458617937478282,0.35003964393241815,0.10417785018458994,101,R2_Percent,0.2917078415805167,0.12983832630165001,False
11,9,Kyle Massey,0.2902137748406399,0.2885271619819118,0.025719934489594812,0.08862409960973754,0.2462152465250147,0.3406248202226373,0.0944095736976226,0.2438259261464058,0.3509443867802715,0.10711846063386571,101,R2_Percent,0.30081356526250685,0.12953878310432473,False
11,10,Bristol Palin,0.3255470802570855,0.3226775664271515,0.025880158292785605,0.07949743635343916,0.2800895565202828,0.37518821846677675,0.09509866194649397,0.276949798895495,0.38344587609350844,0.10649607719801346,101,R2_Percent,0.35395651904061526,0.3406952742380247,False
11,10,Jennifer Grey,0.3413230479641487,0.34209066028596463,0.027834583500864155,0.0815490886621515,0.28676454278245633,0.391171186936478,0.10440664415402168,0.28276675904483306,0.40125622916202375,0.11848947011719069,101,R2_Percent,0.31834263853069356,0.30373386346189235,False
11,10,Kyle Massey,0.3331298717787658,0.33002887201971537,0.028035029059762136,0.08415645498876313,0.2827930914769652,0.3901183712357132,0.107325279758748,0.2784974506736769,0.4004309046587686,0.1219334539850917,101,R2_Percent,0.3277008424286912,0.3555708623000829,False
22,1,Antonio Brown,0.08377586087130506,0.08445560748259581,0.007509727005082738,0.08964070230945215,0.06864708129006585,0.09680111754459528,0.028154036254529433,0.06778506608158837,0.09765183734291907,0.029866771261330707,104,R2_Percent,0.10104385164766415,0.06250240919093344,False
22,1,Doug Flutie,0.0794427263905962,0.07811541725550292,0.007831180871728446,0.09857643647858792,0.06796055237613507,0.09780079161006228,0.0298402392339272,0.06792559797737646,0.09852630287594534,0.03060070489856888,104,R2_Percent,0.027167607536849138,0.1241607596818629,False
22,1,Geraldo Rivera,0.06556538642466027,0.06542848542440988,0.00542763824783306,0.08278206754824573,0.05593528573818445,0.0785587119789256,0.022623426240741144,0.05510205206936277,0.0788016427990927,0.02369959072972993,104,R2_Percent,0.015887330017502137,0.14231246292177674,False
22,1,Ginger Zee,0.09613565949408652,0.09484869360269632,0.009086403177325396,0.09451647000855408,0.08023062906748184,0.11793749003873677,0.03770686097125493,0.07797989279650248,0.12156077079232873,0.043580877995826245,104,R2_Percent,0.18723217415578983,0.0324735135876544,False
22,1,Jodie Sweetin,0.08583853651987475,0.08637632281331079,0.007802649935229749,0.09089914916505072,0.07313108378750449,0.1012316130596779,0.028100529272173408,0.0706819256673803,0.10312154265115156,0.03243961698377126,104,R2_Percent,0.06405057000454566,0.08312784434342269,False
22,1,Kim Fields,0.08573934190891808,0.08542357405080837,0.008414270365304488,0.09813779973075916,0.06941873479422873,0.10180761715246979,0.032388882358241056,0.06916193995777019,0.10315211989668348,0.03399017993891329,104,R2_Percent,0.03937692606510524,0.09860392133010885,False
22,1,Marla Maples,0.07561490479708363,0.07555377732047189,0.007106516056749412,0.09398300607294424,0.0621304103604883,0.08829363825467411,0.026163227894185806,0.06199763150208111,0.09006947414793422,0.028071842645853107,104,R2_Percent,0.020236305307442606,0.10932877061605946,False
22,1,Mischa Barton,0.07109905678053056,0.07107825426704353,0.005838940819084246,0.08212402644254423,0.05977711989361005,0.08134157900404983,0.021564459110439776,0.05758039931242933,0.08185741531246524,0.024277016000035907,104,R2_Percent,0.018167447929335927,0.12833678820235997,False
22,1,Nyle DiMarco,0.0962339587799432,0.09556757305931599,0.00998668846709418,0.10377509762360079,0.0782382551676397,0.11777326536362974,0.03953501019599004,0.075812115580728,0.1192486786834851,0.04343656310275709,104,R2_Percent,0.18448672021729667,0.03309632289964625,False
22,1,Paige VanZant,0.09490640396807574,0.09486429102456445,0.008765222516922614,0.0923564917692069,0.07774719402216393,0.11321011851241776,0.03546292449025383,0.07698087815273079,0.11436308787067924,0.03738220971794845,104,R2_Percent,0.18003594847580498,0.036183845854091956,False
22,1,Von Miller,0.08263042264070487,0.08217180454127282,0.007846758727507216,0.0949621032634268,0.068306405769859,0.09837833491516741,0.030071929145308415,0.06553552910186762,0.10061744088411931,0.03508191178225169,104,R2_Percent,0.029470915798458706,0.10256122501920044,False
22,1,Wanya Morris,0.0830177414242211,0.08155092427227906,0.007761039171647003,0.09348651310553069,0.0693088636268852,0.0983208614763566,0.029011997849471408,0.06881218532363007,0.10160426459389647,0.03279207927026641,104,R2_Percent,0.1328442028442048,0.047312136352882804,False
22,2,Antonio Brown,0.08623242610129664,0.08705129876188533,0.008307643619472057,0.09634013555078602,0.06989863903361568,0.10082397366766052,0.030925334634044843,0.068942704272814,0.10157848416015466,0.03263577988734066,104,R2_Percent,0.10558052898086846,0.06403161860325998,False
22,2,Doug Flutie,0.07867585588678297,0.0776367216730744,0.007949583925841415,0.10104222999850318,0.06714280566756814,0.09743566602641572,0.03029286035884758,0.06693152666751317,0.09804303824562202,0.031111511578108847,104,R2_Percent,0.025147052661240062,0.108486182364601,False
22,2,Geraldo Rivera,0.054376421023232584,0.05381186733086801,0.004516821659524175,0.08306581372088356,0.04661685592375672,0.06510613297701805,0.018489277053261324,0.04614045537976072,0.06534613033387573,0.019205674954115015,104,R2_Percent,0.013619664021397504,0.14426175381331377,True
22,2,Ginger Zee,0.10335025854780248,0.10136474527315745,0.010559697410824832,0.10217388479914316,0.08540359014523,0.1287065052032675,0.04330291505803752,0.08237404980944762,0.13268236623923207,0.05030831642978445,104,R2_Percent,0.1889262634814347,0.03392047411399327,False
22,2,Jodie Sweetin,0.08932522880936236,0.08946819667770617,0.008558246586784854,0.09580995986083436,0.07567955084084141,0.10603798509800227,0.030358434257160866,0.0728416209995875,0.10837156604263534,0.035529945043047836,104,R2_Percent,0.06546279699935255,0.07970516828648569,False
22,2,Kim Fields,0.09142394696202193,0.091475462828538,0.009838105191802027,0.10760971844596512,0.07244714903152326,0.11019585015173702,0.037748701120213765,0.0718822561564015,0.11217928741356484,0.04029703125716334,104,R2_Percent,0.03909529656763962,0.10143589806677761,False
22,2,Marla Maples,0.0685254465255123,0.06833580238166681,0.0061579098433398385,0.08986311152379318,0.056908876300442494,0.07932059460170335,0.022411718301260854,0.05638762155451239,0.0810985635133221,0.024710941958809712,104,R2_Percent,0.01806929781827277,0.11393156053740547,False
22,2,Mischa Barton,0.060523489829839586,0.06063471721732809,0.0048590624282129884,0.08028391029456715,0.05137767994122159,0.06881426136303287,0.01743658142181128,0.04961679687657467,0.0692682057218707,0.01965140884529603,104,R2_Percent,0.016036083021476865,0.13378957714417172,False
22,2,Nyle DiMarco,0.10074996007359031,0.10050435250930345,0.011037215153651986,0.10955056603089595,0.08099010325491103,0.12430690539818011,0.04331680214326908,0.07746449834063246,0.12578743761731342,0.048322939276680965,104,R2_Percent,0.18390428825551167,0.03616489959648404,False
22,2,Paige VanZant,0.09981106282326814,0.09984463049950196,0.009936123250153915,0.09954931817275056,0.08076638353199052,0.12110334049200225,0.04033695696001173,0.07988751142672637,0.1219846111939492,0.042097099767222826,104,R2_Percent,0.18006324340647512,0.033029014259694,False
22,2,Von Miller,0.0824200502453736,0.08188241047108061,0.008108482769779058,0.09837997848386659,0.06784098941743319,0.09892289756703233,0.031081908149599144,0.06589992760421526,0.10110727406831398,0.03520734646409872,104,R2_Percent,0.027755456509620833,0.10654567300950335,False
22,2,Wanya Morris,0.08458585317191701,0.08312024610907165,0.008689664840506131,0.1027318932735096,0.06926839468027149,0.1020957845659863,0.032827389885714806,0.06920383786349366,0.1054100085355687,0.036206170672075044,104,R2_Percent,0.13634002827670977,0.044698180204310024,False
22,3,Antonio Brown,0.09319546622383158,0.0943224859694501,0.009438027979453928,0.10127132104029833,0.07460991171700398,0.10994938001366193,0.03533946829665795,0.07337369226999675,0.11054027823560496,0.037166585965608206,104,R2_Percent,0.10900341287870323,0.07376273293217273,False
22,3,Doug Flutie,0.07795589787483957,0.07684188375389844,0.00782790818068081,0.10041457277868496,0.06630978366228421,0.09668313052061374,0.030373346858329528,0.0659950776107332,0.09725984357458065,0.031264765963847446,104,R2_Percent,0.02297446682687082,0.13377215540452306,False
22,3,Ginger Zee,0.1155401714605501,0.11367065783946871,0.012128920978871024,0.10497579175752139,0.09517395565153368,0.14376019682490038,0.0485862411733667,0.09192979334800366,0.14881829233126612,0.05688849898326245,104,R2_Percent,0.19377774419555246,0.03984727821029216,False
22,3,Jodie Sweetin,0.0942714848155241,0.09453711392139222,0.009101749308307374,0.09654827571792472,0.07941477367080366,0.11132713923441845,0.03191236556361479,0.07672730907005998,0.11394551567876672,0.03721820660870674,104,R2_Percent,0.06545283744896892,0.09134246339851379,False
22,3,Kim Fields,0.09418132236380838,0.09477734259686627,0.00992527763848621,0.1053847768259862,0.0760576040123353,0.11228667792566868,0.03622907391333338,0.07461926905562832,0.11398728372797616,0.03936801467234784,104,R2_Percent,0.03740118184285968,0.11419620640551628,False
22,3,Marla Maples,0.0625207239309479,0.06237073468602103,0.005416470646177469,0.08663480371979991,0.052381439259145325,0.07174470104797913,0.019363261788833804,0.05191561565391985,0.07335041821677511,0.021434802562855265,104,R2_Percent,0.01621192065130347,0.13614703854107746,False
22,3,Mischa Barton,0.05489138656085021,0.05473165268218862,0.0044443664274284615,0.08096655424256098,0.045707749385138594,0.06274689233795452,0.01703914295281593,0.044785291916707194,0.06324773042052789,0.018462438503820698,104,R2_Percent,0.013932574457038533,0.15097243106923394,True
22,3,Nyle DiMarco,0.11460703808310738,0.11392967255279579,0.012708212508597794,0.11088509677200124,0.0918046995135972,0.14194385308113444,0.050139153567537245,0.08837468634820266,0.1439917760774771,0.05561708972927444,104,R2_Percent,0.18855349750326003,0.03676026499983628,False
22,3,Paige VanZant,0.11386508158205441,0.1136346872905547,0.011549891673734138,0.10143488691404448,0.09121241219553677,0.13880865510638427,0.04759624291084749,0.09059848667318028,0.13926400049468182,0.04866551382150154,104,R2_Percent,0.18594517932227536,0.03968046799540269,False
22,3,Von Miller,0.08859854582263298,0.08738137290687335,0.008686853937819887,0.09804736474129334,0.07398384466512421,0.10504082036680613,0.03105697570168192,0.07119643522050545,0.10744688725902554,0.03625045203852009,104,R2_Percent,0.026316568553610833,0.13071404455926727,False
22,3,Wanya Morris,0.09037288128185339,0.08931019202350701,0.009957326150639486,0.1101804657481789,0.07316405807873004,0.11031703027673448,0.03715297219800444,0.07297624955003065,0.11389865740661957,0.04092240785658892,104,R2_Percent,0.14043061631955686,0.052804916484164396,False
22,4,Antonio Brown,0.09984879255790968,0.10082004578200929,0.010568073937886516,0.10584077851274275,0.07911184781912364,0.11838521146214816,0.039273363643024514,0.0771631822036633,0.11926680612861518,0.04210362392495187,104,R2_Percent,0.10947925794703445,0.07481258359910203,False
22,4,Doug Flutie,0.07632691790912792,0.07566732944423206,0.00675302634506337,0.08847502991150881,0.06624433066055449,0.09231932145919707,0.026074990798642575,0.06591385919637598,0.09275703068073991,0.026843171484363937,104,R2_Percent,0.020812102962167005,0.1754110512044989,False
22,4,Ginger Zee,0.12934332514350227,0.1271599726738682,0.013458398635314502,0.1040517446136694,0.10686936220639921,0.16044500685784044,0.053575644651441226,0.1037003789639286,0.16565085988484057,0.061950480920911974,104,R2_Percent,0.20021150169889942,0.03907431587433834,False
22,4,Jodie Sweetin,0.10004340863389846,0.09989745015272836,0.009471373717830562,0.09467264107813801,0.08515868597374597,0.11866944622736565,0.03351076025361968,0.08203261040870372,0.12083219061420221,0.03879958020549849,104,R2_Percent,0.0639326154284213,0.12195860715360422,False
22,4,Kim Fields,0.09047554972568031,0.0908250657705576,0.009067053714611134,0.10021551393832061,0.07405123985925188,0.10690985300214993,0.03285861314289805,0.07265307708730565,0.10782051896577742,0.035167441878471775,104,R2_Percent,0.03430822373351179,0.13431834781732319,False
22,4,Marla Maples,0.06007294918795832,0.06035450857581516,0.00517793307046096,0.08619408802887409,0.050114890831546015,0.0687183237052077,0.01860343287366168,0.04985453629995576,0.07001496078824548,0.020160424488289724,104,R2_Percent,0.0143466698144239,0.16819167583792827,True
22,4,Nyle DiMarco,0.13151162602693858,0.13089293496778742,0.014410280967024585,0.10957419813266403,0.10558323998961383,0.16284740998148386,0.057264169991870034,0.10250975514782526,0.16469320320103562,0.062183448053210355,104,R2_Percent,0.19673032086418007,0.04180168510102416,False
22,4,Paige VanZant,0.12736872687931927,0.127936059463818,0.012979253144737196,0.10190298248827534,0.10226086329335166,0.15477296529025986,0.0525121019969082,0.10160564202760493,0.15574966896916298,0.05414402694155805,104,R2_Percent,0.1924371137618899,0.04123390632132364,False
22,4,Von Miller,0.0882729498202921,0.08759304220268746,0.008593128207573563,0.09734724199279203,0.07379743994909381,0.10516256295752806,0.03136512300843425,0.07216050906594743,0.10674217570390232,0.034581666637954894,104,R2_Percent,0.0241233489561308,0.14412598222147424,False
22,4,Wanya Morris,0.09673575411537312,0.09504678538648523,0.011196712810205288,0.11574534061988483,0.07703958939766992,0.11941263379366684,0.04237304439599693,0.07634424448360966,0.12286012070964457,0.04651587622603491,104,R2_Percent,0.14361884483334128,0.059071844869383085,False
22,5,Antonio Brown,0.10802627164261175,0.10914098863318278,0.011252332137081763,0.10416292227791002,0.085562659079918,0.12778371660853444,0.042221057528616435,0.08401345938972553,0.1282144785908158,0.04420101920109028,104,R2_Percent,0.10731162531698982,0.10949566360023373,False
22,5,Doug Flutie,0.07020905225022034,0.06929619263143619,0.006333040924110234,0.0902026266006227,0.06071603290057571,0.0849548698400484,0.024238836939472687,0.06059229609787378,0.08617619561899081,0.02558389952111703,104,R2_Percent,0.018139641982503115,0.19301655174411617,False
22,5,Ginger Zee,0.14807654210024276,0.14555302594508157,0.014839594754947753,0.10021570293626829,0.12389548514669806,0.18159987202705405,0.05770438688035599,0.12025961799339195,0.18668020444199918,0.06642058644860722,104,R2_Percent,0.21008355706847,0.046261976535115275,False
22,5,Jodie Sweetin,0.10073631826152624,0.10041753061068082,0.0088489174998686,0.087842375546181,0.08628761862500799,0.1176800169855896,0.03139239836058161,0.0838557161607102,0.11993544960306064,0.03607973344235044,104,R2_Percent,0.058962894723401604,0.12209499893440978,False
22,5,Kim Fields,0.0874156463179107,0.08750054500106244,0.00859936365840551,0.09837327778978597,0.07272324745993095,0.10189417657886177,0.029170929118930822,0.07127275647567514,0.10240528386653049,0.03113252739085534,104,R2_Percent,0.030927370736485063,0.17667116882063713,False
22,5,Nyle DiMarco,0.1502320931040279,0.15007155686864415,0.015916242564850788,0.10594435740058297,0.12245666049246413,0.18542638286267282,0.06296972237020869,0.11756280177796818,0.18670674944276316,0.06914394766479498,104,R2_Percent,0.20604277366518436,0.0419687864161231,False
22,5,Paige VanZant,0.148661724990292,0.14849862234759018,0.014523372544429723,0.09769409406071493,0.12025055313897494,0.17891195573355448,0.05866140259457954,0.11965843507076916,0.17914904654033095,0.05949061146956179,104,R2_Percent,0.2030969348470273,0.049786100552206156,False
22,5,Von Miller,0.08418933805009145,0.08350710887555662,0.00791046463319228,0.09396040895921605,0.070678122706589,0.0998760314542641,0.029197908747675097,0.06957458550188127,0.10046496048120752,0.030890374979326257,104,R2_Percent,0.021610048954264223,0.18377114806913097,False
22,5,Wanya Morris,0.10245301328307682,0.10056809392243127,0.012096100903569227,0.11806486228128596,0.08150705804717596,0.12662180812335358,0.045114750076177615,0.08037736442199157,0.12868798731556894,0.04831062289357736,104,R2_Percent,0.1438251527056745,0.07693360532802766,False
22,6,Antonio Brown,0.11004643837146687,0.11094549360424474,0.01335520224404004,0.12135969543111368,0.0843936413608351,0.1326446445306233,0.0482510031697882,0.08294425887058754,0.13311453367422393,0.050170274803636394,104,R2_Percent,0.10293451662757684,0.09360562779230061,False
22,6,Doug Flutie,0.06311494282478024,0.06217405308448522,0.00592887751176012,0.09393777838347847,0.054358091116375414,0.07711445142486292,0.02275636030848751,0.054285400954841176,0.07850635162163774,0.024220950666796567,104,R2_Percent,0.015590563786750304,0.20569009619804976,True
22,6,Ginger Zee,0.15801636458378263,0.15553120185227293,0.014914378447860492,0.09438502453302973,0.13292580772727766,0.1929204318139557,0.05999462408667805,0.13014122352571006,0.19702312371607852,0.06688190019036847,104,R2_Percent,0.21629836797071253,0.04681053162429973,False
22,6,Jodie Sweetin,0.09024123244564591,0.09080289869355714,0.0073262735245382335,0.08118543293334335,0.07775326545917953,0.10363859070393765,0.025885325244758117,0.07581688481123276,0.10661281658014059,0.030795931768907825,104,R2_Percent,0.052913704420236324,0.14063658114050293,False
22,6,Kim Fields,0.07365747179945953,0.07393368972731745,0.0070628102105021115,0.09588722010078461,0.06175283336645051,0.0855438019606298,0.02379096859417929,0.060728700563544825,0.08656255553659321,0.025833854973048388,104,R2_Percent,0.026980318461924918,0.17348828488951865,False
22,6,Nyle DiMarco,0.1648138430656159,0.16495425579002457,0.016737698961080953,0.10155517673607865,0.13637272111523827,0.2027195463042951,0.06634682518905682,0.132100653892156,0.20407401793170826,0.07197336403955226,104,R2_Percent,0.2143345557962877,0.046026357698384715,False
22,6,Paige VanZant,0.1621135189598471,0.16136583019054726,0.014913644095581335,0.0919950673532366,0.13282665941927232,0.19251940923493802,0.05969274981566569,0.13171276302441315,0.19308182629424187,0.061369063269828716,104,R2_Percent,0.210949010088534,0.04299967519222485,False
22,6,Von Miller,0.07608472973904885,0.07502445636718949,0.0069835962277757764,0.09178709383246446,0.0650699685086728,0.09001517662972273,0.02494520812104993,0.06396226862117498,0.09106706412039599,0.027104795499221013,104,R2_Percent,0.019339746148157064,0.18290733259723505,False
22,6,Wanya Morris,0.10191145821035301,0.09879157806204905,0.014292693565116768,0.1402461883688835,0.07897981404742457,0.13008776040137507,0.051107946353950495,0.07794807737398517,0.1322342089182697,0.054286131544284535,104,R2_Percent,0.14065921669982026,0.06783551286748368,False
22,7,Antonio Brown,0.11120853906830902,0.11214403967661307,0.015387281719916157,0.13836421059775486,0.08536737274020031,0.13504860636856716,0.04968123362836685,0.08355196845398634,0.13616747376392122,0.052615505309934876,104,R2_Percent,0.09499775652950108,0.1308676829297557,False
22,7,Ginger Zee,0.18221693793375804,0.18102930498684439,0.01627466726930217,0.08931478848151074,0.1547628036296761,0.2198378050350557,0.06507500140537961,0.15075738083754037,0.22406429354700375,0.07330691270946338,104,R2_Percent,0.22938654514156953,0.04919395257580392,False
22,7,Jodie Sweetin,0.0846931306970462,0.08454831409336191,0.006873577304479563,0.08115861638255968,0.07325464448122385,0.0994246363997092,0.026169991918485347,0.07169486073375582,0.10132422786974019,0.029629367135984366,104,R2_Percent,0.046602091976412865,0.18590425759104467,False
22,7,Kim Fields,0.07008966507592825,0.06972979938895407,0.006697305966165387,0.0955534023298611,0.05877272608518598,0.08192685376786266,0.023154127682676676,0.058287895465493074,0.08331857942157894,0.025030683956085868,104,R2_Percent,0.0228964210382584,0.2155295230688796,True
22,7,Nyle DiMarco,0.18991207084834288,0.1906031696766467,0.01834600777861966,0.09660264193143435,0.15860343483945108,0.23037017829197468,0.0717667434525236,0.15447789087143918,0.23337567940907702,0.07889778853763785,104,R2_Percent,0.22805155036746,0.048854234702370644,False
22,7,Paige VanZant,0.18664986925370713,0.18568940787636454,0.016304152594610145,0.08735153504151903,0.15370299095329337,0.21962432402655171,0.06592133307325834,0.15241680417322706,0.22031024293451015,0.06789343876128309,104,R2_Percent,0.22574224303049362,0.05045025240878763,False
22,7,Von Miller,0.07181317356900616,0.0709657720192339,0.006586775685636817,0.09172099432853366,0.061465069483157365,0.08511760184365652,0.023652532360499155,0.06029247753396518,0.0856291464697269,0.025336668935761718,104,R2_Percent,0.01658059406284111,0.22515764109744185,True
22,7,Wanya Morris,0.10341661355390232,0.0993331758024262,0.016431113390395873,0.15888272518062801,0.07944120669297625,0.134219550791481,0.054778344098504766,0.07916962446256436,0.13741931391147097,0.058249689448906614,104,R2_Percent,0.13574279785346358,0.09404245562591589,False
22,8,Antonio Brown,0.10988937793442619,0.11080987550880622,0.013093451009693153,0.11915119783011559,0.08417320670528201,0.1300239189513554,0.045850712246073386,0.08314974078938943,0.1315694789885438,0.048419738199154364,104,R2_Percent,0.0772372668989984,0.2636231274469463,False
22,8,Ginger Zee,0.2333087232946253,0.23108900729733267,0.019742091233500434,0.084617887212772,0.20181851922494032,0.2780415093969063,0.07622299017196599,0.19615607174481572,0.28051073414782607,0.08435466240301034,104,R2_Percent,0.2589399140012947,0.06631268823071311,False
22,8,Jodie Sweetin,0.09101182119886381,0.09096485779582572,0.007712094763807411,0.08473728645596743,0.07688904555454575,0.10690131068118928,0.03001226512664354,0.07555593134851109,0.11039834185350746,0.03484241050499637,104,R2_Percent,0.035785334488063814,0.3106036861165433,True
22,8,Nyle DiMarco,0.23922106245039193,0.24054289972390727,0.02155576497395595,0.0901081399486972,0.2021334333909119,0.2871017839958119,0.08496835060489999,0.19736125861819073,0.290683425538845,0.09332216692065429,104,R2_Percent,0.25726919931091274,0.06988745621456642,False
22,8,Paige VanZant,0.22744818114645032,0.22771261830837392,0.01982489794240746,0.08716226193799509,0.1892333466119593,0.27054033890594054,0.08130699229398122,0.18697634385223139,0.27085426837623683,0.08387792452400544,104,R2_Percent,0.25138043779233393,0.0758363878149337,False
22,8,Wanya Morris,0.09912083397524249,0.09601870729528579,0.01404648786286494,0.14171075140846118,0.07759877627150903,0.12522708687348572,0.047628310601976684,0.07720333761923617,0.12866621676580245,0.051462879146566276,104,R2_Percent,0.11938784750839643,0.21373665417629717,False
22,9,Antonio Brown,0.10428770008068088,0.1058497968321718,0.010915517462676109,0.10466735247043951,0.08141006722377683,0.1215382051911375,0.04012813796736067,0.08058533389379209,0.12253980431719542,0.041954470423403334,104,R2_Percent,0.05243672561618644,0.442723111130089,True
22,9,Ginger Zee,0.2590497269153536,0.25683142029987327,0.02071698379303958,0.07997299993220609,0.22549596447801892,0.30550496681922545,0.08000900234120653,0.22275074025731723,0.30817185728154706,0.08542111702422983,104,R2_Percent,0.28944632328552344,0.08383302634471662,False
22,9,Nyle DiMarco,0.2692189656740205,0.26961009190228263,0.023671772483147616,0.08792758126784503,0.22826757558910732,0.32305860359370625,0.09479102800459893,0.2227306200400611,0.32441318263505564,0.10168256259499453,104,R2_Percent,0.2876362344357063,0.08286742581789887,False
22,9,Paige VanZant,0.2746410673406512,0.2746886310969262,0.021671936686348384,0.07891003663872156,0.23130533785493626,0.31782878109742785,0.08652344324249159,0.2275876416351833,0.3207722914863132,0.0931846498511299,104,R2_Percent,0.2836966068921566,0.08114864066885732,False
22,9,Wanya Morris,0.09280253998929378,0.08967790090603225,0.011799961856027557,0.12715128117602026,0.07457351431222704,0.11471748011399205,0.040143965801765005,0.07407982809565043,0.11843524357160691,0.04435541547595648,104,R2_Percent,0.08678410977042725,0.3094277960384383,True
22,10,Ginger Zee,0.32376378619439283,0.3192774145848848,0.025469812493419817,0.07866788559893892,0.2845477507206948,0.3800063900715147,0.09545863935081988,0.28337588234045075,0.3841125869476121,0.10073670460716133,104,R2_Percent,0.33454590989588545,0.3483664795102362,False
22,10,Nyle DiMarco,0.3385277117701969,0.33828753995723615,0.028403579568425343,0.08390326280793985,0.2893091329578388,0.395830444656965,0.10652131169912621,0.2845078688322223,0.40000185724068016,0.11549398840845787,104,R2_Percent,0.33543757066320956,0.3283455456512184,False
22,10,Paige VanZant,0.3377085020354102,0.3410770378271134,0.026442573995258106,0.07829999492427789,0.28373037131831297,0.39199838238626517,0.1082680110679522,0.2803194143889304,0.394415147637744,0.11409573324881361,104,R2_Percent,0.3300165194409049,0.3232879748385455,False
10,1,Aiden Turner,0.08231849520226361,0.08277852925308099,0.007072813666504974,0.08592010397088119,0.06737617630534654,0.09540081758031635,0.028024641274969814,0.06566893619734086,0.09688650670795605,0.03121757051061519,92,R2_Percent,0.023386028904501123,0.14364390587211814,False
10,1,Buzz Aldrin,0.07767756765034015,0.07743480577565455,0.006513012550290132,0.08384676229317554,0.06545129104526175,0.09283142989254344,0.027380138847281688,0.06521448662910832,0.09374977758937236,0.02853529096026404,92,R2_Percent,0.02017565892241882,0.15181456839054516,False
10,1,Chad Ochocinco,0.09431661124820383,0.09418791365880866,0.009492843377419017,0.10064869010653518,0.07739759863365593,0.11270466029201319,0.03530706165835726,0.07664537926884331,0.11490692994066644,0.03826155067182313,92,R2_Percent,0.14761143545063032,0.05506009697124278,False
10,1,Erin Andrews,0.10482644447349969,0.10477582413262121,0.010406778019820682,0.09927626632849819,0.08575809894234675,0.12740710448455667,0.04164900554220992,0.08341098265761226,0.1328496710773634,0.04943868841975113,92,R2_Percent,0.1902347090092634,0.037120369133980945,False
10,1,Evan Lysacek,0.10504885201011445,0.10430882028514357,0.01065294832765888,0.10140946924991792,0.08553379995474666,0.12737664598257173,0.041842846027825065,0.08225299166353756,0.1315272080089862,0.04927421634544865,92,R2_Percent,0.1816209052062281,0.03687573245756823,False
10,1,Jake Pavelka,0.08939186096785681,0.08963558198960626,0.00852202965496475,0.095333395710702,0.07521434908795173,0.10776575601764093,0.032551406929689206,0.07426311320856863,0.10789427063234998,0.03363115742378135,92,R2_Percent,0.037587304221393815,0.11033599535609885,False
10,1,Kate Gosselin,0.08837060672814158,0.08810022094115783,0.008358662042356134,0.09458645076490486,0.07222578567206647,0.10752543773746166,0.03529965206539519,0.07121179432533614,0.11078507520771776,0.039573280882381615,92,R2_Percent,0.03166289748241095,0.13123069905326332,False
10,1,Nicole Scherzinger,0.10457067456657414,0.10320308360256336,0.010301841673316695,0.09851558972929934,0.08798827759889206,0.12690367178091874,0.03891539418202668,0.0865136852718949,0.12826968447248957,0.04175599920059467,92,R2_Percent,0.17772166019288374,0.03545693015072374,False
10,1,Niecy Nash,0.09209932995925899,0.09179385885276412,0.008198250467467104,0.08901531065528574,0.07488258740313004,0.10704908972066474,0.03216650231753469,0.07438578948937767,0.10780231281684288,0.03341652332746521,92,R2_Percent,0.11901200150206916,0.06710921746368562,False
10,1,Pamela Anderson,0.09009201862913463,0.09008918959969164,0.008464560204647113,0.09395460700566188,0.07572839119211534,0.1070720557606081,0.03134366456849276,0.07347195060722601,0.10746416557899884,0.03399221497177282,92,R2_Percent,0.05441964211839982,0.09500688973222741,False
10,1,Shannen Doherty,0.07128753856461215,0.07133194713871889,0.0064019362411473595,0.08980442262492908,0.05893914089272698,0.08409995775017458,0.0251608168574476,0.05826414968500501,0.08448669433330323,0.02622254464829822,92,R2_Percent,0.01656775698980068,0.13634559541854588,False
10,2,Aiden Turner,0.07457305600956354,0.07503900128169119,0.006158281777053167,0.08258052045317017,0.06157034100108551,0.08586911180924507,0.024298770808159564,0.06002102254148365,0.08719827958381775,0.027177257042334098,92,R2_Percent,0.020838006394095228,0.13059257679328867,False
10,2,Buzz Aldrin,0.06564693001021445,0.06523152958514421,0.005385596836431492,0.08203882246425706,0.05566586656252443,0.07761407342602332,0.02194820686349889,0.055348451889266605,0.07856341043753268,0.023214958548266072,92,R2_Percent,0.017820789316006284,0.16618951386103922,False
10,2,Chad Ochocinco,0.10041441262408664,0.09976062361264107,0.011099709668333707,0.11053900907518921,0.08029372252263556,0.12181569999469537,0.04152197747205981,0.07991917144800026,0.12394609364892294,0.04402692220092268,92,R2_Percent,0.15558785005987535,0.05648796770488853,False
10,2,Erin Andrews,0.1136509705671898,0.11345018882459772,0.012066699071760742,0.10617330420972497,0.09173582460866207,0.14028284000884933,0.04854701540018726,0.08860136813568237,0.14571409359304316,0.05711272545736079,92,R2_Percent,0.18992785564999717,0.03573893166182761,False
10,2,Evan Lysacek,0.11351621391479298,0.1123283707628398,0.012518851626233184,0.11028249793135303,0.09084337537901921,0.13987798959602138,0.04903461421700217,0.08723966541763366,0.14471567733806823,0.05747601192043457,92,R2_Percent,0.1813346012255587,0.03675409714278597,False
10,2,Jake Pavelka,0.08969750060374816,0.09025848917972579,0.008689408471169526,0.09687458861932241,0.07480756638006547,0.10799572167027796,0.03318815529021249,0.07381580715484921,0.10863693241547256,0.03482112526062335,92,R2_Percent,0.03590181130929645,0.11402235027261465,False
10,2,Kate Gosselin,0.08500648127199786,0.08476046552654204,0.007965313287976152,0.09370242325981348,0.06959634413936368,0.10339486842742071,0.03379852428805703,0.06856009647892401,0.10640038700645774,0.037840290527533724,92,R2_Percent,0.029472408038479066,0.1395114268929521,False
10,2,Nicole Scherzinger,0.11292611363094594,0.11123668432838407,0.011986565379381057,0.10614520409826884,0.09365719612795438,0.1375783826165569,0.04392118648860251,0.09172647737324044,0.14071856386007206,0.04899208648683162,92,R2_Percent,0.17708082432269145,0.033377214843529304,False
10,2,Niecy Nash,0.09633160173515697,0.09608095114475762,0.009338140569938702,0.09693745771623223,0.07760442610889126,0.11384361325630053,0.03623918714740927,0.07669915160737881,0.11445780561732621,0.03775865400994741,92,R2_Percent,0.12480218627154176,0.059727249769169766,False
10,2,Pamela Anderson,0.08855360022562384,0.08851750463183874,0.008812117227858603,0.09951167660497594,0.07387574195874269,0.10576590945281468,0.03189016749407199,0.07124936925338492,0.107047443984488,0.03579807473110308,92,R2_Percent,0.0530336382053088,0.09510143889387439,False
10,2,Shannen Doherty,0.059683119406679766,0.05984805006621283,0.005252504286144454,0.08800653079732611,0.04950326021557221,0.07004062737059233,0.020537367155020116,0.048975276325224824,0.0704790409517832,0.021503764626558376,92,R2_Percent,0.014200029207149837,0.13249723216402973,True
10,3,Aiden Turner,0.06920283248724166,0.06912396213528797,0.005634163194661902,0.08141521079647464,0.0566398555600341,0.07925323361330301,0.022613378053268914,0.05564659321594552,0.07954017601398287,0.023893582798037355,92,R2_Percent,0.018665035308956662,0.1494379499562617,False
10,3,Buzz Aldrin,0.06043322263434171,0.059994923841025186,0.00524905975075479,0.08685718751943514,0.05091683349077779,0.07215521693528022,0.021238383444502434,0.05066113766399401,0.07316111894123861,0.022499981277244605,92,R2_Percent,0.015436709717565496,0.19399380204550593,True
10,3,Chad Ochocinco,0.11226337233705318,0.11192692675026109,0.012923474764354159,0.11511746436365239,0.08918400993833216,0.13691457996060424,0.04773057002227209,0.08836020521225092,0.13844606148178076,0.05008585626952984,92,R2_Percent,0.16273918358827708,0.05514401959385317,False
10,3,Erin Andrews,0.12457820360646531,0.12433013622461897,0.013160160887588153,0.10563774806996151,0.09997020682165977,0.1530241808845541,0.05305397406289433,0.09658573316662132,0.15873079534194226,0.06214506217532094,92,R2_Percent,0.19212737118998235,0.04062300233902046,False
10,3,Evan Lysacek,0.13052613657863715,0.12928948708067556,0.014674376740798757,0.11242481487190874,0.10373603665421217,0.16153551302419394,0.05779947636998177,0.09988257618594867,0.16706884754075457,0.0671862713548059,92,R2_Percent,0.18610602023846567,0.03823456165207832,False
10,3,Jake Pavelka,0.08959468387287631,0.09009773658957175,0.008422843426402234,0.09401052676689166,0.0753915557119182,0.1074957895418562,0.03210423382993799,0.0744177274336689,0.1083012416101984,0.0338835141765295,92,R2_Percent,0.03350510896170539,0.13033493035615243,False
10,3,Kate Gosselin,0.08086270144426645,0.08087948298510686,0.006958175347368478,0.08604925661758046,0.06705017815161851,0.09741229601950525,0.030362117867886743,0.06648179040433631,0.09900793071797565,0.03252614031363933,92,R2_Percent,0.02686446400594367,0.16743206608427919,False
10,3,Nicole Scherzinger,0.12899601500031704,0.1269918470987494,0.013931701759236708,0.10800102436654703,0.10601984311266494,0.15609952540305688,0.05007968229039195,0.10411244215735305,0.16140289319248796,0.057290451035134915,92,R2_Percent,0.18175651964559592,0.043645336108352556,False
10,3,Niecy Nash,0.10807412325586262,0.1084915952203761,0.010889824835178027,0.10076255543055997,0.08775065159684847,0.12793752200210384,0.04018687040525537,0.08608671557529153,0.1289930001205048,0.042906284545213266,92,R2_Percent,0.13079390226024207,0.06648056790088762,False
10,3,Pamela Anderson,0.09546870878293863,0.0955914279146185,0.00931636701269145,0.09758555584818376,0.0790546951462702,0.11301719755786742,0.03396250241159722,0.07625565922745857,0.114469962605975,0.03821430337851643,92,R2_Percent,0.052005685083265675,0.11467376396360858,False
10,4,Aiden Turner,0.06111837932097422,0.061351181543583884,0.005301742023011713,0.08674546154387792,0.05068881981762941,0.07143164978148565,0.020742829963856242,0.05040715046552035,0.07213150882367929,0.02172435835815894,92,R2_Percent,0.01571749924603544,0.2089194665619457,True
10,4,Chad Ochocinco,0.12127240074859799,0.12163903244444944,0.014062770472581499,0.11596018868080399,0.09583264351695198,0.148316566415041,0.052483922898089036,0.09452338169171177,0.14984354186741278,0.055320160175701,92,R2_Percent,0.1659564255194583,0.06017129307503047,False
10,4,Erin Andrews,0.15492111410966644,0.1542300030904416,0.016278187414901255,0.10507404047829245,0.12457979177596425,0.19454327719568837,0.06996348541972412,0.12056624549239016,0.19523807870968252,0.07467183321729236,92,R2_Percent,0.20512331278351334,0.05037186075644958,False
10,4,Evan Lysacek,0.1509668709085959,0.14988169697169268,0.016523481973084102,0.10945104627020041,0.12039146480075417,0.1851180827568542,0.06472661795610003,0.11574033479493845,0.18983540286362627,0.07409506806868782,92,R2_Percent,0.19402568289715905,0.042681198760859455,False
10,4,Jake Pavelka,0.08609093025801441,0.08639250051010236,0.0073571870441927045,0.08545832902656789,0.07399491516481368,0.10069608612612661,0.02670117096131293,0.07312032732221252,0.10203979366156693,0.02891946633935441,92,R2_Percent,0.030436920117974522,0.1718875998492156,False
10,4,Kate Gosselin,0.07211055537005923,0.07210290836693893,0.006211489078604082,0.08613841686182787,0.06015014048508121,0.08670264957229748,0.02655250908721627,0.059485946958444065,0.08820531786101156,0.028719370902567494,92,R2_Percent,0.023678278308854512,0.20144466936955902,False
10,4,Nicole Scherzinger,0.14652161485682735,0.1438765301610691,0.015544755059260094,0.10609189009041124,0.12070759032945713,0.1763807827410254,0.05567319241156826,0.11845032104701932,0.18297614423734845,0.06452582319032914,92,R2_Percent,0.1868892394973872,0.04654604587666039,False
10,4,Niecy Nash,0.10971310474361849,0.11065988323149113,0.011507570826308615,0.10488784227918732,0.08827751812381004,0.13246427984585643,0.044186761722046386,0.08671435868764582,0.13437660139483554,0.04766224270718972,92,R2_Percent,0.12943340453986063,0.0899387395691174,False
10,4,Pamela Anderson,0.09728502968364597,0.09749480922048138,0.009041333675856267,0.09293653612747116,0.0806000667551314,0.11420331662430439,0.033603249869172985,0.07840956536885892,0.1159694535120616,0.037559888143202685,92,R2_Percent,0.048739237089757144,0.12803912618116248,False
10,5,Chad Ochocinco,0.13749760092980703,0.13645828142638333,0.015738758759388346,0.11446569724095064,0.10861660828749155,0.16714152125340845,0.0585249129659169,0.10670718756632193,0.16817469350600459,0.06146750593968266,92,R2_Percent,0.17110054238211622,0.08558696390207646,False
10,5,Erin Andrews,0.17412900828065436,0.17393396874792003,0.01739974800281569,0.09992446505392975,0.14201004658660987,0.2176551318004863,0.07564508521387642,0.13725610117577233,0.21895153552863528,0.08169543435286294,92,R2_Percent,0.21439926504827353,0.054051297649477546,False
10,5,Evan Lysacek,0.17094345508089243,0.17021034981829353,0.018084854722173617,0.10579436757971022,0.13851593271287643,0.20848663777189824,0.06997070505902181,0.1332695829592703,0.21112731324780978,0.07785773028853948,92,R2_Percent,0.20546375228148728,0.047076579981641165,False
10,5,Jake Pavelka,0.07859971545364228,0.07895825568763587,0.006592882505513048,0.08387921594196479,0.06717049586772333,0.09140493578656612,0.02423443991884279,0.06671808413410842,0.09234902419789942,0.025630940063791005,92,R2_Percent,0.026816764175542206,0.19017192943028324,False
10,5,Kate Gosselin,0.07103840092439599,0.07067428491353075,0.006067021210677065,0.08540481108427554,0.06031354934118235,0.08478743006702077,0.024473880725838427,0.059315904892729344,0.08621749195602942,0.02690158706330007,92,R2_Percent,0.02048043881201038,0.27362374726344657,True
10,5,Nicole Scherzinger,0.16764549520490934,0.16515472951516957,0.017166685718457725,0.10239872951835222,0.13796338907319067,0.20160036661276062,0.06363697753956996,0.13629348939713382,0.20875691940960317,0.07246343001246935,92,R2_Percent,0.19562065701817485,0.04652038347708802,False
10,5,Niecy Nash,0.10674504633377245,0.10709368493916205,0.011102952492204648,0.10401374933584949,0.08547926943516568,0.13017218547251508,0.0446929160373494,0.08464241762801553,0.13265187279230295,0.04800945516428742,92,R2_Percent,0.1219725022179388,0.12023864878416601,False
10,5,Pamela Anderson,0.09340127779192607,0.09374144751600552,0.007870624772258562,0.08426677833886044,0.07826776654186428,0.10761696275199083,0.02934919621012655,0.07653789769052308,0.10972872739390581,0.03319082970338273,92,R2_Percent,0.044146078064456785,0.18273044951182094,False
10,6,Chad Ochocinco,0.14749022567698986,0.14643004333124437,0.016781781940029775,0.11378233278171683,0.11587943108621009,0.17871680702806306,0.06283737594185297,0.11377949092480587,0.1794984576898219,0.06571896676501603,92,R2_Percent,0.16915985882983775,0.09311107597567644,False
10,6,Erin Andrews,0.19786505345103705,0.19723070155624975,0.01870443922678348,0.09453129241648532,0.16671462116974772,0.24410062037431382,0.0773859992045661,0.15915242308603167,0.2463754100352475,0.08722298694921582,92,R2_Percent,0.2271452387282916,0.05644296889470306,False
10,6,Evan Lysacek,0.19443430042931165,0.1939254178508097,0.02014343798233368,0.10360022865233601,0.1582113139490358,0.23553908002468307,0.07732776607564729,0.15294488722291108,0.23989316179781264,0.08694827457490156,92,R2_Percent,0.22333114853509597,0.07306721470994484,False
10,6,Jake Pavelka,0.07634488829299894,0.076845138793322,0.006433513505752436,0.08426908008643204,0.06567633579071401,0.08924357355592465,0.023567237765210636,0.06564948432307897,0.08997485770603841,0.02432537338295944,92,R2_Percent,0.02275387836509259,0.312783222974102,True
10,6,Nicole Scherzinger,0.19488279038681028,0.193079055505344,0.01892476068774505,0.09710842424917313,0.1620715891600861,0.23157505587882302,0.06950346671873692,0.160540118008717,0.23851126711241,0.07797114910369299,92,R2_Percent,0.21120346394048894,0.05898765275279669,False
10,6,Niecy Nash,0.10131313134967929,0.10114455508888384,0.009549196563054453,0.09425428309086295,0.08271452084772339,0.12120477797958054,0.03849025713185715,0.08181665061906931,0.12496904287444006,0.04315239225537075,92,R2_Percent,0.10798275897282515,0.16778061248876416,False
10,6,Pamela Anderson,0.08766961041317307,0.08741229617654846,0.007347102086367064,0.08380443407631594,0.07369300565023452,0.10181874517737367,0.02812573952713915,0.07185273621563086,0.10234848823930164,0.030495752023670775,92,R2_Percent,0.03842365262836792,0.2378272522040127,False
10,7,Chad Ochocinco,0.14088806696274625,0.1402402472187091,0.014361767827560887,0.10193743258155738,0.1130247670676459,0.1672372360280399,0.054212468960393986,0.11157671293023907,0.16795879062727878,0.056382077697039706,92,R2_Percent,0.15944142162321204,0.1447197722575133,False
10,7,Erin Andrews,0.2272686599094925,0.22727651439172292,0.02064805540902328,0.09085306974241923,0.1937422718144545,0.27892259569281597,0.08518032387836147,0.185895202402644,0.2823997831705553,0.0965045807679113,92,R2_Percent,0.24786504880887641,0.08025380256561895,False
10,7,Evan Lysacek,0.22402783125947837,0.22281274603625764,0.022486591366755078,0.10037409745180352,0.18390218736888933,0.2691249457841752,0.08522275841528584,0.1780412401093354,0.27480989120161375,0.09676865109227836,92,R2_Percent,0.24169058166253166,0.07834878726583713,False
10,7,Nicole Scherzinger,0.22317161001880867,0.2200817825759941,0.020481504138368762,0.09177468467715316,0.18562113610982547,0.2652049972742059,0.0795838611643804,0.18364346673376636,0.2734420390415602,0.08979857230779387,92,R2_Percent,0.2315331933990542,0.08405365764090601,False
10,7,Niecy Nash,0.09713938120850658,0.09738154840740706,0.008302466089304095,0.085469620930394,0.08026731964252438,0.11396485630304247,0.033697536660518085,0.07947639363188991,0.11647942229947764,0.03700302866758773,92,R2_Percent,0.08836015222591304,0.2530027498938794,False
10,7,Pamela Anderson,0.08750445064096767,0.0869583289632436,0.007479791081647257,0.08547897880459789,0.07536978367399434,0.1001391171762783,0.024769333502283955,0.07224640855882088,0.10314401732426305,0.030897608765442175,92,R2_Percent,0.03110960228041258,0.3596212303762451,True
10,8,Chad Ochocinco,0.12344530188123945,0.12339474108417633,0.012577036945199682,0.10188347999909644,0.09964955930926711,0.14759860903401775,0.04794904972475064,0.09848337869400557,0.14832742174228652,0.04984404304828095,92,R2_Percent,0.1372797908838416,0.2694028422427425,False
10,8,Erin Andrews,0.256160566313959,0.25587067024160803,0.022023879909405956,0.08597685516674236,0.21656536530073892,0.30810906444334674,0.09154369914260782,0.21188616494276624,0.3110293108213075,0.09914314587854128,92,R2_Percent,0.27360370767963954,0.0842764275208873,False
10,8,Evan Lysacek,0.2646427380028749,0.26495968630085526,0.02522724324564922,0.09532565841793537,0.21709804031783128,0.31744430594454526,0.10034626562671398,0.2128088336423153,0.3218977643071422,0.10908893066482689,92,R2_Percent,0.2701336436956035,0.0863245123138427,False
10,8,Nicole Scherzinger,0.25912620066995384,0.2562178431181356,0.02280785404511976,0.08801832460844,0.21735630730054584,0.3072086170196233,0.08985230971907748,0.2154132705641833,0.3164238939571169,0.1010106233929336,92,R2_Percent,0.2572374260474694,0.08009787025686876,False
10,8,Niecy Nash,0.09662519313197279,0.09735576296241268,0.008507070320448725,0.08804194894420116,0.08029768553026155,0.11625918109778355,0.035961495567522,0.07921919026007695,0.1173915775057304,0.038172387245653444,92,R2_Percent,0.06174543169344603,0.4798983476656587,True
10,9,Chad Ochocinco,0.11683060311205928,0.11738915377832529,0.01177736050226529,0.10080715316490246,0.09505656544150992,0.13836084722823605,0.04330428178672613,0.0937763085886775,0.13916749538006212,0.045391186791384625,92,R2_Percent,0.09381758902964463,0.6284697840677662,True
10,9,Erin Andrews,0.30019317063308454,0.29880070401261183,0.024945423132999307,0.08309790352788943,0.25578689040873165,0.354721161411958,0.09893427100322633,0.2547228093704861,0.3592750015227813,0.10455219215229522,92,R2_Percent,0.3129530976314535,0.12205737651211805,False
10,9,Evan Lysacek,0.29387712975269586,0.29298220884785553,0.028038978581748912,0.09541054999871659,0.24337711554534525,0.35177389890192934,0.10839678335658409,0.23907495973518475,0.35304542569726555,0.1139704659620808,92,R2_Percent,0.3012274317186021,0.12075637461980754,False
10,9,Nicole Scherzinger,0.2890990965021603,0.2861363420185673,0.02541155759481066,0.08789912490999698,0.24488567929255844,0.3430970271974633,0.09821134790490488,0.24141193443725262,0.3520829690557174,0.11067103461846478,92,R2_Percent,0.2920018816202997,0.1287164648003083,False
10,10,Erin Andrews,0.33433451854248103,0.33354400799987727,0.027718235699679798,0.08290569523157951,0.28719165993095896,0.3915171009178121,0.10432544098685315,0.2858063532767945,0.39612688783305927,0.11032053455626478,92,R2_Percent,0.3437063329632593,0.3247776409473056,False
10,10,Evan Lysacek,0.33526762282227723,0.3339460449229007,0.031478393850017806,0.09389034820909103,0.2741787785027177,0.40295149202646857,0.12877271352375086,0.26961891105838354,0.404687758538562,0.13506884748017844,92,R2_Percent,0.33361742467105227,0.3515146686093556,False
10,10,Nicole Scherzinger,0.3303978586352418,0.32707258104422937,0.02779190972546623,0.0841164947020689,0.286068984057409,0.39063337009512705,0.10456438603771806,0.2795497658922615,0.39449856155806134,0.11494879566579985,92,R2_Percent,0.3226762423656885,0.32370769044333875,False
25,1,Barbara Corcoran,0.05978983764195224,0.05959768818408295,0.0056373747725062635,0.09428650410903162,0.04957715705566658,0.0707535993050239,0.021176442249357316,0.04936142554436317,0.07195625514916178,0.022594829604798604,104,R2_Percent,0.014898526401598363,0.12172458475633709,False
25,1,Debbie Gibson,0.061043954710784526,0.06069238788455081,0.005767011649946962,0.09447310019919326,0.05036945531180464,0.07202729454219806,0.021657839230393418,0.048437722031021486,0.07295107342718161,0.024513351396160128,104,R2_Percent,0.015712128023446927,0.11097162353954641,False
25,1,Derek Fisher,0.07115530189721907,0.07248336991441881,0.006537958606307355,0.09188294381423846,0.0592602043552002,0.08267150637494756,0.023411302019747365,0.058099667528970396,0.0833927588223592,0.02529309129338881,104,R2_Percent,0.019528568776391475,0.1049951455391457,False
25,1,Drew Scott,0.08952071438557643,0.09059319069494359,0.007733168702505465,0.08638412635088882,0.07588579950496782,0.10217709006063709,0.02629129055566927,0.07311892442050791,0.10466783268136563,0.031548908260857725,104,R2_Percent,0.16781143326988532,0.03987553823049805,False
25,1,Frankie Muniz,0.08329208016341914,0.08448705812507326,0.008743223122311645,0.10497064192846946,0.06625019307973186,0.09905089920723524,0.03280070612750338,0.06463995819023899,0.10001091206908312,0.03537095387884413,104,R2_Percent,0.16798700559105273,0.03651384447827697,False
25,1,Jordan Fisher,0.08768000886673202,0.08631150516418172,0.00839445436036205,0.09573966139899781,0.0744619065215035,0.10671051312583407,0.03224860660433057,0.07368562898059414,0.10774481678904792,0.03405918780845378,104,R2_Percent,0.15892322472982162,0.03564298618460608,False
25,1,Lindsey Stirling,0.08974508162579821,0.08950714300991197,0.008723230754940858,0.09720009828854254,0.07239741179010441,0.1066753606143905,0.034277948824286086,0.0719851796771651,0.10826461968633072,0.03627944000916562,104,R2_Percent,0.15935896091387416,0.03553568042310145,False
25,1,Nick Lachey,0.07555113778368285,0.07542790038067176,0.00720882397666973,0.09541648462409597,0.06139407449864499,0.08999366410249131,0.028599589603846315,0.06119061988114663,0.09190138921358705,0.03071076933244042,104,R2_Percent,0.028062246033480266,0.09897473665925043,False
25,1,Nikki Bella,0.07608908572761999,0.07554116036814884,0.008122496134530546,0.10674981906875662,0.06209761538320064,0.09170592582239653,0.029608310439195894,0.0601288133098263,0.09328878848690125,0.03315997517707495,104,R2_Percent,0.030117475410931516,0.09208746692010969,False
25,1,Sasha Pieterse,0.07440449151876258,0.07354152973089442,0.007354443856033467,0.09884408462329047,0.06024330286550751,0.0897112890494261,0.02946798618391859,0.059661884444774806,0.09272359976594587,0.03306171532117106,104,R2_Percent,0.02181427056261036,0.10334759485826751,False
25,1,Terrell Owens,0.07727350507722694,0.07657057634294274,0.007870114386235935,0.10184751394893454,0.06601017650055477,0.09410343088187793,0.028093254381323166,0.0647928670696207,0.09544105693522524,0.03064818986560454,104,R2_Percent,0.07159291285205222,0.07987854401232905,False
25,1,Vanessa Lachey,0.07597096433976312,0.07502451304493515,0.007951653510218816,0.10466700770911407,0.06186749788099086,0.09107503304881404,0.02920753516782318,0.061338956712174084,0.09220880333043464,0.03086984661826056,104,R2_Percent,0.03930953484334706,0.08394664404843125,False
25,1,Victoria Arlen,0.07848383626146285,0.07779538484281845,0.00791166587589235,0.10080630933400407,0.0642830338997027,0.09261206976958442,0.02832903586988171,0.0636692545859019,0.09363986798207875,0.02997061339617685,104,R2_Percent,0.10488371259150805,0.056505610350100294,False
25,2,Barbara Corcoran,0.048966595551551556,0.04882420950877453,0.004668523173776652,0.09534097931847592,0.0405859945999219,0.058552210841488796,0.0179662162415669,0.040493703433733416,0.05921686880570747,0.018723165371974056,104,R2_Percent,0.01262489382328779,0.11984996018853863,True
25,2,Debbie Gibson,0.051086886895930744,0.051112889596180024,0.004790934495323082,0.09378012218835549,0.04214952285940634,0.06017400434779868,0.018024481488392342,0.0405484006900967,0.0609226457275191,0.020374245037422398,104,R2_Percent,0.013575529393777843,0.10897431488541322,True
25,2,Derek Fisher,0.06489861739107475,0.0659328718799895,0.005802426298253743,0.08940754875082636,0.054400330661825126,0.07515752997367305,0.02075719931184792,0.053462756612453026,0.07586278078909449,0.022400024176641463,104,R2_Percent,0.017414686251765663,0.11022205677982531,False
25,2,Drew Scott,0.09759521898929482,0.09849582247139785,0.009169449126188535,0.09395387623644072,0.08197905106183756,0.11230499433241577,0.030325943270578207,0.07807359855993877,0.11473243713731791,0.036658838577379144,104,R2_Percent,0.17214365646790064,0.036375190909817466,False
25,2,Frankie Muniz,0.08526893529005332,0.08534606957380161,0.009961427522107127,0.11682364143778788,0.06564753657851014,0.10358079709354992,0.037933260515039785,0.06422688554457369,0.10538499663461276,0.04115811109003907,104,R2_Percent,0.16671561992069006,0.034566890582024314,False
25,2,Jordan Fisher,0.091963629659264,0.09008662892925332,0.009632709122281726,0.10474476875229957,0.07754242310705353,0.11338171322607384,0.0358392901190203,0.07676693262931734,0.11600629143765463,0.03923935880833729,104,R2_Percent,0.15959405088113596,0.03631295587812823,False
25,2,Lindsey Stirling,0.09629465345719343,0.09558987379846393,0.010226034491653099,0.10619524682332393,0.07593409262703062,0.11596820231171505,0.04003410968468443,0.07551762075941905,0.1178897994502341,0.042372178690815054,104,R2_Percent,0.162346202270572,0.037006035856830585,False
25,2,Nick Lachey,0.07691555743382791,0.07648697121546809,0.007577754258790336,0.09852043606795204,0.062189527859622486,0.09262134937320388,0.03043182151358139,0.06131990134543018,0.0947100019566159,0.03339010061118572,104,R2_Percent,0.026551766703440303,0.10346902028194527,False
25,2,Nikki Bella,0.07690645904095478,0.07623989156409385,0.00870554982128422,0.11319660181790814,0.06238193640681755,0.09491352860868368,0.03253159220186613,0.06073291831029673,0.09574285310495595,0.03500993479465922,104,R2_Percent,0.028698856306973254,0.10066168300169286,False
25,2,Sasha Pieterse,0.07228501117029967,0.07156254387624102,0.007099578132709866,0.09821646310579706,0.058606403255614906,0.08697294979556848,0.028366546539953574,0.05791241806652519,0.09045516786594412,0.03254274979941894,104,R2_Percent,0.019932145306926483,0.09913939073734879,False
25,2,Terrell Owens,0.07924763634155656,0.07835389182176544,0.008569848810180627,0.10814011882000696,0.06694208084101927,0.09752324338357242,0.03058116254255315,0.06547975987375595,0.0985072471070646,0.033027487233308644,104,R2_Percent,0.0732319631744959,0.07396667943335683,False
25,2,Vanessa Lachey,0.0772888867461946,0.0762305471573019,0.008506465296319559,0.11006065237106528,0.06254569687842512,0.09332074076040486,0.03077504388197974,0.06197114072406455,0.09470218813517517,0.03273104741111062,104,R2_Percent,0.03796636933183677,0.08532243401394406,False
25,2,Victoria Arlen,0.08128191203280387,0.08144727650008976,0.008851515727954866,0.10889896050160039,0.06501421804442703,0.09785297124158142,0.03283875319715439,0.06465548860776345,0.09887509593403597,0.03421960732627252,104,R2_Percent,0.10920426016719721,0.05413338745113434,False
25,3,Derek Fisher,0.06379820559790189,0.06479610191003858,0.005461753880947549,0.0856098354140413,0.054284010500536994,0.07328382464541962,0.018999814144882624,0.052917875069185424,0.07407171653399004,0.021153841464804618,104,R2_Percent,0.015598201537168559,0.140266971625403,False
25,3,Drew Scott,0.11143119891779986,0.11231054356788539,0.010084722193971316,0.09050178309048415,0.09444843292190114,0.1280843477694766,0.03363591484757547,0.0908158681035512,0.13088799954191882,0.04007213143836762,104,R2_Percent,0.18030130593525362,0.04240019412314408,False
25,3,Frankie Muniz,0.10172682974406493,0.10188658567981196,0.011609440316175253,0.11412368148485022,0.0786295346830607,0.12328319674470718,0.044653662061646476,0.07719430833070531,0.12624062215830212,0.049046313827596805,104,R2_Percent,0.1760078778850707,0.046227717191611964,False
25,3,Jordan Fisher,0.10660705381702178,0.10414316924385833,0.0109108551702185,0.10234646563768354,0.09102105047771823,0.1309732482740195,0.039952197796301256,0.08994617305714181,0.13472530226070978,0.04477912920356797,104,R2_Percent,0.16645859654894934,0.04408946314903179,False
25,3,Lindsey Stirling,0.11175199414841457,0.11075496175107707,0.011713391705029635,0.1048159524515815,0.08848689076236863,0.13543673741614679,0.04694984665377816,0.08762766893252727,0.13679637206206616,0.04916870312953889,104,R2_Percent,0.17041262631491713,0.040534063462106244,False
25,3,Nick Lachey,0.08077360940228825,0.0809689445415576,0.007271111454719886,0.09001840463147485,0.06556993519298045,0.0957128358222462,0.03014290062926575,0.06543176110930561,0.09780723883714872,0.032375477727843105,104,R2_Percent,0.02445414348402513,0.131929557648121,False
25,3,Nikki Bella,0.08536488532876713,0.08409024006534008,0.009417544090648744,0.11032105360862149,0.06934435914421797,0.10454395678044977,0.0351995976362318,0.06813408022071744,0.10614870602233628,0.03801462580161884,104,R2_Percent,0.027131898914662767,0.12950754944863693,False
25,3,Sasha Pieterse,0.07173633229307749,0.07130070279771558,0.006318268615164277,0.08807627060373124,0.05956115849516043,0.0844534427838642,0.02489228428870377,0.05911011510781612,0.0866079979601213,0.027497882852305172,104,R2_Percent,0.01797803234354608,0.14602794469345526,False
25,3,Terrell Owens,0.09026941004075627,0.08908093637093792,0.009298973062930848,0.10301355751336361,0.0762937182096612,0.10961750084542181,0.03332378263576061,0.07447350458484328,0.11012565754500117,0.03565215296015789,104,R2_Percent,0.07319768184977143,0.0941588444649504,False
25,3,Vanessa Lachey,0.08424046018522588,0.08339614095090206,0.009037715905740207,0.10728474044263643,0.06876510799651232,0.10127830017161706,0.03251319217510473,0.06745766228860903,0.10301390176084366,0.03555623947223463,104,R2_Percent,0.03592964082203325,0.11513951744262504,False
25,3,Victoria Arlen,0.09230002052468195,0.09294215302508652,0.009786364410902356,0.10602775985608134,0.07348646623720145,0.1107115609657029,0.03722509472850144,0.07274458718750922,0.11190004344931716,0.03915545626180794,104,R2_Percent,0.11252999436460194,0.06971817675091432,False
25,4,Derek Fisher,0.05548775304403914,0.05618990204730439,0.0047859672333254045,0.08625267686595474,0.047191171167223094,0.06362468123611399,0.0164335100688909,0.046056113351560464,0.06444553818298837,0.018389424831427907,104,R2_Percent,0.013481083660615173,0.14300885410786374,True
25,4,Drew Scott,0.11980949586576532,0.12081559522574617,0.011118068854712377,0.09279789364249619,0.1009458299287813,0.13864065298966372,0.03769482306088241,0.09706781241046376,0.14244592914974868,0.04537811673928492,104,R2_Percent,0.18455511311718764,0.042674953075000424,False
25,4,Frankie Muniz,0.10940914145909104,0.10982715345213995,0.012959975265573877,0.11845422688395481,0.08305726321979863,0.13349024961102646,0.05043298639122783,0.08141283247825737,0.1366708265657799,0.05525799408752252,104,R2_Percent,0.1795517947493551,0.04417827018027975,False
25,4,Jordan Fisher,0.11502454370342938,0.1121841221193588,0.01204916740994636,0.10475301202683338,0.09772160813296907,0.14194460537636147,0.0442229972433924,0.09637894952633146,0.14612105827739894,0.04974210875106748,104,R2_Percent,0.16948918341873703,0.04168721730007599,False
25,4,Lindsey Stirling,0.11940536503063517,0.11888533203390758,0.012902598055412096,0.1080571049056443,0.0938037660172996,0.14630528287966885,0.052501516862369244,0.09318817950640133,0.14712854959757973,0.0539403700911784,104,R2_Percent,0.17367953380021797,0.04371973550028187,False
25,4,Nick Lachey,0.0735824739075832,0.07381729314750937,0.006195383193106996,0.08419645146598581,0.060368363147845355,0.08617629726562386,0.0258079341177785,0.05999345781280375,0.08771363425155505,0.027720176438751305,104,R2_Percent,0.021943832674060842,0.1383630974420004,False
25,4,Nikki Bella,0.08194363585794119,0.08071740858718005,0.009042051651036949,0.11034476999180748,0.06654757422150531,0.10022112992005087,0.03367355569854556,0.06582474394031063,0.1022076917357926,0.03638294779548197,104,R2_Percent,0.024922022669678023,0.12879300566633792,False
25,4,Sasha Pieterse,0.06375803332332611,0.06322614133115036,0.0053662766833736265,0.08416628311228594,0.053619592226092416,0.07429276430242149,0.02067317207632907,0.05269460672829712,0.07716284236294418,0.024468235634647062,104,R2_Percent,0.016147444360035023,0.13685513079469241,False
25,4,Terrell Owens,0.08747349818896485,0.08628949013557144,0.008938146038056061,0.1021811888527358,0.074253937006908,0.10599135706610663,0.031737420059198634,0.07255426575473681,0.10674827947339259,0.03419401371865578,104,R2_Percent,0.07034088623717981,0.09405944112347833,False
25,4,Vanessa Lachey,0.08022257661502968,0.07930394384358153,0.008512102364619046,0.10610607043285,0.06556652277946966,0.09702843325868703,0.03146191047921737,0.06421446338818342,0.09812896804364253,0.033914504655459116,104,R2_Percent,0.03308964013678207,0.12171594440978908,False
25,4,Victoria Arlen,0.09388348300419488,0.0951593139424545,0.010372036569163141,0.11047775644092475,0.0733729291241345,0.11271020249971814,0.03933727337558364,0.07270101970927369,0.11527664646694631,0.042575626757672624,104,R2_Percent,0.11279946517615123,0.06494435040020011,False
25,5,Drew Scott,0.13712472943149867,0.1385049908172949,0.012396424405160401,0.09040254414031931,0.1163888135114471,0.15860930833921189,0.042220494827764785,0.11153514299488845,0.16269496259725336,0.0511598196023649,104,R2_Percent,0.19308024152637795,0.046750848717842894,False
25,5,Frankie Muniz,0.1214905386242325,0.12031339608010583,0.014385750237998273,0.11841045731547109,0.09187513382624933,0.1489515499237213,0.05707641609747198,0.08997436648879281,0.1517509811446866,0.06177661465589379,104,R2_Percent,0.18431339114148595,0.04467652145445575,False
25,5,Jordan Fisher,0.13012039711119383,0.12757309790218418,0.013464473407223135,0.10347703900501569,0.11106109955270195,0.15945515318271838,0.048394053630016434,0.10984819392759498,0.165429521554863,0.05558132762726803,104,R2_Percent,0.17552988690777405,0.046233955042675835,False
25,5,Lindsey Stirling,0.13748169311690445,0.1368156763767001,0.014561341181049398,0.10591476472920283,0.10869877618309404,0.16741650894653176,0.058717732763437724,0.10737002333680404,0.16811095554159405,0.060740932204790016,104,R2_Percent,0.1814646892663571,0.04679010538246454,False
25,5,Nick Lachey,0.06571868240381391,0.06599770962030391,0.005369990993165592,0.08171178722314053,0.054624754894362484,0.07683266439267501,0.022207909498312528,0.05405981969642467,0.07826513547478137,0.024205315778356697,104,R2_Percent,0.01948741232499151,0.16826796612820724,False
25,5,Nikki Bella,0.07924800205528712,0.07819161931599011,0.008321636645263109,0.10500752611349805,0.06523846877443795,0.09673393734856826,0.03149546857413031,0.06451877928142563,0.09805691730602163,0.033538138024596,104,R2_Percent,0.02272656313855093,0.1441111854715753,False
25,5,Sasha Pieterse,0.059200806712600786,0.05884767147133648,0.005165475115786768,0.08725345823179984,0.0494400840606187,0.06999025408035628,0.02055017001973758,0.048271418757236895,0.07206968498176028,0.023798266224523384,104,R2_Percent,0.014167893463128124,0.1655615411946657,True
25,5,Terrell Owens,0.09016335365099766,0.08914133263825327,0.008863586595604272,0.09830586637131145,0.0765887449244721,0.10827811341430414,0.031689368489832045,0.07496366919771227,0.10893066115101206,0.03396699195329979,104,R2_Percent,0.06681842006765527,0.1120014144572142,False
25,5,Vanessa Lachey,0.07990037663658868,0.07933927210054419,0.007983629241799167,0.09991979484791606,0.06571447376050972,0.09520655877066617,0.029492085010156446,0.06487425492478613,0.09589279641340501,0.031018541488618878,104,R2_Percent,0.030521565189479738,0.14784765642017905,False
25,5,Victoria Arlen,0.09955142025688243,0.1008832937106213,0.011102378663732707,0.1115240609836016,0.07694673832690578,0.11850172672331803,0.04155498839641225,0.0758138094561695,0.12248225338050543,0.04666844392433593,104,R2_Percent,0.11188993697419931,0.07775880573071949,False
25,6,Drew Scott,0.1546712484904864,0.15621502081873168,0.013401309468129714,0.0866438306984637,0.1321014359004814,0.1785133153988651,0.04641187949838371,0.12724598398179132,0.1846611307130016,0.05741514673121029,104,R2_Percent,0.20139331229242288,0.055990123946744096,False
25,6,Frankie Muniz,0.14285531462466267,0.14315590879822437,0.016175161981357728,0.11322758291391725,0.10806327749715297,0.17308039962649474,0.06501712212934177,0.10630012496901856,0.1773759450667677,0.07107582009774915,104,R2_Percent,0.19428506073701357,0.057497900521120526,False
25,6,Jordan Fisher,0.14907682537097983,0.14648782793759613,0.014744106740538807,0.0989027416155924,0.1284715761332052,0.18102042659726233,0.052548850464057134,0.12699697808744453,0.18676627196803638,0.05976929388059185,104,R2_Percent,0.1832392574376248,0.051794122101539566,False
25,6,Lindsey Stirling,0.15568327101588716,0.15568195580669753,0.016004769795755328,0.10280340136302811,0.12417608924839804,0.18882286968427905,0.06464678043588101,0.12355195534353502,0.1900140798143885,0.06646212447085348,104,R2_Percent,0.18903677424673693,0.048644913893013786,False
25,6,Nick Lachey,0.0623063385802939,0.06259156982521938,0.005224160202297508,0.08384636814383109,0.05174140817877281,0.07342191909420973,0.021680510915436914,0.0509801954322918,0.07453899163026785,0.023558796197976052,104,R2_Percent,0.016825269934057172,0.21980948108439344,True
25,6,Nikki Bella,0.07127715243091706,0.07039665790526052,0.007273554536670735,0.10204608754145136,0.05920916349738892,0.08631085829763442,0.027101694800245504,0.057945394813017956,0.08807134446705947,0.030125949654041514,104,R2_Percent,0.020086603150532213,0.1714109623307751,False
25,6,Terrell Owens,0.0890702527411368,0.0886010020599164,0.008014830866349503,0.08998325052071937,0.07582133176913956,0.10480168842904611,0.028980356659906545,0.07484660752949018,0.10535377594987361,0.030507168420383424,104,R2_Percent,0.06081721620558983,0.12642030487481035,False
25,6,Vanessa Lachey,0.07133817784681501,0.07085612749502931,0.00695762745035203,0.09753020977480241,0.05955721705522203,0.08539939006966836,0.02584217301444633,0.05827929195678062,0.08619770423648747,0.02791841227970685,104,R2_Percent,0.026820473333557013,0.16360719320107328,False
25,6,Victoria Arlen,0.10372141889882115,0.10411400619146854,0.01121491284697781,0.10812533193281713,0.07996914643047198,0.12251968685426726,0.042550540423795274,0.07899166242772904,0.12574744931547488,0.04675578688774584,104,R2_Percent,0.10749603266246543,0.10482499804652985,False
25,7,Drew Scott,0.17354371645988265,0.17481848978455844,0.014446757479186934,0.08324563847015763,0.1486032973555608,0.19979343536316607,0.051190138007605274,0.14329977733297633,0.20533611257445464,0.06203633524147831,104,R2_Percent,0.21084537712572757,0.054926239589448506,False
25,7,Frankie Muniz,0.16147177732955983,0.16241643753769222,0.01762428658918105,0.10914778347432397,0.12289020946045372,0.1951931907570324,0.07230298129657868,0.12152845849025457,0.1993606214892348,0.07783216299898024,104,R2_Percent,0.20256890664745716,0.05542245027999762,False
25,7,Jordan Fisher,0.17031348855011183,0.1676716634930602,0.016101201263318106,0.0945386146475451,0.1460348264640662,0.20645823413349645,0.060423407669430246,0.14409481060873838,0.21183305794844023,0.06773824733970185,104,R2_Percent,0.19394505748645258,0.06479383794787023,False
25,7,Lindsey Stirling,0.17845201899135074,0.17763234674099104,0.017553786815557464,0.09836698354423362,0.14358774378202288,0.21439321119025617,0.07080546740823329,0.1429514978251087,0.21542525560426565,0.07247375777915696,104,R2_Percent,0.20188703126160218,0.0643625227203192,False
25,7,Nikki Bella,0.06835725888655772,0.06751235100255709,0.007077671552102969,0.10353942898513116,0.05642632416815667,0.08288045176071424,0.026454127592557566,0.05490325251027494,0.08504435572774424,0.030141103217469302,104,R2_Percent,0.017402919484208114,0.2421023826959279,True
25,7,Terrell Owens,0.07878332467801072,0.07786038265661603,0.006780591264507348,0.08606632548473656,0.06757330664133478,0.09251022946040052,0.024936922819065746,0.06688745404217226,0.09264841168055811,0.025760957638385845,104,R2_Percent,0.05255706061823714,0.1867959185498602,False
25,7,Vanessa Lachey,0.06735301948938982,0.06686305640421433,0.006625014645795444,0.09836254849478707,0.055855072167212846,0.08144467954193663,0.02558960737472378,0.054160855735101834,0.08205258942073171,0.027891733685629874,104,R2_Percent,0.022944561938917633,0.21155024644755552,True
25,7,Victoria Arlen,0.10172539561513674,0.10243539591237508,0.010097172336432007,0.09925911101523942,0.07985940275009544,0.11869559711751225,0.03883619436741681,0.07870535245836226,0.12077411457107208,0.04206876211270982,104,R2_Percent,0.09784908543739769,0.12004640176902087,False
25,8,Drew Scott,0.21046724289450902,0.21211695320062307,0.017376592496120183,0.08256198093890424,0.181174973228289,0.24141607234726312,0.06024109911897413,0.1745572344190246,0.24844185422166387,0.07388461980263927,104,R2_Percent,0.23452159622776536,0.09814234806650826,False
25,8,Frankie Muniz,0.1918073172320443,0.19376440434563405,0.020336192881670875,0.10602407236147614,0.14878460792821763,0.23220180391720588,0.08341719598898825,0.14590366026436105,0.23568759904768263,0.08978393878332158,104,R2_Percent,0.2208701127152926,0.09446579100157089,False
25,8,Jordan Fisher,0.2059996339680738,0.20271119672345145,0.01877295485282554,0.0911310107266259,0.17602649071784054,0.24683216264114008,0.07080567192329953,0.17503010639236607,0.25156024745420585,0.07653014106183978,104,R2_Percent,0.20709901872327502,0.08901251149632061,False
25,8,Lindsey Stirling,0.21390406847028698,0.21500637087296098,0.020767224807848147,0.09708662839544299,0.17589206697785334,0.25455571102683505,0.07866364404898171,0.17365704333457374,0.25763216781914255,0.08397512448456881,104,R2_Percent,0.2168210344008107,0.09502579702898867,False
25,8,Terrell Owens,0.08208585517086342,0.08071722061197387,0.007237668280274552,0.08817193005066701,0.06945118934788437,0.09716964976429521,0.027718460416410837,0.06909716349114008,0.098344092784543,0.029246929293402918,104,R2_Percent,0.040269907749501926,0.3445124982441309,True
25,8,Victoria Arlen,0.0957358822642224,0.09581696050010854,0.009022891140015745,0.09424774626417898,0.076170379388448,0.1101932017960589,0.0340228224076109,0.07478734103279683,0.11178106611291745,0.036993725080120624,104,R2_Percent,0.08041833018335454,0.27884105416248073,False
25,9,Drew Scott,0.231597542142658,0.23336248005269233,0.01953688067958535,0.08435702943492873,0.19861171417557943,0.2664196332228623,0.06780791904728284,0.1931634186763154,0.27539521818939466,0.08223179951307927,104,R2_Percent,0.25387999543585116,0.14052319705952435,False
25,9,Frankie Muniz,0.21186138249794179,0.21343339691526791,0.022378498150243533,0.10562801906789661,0.16469849520057658,0.25505228200838315,0.09035378680780656,0.16373814984611196,0.2608101683129897,0.09707201846687774,104,R2_Percent,0.23819107876256676,0.14504573156557093,False
25,9,Jordan Fisher,0.22676301320483014,0.22453303681734815,0.020806904038452794,0.09175616316078128,0.19445229571143655,0.27025410677554174,0.07580181106410519,0.19216813842078728,0.2767418224840236,0.08457368406323634,104,R2_Percent,0.22023699345980738,0.1372614187172882,False
25,9,Lindsey Stirling,0.23684068041186995,0.2376908200131886,0.02274224015953004,0.09602336946499604,0.19536366971244587,0.28218228868199763,0.08681861896955176,0.19302540108290095,0.2843890885212763,0.09136368743837536,104,R2_Percent,0.2302889176290997,0.13136244259763025,False
25,9,Victoria Arlen,0.09293738174270014,0.09328937141050911,0.008257437108709069,0.0888494699750637,0.07526813057276815,0.10720023979545046,0.0319321092226823,0.07455422205857858,0.1085174762723869,0.03396325421380833,104,R2_Percent,0.057403014712675164,0.4458072100599864,True
25,10,Drew Scott,0.254931111148272,0.25526221234690716,0.02129546874544315,0.08353420910269899,0.21967802333225458,0.29241042272541845,0.07273239939316387,0.21380109745865666,0.30069483468545144,0.08689373722679478,104,R2_Percent,0.27038843268546836,0.23268810630367354,False
25,10,Frankie Muniz,0.2324642683598131,0.23321033277559783,0.024074416131338497,0.1035617916731857,0.18360155727135488,0.2803442345480537,0.0967426772766988,0.182320511390621,0.2858992283745099,0.10357871698388887,104,R2_Percent,0.24913793799856565,0.253483573097652,False
25,10,Jordan Fisher,0.25052446093338954,0.24855427333365715,0.022170378356281936,0.08849586293362662,0.21615804437450692,0.2968042967212621,0.08064625234675515,0.21074976098561918,0.3028571133407507,0.09210735235513154,104,R2_Percent,0.23370332153524717,0.2685210974867417,False
25,10,Lindsey Stirling,0.2620801595585254,0.2620682776119879,0.0239053460750294,0.09121387179898702,0.21705463849996354,0.30886571422856524,0.0918110757286017,0.2135090514596562,0.31086242314061285,0.09735337168095665,104,R2_Percent,0.2467703077807188,0.24530722311193282,False
23,1,Amber Rose,0.07678829333376559,0.07627708873832098,0.006153942635125427,0.08014167743482581,0.0655107930728481,0.08840947525848315,0.022898682185635053,0.0652844246654698,0.08880945896789234,0.023525034302422546,104,R2_Percent,0.025438869428141442,0.10233764810432519,False
23,1,Babyface,0.07135755254938772,0.07168481731240306,0.005990745754715088,0.08395391294521762,0.06087245852208231,0.08335694278637187,0.02248448426428956,0.06009083733906822,0.08418694431596883,0.024096106976900615,104,R2_Percent,0.01844067589610023,0.10300374390859589,False
23,1,Calvin Johnson Jr.,0.08263196817259431,0.08225336881064121,0.008271068900311679,0.10009526679838734,0.0666322792095816,0.10188977675650955,0.035257497546927946,0.06530769518830906,0.10307820811783529,0.037770512929526226,104,R2_Percent,0.17106723655223524,0.03582526095553452,False
23,1,Jake T. Austin,0.0593186217297788,0.05870872101012076,0.0058178048284004,0.09807720845071115,0.049512029043019795,0.07061106263902289,0.021099033596003097,0.04904105683996843,0.07320628135637863,0.024165224516410205,104,R2_Percent,0.015209820605516986,0.11454814699437388,False
23,1,James Hinchcliffe,0.08579625829401044,0.08523968478029179,0.009143272530461639,0.10656959536777309,0.06837924908620972,0.10231911227921271,0.03393986319300299,0.06709610924215545,0.103965575700497,0.03686946645834155,104,R2_Percent,0.1586618512477346,0.03515093389933088,False
23,1,Jana Kramer,0.08672189083860903,0.08691879355717796,0.008363586205914552,0.09644146506767633,0.07359971223006331,0.1029059277777959,0.029306215547732592,0.07205564428479685,0.10530408373650592,0.033248439451709064,104,R2_Percent,0.15738780666486402,0.03856483187774055,False
23,1,Laurie Hernandez,0.0875887341470068,0.08754225061214566,0.008659423896193926,0.09886458550320136,0.07036473650893503,0.1038196764423797,0.03345493993344467,0.06830676287095443,0.10692457450569721,0.03861781163474279,104,R2_Percent,0.14901927668217746,0.037576309190893144,False
23,1,Marilu Henner,0.07812609381022424,0.07722399913603592,0.008313923069329324,0.10641672537122666,0.06257024290928774,0.09457651858414318,0.032006275674855436,0.06203811088718744,0.09711775923317269,0.035079648345985245,104,R2_Percent,0.0820170016722708,0.06496672873632392,False
23,1,Maureen McCormick,0.07577984106526296,0.07607521127507674,0.006707712926437059,0.08851579565415367,0.06193047201767873,0.08901826365520049,0.027087791637521764,0.06061392439830618,0.09142871571747573,0.030814791319169546,104,R2_Percent,0.0319517280407554,0.10201789332476684,False
23,1,Rick Perry,0.06663365012895434,0.06674246969230048,0.005665634521542207,0.08502662709573398,0.05516851201400256,0.07870845003698963,0.023539938022987074,0.05387787783088456,0.07958856499228309,0.02571068716139853,104,R2_Percent,0.017104745016891458,0.11789801956311559,False
23,1,Ryan Lochte,0.0775232649868515,0.07746807180512547,0.008430232529503668,0.1087445495353362,0.0601257042949643,0.09219388640375323,0.03206818210878893,0.059349395549005375,0.09252700728652295,0.03317761173751758,104,R2_Percent,0.05282158771926811,0.0846733272525614,False
23,1,Terra Jole,0.08025507401273191,0.0795763812016361,0.009518781348941694,0.11860659859875783,0.06376787739263193,0.09975818973710801,0.03599031234447608,0.06259112559466859,0.10125644348350184,0.03866531788883325,104,R2_Percent,0.10062034763985978,0.059565988549214424,False
23,1,Vanilla Ice,0.07147875693082237,0.0713021374176076,0.006262008890024185,0.08760657234266958,0.05982642623216122,0.0839826410667714,0.024156214834610182,0.05911378769550595,0.08587910061896468,0.026765312923458733,104,R2_Percent,0.020259052834184336,0.10387116764322393,False
23,2,Amber Rose,0.0775291183266522,0.07714708891874017,0.006333527596973281,0.0816922432973935,0.06599409534478438,0.08959150352334405,0.023597408178559667,0.06572883474881056,0.09005273229534977,0.024323897546539214,104,R2_Percent,0.02389796776562361,0.10672080759355322,False
23,2,Babyface,0.06518284376022475,0.06547212840926672,0.005239663155895266,0.08038408350469303,0.05574226453387138,0.07561586738312591,0.019873602849254532,0.055192499650389575,0.07652169157975836,0.02132919192936878,104,R2_Percent,0.01643410669455411,0.09987461206366909,False
23,2,Calvin Johnson Jr.,0.0852734311427575,0.08490633733880916,0.00937040857439417,0.1098866135538399,0.06710022048973546,0.1065077977851836,0.03940757729544814,0.06581037176918941,0.10781343598832267,0.04200306421913326,104,R2_Percent,0.16889276890126417,0.0361718443966396,False
23,2,Jake T. Austin,0.049460743356102246,0.04916155009935318,0.005002381322102092,0.10113841771617693,0.041107822071899974,0.05826354942971372,0.017155727357813746,0.04060848514923311,0.06090109539899655,0.02029261024976344,104,R2_Percent,0.012889693738143589,0.11516764044340244,True
23,2,James Hinchcliffe,0.09018469383131701,0.0893577236213295,0.01046260882641982,0.11601313240569693,0.07048881560604738,0.10937570278273624,0.03888688717668887,0.06922322573412065,0.11101856004794677,0.04179533431382612,104,R2_Percent,0.15865990483481823,0.038070141226230356,False
23,2,Jana Kramer,0.09160152655012971,0.0916971951432417,0.009485100615689065,0.10354740770065948,0.07673491654700518,0.11028855544411463,0.03355363889710945,0.07540445550473789,0.11317333149385744,0.03776887598911956,104,R2_Percent,0.1590690443821617,0.03796251422870826,False
23,2,Laurie Hernandez,0.09328298662118831,0.0929367675033485,0.009965802121837458,0.10683408071299708,0.07448254575222865,0.11211388370883825,0.0376313379566096,0.07176406130140284,0.11545554561323808,0.04369148431183524,104,R2_Percent,0.15087574798118422,0.03787607639035417,False
23,2,Marilu Henner,0.08273313539163615,0.08178676031844706,0.009384823183070547,0.1134348787658699,0.06483299286009063,0.10069754778811,0.035864554928019377,0.06411064898879723,0.10373982006231117,0.039629171073513936,104,R2_Percent,0.0859488108835345,0.06548862796478538,False
23,2,Maureen McCormick,0.07636979653504311,0.07651228111322772,0.006861040281297499,0.08983970879311215,0.062210262471462774,0.08972259785493644,0.02751233538347367,0.06077022834560316,0.0927543154447118,0.03198408709910864,104,R2_Percent,0.030336024385872278,0.09813574538403318,False
23,2,Rick Perry,0.05738329593151382,0.05755261665994399,0.00467425042389242,0.08145663904476791,0.048139801920959305,0.06743017343440555,0.019290371513446244,0.04715998053025136,0.0682143453173142,0.021054364787062838,104,R2_Percent,0.015174202962565178,0.11790706957668855,False
23,2,Ryan Lochte,0.07846533399898564,0.07839880968709603,0.009047309958819236,0.11530327467842288,0.0597921181590937,0.09368688557577,0.0338947674166763,0.059252985907520025,0.09443180435049546,0.035178818442975435,104,R2_Percent,0.05216308790481719,0.08776241368489593,False
23,2,Terra Jole,0.08658918005776171,0.08509709451747469,0.010970784253310373,0.12669925094558013,0.06807751007389982,0.10922629608671312,0.0411487860128133,0.06611454295780113,0.11056147521662554,0.044446932258824415,104,R2_Percent,0.10736607588505907,0.052198113419478935,False
23,2,Vanilla Ice,0.06594391449668786,0.06607707990183731,0.0055713105748510785,0.0844855907838305,0.05539451072915798,0.07675965231632692,0.021365141587168943,0.05483258984307533,0.07827220116498822,0.023439611321912884,104,R2_Percent,0.01829256368040199,0.10666439362756097,False
23,3,Amber Rose,0.07834593474242654,0.07804030424907848,0.006260632621459581,0.07991011457125766,0.06718329105707489,0.09009620714255312,0.022912916085478227,0.06659078409261027,0.09047546144443233,0.023884677351822065,104,R2_Percent,0.0223373606152648,0.11882569355242732,False
23,3,Babyface,0.05915533547830761,0.05927056957158891,0.004572059180469674,0.07728904152941973,0.05090224916808105,0.06845750351974238,0.017555254351661324,0.05029596174560846,0.06899135449548768,0.018695392749879226,104,R2_Percent,0.014806300151472477,0.12518209702570646,False
23,3,Calvin Johnson Jr.,0.09390126208675914,0.09346480037106963,0.01105914181405773,0.11777415519548338,0.07179287113676058,0.11753272399648707,0.04573985285972648,0.0709732161395762,0.11869697052815179,0.04772375438857558,104,R2_Percent,0.17052896246704996,0.036715407373464945,False
23,3,James Hinchcliffe,0.09953270230193532,0.0984084167323217,0.012210004320615782,0.12267329267898687,0.07621268976901836,0.12229922668215198,0.04608653691313362,0.07499261471857821,0.1234876551721873,0.048495040453609084,104,R2_Percent,0.1609841678069792,0.041809163924815936,False
23,3,Jana Kramer,0.10266109585056508,0.10258078117890308,0.011127371048678133,0.10838936557695905,0.08529407544277222,0.12498815018485489,0.03969407474208267,0.08404522565151615,0.1289137753572279,0.04486854970571175,104,R2_Percent,0.16396334350079836,0.04365745088394508,False
23,3,Laurie Hernandez,0.10581790928000112,0.10558109841638491,0.01187259627452889,0.11219836372984107,0.08383768649163803,0.1286165311067929,0.044778844615154856,0.08025403016484052,0.1328485332869835,0.05259450312214299,104,R2_Percent,0.15593934527062225,0.04148954919105444,False
23,3,Marilu Henner,0.08870540089132875,0.08751927261942272,0.010477262476458745,0.11811301647003697,0.06905714577633164,0.10998467433144223,0.04092752855511059,0.06832631183150928,0.11266647055940104,0.044340158727891765,104,R2_Percent,0.08826279671594775,0.07064081528010309,False
23,3,Maureen McCormick,0.07989248523481757,0.079938318419421,0.007145729260382098,0.08944181970781842,0.06447789797806393,0.09389592433231367,0.02941802635424974,0.06324588070816793,0.09662621141331401,0.03338033070514608,104,R2_Percent,0.028785979140114337,0.10660845712238548,False
23,3,Rick Perry,0.052276320806731016,0.052312947361134225,0.004299445358447594,0.082244605054417,0.04326651079107812,0.06085694473958003,0.01759043394850191,0.042417987276337124,0.06216946226433336,0.01975147498799624,104,R2_Percent,0.013367384835179075,0.13193484361959382,True
23,3,Ryan Lochte,0.08523087175389352,0.08588468547801714,0.010047284531532365,0.11788316046495659,0.06507213609469227,0.10271379674566405,0.037641660650971784,0.0644481783029351,0.10381610613303563,0.03936792783010053,104,R2_Percent,0.05156917928766079,0.09706546796091556,False
23,3,Terra Jole,0.09386526220540695,0.09298778827247992,0.012434592248385593,0.1324727801982246,0.07256911394505558,0.1197416650364276,0.047172551091372014,0.07091474690478235,0.12112555572729078,0.05021080882250843,104,R2_Percent,0.11275781457815763,0.057141506156065044,False
23,3,Vanilla Ice,0.060615419367827404,0.060745113950912644,0.004818738373075847,0.07949690727758074,0.0512452138749814,0.07056676667529344,0.019321552800312038,0.05101880056639268,0.0713882265020329,0.02036942593564022,104,R2_Percent,0.016697365630753254,0.128929547909523,False
23,4,Amber Rose,0.0735504791031269,0.07311002620806556,0.00578789470292044,0.07869282122289228,0.06352812189334185,0.08476339122360067,0.02123526933025882,0.06279026622637515,0.08569325873574689,0.022902992509371736,104,R2_Percent,0.020466669436784417,0.13038900795312056,False
23,4,Babyface,0.05514908768914135,0.05492395165605966,0.004334550885574764,0.0785969644685205,0.04756042705995685,0.06414753205617536,0.016587104996218516,0.04686033242355461,0.06484887035083604,0.01798853792728143,104,R2_Percent,0.01319503937671317,0.16075956425831078,True
23,4,Calvin Johnson Jr.,0.10360101235270208,0.10281724157883873,0.012479779689948203,0.12046001681394487,0.0783050478586032,0.12937093075454695,0.05106588289594374,0.07792528099139669,0.13083044077859624,0.05290515978719955,104,R2_Percent,0.17424725622107304,0.04619800922135172,False
23,4,James Hinchcliffe,0.11146443446766613,0.11027976924217192,0.013927574650033388,0.12495083940046843,0.08562078861253242,0.1369832397275614,0.05136245111502899,0.08388556819638571,0.13882390397420363,0.054938335777817926,104,R2_Percent,0.16477359405824507,0.04320392911013804,False
23,4,Jana Kramer,0.11702923960891101,0.11703245897946127,0.013015744178045475,0.11121788214245913,0.09740155837218616,0.14444224699205777,0.04704068861987161,0.09559220106152755,0.1483705198699992,0.05277831880847164,104,R2_Percent,0.17054981787421938,0.047395222685527226,False
23,4,Laurie Hernandez,0.11726516579677747,0.11721100468569846,0.013232193939028929,0.11283993715542556,0.09249422531315239,0.14211213534551093,0.049617910032358534,0.08861809310254048,0.14678072896030203,0.05816263585776155,104,R2_Percent,0.16057538190265824,0.04218048579661109,False
23,4,Marilu Henner,0.09403157694545741,0.09243574620315245,0.011463356024423443,0.12190964351339881,0.07293974172932109,0.11753166175677483,0.04459192002745374,0.07238799866034308,0.11989956342226858,0.0475115647619255,104,R2_Percent,0.0884490191900548,0.08820364646348172,False
23,4,Maureen McCormick,0.08206982835721068,0.08240413262212237,0.00718844185723145,0.08758933704532199,0.0671579252638513,0.09676847465838881,0.029610549394537514,0.06595058814082816,0.0985321704462782,0.03258158230545004,104,R2_Percent,0.02698401279182576,0.12463943587380882,False
23,4,Ryan Lochte,0.08835323797154625,0.08881014911136434,0.01065798389196035,0.12062923936520249,0.0669611244796818,0.1067534731934709,0.03979234871378909,0.06647260423972044,0.10801428173063063,0.04154167749091019,104,R2_Percent,0.04925912857707481,0.11265321133286986,False
23,4,Terra Jole,0.10114613254341234,0.10015407375235098,0.013811449485102498,0.13654945708551502,0.07747270465297558,0.12975924914456144,0.05228654449158586,0.07590727609949682,0.1315835855233365,0.055676309423839665,104,R2_Percent,0.11648145602631864,0.0653415613074771,False
23,4,Vanilla Ice,0.056339805164048316,0.056350884877559924,0.004526375537289418,0.08034063170984834,0.048199267982303055,0.06587404169561771,0.017674773713314655,0.0476019332568443,0.06646080817281842,0.01885887491597412,104,R2_Percent,0.015018624545032683,0.13903592599730305,True
23,5,Amber Rose,0.0784461242475131,0.07794380235302535,0.0060545089815817665,0.07718047309104256,0.06781560055640988,0.08994878601579616,0.02213318545938628,0.06662294710904541,0.09031434644519576,0.023691399336150346,104,R2_Percent,0.01901267944806584,0.19600549546523802,False
23,5,Calvin Johnson Jr.,0.12193498400508945,0.12155960890822726,0.014275147751534684,0.11707179746658147,0.09305469390667724,0.15130090518244607,0.05824621127576883,0.09186075351946364,0.15253398673379626,0.060673233214332614,104,R2_Percent,0.18375625249722957,0.06268899736819689,False
23,5,James Hinchcliffe,0.12895782156336316,0.12741493131355136,0.01566474852591224,0.1214718761220342,0.09911157187117502,0.15674779688805604,0.057636225016881024,0.0975124755430449,0.16025993814390851,0.06274746260086361,104,R2_Percent,0.17378544516480965,0.057786435323451166,False
23,5,Jana Kramer,0.13595279715033828,0.1361865253682328,0.01479146072627139,0.10879850239428918,0.11318101626764741,0.16650920998067453,0.05332819371302712,0.11200356201561106,0.17226121835573613,0.060257656340125074,104,R2_Percent,0.17973799529216705,0.060692512171758264,False
23,5,Laurie Hernandez,0.13672818365412598,0.1366064368227271,0.01503751968018424,0.10998112662875603,0.10894025147860183,0.16553435985457718,0.05659410837597535,0.10404190004100343,0.16942377320644375,0.06538187316544032,104,R2_Percent,0.17186550481259405,0.06604787253720622,False
23,5,Marilu Henner,0.10611149382437213,0.10472008056805347,0.012076304358394992,0.11380769342841215,0.08373005680982071,0.13045842802804333,0.046728371218222625,0.08312349735174972,0.1322683784288781,0.049144881077128375,104,R2_Percent,0.08464516762341952,0.11371983753183963,False
23,5,Maureen McCormick,0.08324083600778417,0.08349100556123937,0.006330760408663104,0.07605354189464279,0.06947669767298303,0.09534472763347773,0.0258680299604947,0.06846888064418302,0.09759636972710695,0.029127489082923924,104,R2_Percent,0.024497325363018806,0.18870618656534183,False
23,5,Ryan Lochte,0.0949154321188229,0.09542905120382253,0.010435340893378896,0.10994356408044462,0.07446239944482558,0.11238487777804307,0.03792247833321749,0.07365369864544417,0.11408080879999308,0.040427110154548904,104,R2_Percent,0.04473226798061679,0.16405043026604932,False
23,5,Terra Jole,0.11371232742859085,0.11263083984697021,0.014632972487057654,0.12868413493908018,0.08786410435625483,0.14400310563515917,0.05613900127890434,0.08600900965200169,0.14439021524427462,0.05838120559227293,104,R2_Percent,0.11796736181807874,0.09030223277091871,False
23,6,Amber Rose,0.06782764534460825,0.06758509935616758,0.005209657057034822,0.07680728161159656,0.058391067110129875,0.07797684010782378,0.019585772997693908,0.05744656340581468,0.07863395090071215,0.021187387494897472,104,R2_Percent,0.016561479376436455,0.20894674717207676,True
23,6,Calvin Johnson Jr.,0.13029010228490454,0.12978194298283885,0.014963816078091408,0.1148499833500025,0.09981874798169446,0.1602845595418318,0.060465811560137334,0.09839851033375659,0.16204043949822525,0.06364192916446866,104,R2_Percent,0.18758995579369891,0.05216696144355143,False
23,6,James Hinchcliffe,0.13663321028101832,0.13515321593368226,0.015935787269849084,0.11663187329839789,0.10600920907649233,0.16440350057580946,0.05839429149931713,0.10470965606597561,0.16823482059954992,0.0635251645335743,104,R2_Percent,0.1779601011595155,0.05451068767412879,False
23,6,Jana Kramer,0.14672349436333632,0.14710956606672554,0.01573816913927985,0.10726413794580775,0.12227242138923694,0.17903080295661705,0.05675838156738011,0.12084472630703882,0.18602322302208577,0.06517849671504694,104,R2_Percent,0.1846711660346193,0.04972882318390702,False
23,6,Laurie Hernandez,0.14725186906349502,0.1469606281482259,0.01569489446318644,0.1065853667121794,0.1180157149169966,0.17791670885236185,0.05990099393536526,0.11363169062409144,0.1816130471673131,0.06798135654322167,104,R2_Percent,0.1789252186332894,0.05539036909575668,False
23,6,Marilu Henner,0.09990413631731276,0.09849931601946069,0.010711256899139505,0.10721534957390258,0.08024747176311514,0.12163809029138321,0.04139061852826807,0.07952402443193639,0.12308615872872408,0.043562134296787694,104,R2_Percent,0.07744629157522559,0.11966055268786009,False
23,6,Maureen McCormick,0.07050382510131556,0.07067598722497637,0.00532042129724893,0.07546287438452264,0.058737937102926796,0.07998889121269795,0.021250954109771153,0.05776192826418386,0.08205979880343604,0.024297870539252184,104,R2_Percent,0.021484152706926128,0.18866163390933527,False
23,6,Ryan Lochte,0.08546007644459391,0.08594376484336566,0.008690348029706911,0.10168898029644403,0.06809382673095847,0.09960814374315205,0.03151431701219358,0.06742233219080433,0.10112166894186655,0.03369933675106222,104,R2_Percent,0.03925277063583443,0.17066299939274296,False
23,6,Terra Jole,0.11540564079941534,0.1147423596434716,0.015227781247194884,0.13195006016787378,0.08877124613054188,0.1461437970090413,0.057372550878499406,0.08744984973547638,0.14712587335683044,0.05967602362135406,104,R2_Percent,0.11610886408445427,0.1002712254406411,False
23,7,Calvin Johnson Jr.,0.14907074950732863,0.14842792284106862,0.01640532361755663,0.11005058787035958,0.11463614594564532,0.18151682092816138,0.06688067498251606,0.1134396169864464,0.18385771058680525,0.07041809360035885,104,R2_Percent,0.1969199105233105,0.061814028659600125,False
23,7,James Hinchcliffe,0.15646056790018956,0.15600163472085526,0.017093487209515187,0.10925108759939813,0.12551301998932787,0.18639332544123427,0.0608803054519064,0.1228728052140453,0.1893631153549435,0.06649031014089819,104,R2_Percent,0.18753651030847268,0.06596072911954907,False
23,7,Jana Kramer,0.16575313798628674,0.16644645328822255,0.016978605042477862,0.10243308361306894,0.13979190110886264,0.1996948441750167,0.05990294306615407,0.1392344997108462,0.20847297337132925,0.06923847366048305,104,R2_Percent,0.19445382329838634,0.06695265731047086,False
23,7,Laurie Hernandez,0.16676553946979938,0.1666297484415707,0.01708950845601767,0.1024762580467802,0.13483011822685928,0.19989743870544702,0.06506732047858774,0.12988836468287962,0.20453744045693287,0.07464907577405325,104,R2_Percent,0.18912310044672248,0.06946841152952618,False
23,7,Marilu Henner,0.0956442349437391,0.09428824945104579,0.009330147233028403,0.09755054487619337,0.07832374136233976,0.11487242394189162,0.036548682579551864,0.07750394990050831,0.11613616307918039,0.038632213178672076,104,R2_Percent,0.068594063710137,0.1703191246309362,False
23,7,Maureen McCormick,0.06913228990558644,0.06927928234603117,0.00536905145996594,0.07766344015652342,0.057922331756783386,0.07883180550599148,0.02090947374920809,0.05606172213755009,0.08033446131305079,0.0242727391755007,104,R2_Percent,0.018679133231977917,0.23461547773522054,True
23,7,Ryan Lochte,0.07738669856922607,0.07783639970636447,0.007640483333454315,0.0987312222218595,0.06215508712499744,0.08998219005895586,0.027827102933958417,0.061538845415494696,0.09135927245478134,0.029820427039286647,104,R2_Percent,0.03349302745285638,0.21175754103593944,False
23,7,Terra Jole,0.11978678171784404,0.11874700173792414,0.014925281099930694,0.12459873189586952,0.09400832509444298,0.1500031544481536,0.05599482935371061,0.09244547533977522,0.1511462372520012,0.058700761912225966,104,R2_Percent,0.11120043102813659,0.1191120299787576,False
23,8,Calvin Johnson Jr.,0.1675189707870917,0.16712120960836713,0.017785502697042932,0.10617008099725866,0.12971199992289975,0.20379914199014817,0.07408714206724842,0.1281095695625961,0.20534462715734073,0.07723505759474464,104,R2_Percent,0.2088822427509437,0.0705659185343285,False
23,8,James Hinchcliffe,0.18214244212699512,0.18093381214295082,0.018908844754833024,0.10381350186163209,0.1489663413055645,0.2149363708970152,0.06597002959145071,0.14615946016836362,0.22046462285570154,0.07430516268733792,104,R2_Percent,0.20100697944138807,0.06273494456926386,False
23,8,Jana Kramer,0.19151432262112544,0.19218692789163294,0.01927213212531687,0.100630239355221,0.16120862305606437,0.22832355867332566,0.06711493561726128,0.15952158422197693,0.2365026166595149,0.07698103243753798,104,R2_Percent,0.20776907130893366,0.07111156410804476,False
23,8,Laurie Hernandez,0.18681342156773412,0.1870143618509208,0.018270454151195714,0.09780054343992238,0.15302000494386658,0.22296038811465213,0.06994038317078555,0.14758149062139828,0.22626473666057992,0.07868324603918164,104,R2_Percent,0.19945964196071228,0.06792949286014395,False
23,8,Marilu Henner,0.08676023313304636,0.08569716090997481,0.008169309383370823,0.09415960617398561,0.07155881795500246,0.10421827514718288,0.03265945719218041,0.07106491516600426,0.10514227164769759,0.03407735648169333,104,R2_Percent,0.05686369615546957,0.25709171407562903,False
23,8,Ryan Lochte,0.07406274056233525,0.07431296059710323,0.007528097201762446,0.10164486413281437,0.05927905862136767,0.08644829325146386,0.02716923463009619,0.05845013044659712,0.087478072956895,0.029027942510297874,104,R2_Percent,0.027102225518338696,0.28488693525287423,True
23,8,Terra Jole,0.11118786920167205,0.11071411394284086,0.012580129225324217,0.1131430012612836,0.0891357258594152,0.13659535184160573,0.04745962598219053,0.08745905751045745,0.1375875070566353,0.05012844954617786,104,R2_Percent,0.0989161428642141,0.18567943059971562,False
23,9,Calvin Johnson Jr.,0.1912781514120861,0.19123552794110718,0.01931057044172854,0.10095544263247402,0.15143034210151493,0.23092069248493635,0.07949035038342142,0.14935773083951054,0.23205138272706677,0.08269365188755623,104,R2_Percent,0.22511738710814336,0.09699490498695482,False
23,9,James Hinchcliffe,0.20389697559548645,0.20223997060136467,0.020129223936226782,0.09872252335984316,0.16691489383966435,0.23700463450126463,0.07008974066160029,0.16447304642827762,0.24100455161209602,0.0765315051838184,104,R2_Percent,0.21838950752799985,0.10476244054122628,False
23,9,Jana Kramer,0.21213142664610835,0.21435015068658791,0.020434891597620273,0.09633127877705319,0.17942674201021122,0.24991958536397896,0.07049284335376774,0.17833169851800154,0.2565613367350685,0.07822963821706694,104,R2_Percent,0.2205879650386003,0.09133663203455429,False
23,9,Laurie Hernandez,0.20938558172190205,0.20968386592476532,0.019692201419988845,0.09404755216690744,0.1732578579762788,0.24954868212490608,0.07629082414862728,0.1676013109280079,0.2539176450555571,0.08631633412754919,104,R2_Percent,0.21356858238275722,0.09588246626310129,False
23,9,Marilu Henner,0.0830757459451251,0.08200238940693813,0.007930555820680054,0.0954617467523976,0.06933985884653474,0.0993613398683533,0.030021481021818563,0.0692013024993213,0.10128983079193814,0.03208852829261684,104,R2_Percent,0.04233742683859862,0.3542143409119732,True
23,9,Terra Jole,0.10023211867929191,0.09978119785355777,0.01117220860445215,0.11146335876825422,0.08155223840895227,0.12225135930322849,0.040699120894276214,0.08103746717608445,0.12305211603088682,0.04201464885480237,104,R2_Percent,0.07999913110390063,0.2568092152621901,False
23,10,Calvin Johnson Jr.,0.210944596030682,0.2108667525536072,0.021298236213141978,0.10096601958006139,0.1660240393930084,0.25466577453143524,0.08864173513842685,0.16255638463242497,0.2554649278037256,0.09290854317130062,104,R2_Percent,0.2406208044698663,0.13985833702860026,False
23,10,James Hinchcliffe,0.23016102990925918,0.22858861955198284,0.022264237437188982,0.09673330644187089,0.1899855519644443,0.2663442090834223,0.07635865711897802,0.18676991811840737,0.2706702556043588,0.08390033748595144,104,R2_Percent,0.2356638237542059,0.13483897656456895,False
23,10,Jana Kramer,0.2317067965046422,0.23284841300488163,0.021883402808108996,0.09444437167241473,0.19648784101147238,0.27390581090263,0.07741796989115762,0.19471376088908052,0.27954112109615503,0.08482736020707451,104,R2_Percent,0.2367302488158575,0.1370462433579279,False
23,10,Laurie Hernandez,0.2292673809169907,0.22988859566996261,0.021353782442507758,0.09313920871386051,0.189304839487298,0.26972439990070385,0.08041956041340584,0.1831312321806713,0.27438215871988614,0.09125092653921485,104,R2_Percent,0.22902031760333202,0.137887104729704,False
23,10,Terra Jole,0.09792019663842585,0.09783977930321053,0.010533035468338718,0.1075675481661088,0.08041593404302362,0.11843617495066211,0.03802024090763849,0.07912985254473952,0.12051934132221799,0.04138948877747847,104,R2_Percent,0.057964805356738106,0.4503693383191988,True
23,11,Calvin Johnson Jr.,0.23424240371420735,0.23462426112570345,0.022184885182258255,0.09470909122553839,0.18814287155602505,0.278152565799408,0.09000969424338295,0.18328211492790109,0.2805733368336497,0.09729122190574863,104,R2_Percent,0.2519564094296626,0.24293398827880539,False
23,11,James Hinchcliffe,0.2546561377198918,0.2539077822122757,0.023569886547868117,0.09255573715562174,0.21110491620087415,0.2929295049001735,0.08182458869929934,0.20760728519256974,0.2962599416824168,0.08865265648984708,104,R2_Percent,0.2510921066397162,0.23709311081810888,False
23,11,Jana Kramer,0.2547563612220346,0.25666590026408787,0.023434113691095413,0.09198637309264775,0.21619567137095314,0.2961439598456406,0.07994828847468749,0.21319755230541845,0.30236442357862686,0.08916687127320841,104,R2_Percent,0.251750936326117,0.27673035584649475,False
23,11,Laurie Hernandez,0.25634509734386624,0.2566826596894506,0.022840833617614912,0.08910189371390934,0.21486043067503,0.29943877135207,0.08457834067703998,0.20547056318407442,0.30657254780109555,0.10110198461702113,104,R2_Percent,0.24520054760450422,0.2432425450565909,False
34,1,Alix Earle,0.0728205421651137,0.0723078064304432,0.002798957132267422,0.038436367665610774,0.06858430934920125,0.07815448219488728,0.009570172845686037,0.0682249201581367,0.07911268330334408,0.010887763145207369,97,R3_Bottom2,0.07136817039513871,0.016762428416723603,False
34,1,Andy Richter,0.07747732386017378,0.0771924763661914,0.00264837888137678,0.03418263240682407,0.07347734327233242,0.0837004818573688,0.010223138585036373,0.07303661611873903,0.08474170063198116,0.011705084513242134,97,R3_Bottom2,0.07454081672916861,0.07017735975144412,False
34,1,Baron Davis,0.059189035287225515,0.05945814843310862,0.00216740066407986,0.03661827994935474,0.05517820644819278,0.06356568942018535,0.008387482971992571,0.055026208408656616,0.0639020227649994,0.008875814356342784,97,R3_Bottom2,0.07248671689600537,0.06882206349034929,False
34,1,Corey Feldman,0.05898889650145747,0.05878212009005758,0.002211765247135917,0.03749460285430614,0.054315270099886806,0.06280802703418517,0.008492756934298365,0.05395299070979217,0.0633108128351851,0.009357822125392927,97,R3_Bottom2,0.06764139745298518,0.20435718399221509,False
34,1,Danielle Fishel,0.07397949618218226,0.07373841819909821,0.0020044424026734353,0.02709456682074836,0.06993361014489015,0.07761819709485976,0.00768458694996961,0.06923377447264567,0.07770925986632903,0.008475485393683355,97,R3_Bottom2,0.07044696046444272,0.052947891549985096,False
34,1,Dylan Efron,0.07467125227391917,0.07439393927712018,0.0026773665736225705,0.03585538600318491,0.07073783416800697,0.08081715429841334,0.010079320130406369,0.0704827049636428,0.08198898986693814,0.011506284903295347,97,R3_Bottom2,0.07358472645494268,0.07764492347805153,False
34,1,Elaine Hendrix,0.07342583457686419,0.07350929476697035,0.002823348666667112,0.03845170685409851,0.0682863930782012,0.07896508876475208,0.010678695686550888,0.06822184592673643,0.07914352544038201,0.010921679513645588,97,R3_Bottom2,0.0681716718619286,0.08791556065675143,False
34,1,Hilaria Baldwin,0.07411573455279964,0.07465039796694484,0.0037091145991566543,0.0500449010124065,0.06720991743979185,0.07966955428516749,0.01245963684537564,0.06611277084679798,0.07973074025231201,0.013617969405514033,97,R3_Bottom2,0.06594637992055627,0.04570638069299234,False
34,1,Jen Affleck,0.0716991069104634,0.07116646473384199,0.0022754913919963734,0.03173667692734259,0.06854021476689205,0.07690072443351864,0.00836050966662659,0.06828730041493855,0.0778255705800642,0.00953827016512565,97,R3_Bottom2,0.07039364260971945,0.08294681471906735,False
34,1,Jordan Chiles,0.07308297324653708,0.0726024196112016,0.0025259386392226797,0.03456261461478467,0.06920971403759281,0.07816103359273695,0.008951319555144138,0.06902117942787908,0.07921556632635986,0.010194386898480776,97,R3_Bottom2,0.07163078447780637,0.12086109200434303,False
34,1,Lauren Jauregui,0.07072406943525983,0.07133555068026158,0.0025732406416552754,0.03638422763569617,0.06398764156768698,0.07395330116272905,0.009965659595042073,0.06355155468437228,0.07421291345422794,0.010661358769855661,97,R3_Bottom2,0.0782092811202904,0.026789962884239286,False
34,1,Robert Irwin,0.07285490631229197,0.07253256544376546,0.0025157283084317507,0.03453066424446559,0.0693010818577995,0.07830269940075925,0.00900161754295975,0.069222319421802,0.07905161271186555,0.009829293290063545,97,R3_Bottom2,0.0744216147254665,0.014939105555315165,False
34,1,Scott Hoying,0.07488800413918469,0.07453026018286207,0.002315633182404167,0.03092128317507832,0.07163645701606167,0.0815393654745152,0.009902908458453527,0.0710641902665888,0.08381653018411878,0.01275233991752997,97,R3_Bottom2,0.07530261293662215,0.08042763964051414,False
34,1,Whitney Leavitt,0.0720828245565273,0.0717426643857119,0.002819908861861756,0.039120399057758694,0.06790572938721946,0.07858156763546673,0.010675838248247263,0.06774433317161359,0.08000235787724859,0.012258024705635001,97,R3_Bottom2,0.06585522395492695,0.04970159306800848,False
34,2,Alix Earle,0.07350266887680876,0.0735650536923787,0.00130192483180685,0.01771261985042869,0.0720867835171288,0.07535903832406353,0.0032722548069347296,0.07191450214390974,0.07584345018673469,0.0039289480428249535,97,R3_Bottom2,0.07202608009367065,0.02223075932983489,False
34,2,Andy Richter,0.08030937337527917,0.0799498057548062,0.0016392972070335653,0.02041227739847082,0.0780115568857861,0.0833662895664741,0.005354732680687993,0.07793064845827077,0.08357938999345521,0.005648741535184437,97,R3_Bottom2,0.0737855613711331,0.08286948358011624,False
34,2,Baron Davis,0.053904357541287154,0.053801160846721596,0.0016113327460526331,0.029892439490044182,0.05152589921810788,0.05663200469411198,0.005106105476004104,0.05127966163309524,0.05720908853659299,0.00592942690349775,97,R3_Bottom2,0.06566734253031216,0.20377165743983175,True
34,2,Corey Feldman,0.053151272757114995,0.05321692739617032,0.0017141316512536806,0.0322500584150964,0.0499168907485374,0.05639631273434247,0.0064794219858050756,0.04937887329340638,0.05658090665059596,0.00720203335718958,97,R3_Bottom2,0.06522381595811445,0.37256998544770004,True
34,2,Danielle Fishel,0.0764116461370004,0.0762694538828044,0.0011090872825656952,0.014514636690030001,0.0748258708055267,0.07975572482850066,0.0049298540229739535,0.07481616163016458,0.07989086310303617,0.00507470147287159,97,R3_Bottom2,0.07284489830561505,0.05613629986947857,False
34,2,Dylan Efron,0.07538613726458786,0.07516285504905737,0.0009100573274163975,0.012071945326264794,0.0741487267524972,0.077854881691423,0.0037061549389258014,0.07401021486051082,0.07799472772248701,0.003984512861976194,97,R3_Bottom2,0.07264385109424241,0.04163901825360407,False
34,2,Elaine Hendrix,0.0741579928862603,0.0739429671008432,0.0010541457068613661,0.014214862968016953,0.07276434773378401,0.07709255268409715,0.004328204950313136,0.07260686291991034,0.07721689445474032,0.004610031534829986,97,R3_Bottom2,0.0722072066711908,0.026204201997307636,False
34,2,Hilaria Baldwin,0.07543184244473844,0.07596775235286264,0.002519545466781786,0.03340161641454816,0.06959910049097434,0.07828281011403625,0.008683709623061905,0.06854177522300933,0.07857394808337856,0.010032172860369226,97,R3_Bottom2,0.07209664287628612,0.028500195856032626,False
34,2,Jen Affleck,0.07256840024497577,0.07234794674795746,0.0010190301947739136,0.014042340623933839,0.07120206476820011,0.07495903902065024,0.0037569742524501265,0.07083863699530488,0.07520240510469872,0.004363768109393845,97,R3_Bottom2,0.0718344403943625,0.013610496917094263,False
34,2,Jordan Chiles,0.07241945757380858,0.07230845924470418,0.0007718264531400908,0.010657722095659988,0.07131897169203312,0.0741891417023255,0.0028701700102923833,0.07129024425568516,0.0743790596857114,0.0030888154300262455,97,R3_Bottom2,0.0720238463533322,0.014566105141851481,False
34,2,Lauren Jauregui,0.06994698183610383,0.07084003640510769,0.003705414548421763,0.052974616647564574,0.06086349566913609,0.07429814119707903,0.013434645527942941,0.0604100103872378,0.07432956908240584,0.013919558695168047,97,R3_Bottom2,0.07222911819512928,0.03198375435605142,False
34,2,Robert Irwin,0.07222034762687538,0.07220518914941969,0.0007030618652075795,0.00973495542890393,0.07106750519014213,0.0739630447901822,0.0028955396000400757,0.07095093777987826,0.07421053605084744,0.00325959827096918,97,R3_Bottom2,0.07182938197423196,0.017680179235710025,False
34,2,Scott Hoying,0.0781016564942185,0.07786101147620245,0.0014343871435033928,0.018365643033570918,0.07616313789706902,0.08142595947706958,0.005262821580000562,0.07603770431291815,0.0815091204697387,0.005471416156820549,97,R3_Bottom2,0.07353535960854463,0.06980573439643982,False
34,2,Whitney Leavitt,0.07248786494094088,0.07242431448070731,0.0007408621054950814,0.01022049837029543,0.07139993745159964,0.07415007603567693,0.0027501385840772857,0.07133271101890831,0.07448532880791678,0.003152617789008466,97,R3_Bottom2,0.07205245457383466,0.018432128078947355,False
34,3,Alix Earle,0.08328889984025882,0.08330267031728325,0.0009083264748374213,0.010905732655606161,0.0816223366287294,0.0854476257311005,0.0038252891023710933,0.08107242410321927,0.08564661651636325,0.004574192413143982,97,R3_Bottom2,0.08358278261947891,0.018250385773948077,False
34,3,Andy Richter,0.0906794512751777,0.08992048195100293,0.0025278709177327142,0.027876998395828245,0.08705351558755374,0.09656072954414402,0.00950721395659028,0.08682061334124909,0.09708539767612535,0.010264784334876265,97,R3_Bottom2,0.08548468345652087,0.10903328343274349,False
34,3,Danielle Fishel,0.0859632718511287,0.08563659058114473,0.0012811332685928253,0.01490326323097024,0.08443795114946523,0.0896110847510967,0.005173133601631477,0.08436888443954496,0.0897075423719839,0.005338657932438942,97,R3_Bottom2,0.08410227296138088,0.06282196201567294,False
34,3,Dylan Efron,0.08369978306150701,0.08359094153615883,0.0007548293555832232,0.00901829524490565,0.08266231762785109,0.08569291872169893,0.00303060109384784,0.082615673284091,0.08599555060640665,0.0033798773223156497,97,R3_Bottom2,0.08394282644280207,0.020824336249254425,False
34,3,Elaine Hendrix,0.08533302276280208,0.08540268553640296,0.0009378007391630218,0.010989892409762649,0.08354482050293502,0.08701848580737608,0.0034736653044410565,0.08349715455786225,0.08704879881856645,0.003551644260704201,97,R3_Bottom2,0.08424704110659452,0.06580165772541566,False
34,3,Hilaria Baldwin,0.0809048832766332,0.08148573974956734,0.003077182723363545,0.038034573424226066,0.07524720531893699,0.08538191785099651,0.010134712532059525,0.07458755130050498,0.08565485717473546,0.01106730587423048,97,R3_Bottom2,0.08382582749205357,0.046642790643063405,False
34,3,Jen Affleck,0.08772980697426153,0.08759056004162491,0.0010890435984767936,0.012413609878297132,0.08572618836859303,0.09007210575827085,0.0043459173896778225,0.085613647630037,0.09031430439262078,0.004700656762583785,97,R3_Bottom2,0.08468661831090007,0.10191353298278427,False
34,3,Jordan Chiles,0.08302589443713579,0.08289294243342589,0.0010226459094218397,0.012317192321199866,0.08167377129477287,0.08537152925687164,0.0036977579620987716,0.08080659388591009,0.08614438742263168,0.005337793536721591,97,R3_Bottom2,0.08372640302052334,0.01129265812405098,False
34,3,Lauren Jauregui,0.06588408499548928,0.06627416011090606,0.0030787250978016735,0.04672942028431383,0.05903537559481472,0.07139632848611711,0.012360952891302394,0.05893616424639718,0.07196355822834938,0.013027393981952198,97,R3_Bottom2,0.07458408368461296,0.44555996227519384,True
34,3,Robert Irwin,0.0847705923710784,0.0845658255922173,0.001014108207334317,0.011962971815687173,0.08337279810575013,0.08779342657909539,0.004420628473345262,0.08324863354923988,0.08786570059018535,0.004617067040945472,97,R3_Bottom2,0.08382922724652139,0.05150181728323362,False
34,3,Scott Hoying,0.08602211285764476,0.08507557598920953,0.0022176673426887923,0.025780200799749468,0.08355711978314519,0.09173553859018924,0.00817841880704405,0.08350454347569744,0.09258439516343814,0.009079851687740698,97,R3_Bottom2,0.08418651653349137,0.051354547578133805,False
34,3,Whitney Leavitt,0.08269819629688269,0.08282844149346877,0.0009204950741487924,0.01113077570451788,0.08014999347609228,0.08393414191703,0.003784148440937718,0.07980567389028954,0.08429718532455394,0.004491511434264392,97,R3_Bottom2,0.08380171712511998,0.015003065816505626,False
34,4,Alix Earle,0.08851480727644043,0.08862267860815212,0.0010647713734817678,0.012029302285620781,0.0861885756237579,0.09039177714044613,0.0042032015166882375,0.08590349640608531,0.09063059788129561,0.004727101475210299,97,R3_Bottom2,0.0885375968926136,0.03830870633194255,False
34,4,Andy Richter,0.09937628596480813,0.098799376090698,0.002346335584957383,0.02361061859152479,0.09658499224569794,0.10475839701522108,0.008173404769523135,0.09651940738558869,0.10500086778558577,0.008481460399997087,97,R3_Bottom2,0.09475255165068905,0.14659179950285567,False
34,4,Danielle Fishel,0.09616737470579274,0.09591660291038118,0.0014396918151802281,0.014970688547802343,0.09412426981924873,0.10006053271940471,0.005936262900155975,0.09399433773881907,0.10039244617596399,0.006398108437144917,97,R3_Bottom2,0.09398612528118133,0.11571796865344779,False
34,4,Dylan Efron,0.0909661479632668,0.09096001096802565,0.0015497906924015184,0.01703700472210104,0.08817728627598266,0.09438600703048651,0.006208720754503849,0.08790664794732193,0.09470065183258784,0.006794003885265909,97,R3_Bottom2,0.09130374027419406,0.07124448248094964,False
34,4,Elaine Hendrix,0.0883077284630471,0.08844826926538792,0.0016150768004614775,0.018289189729722422,0.08506423192707266,0.09116539944715261,0.006101167520079956,0.08481392488281483,0.0922758247808023,0.00746189989798747,97,R3_Bottom2,0.08884972024036168,0.04783866294275696,False
34,4,Hilaria Baldwin,0.0743235210525433,0.0741833830094421,0.002556111320087627,0.034391687636550136,0.07029336235598103,0.07889011745102978,0.008596755095048744,0.06998013279673848,0.0791049718150364,0.009124839018297914,97,R3_Bottom2,0.08099145220361502,0.19718733449794235,True
34,4,Jen Affleck,0.09326093715763047,0.09319252085464912,0.0012877752254426107,0.01380830243283961,0.09104847673318033,0.0959275612409999,0.00487908450781957,0.09072316402383837,0.0959868816379787,0.005263717614140323,97,R3_Bottom2,0.09263507175856187,0.07803018927520182,False
34,4,Jordan Chiles,0.08958419150583886,0.08977037922682145,0.001372213728069833,0.01531758790255305,0.08677397098695842,0.09157078970069203,0.004796818713733608,0.08667854352289833,0.09173622143299998,0.005057677910101643,97,R3_Bottom2,0.09115505734593932,0.051726983249137375,False
34,4,Robert Irwin,0.0951821357589887,0.09511826974553765,0.001095161473173843,0.011505956075065478,0.09356354154613698,0.09745399213797291,0.003890450591835931,0.09338751017807466,0.09768185118588196,0.0042943410078073035,97,R3_Bottom2,0.09373236352064218,0.10456743026904565,False
34,4,Scott Hoying,0.09679623624345081,0.09661718998409889,0.00122593749030065,0.012665135937902713,0.09486998806825546,0.09965395467222504,0.004783966603969583,0.0946969208074564,0.10002962391358206,0.005332703106125658,97,R3_Bottom2,0.09475218752568135,0.11909973469189027,False
34,4,Whitney Leavitt,0.08752063390819256,0.08760226021962,0.001322725797170949,0.015113302293473588,0.08461100437359316,0.08956946822893228,0.004958463855339115,0.08434367732608096,0.08971079516424886,0.005367117838167901,97,R3_Bottom2,0.08930413330652058,0.02968670800482984,False
34,5,Alix Earle,0.0984317832518829,0.09852537808410924,0.001330389040126076,0.013515848196325621,0.09593012905361994,0.10079401065870126,0.004863881605081319,0.0954657759683555,0.10160621802565982,0.006140442057304324,97,R3_Bottom2,0.0981269066452407,0.009328149679309205,False
34,5,Andy Richter,0.10632985515161103,0.10572253466502687,0.002873547739245525,0.02702484391752684,0.10201714931272601,0.1137947628686873,0.011777613555961283,0.10135532206211148,0.11487199791666278,0.013516675854551297,97,R3_Bottom2,0.10306151949505274,0.14672350786810273,False
34,5,Danielle Fishel,0.10660440598101525,0.10646238238537704,0.002591339538367652,0.024307996602214856,0.10198134022553595,0.11126963483683111,0.009288294611295156,0.10179698283584357,0.11169126066020565,0.009894277824362085,97,R3_Bottom2,0.10226209995098574,0.09444271083412137,False
34,5,Dylan Efron,0.10096837702609747,0.10107567510160462,0.0013496258470273477,0.013366817282588464,0.09764512241510234,0.10329228937478012,0.005647166959677777,0.09725898821431796,0.1036023571398012,0.006343368925483248,97,R3_Bottom2,0.10060302727609644,0.008754577407759952,False
34,5,Elaine Hendrix,0.09980604709973576,0.09953000968465416,0.0017831398947303922,0.017866050670742508,0.09749754848816372,0.10236941588827476,0.0048718674001110435,0.09728572176611688,0.10340006369691027,0.006114341930793382,97,R3_Bottom2,0.09866388239526462,0.1334175900416579,False
34,5,Jen Affleck,0.10074184203898093,0.10138844134365306,0.0027541131556065566,0.027338324373112847,0.09526763745581324,0.10422226250838464,0.0089546250525714,0.09436853982148252,0.1042694928250257,0.009900953003543184,97,R3_Bottom2,0.10143755325102889,0.12925437260349693,False
34,5,Jordan Chiles,0.09862769628437541,0.09861200922297045,0.001096170353355639,0.011114224448627766,0.0964619413213364,0.10059268463291282,0.004130743311576424,0.09610331106876907,0.1006208262685168,0.004517515199747732,97,R3_Bottom2,0.09982645188201121,0.0639716887698983,False
34,5,Robert Irwin,0.105657713183718,0.10557714602785231,0.0018493423052874125,0.017503145294009627,0.1024140847148709,0.10940483254908281,0.006990747834211913,0.10213084373584612,0.1103002327362927,0.008169389000446586,97,R3_Bottom2,0.10273318352072129,0.01676740268762708,False
34,5,Scott Hoying,0.08432794468173166,0.08435060775591248,0.0020153722373737934,0.023899221604180666,0.08045586858944025,0.08866688338879525,0.008211014799355001,0.08042502230923296,0.08905075252564125,0.008625730216408292,97,R3_Bottom2,0.09405538974617879,0.3298400503927367,False
34,5,Whitney Leavitt,0.0985043353008516,0.09851576956148297,0.001385668420338211,0.014067080561541856,0.09624587654319745,0.10087707798468327,0.004631201441485822,0.09582383196736864,0.10097475093509649,0.005150918967727847,97,R3_Bottom2,0.0992299858374197,0.06749994961528992,False
34,6,Alix Earle,0.10312219461388611,0.103140637839312,0.0014227404838363137,0.013796646678858908,0.10019676519708182,0.10569449656240636,0.00549773136532454,0.10012773593339339,0.10599243979377297,0.005864703860379586,97,R3_Bottom2,0.10114377956402881,0.04380718059729658,False
34,6,Andy Richter,0.110604546556577,0.1095929101661123,0.0034575824185243847,0.0312607621130271,0.10620910827194947,0.11850472622236002,0.01229561795041055,0.10605401418069703,0.11974034024883305,0.013686326068136023,97,R3_Bottom2,0.10465344713025485,0.13568210971961428,False
34,6,Danielle Fishel,0.10469397241946528,0.1047554173002225,0.0028968755611427717,0.027669936427058037,0.10006085605140506,0.10989942250560183,0.00983856645419677,0.09979067918497216,0.11062066403556294,0.01082998485059078,97,R3_Bottom2,0.10097345276487528,0.032911797216389156,False
34,6,Dylan Efron,0.10330845080708428,0.1032883786264706,0.0014275010978831851,0.0138178540741925,0.10002554206189154,0.1058083368334167,0.005782794771525157,0.10000468348186144,0.10648762235465573,0.006482938872794289,97,R3_Bottom2,0.10216992279411127,0.08608492110961054,False
34,6,Elaine Hendrix,0.10302334131984282,0.10266172028735623,0.0022372468454450586,0.021715922011298166,0.10078131276510052,0.10664707334634062,0.005865760581240095,0.10051029381614585,0.1071799249928032,0.006669631176657351,97,R3_Bottom2,0.10137190594316708,0.04011729215518126,False
34,6,Jen Affleck,0.09824488419467883,0.09946485470231237,0.005086564750922443,0.05177434726110597,0.08918593626207826,0.10458704248735824,0.015401106225279987,0.08727382804882498,0.10469814896150444,0.017424320912679453,97,R3_Bottom2,0.10139467938818178,0.10367110208835724,False
34,6,Jordan Chiles,0.10100860352001508,0.10088245671339481,0.0010723121560266321,0.010616047729183299,0.09879218517611651,0.1030599099516604,0.00426772477554388,0.09872436248851493,0.10371398001113248,0.004989617522617548,97,R3_Bottom2,0.10096454040887867,0.004100095203596246,False
34,6,Robert Irwin,0.10206996447804646,0.10213772075455162,0.0009676912474005228,0.009480666054397001,0.09993871053202388,0.1037474632846999,0.0038087527526760173,0.09980561500394235,0.1038044491993125,0.003998834195370157,97,R3_Bottom2,0.10067157205909684,0.05245846704604354,False
34,6,Scott Hoying,0.07398680363710217,0.07414573693345386,0.0028513845022940963,0.038539095651163015,0.06814466979578676,0.08021769367356008,0.012073023877773315,0.06794769142061012,0.08057834934557252,0.012630657924962402,97,R3_Bottom2,0.08551634344817277,0.4900170693136815,True
34,6,Whitney Leavitt,0.09993723845330192,0.09982308300244604,0.0015293294747616957,0.015302899083771578,0.09736635774569392,0.10216771299404423,0.004801355248350306,0.09715487170428552,0.10220055042100175,0.005045678716716226,97,R3_Bottom2,0.1011403564992325,0.011149965450229823,False
34,7,Alix Earle,0.11037301875908706,0.11035762543070926,0.001024907458605359,0.009285851471023374,0.10785844436896624,0.11256776371092735,0.004709319341961102,0.10755593861471778,0.11282002492871256,0.005264086313994776,97,R3_Bottom2,0.11050680578142677,0.0008252405475601494,False
34,7,Andy Richter,0.12445686422242858,0.1234536844912212,0.0037334599557275893,0.029998023645005,0.11991549076905414,0.13248933025125267,0.012573839482198534,0.11969107181527314,0.13286331638783522,0.01317224457256208,97,R3_Bottom2,0.11791776249211242,0.1691103084262426,False
34,7,Danielle Fishel,0.11141936898423838,0.11205985323715313,0.00234792695396149,0.02107287965608235,0.10582267295483781,0.11431571923654751,0.008493046281709701,0.10573610062047965,0.11463703880274219,0.008900938182262536,97,R3_Bottom2,0.11181712600560804,0.10262804729145897,False
34,7,Dylan Efron,0.11117788926274366,0.11121186797196177,0.0011901470220497244,0.010704889523825034,0.10835435816911275,0.11342753933864869,0.005073181169535937,0.10810993847477718,0.11374763325857844,0.005637694783801259,97,R3_Bottom2,0.11186642965909226,0.05697944079670589,False
34,7,Elaine Hendrix,0.11961405767118934,0.11928199008599641,0.0018599012919357876,0.015549186509904429,0.11658750627042241,0.12370312676254183,0.007115620492119418,0.11636342258907278,0.12401916679541065,0.0076557442063378695,97,R3_Bottom2,0.11732560660358342,0.13859537409316675,False
34,7,Jen Affleck,0.09003461251249958,0.09028728265607704,0.0037616557590489973,0.04178010716186248,0.0833717497952739,0.09562381738971618,0.012252067594442279,0.08310243445496508,0.0957749622761202,0.012672527821155119,97,R3_Bottom2,0.09652663740682918,0.40774692039660065,True
34,7,Jordan Chiles,0.11219822693866886,0.11221558575399049,0.0011296913445441072,0.010068709420529726,0.10963479210820479,0.11419110489722109,0.0045563127890163035,0.10937794227976722,0.1142976472745066,0.004919704994739385,97,R3_Bottom2,0.1118638552848401,0.07117095039355269,False
34,7,Robert Irwin,0.11096506085394077,0.1109274527221531,0.0010531864810057483,0.009491153998392511,0.108914977188331,0.11344190934532866,0.004526932156997662,0.10873614497730862,0.11348432068427171,0.0047481757069630925,97,R3_Bottom2,0.11055889970223194,0.02862717068004183,False
34,7,Whitney Leavitt,0.10976090079520376,0.1096732533570137,0.0017781328085306346,0.01620005662898435,0.10722905759617243,0.11425441662101941,0.0070253590248469805,0.10705993347864648,0.11446510342635806,0.007405169947711579,97,R3_Bottom2,0.11161687706427602,0.024316547274670412,False
34,8,Alix Earle,0.11953771390629227,0.11946806339783349,0.0021678857806445946,0.01813558005922749,0.11549495582228571,0.1235852784437595,0.008090322621473786,0.11512165927721367,0.12402913612474138,0.008907476847527712,97,R3_Bottom2,0.11945436665109888,0.032576771149420904,False
34,8,Andy Richter,0.13454010824791537,0.13415547649087245,0.002084892645512897,0.015496439483095193,0.13178317177893795,0.1395926675224783,0.00780949574354034,0.13138074411731746,0.14079747562981337,0.009416731512495918,97,R3_Bottom2,0.1323072633001721,0.18910931672627976,False
34,8,Danielle Fishel,0.10508680428296933,0.10546598291026678,0.0032549448539542576,0.030973868471531427,0.09833459968864905,0.10995961982561396,0.011625020136964911,0.09781995740999856,0.11015995546634018,0.012339998056341617,97,R3_Bottom2,0.10971550489695656,0.3279111486625272,True
34,8,Dylan Efron,0.1289039556243449,0.12894384281642995,0.001274509928899897,0.009887283308932003,0.12577528818085548,0.13109169295943965,0.005316404778584166,0.12574312877722624,0.1311933498750496,0.005450221097823366,97,R3_Bottom2,0.12950589171643537,0.08536728102475588,False
34,8,Elaine Hendrix,0.13217489380574513,0.13169477495573892,0.0020131006655890495,0.0152305828105878,0.12956780755999953,0.13598306305960997,0.006415255499610445,0.12943420131458888,0.13785815722317948,0.008423955908590602,97,R3_Bottom2,0.13098552045343792,0.11976561729356623,False
34,8,Jordan Chiles,0.12510766766459674,0.12524833567410432,0.0009451966121208845,0.0075550654069811134,0.12293028570914692,0.12686631866192308,0.003936032952776156,0.1225456349206495,0.1270064850569648,0.004460850136315295,97,R3_Bottom2,0.1255706566789436,0.06242556760912315,False
34,8,Robert Irwin,0.12931274857741126,0.1293030636071099,0.0012319625752789617,0.009527000151431044,0.127032311834998,0.1318187779839499,0.004786466148951896,0.1266568712141119,0.132059917598702,0.0054030463845901044,97,R3_Bottom2,0.12819500681664603,0.12296752754434957,False
34,8,Whitney Leavitt,0.125336107890725,0.12490663608169278,0.0018035172209058068,0.014389446515111301,0.12293290712794477,0.12941294480460983,0.006480037676665051,0.12282357537246995,0.12988870802885913,0.007065132656389181,97,R3_Bottom2,0.12426578948630951,0.05987676988997731,False
34,9,Alix Earle,0.14727588069970043,0.14703309917367943,0.0017860374782432448,0.012127155307154634,0.14503666716904567,0.1510471039826415,0.0060104368135958375,0.144399001495225,0.15319524138100998,0.008796239885784984,97,R3_Bottom2,0.14516185470192572,0.05046246258857864,False
34,9,Andy Richter,0.12008163696074772,0.1207281767496925,0.003919176650015034,0.03263760179498664,0.11103082816783423,0.12547238886779502,0.01444156069996079,0.10961999466644139,0.12666953262526173,0.017049537958820346,97,R3_Bottom2,0.1248868388045451,0.655796938677964,True
34,9,Dylan Efron,0.14626780777258683,0.14585722974052803,0.001800342660906765,0.01230853656948143,0.14381554464524487,0.1503817740831396,0.006566229437894727,0.1435656966916576,0.15128505425013428,0.007719357558476664,97,R3_Bottom2,0.14606217547867073,0.012051726038230117,False
34,9,Elaine Hendrix,0.14875484989936238,0.14808061100806583,0.0022939130502207397,0.015420761419023639,0.1464096007123482,0.15504524212457022,0.008635641412222006,0.14601946358372006,0.15750093348434266,0.011481469900622598,97,R3_Bottom2,0.14706695122154384,0.12636551149652356,False
34,9,Jordan Chiles,0.1478908922686789,0.14755662928213636,0.00173289471742514,0.011717386316642984,0.14569489616579315,0.15279895991538536,0.007104063749592215,0.14548671327309814,0.15344521690582638,0.007958503632728237,97,R3_Bottom2,0.14655355440523282,0.09130257063315052,False
34,9,Robert Irwin,0.14595088992710714,0.14575174302570218,0.0013482205528055982,0.009237494567377736,0.1441371598258619,0.14955327360102297,0.005416113775161074,0.14398859682002352,0.1499610386652909,0.005972441845267379,97,R3_Bottom2,0.14430866261953695,0.027190862622605207,False
34,9,Whitney Leavitt,0.14377804247181664,0.1448054414195252,0.0034692931625067147,0.02412950616702662,0.1328553265059683,0.14727468279671588,0.014419356290747587,0.12953198911647792,0.1476683066408598,0.018136317524381884,97,R3_Bottom2,0.1459599627685448,0.036829927842948015,False
34,10,Alix Earle,0.16893065070139512,0.1688114179147083,0.0013818045431832936,0.00817971479684759,0.16709783009978527,0.17164452864361252,0.004546698543827249,0.16681968065859973,0.1720007110099424,0.00518103035134268,97,R3_Bottom2,0.16735402792492995,0.08804270028159165,False
34,10,Dylan Efron,0.17969705557547977,0.17910789965697016,0.002724091920249352,0.01515935757280746,0.17586624836502673,0.18590207493650404,0.010035826571477308,0.17584438867421198,0.18682993877301476,0.010985550098802782,97,R3_Bottom2,0.17955388693852598,0.20547230586739434,False
34,10,Elaine Hendrix,0.17245872395904213,0.17221081130545043,0.0017459046116552388,0.010123608545717177,0.16994875025513578,0.1763219060554392,0.006373155800303426,0.16988450090858773,0.17804820606219096,0.008163705153603235,97,R3_Bottom2,0.1732210814843076,0.14817973373233265,False
34,10,Jordan Chiles,0.1731136489802085,0.17285792569780456,0.0013952540234884138,0.008059757458222884,0.17100700679191524,0.1760346185062279,0.005027611714312652,0.1709525600123919,0.1766357527867797,0.0056831927743878075,97,R3_Bottom2,0.17299435204260943,0.1620255907154533,False
34,10,Robert Irwin,0.16589276574225123,0.16583665153253307,0.001418575118194595,0.008551157199938696,0.16303363277603686,0.16835921789246713,0.005325585116430276,0.16257287143264898,0.16886394497303278,0.006291073540383801,97,R3_Bottom2,0.16288415869021572,0.09195157123471975,False
34,10,Whitney Leavitt,0.1399071550416233,0.14070678422502156,0.0040589872121442,0.02901200593305342,0.13096938867916771,0.14645268719994706,0.015483298520779343,0.13011602359768845,0.14668198645316916,0.016565962855480704,97,R3_Bottom2,0.14399249291941127,0.30432809806850847,True
34,11,Alix Earle,0.19865038474701363,0.1985511956615496,0.007247694444144309,0.0364846735805442,0.18534352277167382,0.21462578107952945,0.029282258307855635,0.18512155481974674,0.21533601673828642,0.030214461918539687,97,R3_Bottom2,0.19697188827058892,0.08394333335876235,False
34,11,Dylan Efron,0.20452387065805216,0.20509134696097767,0.007033526513552049,0.03438975847133048,0.192464945933884,0.21634925493317148,0.02388430899928748,0.19221502806086563,0.21928805778106022,0.027073029720194597,97,R3_Bottom2,0.20880549910171584,0.10783637149735295,False
34,11,Elaine Hendrix,0.19540871094127882,0.19493168007462888,0.007563027502830837,0.03870363540294557,0.1820938000322705,0.21053697997274742,0.02844317994047693,0.1807854754458011,0.2142099120271926,0.03342443658139152,97,R3_Bottom2,0.197974314961131,0.3485878306955177,False
34,11,Jordan Chiles,0.20346326763546838,0.20380624874412784,0.006925211377074095,0.03403666645854492,0.19191490231112615,0.21527365892384992,0.02335875661272377,0.1889092010590539,0.21608290750754036,0.027173706448486462,97,R3_Bottom2,0.2027238396130407,0.1413763144175563,False
34,11,Robert Irwin,0.19795376601818698,0.19808320241423408,0.006259130325877392,0.031619152551522235,0.18665075043224705,0.20866157240796196,0.02201082197571491,0.18564860615469903,0.21018431066447382,0.024535704509774797,97,R3_Bottom2,0.19352445805352345,0.3182561499308107,False
12,1,Chelsea Kane,0.10637614717760105,0.10569865443616316,0.010348911824409114,0.09728601852002607,0.09026883226249167,0.12838154891460776,0.03811271665211609,0.08828980347718188,0.12870495783258265,0.04041515435540077,86,R2_Percent,0.18319534941913826,0.03817306885297423,False
12,1,Chris Jericho,0.09077409418999083,0.08919808147839117,0.008488116409471648,0.09350813671250698,0.07783012619870978,0.1077212741604374,0.02989114796172762,0.07746892517180867,0.10897285582396883,0.03150393065216016,86,R2_Percent,0.03594293100929442,0.11305917850540662,False
12,1,Hines Ward,0.10303284176499097,0.10143855076905715,0.011328249434474887,0.10994794708578112,0.08390927727426492,0.12268497115904665,0.038775693884781734,0.08189519687635889,0.12522756614131014,0.04333236926495125,86,R2_Percent,0.1916480030875452,0.03600440991954468,False
12,1,Kendra Wilkinson,0.09407447351096491,0.09334697106342213,0.009666385077796972,0.10275247595906342,0.07821991676712439,0.11282353476787887,0.03460361800075448,0.07512217917637601,0.11385032293807845,0.038728143761702444,86,R2_Percent,0.064515297582998,0.09593112375761227,False
12,1,Kirstie Alley,0.1024596507371792,0.1002279116474219,0.011890894000543637,0.11605440692985719,0.0812417350558742,0.12659537454891107,0.04535363949303686,0.08105478535321184,0.1272215802964271,0.04616679494321527,86,R2_Percent,0.1975679861748424,0.03232438005665778,False
12,1,Mike Catherwood,0.06927843062156641,0.06898897033426946,0.005800261616139459,0.08372391759021508,0.06027343856154502,0.08018629465325114,0.01991285609170612,0.05985829712370325,0.08100757994676472,0.02114928282306147,86,R2_Percent,0.01665604512188857,0.15789593823072431,False
12,1,Petra Nemcova,0.08440537599929623,0.08525422517997251,0.006286081265295382,0.07447489204180306,0.0717660901660804,0.09576656040700263,0.024000470240922223,0.07143783231981515,0.09662056689524143,0.025182734575426274,86,R2_Percent,0.02716493744977888,0.12422312844203179,False
12,1,Ralph Macchio,0.09429965419387899,0.09321699276795478,0.009694190416292608,0.1028019720662121,0.07792663600664343,0.11527364766015594,0.03734701165351251,0.07760673230310433,0.11840207169021914,0.04079533938711481,86,R2_Percent,0.1478757173875174,0.044090465793204636,False
12,1,Romeo,0.09565512626329929,0.09635103755149542,0.008455273578758507,0.08839331365769787,0.07949426398952952,0.10978156981691058,0.030287305827381053,0.07631204627618099,0.11183633081055261,0.03552428453437162,86,R2_Percent,0.09329459369433947,0.07602496883899983,False
12,1,Sugar Ray Leonard,0.08103882091469349,0.07979726809340011,0.007558753061906036,0.0932732359206318,0.06845177817048612,0.09855011588118072,0.030098337710694603,0.06804793297053019,0.09914810328310832,0.031100170312578126,86,R2_Percent,0.022739570446517202,0.1324399055118254,False
12,1,Wendy Williams,0.07860538462653864,0.07913106967452176,0.006799745287884124,0.0865048281385599,0.06510262442918856,0.0892224905811187,0.02411986615193014,0.06460219046880082,0.09141437013386043,0.02681217966505961,86,R2_Percent,0.01939956862614025,0.1498334320910185,False
12,2,Chelsea Kane,0.11908724242490533,0.11907893591304924,0.012366160917134703,0.10384118957941799,0.09843711805678597,0.14416259988960112,0.04572548183281515,0.09719732414271831,0.14500408474072504,0.04780676059800673,86,R2_Percent,0.18740203700837543,0.042910471442400705,False
12,2,Chris Jericho,0.09051223150862349,0.08867637152441003,0.008529024940748652,0.09423063378937968,0.07723557006246809,0.10721092398709381,0.02997535392462572,0.07706843600274399,0.10884600645108745,0.031777570448343465,86,R2_Percent,0.034196553402931464,0.10553665668780715,False
12,2,Hines Ward,0.10925287565468761,0.10707863179705221,0.013062200900326051,0.11955933262215789,0.08720383106853828,0.13331978673014294,0.04611595566160466,0.08559045796992712,0.13612034105135165,0.05052988308142453,86,R2_Percent,0.18869848875082895,0.03623296939414207,False
12,2,Kendra Wilkinson,0.09713778319206538,0.0963532901346204,0.010871656632751745,0.11191995818203712,0.07989426048629443,0.12022199901585831,0.04032773852956388,0.07587492415679489,0.1207882256696649,0.04491330151287001,86,R2_Percent,0.06580416226811454,0.09639817840421581,False
12,2,Kirstie Alley,0.10784680573129181,0.10621826149109284,0.013471882088239873,0.12491683918581743,0.08403015742153871,0.13439754115216837,0.050367383730629656,0.08354451055112672,0.13556758649728462,0.052023075946157904,86,R2_Percent,0.19510270780788014,0.03815894675096978,False
12,2,Mike Catherwood,0.05796457068954745,0.05746378579353678,0.004842745208796595,0.08354664152925179,0.05045503611766673,0.0672674312531922,0.016812395135525474,0.050299463887559695,0.06769854051424297,0.017399076626683274,86,R2_Percent,0.014243064820208371,0.14683929822118091,True
12,2,Petra Nemcova,0.07982155658644201,0.08072596134866411,0.005948642907851828,0.07452426590315614,0.06793794278553997,0.09060268492514462,0.02266474213960465,0.06708682933738973,0.09077073051260708,0.023683901175217348,86,R2_Percent,0.024828064161825036,0.13216615795392767,False
12,2,Ralph Macchio,0.09947553511294907,0.09813692845749286,0.010998061168596794,0.11056046249069273,0.08082514859343606,0.12368232009409028,0.04285717150065421,0.08070783037045297,0.12706966098042446,0.0463618306099715,86,R2_Percent,0.15453298257296236,0.04893293593853213,False
12,2,Romeo,0.1011219249581923,0.10193288526304344,0.009603758513102459,0.0949720697768859,0.08243456104097363,0.11706420221588384,0.034629641174910214,0.07859846314238952,0.11934491382870903,0.040746450686319505,86,R2_Percent,0.09795483442421431,0.06788924746717939,False
12,2,Sugar Ray Leonard,0.07184327869861937,0.07098851687751247,0.006453171743074327,0.08982290145951174,0.060901762694274685,0.0865255526723211,0.02562378997804641,0.06039087615043846,0.08723296416887102,0.02684208801843256,86,R2_Percent,0.02009455054830389,0.14101255671927124,False
12,2,Wendy Williams,0.06593619544267618,0.06664730594541829,0.005573035185821014,0.0845216371433823,0.05490822758589751,0.0746472633977524,0.019739035811854898,0.0545308895201096,0.07640054255637373,0.021869653036264126,86,R2_Percent,0.017142554234355557,0.14392258102037306,False
12,3,Chelsea Kane,0.1292968159158387,0.12873633971068743,0.013891363755879883,0.1074377869051469,0.1097225343864775,0.15757087874866335,0.04784834436218585,0.10569762020001337,0.15820768540092237,0.05251006520090899,86,R2_Percent,0.18839730588692774,0.04445221469421555,False
12,3,Chris Jericho,0.090083530817255,0.08830534737798569,0.008435636738670121,0.09364238570735865,0.07766783065189173,0.10662037653941248,0.028952545887520748,0.07682774000781088,0.10806926112784962,0.031241521120038737,86,R2_Percent,0.031916117836398056,0.14003162294113888,False
12,3,Hines Ward,0.1237114540883149,0.12138434300539001,0.015086250722455568,0.12194708108180366,0.09877374569715787,0.1526187089066215,0.05384496320946362,0.09713522082356917,0.15500560258697588,0.05787038176340671,86,R2_Percent,0.19141294674516096,0.040808027592548576,False
12,3,Kendra Wilkinson,0.10042723431261993,0.0993291078618814,0.011372059590088924,0.1132368093966308,0.08240974221975966,0.12374555604520927,0.04133581382544961,0.07801570012138903,0.12618587373762608,0.048170173616237044,86,R2_Percent,0.06505727283065006,0.10436311616052207,False
12,3,Kirstie Alley,0.12954205998099522,0.12708260535961474,0.015868916301193494,0.12250010771421715,0.10065626261569391,0.1613658982232721,0.060709635607578194,0.1005212154612287,0.16271053427209825,0.062189318810869545,86,R2_Percent,0.2035811332604325,0.042692277046605484,False
12,3,Petra Nemcova,0.07915169664699931,0.08006451935330794,0.005453194693625633,0.06889548707901724,0.0684121055268864,0.08870691119184566,0.020294805664959267,0.0680717802465149,0.08909902241775718,0.021027242171242272,86,R2_Percent,0.022826941822199433,0.13102964383098167,False
12,3,Ralph Macchio,0.1112659708795408,0.10994952126127722,0.012638806322079045,0.11359094089748356,0.09009649413300354,0.14018656086715142,0.050090066734147884,0.08946329505241776,0.14300331717897233,0.053540022126554565,86,R2_Percent,0.16264328889796412,0.056672598932374266,False
12,3,Romeo,0.10960588952887834,0.1103688573594899,0.010709745143605643,0.09771140209380719,0.08890109353673567,0.12729861666078393,0.03839752312404826,0.08339826879637455,0.12979923644464939,0.04640096764827484,86,R2_Percent,0.10118217814228231,0.08956015771660616,False
12,3,Sugar Ray Leonard,0.0657336725776043,0.06442712051735663,0.005799332364212682,0.08822468206634988,0.05657061571902798,0.07920647098326784,0.022635855264239862,0.055758903341278344,0.0795204897792626,0.023761586437984254,86,R2_Percent,0.017951073596315315,0.15930730095016887,False
12,3,Wendy Williams,0.061181675251953525,0.062270890070218604,0.005355193154008239,0.08752936450260486,0.050802494015542335,0.06968771768855708,0.018885223673014748,0.050046265469887614,0.07057760721724042,0.020531341747352806,86,R2_Percent,0.01503174098166941,0.1910830401348385,True
12,4,Chelsea Kane,0.14972325323093907,0.14961146686500415,0.015677976787288925,0.10471303854923986,0.12587525861854643,0.180902819698662,0.05502756108011558,0.12116338473911051,0.1822477764672961,0.06108439172818558,86,R2_Percent,0.1953203929305368,0.04761530046771451,False
12,4,Chris Jericho,0.08700833827881699,0.08541484800833198,0.00733627342630314,0.08431690078707349,0.07548109028711829,0.10142726479789671,0.025946174510778422,0.07430207162134495,0.10154975372384653,0.027247682102501586,86,R2_Percent,0.029192447692017877,0.166244698644925,False
12,4,Hines Ward,0.14069828761450162,0.13821845527046117,0.016694928728250104,0.1186576539864681,0.1124940848985705,0.17169178237601687,0.05919769747744637,0.11126194381423948,0.17520323595377155,0.06394129213953206,86,R2_Percent,0.19739682496617011,0.04853942294506152,False
12,4,Kendra Wilkinson,0.10383967434850289,0.10262657054904098,0.011468860359731456,0.11044776894465298,0.08546004829683736,0.12765870791337522,0.04219865961653786,0.08101062447074349,0.13038108571480342,0.04937046124405993,86,R2_Percent,0.06274259186234754,0.15590686779792767,False
12,4,Kirstie Alley,0.14500117826821882,0.14268187421166745,0.017512000474008544,0.12077143567492515,0.11438436499458961,0.17867212607285313,0.06428776107826352,0.11421712056150979,0.18263964844164185,0.06842252788013206,86,R2_Percent,0.20971686093848765,0.04929868563300289,False
12,4,Petra Nemcova,0.07082463834512817,0.07147572621758436,0.004740953540611793,0.06693932579661256,0.061242266747253776,0.07981108743887817,0.018568820691624396,0.060716159619362414,0.08030118872522965,0.019585029105867235,86,R2_Percent,0.020284266163920376,0.17681459331944976,False
12,4,Ralph Macchio,0.12261297061737504,0.12065214522327991,0.013711809918847118,0.11183001153798053,0.10026936805959649,0.1543102607167725,0.054040892657176015,0.09820517062911722,0.15637450765494004,0.05816933702582282,86,R2_Percent,0.1683948617427011,0.05932660101898713,False
12,4,Romeo,0.11826810995536437,0.11942438934396131,0.011722489267725636,0.09911792174703585,0.09508887957905718,0.13769526268811394,0.04260638310905676,0.08956373006386358,0.1379174908900246,0.04835376082616104,86,R2_Percent,0.10138389944253222,0.10087943439282224,False
12,4,Sugar Ray Leonard,0.06202354934115299,0.060733827366100446,0.005751380239685941,0.09272897634495525,0.05278853635519036,0.07550709103361822,0.022718554678427857,0.052421646080800154,0.07617553274576944,0.023753886664969283,86,R2_Percent,0.01556785426128635,0.19537439578010926,True
12,5,Chelsea Kane,0.16823314606386727,0.16799775607249795,0.01713216043228097,0.10183582030723597,0.14120722696289142,0.20300604954806709,0.06179882258517566,0.13738733339391773,0.20387100943759087,0.06648367604367314,86,R2_Percent,0.20280818501691983,0.05828356031892631,False
12,5,Chris Jericho,0.07951542144367374,0.07831762141080943,0.006891425168815801,0.0866677814654793,0.06871960249050943,0.0928907731786709,0.024171170688161464,0.06779203136335706,0.09316027958551304,0.025368248222155984,86,R2_Percent,0.02577330838938186,0.19840839426662674,False
12,5,Hines Ward,0.16230975717662488,0.15975878998710313,0.018266524045625256,0.11254113346832065,0.13173712878955374,0.19578657446175296,0.06404944567219922,0.12970940701827371,0.19911407302991327,0.06940466601163955,86,R2_Percent,0.20710821683178882,0.054592564634822684,False
12,5,Kendra Wilkinson,0.1012008379865248,0.10010298544089294,0.010175664786638764,0.10054921470110441,0.08485764976672805,0.12168906656727523,0.036831416800547176,0.08025613832817337,0.12408936141062249,0.04383322308244912,86,R2_Percent,0.05682732406461839,0.18458655504848745,False
12,5,Kirstie Alley,0.16659581011216662,0.16465439337473237,0.019106865050453337,0.11468994951066869,0.13300799724954496,0.2028952735783716,0.06988727632882663,0.13142757771535968,0.2073329729218106,0.07590539520645093,86,R2_Percent,0.22025015588402264,0.05749125040457494,False
12,5,Petra Nemcova,0.0666413494504153,0.06723035510802428,0.004574725455978186,0.06864695108525712,0.05703971244752722,0.073979237066402,0.016939524618874775,0.056653605873557396,0.07438905178223565,0.017735445908678253,86,R2_Percent,0.01739070377139337,0.2425004180306188,True
12,5,Ralph Macchio,0.1362375861648895,0.13486462668655402,0.014962488320542044,0.10982643440579472,0.11088899263733411,0.1720832835055873,0.06119429086825319,0.11009878479687324,0.17251803332737253,0.062419248530499294,86,R2_Percent,0.17366944993065828,0.08223818706169668,False
12,5,Romeo,0.1192660916018379,0.12004110776752835,0.011167107357155467,0.09363187144956615,0.09711692023013177,0.13780250768908536,0.04068558745895359,0.09144921588866661,0.13808074653816965,0.04663153064950304,86,R2_Percent,0.0961726561112167,0.12189907023424629,False
12,6,Chelsea Kane,0.19746327119657978,0.19696137831709498,0.01910231373125948,0.09673856619260922,0.16422985319492545,0.2355161460445894,0.07128629284966395,0.16140556895713715,0.23733093551931067,0.07592536656217352,86,R2_Percent,0.21681530799613608,0.06456716448910069,False
12,6,Chris Jericho,0.07839987594984765,0.07740154272385513,0.006960079248293389,0.08877666149300731,0.06785951551516056,0.09209889018495346,0.024239374669792896,0.06631253580733681,0.09220742497856356,0.025894889171226745,86,R2_Percent,0.02196366854242238,0.3131401147303798,True
12,6,Hines Ward,0.18659201815034956,0.18350176387892458,0.020109999253957456,0.10777523847645774,0.152619959844944,0.2248125185272489,0.0721925586823049,0.15019520988294668,0.22625204251742972,0.07605683263448304,86,R2_Percent,0.2215519309962216,0.064934084216269,False
12,6,Kendra Wilkinson,0.09158316185465579,0.0908861299403383,0.009242620175162723,0.100920518444547,0.0769496251683521,0.11067740456577088,0.03372777939741878,0.07294668366920748,0.11305424311945739,0.04010755945024991,86,R2_Percent,0.04757307062943076,0.2337186387508973,False
12,6,Kirstie Alley,0.1877891343974706,0.1852507447027946,0.020828086664853872,0.1109120968669549,0.15087033266332647,0.22700750614322124,0.07613717347989477,0.14969800055844562,0.23141204752159517,0.08171404696314954,86,R2_Percent,0.2330296492643718,0.06232694124017334,False
12,6,Ralph Macchio,0.1432177718427849,0.1425495431319409,0.015321108604800689,0.10697770540390197,0.11728797134408728,0.17738092714268283,0.060092955798595554,0.11706538447410911,0.17971124157743362,0.06264585710332451,86,R2_Percent,0.17245053726580462,0.10235633324954721,False
12,6,Romeo,0.11495476660831165,0.11541876863080719,0.00973306164512914,0.08466862168745776,0.09596268646360386,0.13145842620807097,0.03549573974446711,0.0909706456732994,0.13188355678850877,0.040912911115209366,86,R2_Percent,0.08661583530561277,0.15895672332363273,False
12,7,Chelsea Kane,0.22677539566500773,0.22670985119514317,0.021161997040542908,0.09331698872572304,0.1873058560119632,0.26856664256026647,0.08126078654830327,0.18548626465129256,0.26996171056629353,0.08447544591500097,86,R2_Percent,0.23251854789364418,0.08508323510492324,False
12,7,Hines Ward,0.2168991318053861,0.21222156033459805,0.02223739914480012,0.10252415009550499,0.1793208422753269,0.2577493517568331,0.0784285094815062,0.17570611665097766,0.2610738360112822,0.08536771936030454,86,R2_Percent,0.24067117855877349,0.07751787472962415,False
12,7,Kendra Wilkinson,0.09151957423199782,0.09130446954086377,0.009776541638518092,0.10682459703904455,0.0769314968608252,0.11259151293935088,0.035660016078525675,0.07378833675963438,0.11447710383703076,0.04068876707739638,86,R2_Percent,0.036890621827977074,0.34805362886598085,True
12,7,Kirstie Alley,0.22218599744566392,0.22154469496445756,0.022708367790831192,0.10220431553696166,0.18123306679926202,0.265755627156829,0.08452256035756697,0.18002856247918694,0.26793772694189844,0.08790916446271149,86,R2_Percent,0.25556086451703275,0.07806986414565144,False
12,7,Ralph Macchio,0.13718905379979687,0.13601678955032198,0.013287011680559476,0.09685183556954563,0.1150961461504832,0.16512138241393912,0.05002523626345591,0.11459468205094982,0.16815547943672182,0.053560797385772005,86,R2_Percent,0.16232048728363063,0.13330805110429075,False
12,7,Romeo,0.10543084705214763,0.10581992898163785,0.009155765998159272,0.08684143449621246,0.08863600243858029,0.12219624945028702,0.033560247011706734,0.08340374176463482,0.12246258590014122,0.03905884413550641,86,R2_Percent,0.07203829991894195,0.2779673460495294,False
12,8,Chelsea Kane,0.26473842043830864,0.26540421231932426,0.023745946852749097,0.0896958847659309,0.21934111256315478,0.3097948693766723,0.0904537568135175,0.21667192023491308,0.3132209724337089,0.09654905219879581,86,R2_Percent,0.2523494284123751,0.1024167596057082,False
12,8,Hines Ward,0.24859117434013794,0.24373388576072527,0.024723332973596135,0.09945378406623612,0.20683147397948737,0.2917767780742704,0.08494530409478301,0.20347625222004734,0.2949605671616448,0.09148431494159748,86,R2_Percent,0.26648798822513264,0.09537640454798381,False
12,8,Kirstie Alley,0.2572184255490435,0.25606882304168066,0.02454937235727063,0.09544173324624379,0.21351525693341494,0.3042170254839115,0.09070176855049655,0.21138241869487484,0.3065695401515025,0.09518712145662767,86,R2_Percent,0.2842065213855535,0.08664680508541345,False
12,8,Ralph Macchio,0.12087026017385762,0.11969564453907278,0.011705557907398547,0.09684398702014443,0.1025007283371621,0.14458501412924285,0.04208428579208075,0.1021204392834833,0.14922659200459126,0.04710615272110796,86,R2_Percent,0.14340822414966656,0.2765528744178897,False
12,8,Romeo,0.10858171949865239,0.10867112292039437,0.010225331652788211,0.09417176021894844,0.09102893571846588,0.12526294122397974,0.034234005505513865,0.08585513991903644,0.12705117996053059,0.041196040041494145,86,R2_Percent,0.053547837827272106,0.43900715634300486,True
12,9,Chelsea Kane,0.2953297220018689,0.29637609164839834,0.026441953980552903,0.08953367037126582,0.24331321509634946,0.3468199244984635,0.10350670940211404,0.24191384755670428,0.3474035669676351,0.1054897194109308,86,R2_Percent,0.26964659561679993,0.0989731850866112,False
12,9,Hines Ward,0.29587328436705446,0.2890653617665718,0.02844193592039675,0.09612877344178278,0.24791208080907476,0.34517845110503687,0.0972663702959621,0.24513168614828862,0.34962938657842463,0.10449770043013601,86,R2_Percent,0.30507395469590576,0.11357822847701164,False
12,9,Kirstie Alley,0.29133053581949825,0.2898901736719358,0.02678253069102879,0.0919317661490268,0.2419120956564915,0.3420709134082518,0.1001588177517603,0.24142901974943207,0.3434188524985806,0.10198983274914855,86,R2_Percent,0.32560054441266884,0.11758089895635994,False
12,9,Ralph Macchio,0.11746645781157833,0.11678419642516322,0.01159393522756071,0.09869996459889785,0.09982071872195775,0.14356161783744142,0.04374089911548368,0.0996284222707115,0.14634032201778938,0.04671189974707787,86,R2_Percent,0.0996789052746254,0.6698676874800172,True
12,10,Chelsea Kane,0.33377680257019177,0.3339174151076748,0.03029572403799172,0.0907664157745674,0.2760531968134861,0.3907992360224879,0.11474603920900178,0.27530793050761787,0.39117287179517685,0.11586494128755898,86,R2_Percent,0.30050701682573905,0.3968856476150233,False
12,10,Hines Ward,0.3391770111103636,0.33355154823067373,0.032300758900980706,0.09523274821969134,0.2869256863687282,0.39958274410659117,0.11265705773786294,0.28305840476451516,0.40654630758964416,0.123487902825129,86,R2_Percent,0.34020747025029624,0.30155054134910947,False
12,10,Kirstie Alley,0.32704618631944465,0.32636478998447815,0.028327044470782825,0.08661481361263815,0.2728062769309644,0.37913576984075387,0.10632949290978949,0.27229538960486654,0.37996906057343816,0.10767367096857161,86,R2_Percent,0.3592855129239648,0.3015638110358672,False
19,1,Alfonso Ribeiro,0.08751101578158942,0.08597942233499373,0.008798542079387156,0.10054210890828438,0.07228739168806625,0.10428327402482238,0.031995882336756126,0.07093426635355207,0.1062703630454001,0.035336096691848035,95,R2_Percent,0.15451618557482505,0.03559455487220067,False
19,1,Antonio Sabato Jr.,0.07317542816235727,0.07223136586060598,0.008513232149955417,0.11634003877731697,0.05772200286177386,0.08776262829438636,0.030040625432612496,0.056957547137571805,0.08795776023770768,0.031000213100135877,95,R2_Percent,0.03717786448478435,0.09837002961986575,False
19,1,Bethany Mota,0.09221677405661989,0.0907425751578482,0.00978796000620194,0.10614077651634464,0.07669665195886742,0.11241656754274151,0.03571991558387409,0.0757036117726346,0.11271729904060657,0.03701368726797197,95,R2_Percent,0.14792758937253922,0.040132525961482673,False
19,1,Betsey Johnson,0.07386992251094714,0.07307643349730475,0.007080238234708832,0.09584737595547874,0.06211409017005884,0.08625347143787049,0.02413938126781165,0.06078423411454739,0.08897474184887731,0.02819050773432992,95,R2_Percent,0.02163237010214904,0.1202183474167404,False
19,1,Janel Parrish,0.08767928531672214,0.08700483090787971,0.008912281181438683,0.10164637119526039,0.07253056889597341,0.10720060648751173,0.03467003759153832,0.07187008208731044,0.1087291435316042,0.03685906144429377,95,R2_Percent,0.15285413028753222,0.04101347225244015,False
19,1,Jonathan Bennett,0.0781361909042773,0.07776706767208544,0.007911729699524247,0.10125563593465556,0.06423044055829848,0.09331576406997016,0.029085323511671687,0.06294342845669396,0.09514459262691127,0.03220116417021732,95,R2_Percent,0.027260162934754657,0.09600088355006087,False
19,1,Lea Thompson,0.07978920127837454,0.07999642713914255,0.008337182811255483,0.10449011492379898,0.06574538595478227,0.0963650740983554,0.03061968814357313,0.0651716905027056,0.09734860742422444,0.03217691692151883,95,R2_Percent,0.0694963341095305,0.06905468094596097,False
19,1,Lolo Jones,0.057034650332144124,0.05649041042290509,0.005794079013582177,0.10158875314988466,0.04736994651442707,0.06816765118292283,0.020797704668495752,0.04645204914671631,0.06864448608317515,0.022192436936458844,95,R2_Percent,0.014125520059746606,0.12200375995000337,True
19,1,Michael Waltrip,0.07698693518318148,0.07743009382834838,0.006497314507070094,0.08439502743693444,0.06372949611456485,0.08805064648461555,0.024321150370050698,0.0630465337364189,0.08945076280415869,0.026404229067739787,95,R2_Percent,0.06258141257673927,0.08251286608987582,False
19,1,Randy Couture,0.06651156414527012,0.06581256366141863,0.005879472958308654,0.08839775509514558,0.055776419026374396,0.0795528454348626,0.023776426408488205,0.05437393786862283,0.0805371407156335,0.026163202847010673,95,R2_Percent,0.018379659673563174,0.10020376292712227,False
19,1,Sadie Robertson,0.0877197201697538,0.08676947411716127,0.009627350768544443,0.10975127086490641,0.07208962473307952,0.10664424817038613,0.034554623437306614,0.06974845854935817,0.1071977668521892,0.037449308302831025,95,R2_Percent,0.155119624569062,0.03678974691848978,False
19,1,Tavis Smiley,0.061533817570292706,0.060900981231361215,0.006039632546876217,0.09815143583407428,0.051207182403547664,0.07451905736075601,0.023311874957208344,0.050816873666472626,0.07573955550119817,0.02492268183472554,95,R2_Percent,0.01595819647912949,0.10575904141849293,False
19,1,Tommy Chong,0.07783549458847011,0.07809605947343845,0.007173504916483686,0.09216238625335732,0.0648158317504436,0.09269228033075064,0.027876448580307037,0.060255032097692146,0.09502076999451038,0.034765737896818236,95,R2_Percent,0.12297094977564459,0.052346328077264345,False
19,2,Alfonso Ribeiro,0.0955442703500172,0.09399493783324084,0.010248649398450858,0.10726597587595699,0.07699024085297787,0.1155224204131309,0.038532179560153035,0.07567352222929011,0.11713655892471969,0.041463036695429584,95,R2_Percent,0.15682929665572873,0.044041211283869855,False
19,2,Antonio Sabato Jr.,0.0763615409455477,0.07529262460496891,0.009423151554854238,0.1234017993635533,0.05988745381909366,0.09266929649270171,0.03278184267360805,0.059261716240280614,0.09412937485659467,0.03486765861631406,95,R2_Percent,0.03487579256252636,0.10438729970809783,False
19,2,Bethany Mota,0.10511846868426271,0.10370917267947667,0.011788421735810625,0.11214415395660601,0.08519879294482968,0.1294740777403058,0.04427528479547613,0.08409463892760091,0.1307912210605561,0.04669658213295519,95,R2_Percent,0.15327095549378317,0.0442844314913697,False
19,2,Betsey Johnson,0.0733531824270217,0.07268721773500236,0.006696779368583551,0.09129500789207211,0.06213846225304048,0.08586558092152781,0.023727118668487326,0.061017491737836965,0.087939547132321,0.02692205539448403,95,R2_Percent,0.019857908865999713,0.1226543345147258,False
19,2,Janel Parrish,0.0978821053252476,0.09656823874080764,0.010488411843893116,0.10715351707078317,0.08043553840458235,0.1205129127675662,0.04007737436298385,0.07868645828577747,0.12227138130653674,0.04358492302075927,95,R2_Percent,0.1563752737819117,0.042522686179274606,False
19,2,Jonathan Bennett,0.08192125650859322,0.08126258187472543,0.008416916030298567,0.1027439810986745,0.06711221223099206,0.09808328402571322,0.030971071794721153,0.0664100464447691,0.09937236250774178,0.03296231606297269,95,R2_Percent,0.025525728055376288,0.11351346107855312,False
19,2,Lea Thompson,0.08790266495716002,0.08792651776982453,0.009516402199002925,0.10826067905496164,0.07174724461804322,0.10686384166356552,0.03511659704552231,0.07110111986595209,0.10854953862979773,0.03744841876384564,95,R2_Percent,0.07089674146798244,0.0753691931934389,False
19,2,Michael Waltrip,0.08330512570886152,0.08394702390041951,0.007274242498219412,0.08732046721400746,0.06890776620162327,0.09714349433040419,0.028235728128780918,0.06738440822542717,0.09816866867060868,0.03078426044518151,95,R2_Percent,0.06286341397696221,0.09832216056981978,False
19,2,Randy Couture,0.05852569185329051,0.05781718771199278,0.00491263397604682,0.08393978474208529,0.049619919032519985,0.06974477594920621,0.020124856916686223,0.048816177959859694,0.07104950157558163,0.02223332361572193,95,R2_Percent,0.016186601997974066,0.1258101495878135,False
19,2,Sadie Robertson,0.09800626721923313,0.09718817339573893,0.011334347235201516,0.1156492085332398,0.07909855607358028,0.12013699912591462,0.04103844305233434,0.07716592530766729,0.12154299936325286,0.044377074055585566,95,R2_Percent,0.1597014079651445,0.0440077992416123,False
19,2,Tavis Smiley,0.056853029463486,0.0561766053615702,0.005625309620578678,0.09894476466186462,0.047263257382894795,0.0687581769510394,0.02149491956814461,0.046871195411821,0.07003509646402589,0.023163901052204894,95,R2_Percent,0.014065161995979044,0.12767059885579948,True
19,2,Tommy Chong,0.08522639655727876,0.08538414238534447,0.008277658712322009,0.09712552737999171,0.0705854843715424,0.10241374012561778,0.031828255754075385,0.06545666547203777,0.10518402877960942,0.03972736330757165,95,R2_Percent,0.12955171718063163,0.05741667429562522,False
19,3,Alfonso Ribeiro,0.10831828426156301,0.1057743661302556,0.011734223667344107,0.10833095951749694,0.0887354143388369,0.13255717153542723,0.04382175719659033,0.08570826679303968,0.13491940059867547,0.049211133805635784,95,R2_Percent,0.16240961144509736,0.04938289048084389,False
19,3,Antonio Sabato Jr.,0.07814280525068536,0.07715711399364349,0.009975630653785872,0.12765897796711592,0.06125082795964701,0.0955584328411933,0.034307604881546286,0.060493698153335294,0.09784565328235595,0.037351955129020654,95,R2_Percent,0.03195718226304494,0.1291645289700854,False
19,3,Bethany Mota,0.1164391379876126,0.11555255836283836,0.013439752098917915,0.11542297831462567,0.09303685750912853,0.14290798489286277,0.04987112738373424,0.09179018437888706,0.14609682227113321,0.05430663789224616,95,R2_Percent,0.15833862536590237,0.043421547524014836,False
19,3,Betsey Johnson,0.0653086342138255,0.06451261393613959,0.005685698267920959,0.08705890632018953,0.055708000467367784,0.07579561283473438,0.020087612367366593,0.05479155441220993,0.0772438212798052,0.022452266867595265,95,R2_Percent,0.0176891906637924,0.14256749762061863,False
19,3,Janel Parrish,0.10737142240784107,0.10611033246722183,0.011813198363179032,0.1100218111883404,0.08792466216789285,0.13253581277558188,0.044611150607689026,0.08587638391409474,0.13441810461272752,0.04854172069863277,95,R2_Percent,0.16026673288281573,0.04284607771399799,False
19,3,Jonathan Bennett,0.08598398005825354,0.08470160813726677,0.008617993623900859,0.10022789847669565,0.0711192018130354,0.10348323193657803,0.032364030123542636,0.07074074862692764,0.1046496667210076,0.03390891809407996,95,R2_Percent,0.023903321157528065,0.12876766322617522,False
19,3,Lea Thompson,0.09276979137884027,0.0932638020914282,0.010174444369236518,0.10967411069932828,0.07533214378336234,0.11322542748580733,0.03789328370244499,0.07421922985930682,0.11598916144858765,0.04176993158928083,95,R2_Percent,0.07008924805856445,0.0953948509815765,False
19,3,Michael Waltrip,0.08816178746813216,0.08876354991050116,0.007830219908786684,0.08881648312333813,0.07262442017587976,0.10419931821658598,0.03157489804070622,0.07107748428764497,0.10483802781135881,0.03376054352371384,95,R2_Percent,0.061036893799561495,0.10771294471878867,False
19,3,Randy Couture,0.055787166311812096,0.05516966863013993,0.004634212255797085,0.0830695043712206,0.047554734240904915,0.06571879128943714,0.018164057048532224,0.04610144959653977,0.06698252601533594,0.02088107641879617,95,R2_Percent,0.014273292138350506,0.15481932623939473,True
19,3,Sadie Robertson,0.1093566864494076,0.10862265884760122,0.013059895998135219,0.1194247596755522,0.08790336040203044,0.13448446074930073,0.046581100347270296,0.08583668591144732,0.13661663477067168,0.050779948859224364,95,R2_Percent,0.16548278778613035,0.048343845365614285,False
19,3,Tommy Chong,0.09236030421202676,0.09248790341688161,0.009240868864040323,0.1000523866056844,0.07561498166968815,0.11129291078355875,0.035677929113870605,0.07015930673218658,0.11471860322021113,0.04455929648802455,95,R2_Percent,0.1345531144392122,0.05757882715888979,False
19,4,Alfonso Ribeiro,0.11744341632942956,0.11504027257426677,0.012790352870069988,0.10890651234287126,0.09640548465746629,0.14501952530158926,0.048614040644122974,0.09321376085878323,0.14692122934481902,0.05370746848603579,95,R2_Percent,0.16588406151357996,0.04652851748381523,False
19,4,Antonio Sabato Jr.,0.07907999414706504,0.07835657138903465,0.009697386763782586,0.12262756046426052,0.06286334209962881,0.09576385983774621,0.032900517738117405,0.0622266352791903,0.09817687955623824,0.035950244277047946,95,R2_Percent,0.02881419059127566,0.15238227528593706,False
19,4,Bethany Mota,0.13034745640275253,0.1291158383187108,0.015005882946094198,0.11512217698923445,0.10315065394425249,0.15993616296731533,0.05678550902306284,0.10246657536978683,0.163488544262785,0.06102196889299817,95,R2_Percent,0.16590301214322517,0.05412521402594172,False
19,4,Betsey Johnson,0.06239399537650845,0.061806690889535484,0.005469714844630863,0.08766412235062974,0.05341451617890999,0.07241040136036143,0.01899588518145144,0.05294015381952299,0.07404591234811789,0.0211057585285949,95,R2_Percent,0.015588439587901015,0.16698583822930926,True
19,4,Janel Parrish,0.1194348290971214,0.11796533342891696,0.01332603243553895,0.11157576509531031,0.09801468658069315,0.1473654418545703,0.04935075527387714,0.09508032823348787,0.14943212644185516,0.05435179820836729,95,R2_Percent,0.16684071519648372,0.050397448107984605,False
19,4,Jonathan Bennett,0.08002576802201662,0.07961594954705947,0.007208704329591935,0.09007978939494442,0.06732718844917741,0.09431481789057355,0.02698762944139614,0.06697742387038941,0.09474746672352163,0.027770042853132226,95,R2_Percent,0.021439086540775403,0.1786705219242775,False
19,4,Lea Thompson,0.09762927437286022,0.09812832969629111,0.010458831232538738,0.10712802384042065,0.07992385175396581,0.1187470544241878,0.03882320267022199,0.07912712445128561,0.12165979841505595,0.042532673963770334,95,R2_Percent,0.06742313936085718,0.09397206649232574,False
19,4,Michael Waltrip,0.09130443781863117,0.09142686300821345,0.007891825354506438,0.08643419249985315,0.07536594116420223,0.10694181158555802,0.03157587042135579,0.07399067549757252,0.10781401920764934,0.03382334371007682,95,R2_Percent,0.057037569294531326,0.13667326036722857,False
19,4,Sadie Robertson,0.12241083464850033,0.12112666458401984,0.014663989742323627,0.11979323386227134,0.09996090593637555,0.14923015414206933,0.04926924820569378,0.09619713299296535,0.1520752938470669,0.055878160854101536,95,R2_Percent,0.17237778763303438,0.04746547554603032,False
19,4,Tommy Chong,0.09992999378511466,0.10009666421900403,0.010069498270515759,0.10076552483500392,0.08186418908447728,0.11993004126060078,0.0380658521761235,0.07614747485421178,0.12441719763737231,0.04826972278316054,95,R2_Percent,0.13869199813833627,0.07279938253715003,False
19,5,Alfonso Ribeiro,0.12840758367366162,0.12607924682910035,0.01375071863888952,0.10708649945345872,0.10465108936322425,0.15719152123310962,0.05254043186988537,0.1024567280780857,0.15878470855872873,0.056327980480643025,95,R2_Percent,0.17177409976040067,0.05556088158090178,False
19,5,Antonio Sabato Jr.,0.07166124073399815,0.07055315654129786,0.008402438990832609,0.11725221200149065,0.05799826444566906,0.08756263782526248,0.029564373379593424,0.057099649605868,0.08806822031051405,0.03096857070464605,95,R2_Percent,0.02473798539924785,0.1798586292902439,False
19,5,Bethany Mota,0.14526688076638608,0.1439777277745607,0.01631900668895039,0.11233810902289652,0.11546820652397417,0.17743627505103365,0.06196806852705948,0.11416291038469664,0.1808037296571203,0.06664081927242366,95,R2_Percent,0.17396775139199833,0.057669089188330566,False
19,5,Janel Parrish,0.13347441948059854,0.13143133019422548,0.014583029772812988,0.1092571133072636,0.11073662387896212,0.1636131192957143,0.05287649541675217,0.10703758418639825,0.16512665378831223,0.058089069601913984,95,R2_Percent,0.1751905654932118,0.05570385806924229,False
19,5,Jonathan Bennett,0.0803083493746551,0.07953944594454261,0.007350150705968995,0.09152411627437414,0.06722021843365615,0.09471488240027873,0.027494663966622576,0.0667962360946867,0.09574782782315316,0.028951591728466466,95,R2_Percent,0.019477072069676506,0.20714450289787908,False
19,5,Lea Thompson,0.10563842481158302,0.10588568792762018,0.010826401481831883,0.10248544978914521,0.08671273580561398,0.12701926230900049,0.04030652650338651,0.08598003477767324,0.1297761075174422,0.04379607273976896,95,R2_Percent,0.06405492824403422,0.11707925272661518,False
19,5,Michael Waltrip,0.09379744355112231,0.09443564969179387,0.007589875683921362,0.08091772437043725,0.07878652683202231,0.10830075203838427,0.02951422520636196,0.07713478170630843,0.10927134907425923,0.0321365673679508,95,R2_Percent,0.051333844607647575,0.18453206153008234,False
19,5,Sadie Robertson,0.13355968408402716,0.1323003970631898,0.015603196593142975,0.11682564765072706,0.10991943834327161,0.16370582904192701,0.0537863906986554,0.10657659908827369,0.16527254894613005,0.05869594985785637,95,R2_Percent,0.17981593425302259,0.04986962859883975,False
19,5,Tommy Chong,0.10788597352396796,0.10817013041042209,0.010381047881040181,0.09622240539669344,0.0898103101416427,0.12852900874009637,0.03871869859845367,0.08356963680650037,0.13309738517503655,0.049527748368536184,95,R2_Percent,0.1396478187807606,0.0925820961178652,False
19,6,Alfonso Ribeiro,0.14155501078395402,0.13868321281123702,0.014605819629864751,0.10318122649968668,0.1165521245320198,0.1734566405562732,0.05690451602425339,0.11327849987001538,0.17569658448573244,0.06241808461571706,95,R2_Percent,0.17842866938775276,0.05196283947822833,False
19,6,Antonio Sabato Jr.,0.07149422357200369,0.0715587700393493,0.006540045571272799,0.09147655914727361,0.05928208618539114,0.08208744446232877,0.02280535827693763,0.05809867711242707,0.08239744605196284,0.024298768939535767,95,R2_Percent,0.02289637652031933,0.19765575705004976,False
19,6,Bethany Mota,0.15252813206502672,0.15104254724860303,0.016763813862508917,0.10990637356892345,0.12196434248142397,0.18600756608872873,0.06404322360730476,0.12055828979247425,0.18892990419371652,0.06837161440124227,95,R2_Percent,0.17804950888308338,0.0559244369131101,False
19,6,Janel Parrish,0.13802938891141803,0.1364440569696759,0.01456670579343299,0.10553336436765176,0.11477417542396479,0.16964731640383945,0.05487314097987467,0.11186722128746864,0.1708491972763246,0.058981975988855975,95,R2_Percent,0.17829240955448383,0.05992954583063451,False
19,6,Jonathan Bennett,0.06662289550667871,0.06638273757682232,0.005946610154603887,0.08925775605186298,0.056504431772441084,0.07716974881796383,0.020665317045522748,0.05527773255550618,0.07851185494782208,0.023234122392315898,95,R2_Percent,0.016568524427014814,0.1878883159548697,True
19,6,Lea Thompson,0.09839117663043564,0.09932720050110204,0.00982052809396949,0.09981106467357435,0.08105597157773524,0.11859952856784839,0.03754355699011315,0.08041070559004393,0.12060845708336647,0.04019775149332254,95,R2_Percent,0.05867167205705053,0.14040225021672378,False
19,6,Michael Waltrip,0.08323577965682508,0.08349256176738092,0.006344527791149967,0.07622356416084504,0.07054776770759186,0.09527455724741711,0.024726789539825253,0.0693101947534957,0.09559823847917023,0.02628804372567453,95,R2_Percent,0.0449583048204298,0.161844329247174,False
19,6,Sadie Robertson,0.1427417431054846,0.14100211115183936,0.016259184517345177,0.11390630493653013,0.11821141045913904,0.17411721402217767,0.055905803563038634,0.11416977066261876,0.17605670950442848,0.06188693884180972,95,R2_Percent,0.18564659372162917,0.05432850830421024,False
19,6,Tommy Chong,0.10540164976817343,0.10566137317172959,0.010443874740574293,0.09908644469555423,0.08682618884521393,0.12655121108795608,0.03972502224274216,0.08155632876482631,0.13009307341167756,0.048536744646851246,95,R2_Percent,0.13648794062823658,0.0900640170049997,False
19,7,Alfonso Ribeiro,0.16017208873679495,0.1568529598335516,0.01570717836581398,0.09806439117882156,0.1334963256997796,0.19400686140792767,0.06051053570814807,0.13009177792291493,0.19681187028330346,0.06672009236038853,95,R2_Percent,0.1881758161387238,0.06646940079389375,False
19,7,Antonio Sabato Jr.,0.06564800839469559,0.06473212247388181,0.006627264949744406,0.10095150046135892,0.053705416226066116,0.0763546435321151,0.022649227306048986,0.053481849415441214,0.0775903058010625,0.024108456385621292,95,R2_Percent,0.019341847507426527,0.24115966429235905,True
19,7,Bethany Mota,0.17513676454231358,0.17399497156995503,0.01842102048349872,0.10518077418889478,0.14126793318345623,0.21361021260418983,0.0723422794207336,0.1386167861039167,0.21584435671883362,0.07722757061491692,95,R2_Percent,0.1877942377705629,0.06068480439540163,False
19,7,Janel Parrish,0.15881885306034962,0.1575903269196937,0.01616627915066927,0.1017906806349133,0.1347619529230138,0.19368609100171147,0.058924138078697674,0.1309499111801278,0.19654214716101376,0.06559223598088595,95,R2_Percent,0.18683690728176044,0.06799203046095001,False
19,7,Lea Thompson,0.0946144914186345,0.0953651978853643,0.00868629247867911,0.09180720995735679,0.07844758131704943,0.112781869543742,0.03433428822669257,0.07772242685417244,0.11379375384437529,0.03607132699020285,95,R2_Percent,0.052248486660491075,0.16575882370351744,False
19,7,Michael Waltrip,0.0752314316995221,0.07557219064637438,0.005634193893806267,0.07489148839157421,0.06432539771132204,0.08580814737550814,0.021482749664186104,0.06328796768142807,0.08641252856711078,0.02312456088568271,95,R2_Percent,0.038307490928609494,0.22016498650805005,False
19,7,Sadie Robertson,0.16105599019114644,0.15881766213937068,0.0177035156340212,0.10992149756746146,0.13340622801975804,0.19633161024820323,0.06292538222844518,0.12918496557151932,0.19830694680886887,0.06912198123734956,95,R2_Percent,0.19556682369677814,0.06843631763642263,False
19,7,Tommy Chong,0.10932237195654328,0.10956213515075795,0.010418752154864515,0.09530301957778663,0.09098213679717294,0.13074130134487297,0.039759164547700024,0.08573888139193704,0.13407351691894093,0.048334635527003886,95,R2_Percent,0.13172839001564762,0.10933397220940547,False
19,8,Alfonso Ribeiro,0.17952613301079354,0.17711657465797984,0.016847438531701234,0.09384393374466728,0.1524843782843431,0.21556168381061916,0.06307730552627605,0.14851677547155218,0.21879204656414705,0.07027527109259488,95,R2_Percent,0.19969932016204653,0.06563735862958078,False
19,8,Bethany Mota,0.19631247928736012,0.19600695988227998,0.019841000036043298,0.10106846038554815,0.16025260072168815,0.2382482509641801,0.07799565024249194,0.15742988783706638,0.2392455856119723,0.08181569777490591,95,R2_Percent,0.2006413746444101,0.06705599008637873,False
19,8,Janel Parrish,0.18167953439995443,0.17953772041437463,0.01757356172206704,0.0967283507199006,0.1543057337008302,0.219015360632243,0.0647096269314128,0.15077016367769988,0.22208755631315416,0.07131739263545428,95,R2_Percent,0.19746687220152828,0.06304126734712315,False
19,8,Lea Thompson,0.08397724059417049,0.08433801157201726,0.007817069283723527,0.09308556971406572,0.06940957683734485,0.10117494987134135,0.0317653730339965,0.0684494442398485,0.10225921975735618,0.033809775517507676,95,R2_Percent,0.04410383484312072,0.2476248022986154,False
19,8,Michael Waltrip,0.0734508052386139,0.07388306218757801,0.005674323212578809,0.07725338332432269,0.06326354163980963,0.08374251910393887,0.020478977464129244,0.0613729529479023,0.08465603419900812,0.02328308125110582,95,R2_Percent,0.031118721948460416,0.32933552366753427,True
19,8,Sadie Robertson,0.1810912104584498,0.17888550140536258,0.019198386655663306,0.10601501092770182,0.1506769337275136,0.2207917468506047,0.07011481312309112,0.14604365530418884,0.22228665909179013,0.0762430037876013,95,R2_Percent,0.20727399355528667,0.06772369240078219,False
19,8,Tommy Chong,0.10396259701065771,0.10421156017290678,0.009126056540254272,0.08778211397815232,0.08736643937836841,0.12226476372179286,0.03489832434342445,0.08343936224275088,0.12371853486826598,0.0402791726255151,95,R2_Percent,0.11969588264514719,0.15958136556998553,False
19,9,Alfonso Ribeiro,0.19842972433130865,0.19502133988477977,0.017937697571996116,0.09039823863307091,0.16769521463686,0.2372592574090483,0.0695640427721883,0.16405819038839511,0.2400479909247987,0.07598980053640358,95,R2_Percent,0.21399420596989663,0.09123054052692794,False
19,9,Bethany Mota,0.21617822763097552,0.2159784690832143,0.021490520481498607,0.09941112348364585,0.17828259947963035,0.2587039310467135,0.08042133156708317,0.17507549320307947,0.2617876962828194,0.08671220307973992,95,R2_Percent,0.2157359754304499,0.09461718750623128,False
19,9,Janel Parrish,0.2054383038245485,0.20430043890721603,0.01919849286685721,0.09345137936522974,0.17424471623632884,0.2456668615022711,0.07142214526594226,0.1706271574723964,0.2480106154638405,0.07738345799144411,95,R2_Percent,0.2125466484356426,0.09214894257457716,False
19,9,Lea Thompson,0.08154262751546815,0.08190174274102172,0.007767459553019586,0.09525642954718555,0.06733738041404952,0.09826933368949661,0.030931953275447094,0.06598496594557571,0.09942303645540819,0.03343807050983248,95,R2_Percent,0.035112835848256765,0.352251304551615,True
19,9,Sadie Robertson,0.20514399865005395,0.20277926039611335,0.02128541928584373,0.1037584303021878,0.17377119075391034,0.2509258037101839,0.07715461295627357,0.1670274183471256,0.2522858492034521,0.0852584308563265,95,R2_Percent,0.22310760412268532,0.0913773647597671,False
19,9,Tommy Chong,0.0932671180476452,0.09306805707451317,0.00805965158275703,0.0864147166918976,0.0790550740151037,0.1108556171111518,0.0318005430960481,0.07548208240866658,0.11117323453762808,0.0356911521289615,95,R2_Percent,0.0995027301930687,0.2783746600808816,False
19,10,Alfonso Ribeiro,0.21406323083542605,0.21157589437868113,0.01980407280212432,0.09251506073618916,0.17936385422712584,0.2543296469447569,0.07496579271763107,0.17669067878458747,0.25855980050310984,0.08186912171852237,95,R2_Percent,0.22887740906971207,0.12967361248008377,False
19,10,Bethany Mota,0.24499997260833525,0.24354020219578273,0.02360542241217034,0.09634867367886085,0.2025082539090316,0.2949148534911444,0.09240659958211278,0.1981479713551318,0.2952898115167794,0.09714184016164762,95,R2_Percent,0.23504077995585082,0.12192607357681226,False
19,10,Janel Parrish,0.22558044120345025,0.22354866116026784,0.021014998034137373,0.09315966367484856,0.19064004147797142,0.2688565254084699,0.07821648393049846,0.18792962418932,0.2719131480348295,0.08398352384550953,95,R2_Percent,0.22781569899078932,0.12340775210182722,False
19,10,Sadie Robertson,0.22525051482309522,0.22401238638016646,0.023108784772117162,0.10259148481976206,0.19186957332179094,0.2750135954742357,0.08314402215244476,0.1840895075505989,0.27940947285523265,0.09531996530463374,95,R2_Percent,0.23942902223084464,0.12285018716597972,False
19,10,Tommy Chong,0.09010584052969321,0.08997255933146675,0.007490840115712316,0.08313379101373353,0.0767064803094705,0.1059991772171628,0.029292696907692303,0.0741156823697612,0.10676258580941554,0.032646903439654346,95,R2_Percent,0.06883708975280312,0.5021423746752971,True
19,11,Alfonso Ribeiro,0.24457767765079383,0.24155484121022067,0.020756533336333594,0.0848668346829657,0.20831267012221838,0.2873560768064438,0.07904340668422544,0.2052866194845401,0.2957305298923844,0.0904439104078443,95,R2_Percent,0.24721456981287188,0.24452300338152091,False
19,11,Bethany Mota,0.265971806732676,0.26551081883624555,0.025038201761455044,0.09413855577038863,0.22286516846886842,0.31578826829877604,0.09292309982990762,0.21791087989162544,0.3177227585989672,0.09981187870734176,95,R2_Percent,0.25371181642620044,0.2554111971888399,False
19,11,Janel Parrish,0.24364430197172424,0.2411899200881834,0.02184279750011852,0.08965035226907729,0.20432492342994504,0.2890549173737244,0.08472999394377936,0.20236960831864614,0.29394664130430864,0.0915770329856625,95,R2_Percent,0.2427924387732803,0.2635331993600883,False
19,11,Sadie Robertson,0.24580621364480598,0.24416030437731404,0.024434437722549787,0.0994052890699417,0.2096961915372109,0.30165908329248026,0.09196289175526937,0.20265900592094716,0.3055045400129987,0.10284553409205155,95,R2_Percent,0.25628117498764735,0.23653260006955076,False
20,1,Charlotte McKinney,0.07194723263342204,0.07168709667124892,0.006089655376386413,0.084640578289005,0.06213489719855053,0.08356188987988394,0.021426992681333412,0.061546202082033916,0.08423046514423795,0.02268426306220403,108,R2_Percent,0.01802134653263566,0.12825928014360807,False
20,1,Chris Soules,0.08767898875081931,0.08750095975107078,0.00806392638401387,0.0919710240606364,0.07327428368399311,0.10304681549240392,0.029772531808410815,0.06967077471889616,0.10448761005299825,0.0348168353341021,108,R2_Percent,0.10824807343709801,0.06297159737616154,False
20,1,Michael Sam,0.07754310116010235,0.07725606182640721,0.006006467228612296,0.07745972418888449,0.06575517006116748,0.08924751348850239,0.023492343427334916,0.06290788987903483,0.08998788496778415,0.027079995088749323,108,R2_Percent,0.020244844548862048,0.1157727701640612,False
20,1,Nastia Liukin,0.08457069722717987,0.0841137759499665,0.008777260675008008,0.10378607440624382,0.06952999525339314,0.10366007213828159,0.03413007688488845,0.06703340461675204,0.1038509899912512,0.036817585374499154,108,R2_Percent,0.12035843677401396,0.05308244936198007,False
20,1,Noah Galloway,0.09386955783970619,0.09333784251050076,0.00931788498766611,0.09926418321451504,0.07803308262625261,0.1124122815292544,0.034379198903001784,0.07713875149366087,0.11541592544901333,0.03827717395535246,108,R2_Percent,0.1928168883854083,0.03507550057235492,False
20,1,Patti LaBelle,0.08088879564233002,0.08077835727764099,0.006748220713317578,0.08342590169294296,0.06774850767006364,0.09403457779531303,0.02628607012524939,0.06756226760890836,0.0942447306487926,0.02668246303988424,108,R2_Percent,0.0310550897370949,0.1097918940262136,False
20,1,Redfoo,0.06623875371481633,0.06606117284803173,0.006092898274625621,0.09198389059157007,0.054093517784384725,0.07788087728141371,0.02378735949702899,0.05334209334819433,0.07807026324964905,0.024728169901454725,108,R2_Percent,0.015634534978267608,0.13039516631806522,False
20,1,Riker Lynch,0.09478886489555692,0.09531311401525389,0.009679022745831913,0.10211138994539855,0.07354478580219614,0.1131886237198811,0.03964383791768496,0.07104587100346167,0.11357058537179571,0.042524714368334035,108,R2_Percent,0.1775828876000968,0.034956951654783346,False
20,1,Robert Herjavec,0.08245215400848334,0.08211446289777267,0.0070412671079173135,0.08539821903491875,0.07033206362648219,0.09711454662696808,0.0267824830004859,0.06907412469684032,0.09831679266341985,0.029242667966579525,108,R2_Percent,0.0759187117153242,0.07540473636094543,False
20,1,Rumer Willis,0.09626550531382819,0.09580797264322155,0.01003602279941926,0.10425357210458254,0.08124682424885488,0.11887742716225536,0.03763060291340048,0.07998642799903127,0.12323062656809661,0.043244198569065334,108,R2_Percent,0.17880741566156655,0.033915917128981794,False
20,1,Suzanne Somers,0.08042115120728018,0.07950402124619847,0.0063944022901546325,0.07951144934090144,0.07043876372229291,0.09487777816674697,0.024439014444454066,0.06892575040503764,0.09521441151992505,0.02628866111488741,108,R2_Percent,0.02477160262579816,0.11467084522008922,False
20,1,Willow Shields,0.08333519760647522,0.0842679147531299,0.008499142796760778,0.10198743197196652,0.06690795902820282,0.09793618897619896,0.031028229947996144,0.06600308995095987,0.10013957149233688,0.03413648154137701,108,R2_Percent,0.036540168003833855,0.10570289167275575,False
20,2,Charlotte McKinney,0.06048067984846287,0.06069335622475359,0.004958989197360123,0.08199294733103361,0.05243537200575234,0.06976745283754508,0.017332080831792746,0.05222341041335742,0.07030497017755864,0.01808155976420122,108,R2_Percent,0.01588732778994146,0.12676075705972142,False
20,2,Chris Soules,0.0940713795574835,0.09402458227699179,0.009800040940104433,0.10417664741608254,0.07599482707445017,0.11279910823522428,0.03680428116077411,0.07243978515253378,0.11399135107958105,0.04155156592704727,108,R2_Percent,0.11539801350390648,0.0703466320384543,False
20,2,Michael Sam,0.07102898674546022,0.07095816057022274,0.005220283478641484,0.0734951140067493,0.06055541944238238,0.07968834162010727,0.019132922177724887,0.05809701093953261,0.08189579411188669,0.02379878317235408,108,R2_Percent,0.018253098633896257,0.11982700038307485,False
20,2,Nastia Liukin,0.08952523187970975,0.08894406300530552,0.010140094793935815,0.11326521675543401,0.07290701041131192,0.11239171360521043,0.039484703193898504,0.06948648392988267,0.11380505641826838,0.04431857248838571,108,R2_Percent,0.12595799580973083,0.050457387066493234,False
20,2,Noah Galloway,0.09980108086331205,0.09927385154732954,0.010783806945336072,0.10805300756317074,0.08154776856497684,0.12202180764227093,0.04047403907729409,0.08094798424334516,0.12525223582576653,0.044304251582421364,108,R2_Percent,0.19180904900419432,0.03678372478910073,False
20,2,Patti LaBelle,0.07884357648398534,0.07873289020247538,0.0067660318891683245,0.08581589256726116,0.06590603956713567,0.09211704863543306,0.02621100906829739,0.06579502840773988,0.09285611605319379,0.02706108764545391,108,R2_Percent,0.028889030113794466,0.11132488673254706,False
20,2,Redfoo,0.05559374519895445,0.05533801550204509,0.005104827857321472,0.09182378051798314,0.045631800008776514,0.06514818180527605,0.01951638179649954,0.04475074832896192,0.06526467413997794,0.02051392581101602,108,R2_Percent,0.013385353455722088,0.1167352236607935,True
20,2,Riker Lynch,0.10234341366964114,0.1028898723019388,0.011244003190366555,0.10986543038970317,0.07763784191200152,0.12357213055304206,0.045934288641040544,0.0753178616745577,0.12434275417259977,0.049024892498042066,108,R2_Percent,0.1780915090616474,0.036608092961168244,False
20,2,Robert Herjavec,0.08200806868886659,0.08118158090711568,0.007843145600612007,0.095638706361546,0.06918134682319638,0.0978682332632293,0.02868688644003292,0.06777110932570614,0.09918472499647583,0.031413615670769696,108,R2_Percent,0.07670054512474919,0.0799672448242048,False
20,2,Rumer Willis,0.10195224005235627,0.10123770625409549,0.011498575394771374,0.11278394068503475,0.08474932805831947,0.1288504173131226,0.04410108925480313,0.08400602897307013,0.1325719582544646,0.04856592928139447,108,R2_Percent,0.1774962123567745,0.03675920019551146,False
20,2,Suzanne Somers,0.07804022813303806,0.07724125098321588,0.006140488634857745,0.0786836325540954,0.06850943808765961,0.0919151282022728,0.023405690114613187,0.06757195449963715,0.09275020396440577,0.025178249464768612,108,R2_Percent,0.02275035100778519,0.11615551389504639,False
20,2,Willow Shields,0.08631136887872971,0.08698281714931307,0.009206564016261019,0.10666687524324335,0.06869008689094493,0.10177866428500687,0.033088577394061944,0.06807356228430775,0.10423779240275997,0.036164230118452226,108,R2_Percent,0.03538151413785767,0.09827433639388392,False
20,3,Charlotte McKinney,0.05724895409374615,0.057498249750905575,0.004798741671997775,0.08382234659064255,0.04935924890416162,0.06618153445006224,0.016822285545900616,0.049112113168592604,0.06654192925793849,0.017429816089345886,108,R2_Percent,0.014085482921036216,0.154111113662093,True
20,3,Chris Soules,0.10177744885420073,0.10124026880207104,0.011286666953129743,0.1108955577113967,0.08105592098694102,0.1236092256737048,0.042553304686763785,0.07707767287987562,0.12492669546022668,0.047849022580351064,108,R2_Percent,0.11952618548390845,0.06506745269914628,False
20,3,Michael Sam,0.06338751893205631,0.06335551641548322,0.004581565999971365,0.07227867689351031,0.0544348974412364,0.07091879038782979,0.016483892946593394,0.05229547112436048,0.07252128249793023,0.020225811373569748,108,R2_Percent,0.01639346520068607,0.14510955422812755,False
20,3,Nastia Liukin,0.09584834658461065,0.09521170379117411,0.01128786702196946,0.11776798895539667,0.07698062847863604,0.12018625550710771,0.043205627028471666,0.07383025096563849,0.12143227849415753,0.04760202752851904,108,R2_Percent,0.13046060029256923,0.0528321087832289,False
20,3,Noah Galloway,0.11435114250382182,0.11388857894806852,0.012685129390909586,0.11093137430162209,0.0931149743660044,0.14069559462270442,0.047580620256700026,0.09245657409864054,0.14480232095283047,0.052345746854189926,108,R2_Percent,0.1966354510504952,0.0365121820158544,False
20,3,Patti LaBelle,0.08133760650385852,0.08140438097194432,0.006808028712534852,0.08370087349708147,0.06819628196309416,0.09416918356271274,0.025972901599618584,0.06781971960153017,0.09505623549418879,0.027236515892658617,108,R2_Percent,0.027033732411219237,0.14090379871991499,False
20,3,Riker Lynch,0.1152179108703906,0.11577697208557233,0.013056689933669294,0.11332170350108893,0.08668156095957058,0.14052046508829327,0.05383890412872269,0.0833083046600506,0.14094933521687436,0.057641030556823764,108,R2_Percent,0.18194086779977933,0.03699923247744248,False
20,3,Robert Herjavec,0.09132581954629364,0.0904809238318493,0.009070783621883807,0.09932332024992964,0.07530908239141117,0.10965959536322371,0.03435051297181255,0.07425922122861711,0.11126801409640236,0.037008792867785245,108,R2_Percent,0.07828867586009322,0.0846617177222838,False
20,3,Rumer Willis,0.11621109156085925,0.11532975252186022,0.01331193644206234,0.11454962055055593,0.0966058476874163,0.14750361676625798,0.05089776907884168,0.09536168434545628,0.15055175849340968,0.055190074147953405,108,R2_Percent,0.18154107098189523,0.0379310821977288,False
20,3,Suzanne Somers,0.07497640747140205,0.07419415349081765,0.005520653154071381,0.07363187088121155,0.0659842760503293,0.0873805742466353,0.021396298196305993,0.06541654065070523,0.08824142008996294,0.022824879439257706,108,R2_Percent,0.02065456832955355,0.137812857231739,False
20,3,Willow Shields,0.0883177530787603,0.08929783241640254,0.009244221992536383,0.10467003145214236,0.07064011826863976,0.1046593082401716,0.03401918997153183,0.06922106160756779,0.1060506567072627,0.03682959509969491,108,R2_Percent,0.03343989966876427,0.10805890026244065,False
20,4,Chris Soules,0.10723759729592125,0.10644627961536363,0.012329054657894991,0.11496951599794863,0.08397341092117558,0.13146590661223104,0.04749249569105546,0.08088779658222893,0.13193421090675672,0.05104641432452779,108,R2_Percent,0.12010881588939683,0.08578548888828827,False
20,4,Michael Sam,0.06246953246269561,0.06253837007187527,0.004612672126036231,0.0738387489740017,0.05348766103574491,0.0711838784827656,0.017696217447020685,0.05244471796951317,0.07228025328292584,0.019835535313412665,108,R2_Percent,0.01472257176627262,0.1668684217362951,True
20,4,Nastia Liukin,0.10549002753399889,0.10460434942371231,0.01270131555687412,0.12040299783579592,0.08307531410044833,0.13284170936259018,0.049766395262141855,0.08061681382458008,0.13371933720208176,0.05310252337750168,108,R2_Percent,0.13478436244822864,0.06398713195851209,False
20,4,Noah Galloway,0.129712531271282,0.12911110807129283,0.01413806919566323,0.10899539972814763,0.10600134558102177,0.16081210505785268,0.05481075947683091,0.10555543639231267,0.16416832871199227,0.0586128923196796,108,R2_Percent,0.20332404942452173,0.04336185243679406,False
20,4,Patti LaBelle,0.07797304329386343,0.07816868080840528,0.006108965085485044,0.07834714187647754,0.06598432843082944,0.09005332504125876,0.024068996610429327,0.06539563663202914,0.09019729868464085,0.02480166205261171,108,R2_Percent,0.0244673774721648,0.15598746025386195,False
20,4,Riker Lynch,0.13134222188655578,0.13205844995919913,0.014709258676913849,0.11199185201555885,0.09840807110068156,0.15837614482245738,0.059968073721775816,0.09538126401274154,0.15914763174773008,0.06376636773498855,108,R2_Percent,0.18846486448717711,0.046054127177949204,False
20,4,Robert Herjavec,0.09620056686030488,0.09477794517090911,0.01014779533785649,0.10548581644630373,0.07829125801686586,0.11737971325506565,0.03908845523819979,0.07801359047047264,0.118319651394651,0.040306060924178364,108,R2_Percent,0.07668498236643473,0.09981190839923997,False
20,4,Rumer Willis,0.13376536601478717,0.13279310679982007,0.014889980720978689,0.11131417021153792,0.11112719238449167,0.16830178102691656,0.05717458864242489,0.11010368890653956,0.1720885645041791,0.06198487559763953,108,R2_Percent,0.18816817289437152,0.04517660398740844,False
20,4,Suzanne Somers,0.06716528565434221,0.06663023688161912,0.0047375879002589305,0.07053625774243465,0.05957390068007741,0.07758622374242567,0.018012323062348262,0.05858495137935878,0.07802702816617388,0.019442076786815102,108,R2_Percent,0.018359021082818887,0.16980062286707598,False
20,4,Willow Shields,0.0886438277262488,0.08995979885348074,0.009088530512503232,0.10252863335922911,0.07208455359527804,0.10484138405237615,0.03275683045709811,0.06964337450495263,0.10602431061502858,0.03638093611007595,108,R2_Percent,0.030915782168613137,0.12316638229457486,False
20,5,Chris Soules,0.10838867218934087,0.10795124841838617,0.01196584715792271,0.11039758045028854,0.08558135613150385,0.13141449145335019,0.04583313532184634,0.08292747923429694,0.13171750099415233,0.04879002175985539,108,R2_Percent,0.1152519044687303,0.10167199382288779,False
20,5,Nastia Liukin,0.11676249441436391,0.11478766651510328,0.014122596343026424,0.12095147858788026,0.0911720117518477,0.14800482124947828,0.056832809497630574,0.08883456835281799,0.1504706641240621,0.06163609577124411,108,R2_Percent,0.13773463934373634,0.06650131410957934,False
20,5,Noah Galloway,0.14713780376754546,0.14610855476143597,0.01537305754616141,0.10448067833368248,0.12088837760092172,0.18143668807595276,0.060548310475031036,0.12014220438914182,0.1842722840098992,0.06413007962075738,108,R2_Percent,0.21342797532457164,0.0502979157907021,False
20,5,Patti LaBelle,0.07187429077492394,0.07159008269545648,0.005550492730796105,0.07722500870551344,0.061485645723610156,0.08224744074372496,0.020761795020114805,0.061184920590136846,0.08270856212888664,0.02152364153874979,108,R2_Percent,0.021728445698903923,0.19420128516597954,False
20,5,Riker Lynch,0.15136095912958905,0.15195334370620744,0.01628154472101958,0.10756766351539823,0.1148232663980144,0.18187515812217558,0.06705189172416118,0.11154445989029425,0.1830979178909616,0.07155345800066736,108,R2_Percent,0.19768809730853817,0.0439199566374519,False
20,5,Robert Herjavec,0.10189625253739079,0.10043333988326836,0.010498196070386927,0.10302828424955685,0.08426927750023908,0.12301391304215824,0.03874463554191916,0.08308527577340265,0.12585981032908292,0.04277453455568027,108,R2_Percent,0.0732383051776705,0.14632364442981918,False
20,5,Rumer Willis,0.1532277054234386,0.1517116615231463,0.016144789271684824,0.10536468732641624,0.12892967966115432,0.18936679519555463,0.060437115534400315,0.12778529143280246,0.19287060731675895,0.0650853158839565,108,R2_Percent,0.19705778898098758,0.04304643678161575,False
20,5,Suzanne Somers,0.06372417962186618,0.06353602266624526,0.004557995324972574,0.07152693611780218,0.05632480949653464,0.07312134079046062,0.016796531293925977,0.055150121241763723,0.07400702415619158,0.018856902914427855,108,R2_Percent,0.015911603806386856,0.19729389478481502,True
20,5,Willow Shields,0.08562764214154131,0.08716882789508917,0.008051812051589616,0.09403285960251109,0.07063179078449995,0.09935993919021649,0.02872814840571654,0.06840967291152673,0.10054195769913643,0.0321322847876097,108,R2_Percent,0.027961239890474766,0.15674355847714935,False
20,6,Chris Soules,0.10411673771774084,0.1051678926551893,0.011298103659179765,0.10851380773962378,0.0831515436192582,0.12433887982162044,0.04118733620236224,0.08122038413630321,0.12522158597375987,0.04400120183745666,108,R2_Percent,0.10404512050504065,0.1249498018619046,False
20,6,Nastia Liukin,0.11913471141258479,0.11798088526614633,0.013928297788534794,0.11691217130076062,0.09455122822904184,0.14910539930069475,0.054554171071652904,0.09144534673779008,0.15350039353592596,0.06205504679813588,108,R2_Percent,0.13576241272318018,0.09671470135416767,False
20,6,Noah Galloway,0.17475047157023085,0.17361760289473832,0.01714593189902938,0.09811665596643933,0.14653931221644997,0.21177817900420684,0.06523886678775687,0.1447254287988131,0.2157949781801448,0.0710695493813317,108,R2_Percent,0.22909250520201282,0.05389766730563852,False
20,6,Patti LaBelle,0.06994827688084311,0.069657863034996,0.0055803512996302,0.07977825256705506,0.0591981710203033,0.08052513597841594,0.02132696495811264,0.05849416082084499,0.0808577882127376,0.022363627391892613,108,R2_Percent,0.018514771746629233,0.231411427644995,True
20,6,Riker Lynch,0.17402515665221252,0.17507794627049705,0.018042398127253053,0.1036769538056535,0.1317509167946535,0.20680497734734798,0.07505406055269448,0.12983899939516444,0.20834852627426806,0.07850952687910362,108,R2_Percent,0.21093911878308302,0.055417629870283217,False
20,6,Robert Herjavec,0.09971230988724049,0.09800311217416856,0.010531618563866012,0.10562004406252024,0.08306653791239818,0.12001346744788903,0.03694692953549085,0.0819741440370158,0.12292147625031677,0.04094733221330096,108,R2_Percent,0.06462848559680473,0.1702614106168381,False
20,6,Rumer Willis,0.18085074262569362,0.1799961288943182,0.017973544647564253,0.09938330573938566,0.15309051039175986,0.22065541610668582,0.06756490571492596,0.152459314117815,0.22294538086200835,0.07048606674419336,108,R2_Percent,0.2127269365225512,0.058186529239281526,False
20,6,Willow Shields,0.07746159325345381,0.07828848350428275,0.007295625529389686,0.0941837783470119,0.06400834763301161,0.09011190730050725,0.02610355966749564,0.062715214519245,0.0909962010237183,0.028280986504473304,108,R2_Percent,0.024290648920698082,0.20916083210689132,False
20,7,Chris Soules,0.0957488684804783,0.09597686264286928,0.009662744483559695,0.10091758406032525,0.07682976561510423,0.11410049151088761,0.03727072589578338,0.07564727591649154,0.11449007297017837,0.03884279705368683,108,R2_Percent,0.08838182237099179,0.19808479309610402,False
20,7,Nastia Liukin,0.12049200513153979,0.11905202520671057,0.01258684898215489,0.1044621090703401,0.09746646525779576,0.14794293647097478,0.050476471213179025,0.09405851321888685,0.15133712427310075,0.057278611054213904,108,R2_Percent,0.12960638312096892,0.11341049415691402,False
20,7,Noah Galloway,0.20257252478869228,0.1998580969447945,0.019285610338164668,0.09520348506433386,0.17090660685508757,0.24511280343829495,0.07420619658320737,0.16846844901286606,0.2493671025837045,0.08089865357083845,108,R2_Percent,0.24870255633628247,0.05398172087417819,False
20,7,Riker Lynch,0.20443717650140875,0.20610087390463022,0.020019371462447328,0.09792431985730041,0.15773877965022856,0.24199198886034792,0.08425320921011936,0.15671099527215374,0.24306205407651418,0.08635105880436045,108,R2_Percent,0.2302107505387629,0.06304466947359556,False
20,7,Robert Herjavec,0.0915436616607294,0.09034894195914986,0.008943088811520922,0.09769205916915324,0.0775712126638069,0.10890523821301841,0.03133402554921151,0.07599817213669255,0.11152785552831465,0.0355296833916221,108,R2_Percent,0.052869563353939865,0.2532621689361998,False
20,7,Rumer Willis,0.2076315844994941,0.20555253506964077,0.019283301077227068,0.09287267697595426,0.17817004926379218,0.24758798803881502,0.06941793877502284,0.17716292509307743,0.2518016680932309,0.07463874300015347,108,R2_Percent,0.22985208631348014,0.06320132847477904,False
20,7,Willow Shields,0.0775741789376574,0.0786879786144129,0.007791150052085052,0.1004348374521169,0.06264971039654528,0.09131979189556007,0.028670081499014788,0.06190076285054912,0.09225585351186441,0.03035509066131529,108,R2_Percent,0.020376837965574025,0.2550148249882292,True
20,8,Chris Soules,0.0913107207236161,0.091578689962213,0.008701357927503973,0.0952939354606748,0.07443284306109632,0.10932757251647647,0.03489472945538015,0.07318609584324802,0.11066506836287222,0.037478972519624204,108,R2_Percent,0.06505036717030782,0.2865597305102199,True
20,8,Nastia Liukin,0.10827992419580793,0.10690776307228371,0.010768705270664867,0.09945246407072918,0.08879413104624945,0.13262181343096388,0.043827682384714434,0.0856925920070042,0.13588709739101243,0.05019450538400823,108,R2_Percent,0.11491887961955714,0.1667636422953007,False
20,8,Noah Galloway,0.23028197606786643,0.22798744215823893,0.02114626953384965,0.09182772310246995,0.19467365494436867,0.27832497072128876,0.08365131577692009,0.1911610660006366,0.27986887252391907,0.08870780652328247,108,R2_Percent,0.27666047707083846,0.06736002452766679,False
20,8,Riker Lynch,0.236953915091012,0.23784399260013556,0.02206957930498434,0.09313869870648729,0.18557492532212758,0.2785200059907597,0.09294508066863214,0.18482639335432433,0.28089778763056716,0.09607139427624284,108,R2_Percent,0.2523925244101184,0.06233983128674226,False
20,8,Robert Herjavec,0.0876170636635412,0.0862886121823266,0.008238934138116114,0.09403344272931233,0.07490184154874915,0.10430428320527507,0.02940244165652592,0.07332794742983272,0.10751670038546386,0.034188752955631146,108,R2_Percent,0.03807313761227332,0.3568569006519915,True
20,8,Rumer Willis,0.24555640025815637,0.24355094292024887,0.021591808844337146,0.08793014078084473,0.2117045848033799,0.2871589755087864,0.0754543907054065,0.2106905788705988,0.2903693106014008,0.079678731730802,108,R2_Percent,0.252904614116905,0.0601198707280788,False
20,9,Nastia Liukin,0.11604216591464685,0.11444915925682417,0.011929661504074792,0.10280454014318798,0.09453471463823465,0.1433341590617848,0.04879944442355014,0.09154719601902928,0.14428741741976542,0.05274022140073614,108,R2_Percent,0.08335810091925762,0.5972879181776057,True
20,9,Noah Galloway,0.2868203217101219,0.2845331947178789,0.025467112684839713,0.08879117258148232,0.24472101030309115,0.3448713899689063,0.10015037966581516,0.23878296129380483,0.3480876335820874,0.10930467228828256,108,R2_Percent,0.3187981941797178,0.12791930904356663,False
20,9,Riker Lynch,0.2932147406102859,0.2954078883442436,0.026768522266840636,0.0912932351597524,0.229360506265236,0.3418770605678375,0.11251655430260152,0.22885199906413023,0.3444350100941214,0.11558301102999119,108,R2_Percent,0.2971094186038317,0.13609176416094085,False
20,9,Rumer Willis,0.30392277176494537,0.3054118371280996,0.02575895270462342,0.08475492821757186,0.2610592825547019,0.3495421125434377,0.0884828299887358,0.25874687401912,0.35671844641191724,0.09797157239279725,108,R2_Percent,0.3007342862971928,0.13870100861788687,False
20,10,Noah Galloway,0.3209074884347363,0.31705809875661994,0.027952219947438465,0.08710366991988462,0.2733931824122875,0.3860369813442366,0.11264379893194909,0.2667465092325579,0.38693443082176593,0.12018792158920805,108,R2_Percent,0.3445651473724935,0.3609715054094459,False
20,10,Riker Lynch,0.3357822163911231,0.3360435999250838,0.029878081178935246,0.0889805347646312,0.2684258856891054,0.38959260600433776,0.12116672031523235,0.266939955291523,0.3910964247632877,0.12415646947176473,108,R2_Percent,0.32659919806950066,0.32198649459017814,False
20,10,Rumer Willis,0.34331029517414047,0.34473607443401383,0.02847386292150185,0.0829391466604833,0.2950521135396592,0.4000911356002837,0.10503902206062449,0.2937845815194465,0.40062124042000924,0.10683665890056276,108,R2_Percent,0.32883565455800573,0.31704200000037597,False
26,1,Adam Rippon,0.1360353670951807,0.13516513266949606,0.012445068231631658,0.0914840640149421,0.1136134300557527,0.16013250666486648,0.04651907660911378,0.11194455366455619,0.16135805566977407,0.04941350200521788,95,R2_Percent,0.21959019003935468,0.032423724351626944,False
26,1,Arike Ogunbowale,0.08089525745215048,0.08069249496127498,0.007260810367453686,0.08975569886465165,0.06828204261654411,0.0942798154463826,0.025997772829838492,0.06797654518745712,0.09542964326718403,0.027453098079726915,95,R2_Percent,0.02542988276884788,0.14176917738624759,False
26,1,Chris Mazdzer,0.09855989744305402,0.09592878096790203,0.012819269268061142,0.13006577320626642,0.07980425543916071,0.1244410658176601,0.044636810378499384,0.0796456009307578,0.129502967842789,0.0498573669120312,95,R2_Percent,0.07160772207102359,0.09965542247393369,False
26,1,Jamie Anderson,0.07383063337786545,0.07336982441832539,0.007158605913440584,0.09695983341769279,0.05877018399275609,0.0887531609741377,0.02998297698138161,0.05803014251272499,0.08886104191029524,0.030830899397570256,95,R2_Percent,0.01693718188527798,0.1553866555449144,True
26,1,Jennie Finch Daigle,0.08790738988771903,0.08686021708986877,0.00834204867202856,0.09489587488245939,0.07320494316572487,0.10280258686043278,0.02959764369470791,0.07229337155304338,0.11049980488154434,0.03820643332850096,95,R2_Percent,0.04287571104361869,0.12157507596136188,False
26,1,Johnny Damon,0.07637481458176767,0.07583095835429843,0.007170986549103999,0.09389203218852553,0.0636684110910269,0.09104884297318566,0.02738043188215876,0.06318409724938892,0.09394561118796727,0.030761513938578344,95,R2_Percent,0.014946904969187859,0.16281894808168332,True
26,1,Josh Norman,0.13748609278901203,0.1368731161508656,0.01260820504229714,0.09170531205396795,0.11339278253558079,0.16057263952754974,0.04717985699196896,0.11233359964892023,0.16250852216457473,0.0501749225156545,95,R2_Percent,0.22968763548612914,0.03023560734790889,False
26,1,Kareem Abdul-Jabbar,0.07504291172676851,0.07472222136742925,0.007164395838384204,0.09547065370370746,0.0632997853598981,0.0882605656306784,0.024960780270780303,0.06257406370363103,0.09221193644696274,0.02963787274333171,95,R2_Percent,0.022270967098728996,0.1599577595977605,False
26,1,Mirai Nagasu,0.10123041970994195,0.10349063580197289,0.012853614000370234,0.12697382898539802,0.08034784158524247,0.12388929071738367,0.0435414491321412,0.07816651329746602,0.12535449235713259,0.04718797905966657,95,R2_Percent,0.12138902106323776,0.06611210528076203,False
26,1,Tonya Harding,0.13263721593654018,0.1316552704185192,0.010506490367561532,0.07921223536980998,0.11436893504300612,0.1569746264266847,0.042605691383678576,0.11370983034460777,0.16029387390672215,0.046584043562114374,95,R2_Percent,0.23526478357459343,0.030065523973800697,False
26,2,Adam Rippon,0.18787343929308917,0.18603876473052436,0.016355857980460617,0.08705785150898794,0.15973191014674085,0.2228420981945914,0.06311018804785054,0.1565578061764355,0.22429867709177248,0.06774087091533698,95,R2_Percent,0.2369620114096321,0.04198663056145616,False
26,2,Arike Ogunbowale,0.08427035104177198,0.08408411677316081,0.007940454959192338,0.09422596276187734,0.07041285115320872,0.09782329132136466,0.027410440168155942,0.07035584701440518,0.09856802785323956,0.02821218083883438,95,R2_Percent,0.021476829835400342,0.19640010665414612,True
26,2,Chris Mazdzer,0.10040340739321403,0.09557283106605162,0.014910900862955628,0.14850990867829264,0.0800369921071761,0.13091209978108076,0.05087510767390466,0.0794063906601604,0.13370310616488884,0.054296715504728435,95,R2_Percent,0.06511121397924509,0.15292649952546408,False
26,2,Jennie Finch Daigle,0.08281843162014504,0.08222825315920806,0.008638503412968538,0.1043065323017694,0.0691818978879395,0.0980069474389451,0.028825049551005594,0.06814462252763114,0.1057967701214724,0.037652147593841265,95,R2_Percent,0.036459656102676624,0.19383661799425553,False
26,2,Josh Norman,0.19200503817936718,0.19204978199677003,0.01633736038655162,0.08508818592192144,0.15970537814282876,0.220145558741977,0.06044018059914824,0.15823975414227182,0.22078623461484106,0.06254648047256925,95,R2_Percent,0.25169265617766107,0.043715080230858516,False
26,2,Kareem Abdul-Jabbar,0.06925291105526069,0.0701679408447604,0.006912858918122117,0.09982048137450814,0.05560503853455221,0.08093814474930579,0.025333106214753577,0.05527517852266349,0.08176162822921226,0.026486449706548773,95,R2_Percent,0.017499611976109,0.23274569301599446,True
26,2,Mirai Nagasu,0.10305774314873958,0.10586634987298685,0.01438955327075781,0.139626124453258,0.07843205353783164,0.12517683444032524,0.04674478090249359,0.07658763812336619,0.1256911600160339,0.0491035218926677,95,R2_Percent,0.11531466234162376,0.09742668199352633,False
26,2,Tonya Harding,0.18031867826841225,0.17880910061859637,0.013608682516088098,0.07547017672695548,0.1574073354539045,0.2093588175123701,0.05195148205846559,0.15561292921721898,0.2165295372758058,0.06091660805858681,95,R2_Percent,0.255483358177652,0.04096269002429886,False
26,3,Adam Rippon,0.24222640568068468,0.23932639808786518,0.020704177618053085,0.08547448639991131,0.20751930446198213,0.2851820453164237,0.07766274085444158,0.20548988120432454,0.2927628464465932,0.08727296524226863,95,R2_Percent,0.26224174370220577,0.04978797418912404,False
26,3,Chris Mazdzer,0.09839512704111775,0.09665288574394504,0.01188868827631484,0.120825986345307,0.08110908899925424,0.12409710787664245,0.04298801887738821,0.07965154028214641,0.1260522616895556,0.046400721407409196,95,R2_Percent,0.049316565439866435,0.28244409850112095,True
26,3,Jennie Finch Daigle,0.08392564168481559,0.08327248232358331,0.00893932696460355,0.10651484796714895,0.06976439783245544,0.10032382545144562,0.03055942761899018,0.06871118970178099,0.10678286494525699,0.038071675243476,95,R2_Percent,0.027172677797150234,0.37535942240404524,True
26,3,Josh Norman,0.24125506276842032,0.2398971791665412,0.019450746952792624,0.08062316591243232,0.2029331784045785,0.2729858490838256,0.07005267067924711,0.1996632712856645,0.27412893128417903,0.07446565999851454,95,R2_Percent,0.27694816427858165,0.04961999455480402,False
26,3,Mirai Nagasu,0.10082126029038367,0.10174163730181315,0.012451202115166858,0.12349778290119683,0.0790645351997716,0.12069860590620313,0.041634070706431534,0.07757580342263684,0.12244082870417393,0.04486502528153709,95,R2_Percent,0.09529846335065276,0.19242696008802354,True
26,3,Tonya Harding,0.23337650253457798,0.23395701418036016,0.017145767625895956,0.0734682688260596,0.20118363269303477,0.26846171722503753,0.06727808453200276,0.2004210250927066,0.27501917022502365,0.07459814513231705,95,R2_Percent,0.2890223854315431,0.05036155026288234,False
26,4,Adam Rippon,0.3373844153686114,0.3344808759042775,0.027189677546149305,0.08058960730727012,0.2955089501351861,0.39456361586299504,0.09905466572780897,0.2882400566270433,0.403197171490328,0.11495711486328475,95,R2_Percent,0.3178365575300361,0.3557735262900116,False
26,4,Josh Norman,0.33344755116232033,0.33297865751982203,0.025282619043610694,0.07582187650046128,0.2860897474873354,0.37661362542528704,0.09052387793795164,0.2769132122023334,0.3800113641262994,0.10309815192396599,95,R2_Percent,0.33253192504712875,0.3346462348766902,False
26,4,Tonya Harding,0.3291680334690683,0.3253465509029377,0.024786163496703043,0.07529942453853795,0.2835474398908678,0.3733461855254498,0.08979874563458201,0.27676426424955414,0.3825655839816024,0.10580131973204826,95,R2_Percent,0.34963151742283516,0.3095802388332984,False
21,1,Alek Skarlatos,0.08411209041603734,0.08304117585298851,0.008266628908999764,0.09828110165983459,0.07086406379594844,0.10033286873572643,0.029468804939777993,0.06982362612783123,0.10215445555782803,0.032330829429996794,100,R2_Percent,0.14677677542935424,0.039628036561767915,False
21,1,Alexa PenaVega,0.07707254057439324,0.07711730384225032,0.007071970641529547,0.09175733132481109,0.0647309051231254,0.0914630659007984,0.026732160777673,0.06443845881751173,0.09279056491309183,0.0283521060955801,100,R2_Percent,0.06079529700625136,0.07184369060645679,False
21,1,Andy Grammer,0.07677717413719475,0.07747212357471758,0.006496273327737348,0.08461203998116706,0.06334315037754037,0.08934084877558317,0.025997698398042793,0.06258035669211909,0.08997879212261321,0.027398435430494125,100,R2_Percent,0.03729088062239308,0.08690467893517488,False
21,1,Bindi Irwin,0.0867639068415988,0.08541395771458138,0.00948733505272881,0.10934656354340333,0.06923646738656873,0.10605386768799972,0.03681740030143099,0.0661543316509235,0.10765502620305509,0.04150069455213158,100,R2_Percent,0.1356274075486057,0.040501101554227766,False
21,1,Carlos PenaVega,0.08586026621958183,0.08577053653851985,0.009266956693159505,0.1079306773806162,0.06929843226534403,0.10711148765035935,0.03781305538501532,0.06835985152799423,0.10931278835885971,0.04095293683086548,100,R2_Percent,0.1444469710301175,0.039172689418530034,False
21,1,Chaka Khan,0.059933791200999675,0.0593713322997167,0.005271173283760328,0.08794993905996067,0.05073362174523384,0.07015375216648559,0.01942013042125175,0.0502244439351613,0.07279591744413551,0.022571473508974205,100,R2_Percent,0.015204849240604904,0.12635111138564384,False
21,1,Gary Busey,0.06815583879492919,0.06776396037802518,0.0065838468092340105,0.09659989409042165,0.05537488487802646,0.08338717460147554,0.02801228972344908,0.05457859083593883,0.0846249549276927,0.030046364091753874,100,R2_Percent,0.019847208851334272,0.11576760536040616,False
21,1,Hayes Grier,0.07464961094682457,0.07441561548173936,0.007202048477171111,0.09647804437053761,0.06150088289937119,0.08789701843057365,0.026396135531202465,0.060528015243841896,0.09176956777695847,0.03124155253311657,100,R2_Percent,0.02764537055009159,0.09290289206529062,False
21,1,Kim Zolciak-Biermann,0.0818873595386393,0.08186845447337665,0.009541674632421945,0.11652194778511105,0.0648149115711075,0.1014424304707451,0.0366275188996376,0.0634224990325243,0.10307110882487812,0.03964860979235382,100,R2_Percent,0.09089898445357006,0.07693578758111136,False
21,1,Nick Carter,0.08341817204155251,0.08223820103705387,0.008322185355401423,0.09976465740889108,0.06911111978712688,0.10091574935236453,0.03180462956523765,0.06815394194220999,0.10099513007669132,0.032841188134481336,100,R2_Percent,0.14066588754090356,0.03911339512444935,False
21,1,Paula Deen,0.07595026399821986,0.07625058965669682,0.007944458485106819,0.10460080145729346,0.06299674218243499,0.09409994553869738,0.03110320335626239,0.06270683836256317,0.09670922330069137,0.0340023849381282,100,R2_Percent,0.024978159102047044,0.11172949715110995,False
21,1,Tamar Braxton,0.08480935563957524,0.08425780891859921,0.008786231455251784,0.10359979024710096,0.07010211508202485,0.10263806903711005,0.0325359539550852,0.0686413129912581,0.10373701546961853,0.03509570247836043,100,R2_Percent,0.1394752282440022,0.040543772375549715,False
21,1,Victor Espinoza,0.060609629650453634,0.060278451803470426,0.005220473176030224,0.08613273511383601,0.05053630584578289,0.06895015854934691,0.01841385270356402,0.05000011155369211,0.07252286325074346,0.022522751697051348,100,R2_Percent,0.016346980380724657,0.11860574188028163,False
21,2,Alek Skarlatos,0.08712272221015524,0.08586647616301427,0.009485836260338195,0.10887901594094705,0.07229793756317016,0.10641927559656197,0.03412133803339182,0.07085744485355253,0.10816585985546492,0.0373084150019124,100,R2_Percent,0.1487633795263284,0.04076416430039156,False
21,2,Alexa PenaVega,0.08064698854559019,0.08034876818595044,0.00786708563171983,0.09754965155670411,0.0670445823200315,0.09681095461576172,0.029766372295730217,0.06654564688483806,0.09841200330341497,0.03186635641857691,100,R2_Percent,0.06229494440276475,0.07321047340448472,False
21,2,Andy Grammer,0.07841106540918424,0.07932193253314242,0.007011659928746881,0.08942181683359209,0.06367168826359396,0.09141417902430315,0.0277424907607092,0.06320240589780762,0.09255354246416105,0.029351136566353422,100,R2_Percent,0.03624906585011446,0.08994027172300122,False
21,2,Bindi Irwin,0.09134841930934436,0.08988389668056401,0.010878577141301067,0.11908883835703393,0.0712783077858669,0.11336320650361328,0.042084898717746386,0.06788798620901648,0.11520677574942419,0.047318789540407705,100,R2_Percent,0.1382744229112345,0.04218275575641946,False
21,2,Carlos PenaVega,0.09000964745156889,0.08960160314774245,0.010543845546167373,0.11714128257018955,0.07146875816326757,0.11474549562920298,0.04327673746593541,0.07023041788922878,0.11708398350395521,0.046853565614726436,100,R2_Percent,0.14680039668359365,0.04132164237712414,False
21,2,Chaka Khan,0.05080415963955632,0.05039389332492242,0.00444952098406477,0.08758182431582542,0.04278755258662205,0.059440764064449765,0.016653211477827716,0.04230864767606354,0.061725768263308146,0.019417120587244603,100,R2_Percent,0.013206545513146843,0.12617317986580134,True
21,2,Gary Busey,0.06235309908971635,0.06200420403159678,0.005814858832954113,0.0932569337826728,0.05102763291609168,0.07572252137169701,0.02469488845560533,0.05036578623240389,0.07676683358544767,0.02640104735304378,100,R2_Percent,0.017814732541064953,0.11761276852202815,False
21,2,Hayes Grier,0.07496892871408131,0.07466558077577296,0.007476719576193103,0.09973091125135368,0.06141663772707987,0.08895598862677305,0.027539350899693178,0.0604291557994691,0.09314372794882311,0.03271457214935401,100,R2_Percent,0.026009964878632105,0.09531676844114141,False
21,2,Kim Zolciak-Biermann,0.08178716749978739,0.08058925790166457,0.010441777050012235,0.12767011463062808,0.06335128283936974,0.10441415698492608,0.041062874145556344,0.062055777368308265,0.10638857290630169,0.04433279553799342,100,R2_Percent,0.08956348309840588,0.06801748372056604,False
21,2,Nick Carter,0.08498214492716598,0.0839870337902423,0.009335615814015416,0.10985385014718696,0.0686246042692616,0.10524709583160789,0.03662249156234629,0.06789797914409765,0.10570128848160514,0.03780330933750749,100,R2_Percent,0.1412207409008735,0.042948223251101515,False
21,2,Paula Deen,0.07639733737560506,0.07671808259267737,0.008154514048802094,0.1067381970226356,0.06343294161080378,0.09471612795242777,0.031283186341624,0.06276124861796144,0.09730878169675447,0.03454753307879303,100,R2_Percent,0.023480876204222293,0.10745034522407419,False
21,2,Tamar Braxton,0.08907563956957164,0.08829316067785184,0.010095819564253034,0.11333984929030787,0.07246874643738749,0.10948188382378003,0.037013137386392544,0.07065823699449636,0.11118255811419477,0.040524321119698406,100,R2_Percent,0.1419887366211045,0.04058991549983624,False
21,2,Victor Espinoza,0.052092680258673064,0.05202828714363951,0.004583178702719686,0.08798124189351188,0.04344526524850264,0.05961230223583525,0.016167036987332614,0.04276497045728611,0.06265869956689771,0.019893729109611596,100,R2_Percent,0.014332710868514238,0.11447200791402994,True
21,3,Alek Skarlatos,0.11121559669218048,0.1106153299773644,0.011420358794062519,0.10268666566319362,0.09201130297589594,0.13269781818356352,0.040686515207667584,0.09103681578688311,0.13676485431846797,0.04572803853158486,100,R2_Percent,0.172334004491268,0.049682852125834495,False
21,3,Alexa PenaVega,0.09816215896834507,0.09822656079425726,0.009460152305293772,0.09637270007829028,0.08127805130103612,0.11596815579054062,0.034690104489504506,0.08082425655556738,0.11895942095248177,0.03813516439691439,100,R2_Percent,0.06825421792085246,0.09537219182174997,False
21,3,Andy Grammer,0.0960978035572623,0.09708755312454759,0.008298440989170737,0.08635411718048168,0.0783750703496957,0.11103691835153744,0.03266184800184174,0.07750580014528746,0.11188686307812688,0.03438106293283942,100,R2_Percent,0.03838889225950112,0.13744897027140462,False
21,3,Bindi Irwin,0.1146332112620319,0.11416013164605641,0.01306592693247896,0.11398029234837091,0.08993306953682205,0.14159325655500885,0.051660187018186796,0.08607987341025804,0.1431292586871699,0.057049385276911876,100,R2_Percent,0.15858094502646938,0.05589709592950579,False
21,3,Carlos PenaVega,0.11237361881437226,0.11112744182058942,0.012684608841449297,0.11287888541173306,0.09025680677937262,0.14243870636014921,0.0521818995807766,0.08766651201705017,0.144336402289528,0.05666989027247782,100,R2_Percent,0.168019791008065,0.05356450953276429,False
21,3,Gary Busey,0.06690921098270461,0.0669098296837395,0.006242112508887546,0.09329227496795729,0.055079147935548835,0.08113279938372933,0.026053651448180497,0.054157327112323204,0.08187043866269146,0.027713111550368257,100,R2_Percent,0.017565645665428165,0.1738320351834306,False
21,3,Hayes Grier,0.09051244980035303,0.08994020377383938,0.008629066204643186,0.09533568281133331,0.07407614271528333,0.10745451565856912,0.033378372943285786,0.07325331458338104,0.11032428062606577,0.03707096604268473,100,R2_Percent,0.026909974078730806,0.1454736375931537,False
21,3,Nick Carter,0.10956305125631076,0.10837918616835684,0.01147554160533984,0.10473915680290856,0.08888142207163102,0.1327601260122124,0.04387870394058138,0.08825222964569544,0.13428302813096257,0.04603079848526713,100,R2_Percent,0.1626441278433813,0.04963261988972182,False
21,3,Paula Deen,0.0887632448797103,0.08902989135737129,0.008693411902606276,0.09793932065448224,0.07423565623359908,0.10754762550468978,0.0333119692710907,0.0739032837303368,0.11113946479070645,0.03723618106036965,100,R2_Percent,0.024026501510658934,0.18619953624805913,False
21,3,Tamar Braxton,0.11176965378672932,0.11092070516223687,0.012183711995566008,0.10900733412679328,0.09005583618310982,0.13582283097374429,0.045766994790634466,0.08884351273182159,0.1373208590363525,0.048477346304530905,100,R2_Percent,0.1632759001956449,0.05289655140437563,False
21,4,Alek Skarlatos,0.11185155756944674,0.11077596344957524,0.01271685725771904,0.11369405606911963,0.09131279721932652,0.13749037902437872,0.0461775818050522,0.08952257723741297,0.1401215605785997,0.05059898334118673,100,R2_Percent,0.17351288352140867,0.05100198943132643,False
21,4,Alexa PenaVega,0.09915620663422223,0.09926090200150077,0.009462011708442,0.09542530951538372,0.08279858167009123,0.11721068660841842,0.03441210493832719,0.08201187959439678,0.1197657586306666,0.037753879036269825,100,R2_Percent,0.06662561328716858,0.11668065012261243,False
21,4,Andy Grammer,0.09563267264309162,0.09683709069505567,0.00812932180596211,0.08500569503376063,0.07819344724945324,0.10977854180108139,0.031585094551628154,0.07747824916705404,0.11106094605324535,0.03358269688619131,100,R2_Percent,0.03601283731599034,0.1359963188316481,False
21,4,Bindi Irwin,0.12028681548300849,0.11961661515077437,0.014321079102748352,0.11905776244256232,0.09299611668359525,0.1489805457941107,0.05598442911051546,0.09080263547025139,0.15148519201142407,0.06068255654117269,100,R2_Percent,0.16147324436951216,0.04929846054573046,False
21,4,Carlos PenaVega,0.11734149571875772,0.11590124918127435,0.013842029499164972,0.1179636360894984,0.09403209040354663,0.1500135905095681,0.05598150010602149,0.09059542110110508,0.1523337591520684,0.06173833805096332,100,R2_Percent,0.1707366860653739,0.05048895017180849,False
21,4,Gary Busey,0.05901814789940035,0.05905331692042791,0.005502064932539149,0.09322666210938572,0.04857760994340644,0.07120709335443252,0.022629483411026087,0.04794221956325476,0.07202698023438107,0.024084760671126318,100,R2_Percent,0.015233641891546648,0.19279993194698927,True
21,4,Hayes Grier,0.0872018684134151,0.08660317541179144,0.008041404370544729,0.09221596413991105,0.0714102574061947,0.1029257880566622,0.03151553065046751,0.07056362148867346,0.1050880269698396,0.03452440548116614,100,R2_Percent,0.0246345708686127,0.1308536612176704,False
21,4,Nick Carter,0.1139868442559035,0.11256369468455699,0.012490151643844842,0.10957537885516086,0.0915849628736771,0.13806535064115819,0.04648038776748109,0.09110573888355043,0.14071194130960987,0.04960620242605944,100,R2_Percent,0.1645742692084153,0.049687595826405966,False
21,4,Paula Deen,0.08097320831915854,0.08126854352543536,0.007150219938915017,0.08830352764005833,0.06886000626019516,0.09590853612174559,0.02704852986155043,0.0683295292656001,0.09887146190394737,0.03054193263834727,100,R2_Percent,0.021749041677781075,0.17380407430719233,False
21,4,Tamar Braxton,0.11455118306359566,0.1133666492813187,0.013125897300207506,0.11458543638890546,0.09122781220574515,0.14033439258867397,0.049106580382928824,0.09022145859608911,0.14195994909297865,0.05173849049688954,100,R2_Percent,0.16544721179419053,0.04938836759861609,False
21,5,Alek Skarlatos,0.1301478411978884,0.12956219287417114,0.014060755921056826,0.10803679716575243,0.10729958267707096,0.1582834166828207,0.05098383400574974,0.10544922354029947,0.16070885448557784,0.055259630945278373,100,R2_Percent,0.1833551598594559,0.06514858120556358,False
21,5,Alexa PenaVega,0.10241954658538786,0.10246091993432557,0.009610376133904162,0.09383341807603031,0.0852713265198797,0.11962677836427739,0.034355451844397686,0.08418361458438785,0.12279449435877846,0.03861087977439061,100,R2_Percent,0.06232122604310524,0.11689776061752914,False
21,5,Andy Grammer,0.09699952819703996,0.09808308959030373,0.007679002618979666,0.07916536050959884,0.08067324443571813,0.11052236181287317,0.029849117377155038,0.07952905086073259,0.11123027423701888,0.031701223376286294,100,R2_Percent,0.03307672903402526,0.15690083830093757,False
21,5,Bindi Irwin,0.127845438432028,0.12745155140125325,0.014938079800262937,0.11684484001519628,0.10064994851698095,0.15721003809138204,0.05656008957440109,0.09485342930728974,0.15993659304672359,0.06508316373943385,100,R2_Percent,0.16383737279922106,0.06204229283180641,False
21,5,Carlos PenaVega,0.12737945989233737,0.12524242695868845,0.014977023731310426,0.11757801253019273,0.10166362719336759,0.16260175485566766,0.06093812766230007,0.09820145589222842,0.1651324406542865,0.06693098476205808,100,R2_Percent,0.17428764117451073,0.05512082038851509,False
21,5,Hayes Grier,0.08414238640944313,0.0838619247361814,0.006861948489522693,0.08155162674055784,0.07067281764611404,0.09800282634633413,0.027330008700220093,0.06993514005712087,0.09968400990960538,0.02974886985248451,100,R2_Percent,0.02232578394984516,0.19401547665718982,False
21,5,Nick Carter,0.12414873061459568,0.12276372336352886,0.013670710684352255,0.11011558971787862,0.09914590738941552,0.15013720055199245,0.05099129316257693,0.09902717272418696,0.15376893088398005,0.0547417581597931,100,R2_Percent,0.1679943584427278,0.0631194510962047,False
21,5,Paula Deen,0.07666453966746041,0.07689977361681294,0.00673610710048762,0.08786470419970058,0.0651750260799133,0.09077997740459791,0.025604951324684613,0.06457892817785064,0.09284540180713374,0.028266473629283098,100,R2_Percent,0.019489469766736683,0.2169178311242249,False
21,5,Tamar Braxton,0.1302525290038192,0.12923932158693188,0.014869762204943264,0.11416102488503128,0.1034804849520231,0.1598984117162792,0.056417926764256096,0.10258678254953796,0.16347779607338578,0.06089101352384782,100,R2_Percent,0.17331225893037225,0.06983694777802862,False
21,6,Alek Skarlatos,0.1392651731820182,0.13891900042939542,0.014890427151753661,0.10692139902265457,0.11528300001495959,0.16833623314250387,0.053053233127544286,0.1134344522630516,0.1709758720615523,0.05754141979850069,100,R2_Percent,0.18792910311282254,0.061362953969151604,False
21,6,Alexa PenaVega,0.09584585946100094,0.09617629401169296,0.008894629591093401,0.09280139633692333,0.08043510515448625,0.111519219105844,0.031084113951357753,0.07873364768936236,0.11468931571683354,0.035955668027471174,100,R2_Percent,0.05715007471070193,0.15167537920866747,False
21,6,Andy Grammer,0.0865683616365703,0.08763065128532069,0.006412141159140674,0.07407026121228916,0.07268668472873706,0.0975321479774189,0.024845463248681837,0.07171656538942674,0.0983814292387334,0.026664863849306664,100,R2_Percent,0.029745469417694344,0.1469802283015298,False
21,6,Bindi Irwin,0.1386174105070982,0.13800765766312867,0.016423915379086405,0.11848378438901357,0.1079665123509581,0.17103886998759832,0.06307235763664022,0.10245112431544119,0.17386391249707653,0.07141278818163534,100,R2_Percent,0.16732087731725206,0.05673173142300591,False
21,6,Carlos PenaVega,0.13408778007403724,0.13267304345319628,0.015929056472377506,0.11879573562618605,0.10608439449720405,0.1714436359558855,0.06535924145868144,0.10250492432890035,0.17387846350882247,0.07137353917992212,100,R2_Percent,0.17523766848770375,0.05613544234116735,False
21,6,Hayes Grier,0.06996396761758522,0.06976371802133338,0.005672406056331455,0.08107610602269094,0.05970541272950863,0.08108341863146805,0.021378005901959415,0.059067597543732094,0.08338395382469127,0.024316356280959177,100,R2_Percent,0.019687748422855297,0.18805822875314002,False
21,6,Nick Carter,0.13139738190007053,0.1302025531283738,0.01447277828769157,0.11014510394657873,0.10470865437466582,0.15927193511161328,0.05456328073694745,0.10447327531622917,0.16337423534735554,0.05890096003112637,100,R2_Percent,0.1694342278830538,0.05715789230545687,False
21,6,Paula Deen,0.0664528856360342,0.06689938199359569,0.006074222425035064,0.09140645085457817,0.05588865543913534,0.07858994319314387,0.02270128775400853,0.05536942434892235,0.08125691307932735,0.025887488730405,100,R2_Percent,0.016998155308787132,0.22865649289518955,True
21,6,Tamar Braxton,0.13780117998558522,0.13627174102696749,0.01573877183191173,0.11421362163631758,0.10909481258880364,0.16914567010141676,0.06005085751261312,0.10793487322001197,0.1723713657556625,0.06443649253565054,100,R2_Percent,0.17649667533912933,0.0532416508026916,False
21,7,Alek Skarlatos,0.15675420353409975,0.15685972702878456,0.01632290134716763,0.10413054947912005,0.13097283793860676,0.1880705274751416,0.05709768953653485,0.12966679849927104,0.19161743875286344,0.0619506402535924,100,R2_Percent,0.19407812193817306,0.07042839972968236,False
21,7,Alexa PenaVega,0.09104297621575444,0.09099607057658017,0.00786354472886987,0.0863717889695826,0.07789881211315187,0.10527183199255914,0.027373019879407268,0.07581787115821123,0.1073569172345712,0.031539046076359975,100,R2_Percent,0.05084190817147484,0.18390531936086857,False
21,7,Andy Grammer,0.07807631118381524,0.07887248995263274,0.005852319658707004,0.07495640572630122,0.06633074285112665,0.08797045907094783,0.02163971621982118,0.06577059310924514,0.08840761026259678,0.022637017153351632,100,R2_Percent,0.026652115084001737,0.21403705570365178,False
21,7,Bindi Irwin,0.15589631032065232,0.15433450028447843,0.01824576217479163,0.11703780632949674,0.12151839742111531,0.19096425969989989,0.06944586227878458,0.1159736809611664,0.19591115445583196,0.07993747349466555,100,R2_Percent,0.1730980441174133,0.0753010551729391,False
21,7,Carlos PenaVega,0.14708554983781263,0.1459291511836983,0.017151682916519407,0.11661025121388278,0.11597872110023989,0.1872293681536596,0.0712506470534197,0.11275063193418573,0.19085154017938877,0.07810090824520304,100,R2_Percent,0.17849316759545772,0.0748489788087983,False
21,7,Hayes Grier,0.06675848080727104,0.06691447658572217,0.005527016277244794,0.08279122308371667,0.05671854808708018,0.07801209964106434,0.021293551553984165,0.05633280668161034,0.07975943393889702,0.023426627257286683,100,R2_Percent,0.01733237686677328,0.2282948179852048,True
21,7,Nick Carter,0.15027062001161573,0.14908517624336956,0.01618446117206009,0.10770209885877259,0.12077760746506995,0.18141921994874424,0.06064161248367429,0.11957912711107631,0.18596923354513925,0.06639010643406294,100,R2_Percent,0.17554447605136259,0.07882155585529604,False
21,7,Tamar Braxton,0.15411554808897887,0.15248608642237887,0.017450626982274984,0.11323080116614734,0.12236819197026137,0.18994309515155175,0.06757490318129038,0.12068564444942301,0.19280478712288923,0.07211914267346622,100,R2_Percent,0.18395979017534356,0.074362817383559,False
21,8,Alek Skarlatos,0.16930498246042383,0.16842326509707595,0.017885825886725996,0.1056426433930078,0.14095193914855353,0.20468508751602418,0.06373314836747065,0.1393366445057016,0.20953988769330525,0.07020324318760365,100,R2_Percent,0.19936126538665663,0.09043000498567673,False
21,8,Alexa PenaVega,0.08249432059215808,0.08244823855880881,0.006881831019100548,0.08342187643587595,0.07069738124761774,0.09485657394355573,0.024159192695937998,0.06914144946832007,0.09665669949973343,0.027515250031413363,100,R2_Percent,0.043278503936859405,0.24796179546817032,False
21,8,Andy Grammer,0.07513394241852468,0.07560566057809415,0.005593998818041445,0.07445368415357123,0.06372698463427212,0.08412028698505583,0.02039330235078371,0.0629132869482905,0.08445477971177764,0.021541492763487144,100,R2_Percent,0.02312146314644696,0.3172712772479123,True
21,8,Bindi Irwin,0.17335224136596067,0.17143460249803125,0.020082361454465007,0.11584714045934665,0.1357314371379206,0.21292467994421022,0.07719324280628961,0.13002647721468724,0.21726080733471015,0.08723433012002291,100,R2_Percent,0.17919650652298874,0.09341983200971025,False
21,8,Carlos PenaVega,0.16507833354245677,0.1645424345334282,0.018847917773077292,0.11417559996284894,0.13147506150907953,0.21006074408016306,0.07858568257108353,0.12796979218873952,0.212414965488481,0.08444517329974147,100,R2_Percent,0.18447607066069863,0.08691323748625064,False
21,8,Nick Carter,0.16427558972368808,0.16288141714957335,0.017522613188326194,0.10666595820961149,0.13139186922297413,0.19623451384452237,0.06484264462154823,0.13058513279443132,0.20172065379863446,0.07113552100420314,100,R2_Percent,0.1786163343573082,0.07847482685885929,False
21,8,Tamar Braxton,0.1703605898967879,0.16848567727347163,0.018982882801032653,0.11142766535695454,0.1359537697037999,0.2089544408390409,0.073000671135241,0.13420390081770586,0.21230470476516722,0.07810080394746136,100,R2_Percent,0.1919498559890415,0.08552902594342049,False
21,9,Alek Skarlatos,0.18626686129936051,0.18613196414351366,0.01962899558556711,0.10538104013048347,0.15441206178922484,0.22306696843456078,0.06865490664533594,0.15337068031957585,0.2285950963231295,0.07522441600355365,100,R2_Percent,0.205702181268338,0.12739440397044935,False
21,9,Alexa PenaVega,0.08140552510658994,0.08096326473134893,0.0064028244820471675,0.07865343873973545,0.0699456110354592,0.09274269524460192,0.022797084209142726,0.06863371920871357,0.09443958824255576,0.025805869033842188,100,R2_Percent,0.03473264938005923,0.34413571783817265,True
21,9,Bindi Irwin,0.18317870795078192,0.18154452368451035,0.021295152157587514,0.11625342484296419,0.14378239696611853,0.22434388640518224,0.08056148943906372,0.13791426624148292,0.22933313445289596,0.09141886821141304,100,R2_Percent,0.1815731224455471,0.12458165199768843,False
21,9,Carlos PenaVega,0.1817125047280805,0.18060908944329268,0.02085362389221697,0.11476163362242403,0.14357533725236038,0.22968323528128698,0.0861078980289266,0.14007636661837183,0.23265256855854596,0.09257620194017413,100,R2_Percent,0.19082285742670627,0.13257519971319529,False
21,9,Nick Carter,0.17948397858450116,0.17822498560214403,0.019155982747709886,0.10672809294056984,0.14247564788450004,0.21416587938459897,0.07169023150009893,0.14113963026113846,0.2202642243066013,0.07912459404546285,100,R2_Percent,0.1854193674387171,0.1347616635820058,False
21,9,Tamar Braxton,0.187952422330686,0.18635926314487267,0.02089590488924055,0.11117656601666999,0.15037395889014096,0.23129506157619406,0.0809211026860531,0.14798235705434998,0.23415479316377572,0.08617243610942574,100,R2_Percent,0.2017498220406324,0.13655136289848857,False
21,10,Alek Skarlatos,0.24706211635927247,0.24522023177295185,0.025365548508994733,0.10266870891735054,0.20376505178806978,0.2936608258319018,0.089895774043832,0.19860809218536832,0.30042392791906564,0.10181583573369732,100,R2_Percent,0.2663000330823844,0.23667943737837982,False
21,10,Bindi Irwin,0.2624303503284293,0.2608828419907686,0.026976674350468615,0.10279555819937572,0.2116215469998787,0.3107966371776359,0.09917509017775719,0.20599824840248332,0.3137175304128737,0.10771928201039038,100,R2_Percent,0.2437374949105177,0.23221198410203264,False
21,10,Carlos PenaVega,0.24584267983121116,0.24682527278998911,0.02560530614548604,0.10415321767182957,0.19926730418940786,0.30409219143248795,0.10482488724308009,0.1961738820933915,0.30671784724527745,0.11054396515188594,100,R2_Percent,0.24784769659751935,0.22570070318266697,False
21,10,Nick Carter,0.24466485348108705,0.2423325276558358,0.023359260931043336,0.0954745260657107,0.20227181554145657,0.28536147678454044,0.08308966124308387,0.19941994900710558,0.28938008540635474,0.08996013639924916,100,R2_Percent,0.2421147754095785,0.30540787533692054,False
21,11,Alek Skarlatos,0.24880784261262118,0.24654526954570455,0.02439768622078359,0.09805834882290797,0.20734203352834082,0.29386953839354385,0.08652750486520303,0.20219288588583512,0.30010090940564754,0.09790802351981243,100,R2_Percent,0.2668064834242676,0.24294799045113738,False
21,11,Bindi Irwin,0.26050413171417786,0.25804921995810187,0.025509909477134985,0.0979251626808137,0.21306573169329937,0.30649779666682603,0.09343206497352666,0.2086716019736651,0.3095999011301141,0.10092829915644899,100,R2_Percent,0.24460986396784945,0.2519301084832093,False
21,11,Carlos PenaVega,0.24811717704912004,0.24915982914228624,0.024793538552758808,0.09992673158557823,0.20278593742286716,0.30434029602372487,0.10155435860085771,0.20003872057716302,0.30742347754852317,0.10738475697136016,100,R2_Percent,0.24783322940887112,0.2463731751517641,False
21,11,Nick Carter,0.242570848624081,0.24027072743189754,0.02233198302205914,0.0920637543576708,0.20098343425286733,0.28194425603419715,0.08096082178132982,0.19902968009184313,0.28625380197769146,0.08722412188584833,100,R2_Percent,0.24075042319901183,0.25874872591388937,False
5,1,Albert Reed,0.06698154517884784,0.06710100244004143,0.006000755713688072,0.08958819474327469,0.05642772298981008,0.07915710091421636,0.022729377924406283,0.05528204145988618,0.08007003176485203,0.024787990304965847,111,R2_Percent,0.01642905684942592,0.1190259482001703,False
5,1,Cameron Mathison,0.08599405608541016,0.08464893100528992,0.00890583865627274,0.103563421260504,0.0712822866825783,0.10620781597003967,0.03492552928746137,0.06907995517605756,0.11036899871961213,0.041289043543554574,111,R2_Percent,0.1120064296641796,0.061435387022353155,False
5,1,Floyd Mayweather Jr. ,0.07647835267386045,0.07622438258141429,0.0076184513780433475,0.09961578815030177,0.0636089918809678,0.09093712689473911,0.027328135013771307,0.06299551592308887,0.09609023381240574,0.033094717889316866,111,R2_Percent,0.023865553468817653,0.12256694873216978,False
5,1,Helio Castroneves,0.09655810494328558,0.09624916527128699,0.009931350436094888,0.10285361795292246,0.07840856974847682,0.1183847010058145,0.03997613125733768,0.07755953080052774,0.11956550496187798,0.04200597416135024,111,R2_Percent,0.17780737985754264,0.0349868793244049,False
5,1,Jane Seymour,0.08518455588520543,0.08525723949565145,0.010067973823342602,0.11819013104805273,0.06868633859703707,0.10529179838194691,0.03660545978490984,0.06754586000245354,0.10913243354787794,0.0415865735454244,111,R2_Percent,0.06612324902923036,0.07784386739233877,False
5,1,Jennie Garth,0.09120979136828104,0.090669513221387,0.009752962620441898,0.10692889956366648,0.07382676634482324,0.11156643237396419,0.037739666029140945,0.07156831535026933,0.1144216600875046,0.04285334473723526,111,R2_Percent,0.13669078634947948,0.05178914453961434,False
5,1,Josie Maran,0.06316950581436687,0.06368478229553148,0.005705961612378831,0.09032778614964411,0.051547639255438316,0.07489087271597908,0.023343233460540763,0.050354591693023074,0.07620026180445413,0.02584567011143106,111,R2_Percent,0.014458107804929328,0.13804806121207994,True
5,1,Marie Osmond,0.09951887333163226,0.09905303550777604,0.00914280714551265,0.091870082924327,0.08220244487885635,0.11635777347269904,0.034155328593842696,0.08116020854159489,0.1180238638373746,0.036863655295779715,111,R2_Percent,0.18629289905743,0.036743254262050516,False
5,1,Mark Cuban,0.08363035395634726,0.08361377659034122,0.008268876276226363,0.09887410354071308,0.06947499467834485,0.0996492896212641,0.030174294942919247,0.06883645340582657,0.10124258786530349,0.03240613445947692,111,R2_Percent,0.03032872751844197,0.10811133799985166,False
5,1,Mel B,0.09518864009138459,0.09544734695964384,0.01057041663190525,0.11104703903488128,0.07572570360030545,0.11206929568812397,0.036343592087818524,0.07381897284481094,0.11630602828813373,0.04248705544332279,111,R2_Percent,0.18159327093222372,0.03501234723914794,False
5,1,Sabrina Bryan,0.08275367190917145,0.08277442005324011,0.008864179284876381,0.10711523827734802,0.06786363815090667,0.10017742357561685,0.03231378542471018,0.06533810676011308,0.10231657733483362,0.03697847057472055,111,R2_Percent,0.034521950532922785,0.09179189671944347,False
5,1,Wayne Newton,0.07333254876220699,0.07312680628579186,0.006663151783218553,0.09086213278669658,0.061743924823319106,0.08779225352380511,0.026048328700486005,0.06134801220645837,0.09090939710853466,0.029561384902076285,111,R2_Percent,0.019882588935376637,0.12264492735637515,False
5,2,Albert Reed,0.06263547549230654,0.06258113264112238,0.005630489013734062,0.08989297150662887,0.05198754285641592,0.07515141563602372,0.023163872779607797,0.051293641894654365,0.07587761523155065,0.024583973336896284,111,R2_Percent,0.014659647010703448,0.13709466484490915,True
5,2,Cameron Mathison,0.09410480287058436,0.09338169171457188,0.010271739997906572,0.10915213341483287,0.0769640815048532,0.11642251965459942,0.039458438149746214,0.07476046651570879,0.12112904188159221,0.046368575365883416,111,R2_Percent,0.11569957548222233,0.06813680691660533,False
5,2,Floyd Mayweather Jr. ,0.07302490063175321,0.0728628644010154,0.0069724522299797025,0.09548047542221359,0.06170389142363027,0.08598074524460242,0.024276853820972152,0.06064485862756644,0.09081006809856279,0.03016520947099635,111,R2_Percent,0.021332642276743807,0.1309083330042882,False
5,2,Helio Castroneves,0.10584775606594317,0.10505242088533344,0.011634021800615131,0.10991278637373411,0.08467433085247882,0.12998967161998498,0.045315340767506165,0.08418694303708213,0.1319100952372292,0.047723152200147084,111,R2_Percent,0.17789764158341478,0.037214171558274146,False
5,2,Jane Seymour,0.09485101403542551,0.0941766004623131,0.011645255026073834,0.12277417531587481,0.07529029777606605,0.1182861514591084,0.042995853683042345,0.07370401394087936,0.12091218708269899,0.04720817314181963,111,R2_Percent,0.06763341186630742,0.09502265483902259,False
5,2,Jennie Garth,0.10698546421760467,0.10595694355621191,0.012024654128818705,0.1123952138428916,0.08404825409046575,0.13364582865672708,0.049597574566261335,0.08226074078736226,0.13495344744026785,0.052692706652905597,111,R2_Percent,0.14791020828864915,0.054523588218605284,False
5,2,Marie Osmond,0.11632501053296776,0.11651282619263385,0.010955069025986133,0.09417638542041093,0.095826945645085,0.13698515321885146,0.04115820757376647,0.09501210171994331,0.13897313090625663,0.04396102918631331,111,R2_Percent,0.19170960436440831,0.03690467573427331,False
5,2,Mark Cuban,0.08586931301075947,0.08579729518951414,0.008436955182941738,0.09825343754508183,0.07158395925440589,0.10266395798159024,0.031079998727184352,0.07067011700415322,0.10443247484206977,0.03376235783791655,111,R2_Percent,0.028653751877100873,0.13578325977760558,False
5,2,Mel B,0.10781879467094015,0.10792823683963913,0.012730492089117326,0.11807303288791551,0.08415886478199905,0.12859165080053095,0.0444327860185319,0.08199995843348014,0.1329247625171017,0.05092480408362156,111,R2_Percent,0.1839230955971678,0.04009659928353358,False
5,2,Sabrina Bryan,0.08755275104494731,0.08783204149590641,0.009305717660506045,0.10628698184170972,0.07248915463340644,0.10615242465285812,0.033663270019451685,0.06931945377031948,0.10801443251237687,0.03869497874205739,111,R2_Percent,0.03284639657730404,0.10452827193493507,False
5,2,Wayne Newton,0.06498471742676787,0.06453635165280545,0.005720715163893878,0.0880317002276824,0.05521298608005791,0.0777651860485336,0.022552199968475684,0.05500120732076812,0.08005130272321792,0.025050095402449804,111,R2_Percent,0.017734025075977905,0.15978697388794774,False
5,3,Cameron Mathison,0.10139269436610827,0.1008437672990402,0.011104187352246268,0.10951664142735294,0.08176073015051558,0.12471891339059382,0.042958183240078246,0.08032645559364551,0.1292646660277239,0.048938210434078394,111,R2_Percent,0.11620415006615047,0.07897407278453314,False
5,3,Floyd Mayweather Jr. ,0.06501080800984084,0.06464521950066861,0.006027899391540658,0.09272149625687164,0.05494864033800346,0.0770697846851191,0.022121144347115644,0.05482659832449529,0.0809969178014585,0.02617031947696321,111,R2_Percent,0.01869198955359822,0.1643120728294667,False
5,3,Helio Castroneves,0.1255400938742599,0.12529442521850823,0.013276985807762043,0.1057589284667907,0.1035207356763337,0.15544250145609417,0.05192176577976047,0.10279634081603589,0.15622550229619642,0.053429161480160525,111,R2_Percent,0.18631137634079642,0.04723119780625581,False
5,3,Jane Seymour,0.09699801155893942,0.0964723225169167,0.012111373878223341,0.1248620841146217,0.07696492413810295,0.12354086410997374,0.04657593997187079,0.0765457948990436,0.12371263763744716,0.04716684273840356,111,R2_Percent,0.06554464765259575,0.09986839856461273,False
5,3,Jennie Garth,0.12121687451465123,0.11985489429200623,0.01384984234438965,0.1142567187930229,0.09446233728187152,0.15209905419307776,0.05763671691120624,0.09293760511289706,0.15369377547124957,0.06075617035835251,111,R2_Percent,0.15609260427252422,0.05494053804413906,False
5,3,Marie Osmond,0.12961034775145172,0.1286240395363698,0.012316680221715687,0.09502852538699197,0.10495268953908968,0.1549819911556885,0.050029301616598826,0.10361044058194406,0.15528116485843096,0.051670724276486904,111,R2_Percent,0.1966509584547149,0.0414963136693604,False
5,3,Mark Cuban,0.08453124208479033,0.08467526845846839,0.007908672591907487,0.09355916696426363,0.07091914778988918,0.10060266788396088,0.0296835200940717,0.07036416943687278,0.10214970232899952,0.03178553289212674,111,R2_Percent,0.026533604494689875,0.16020576708644343,False
5,3,Mel B,0.12163261601577903,0.12161502409079072,0.014384292503219107,0.11826015894744117,0.0940932289540024,0.1444355762890735,0.05034234733507109,0.09294016029001274,0.1496589441358813,0.05671878384586855,111,R2_Percent,0.18749204429750732,0.042949638560332216,False
5,3,Sabrina Bryan,0.09158519135662581,0.09078156378677239,0.009404498802374575,0.10268580174445635,0.07616994917084347,0.10983047985192336,0.033660530681079895,0.07350465594712718,0.1115255765911462,0.03802092064401902,111,R2_Percent,0.030834082217632695,0.12698080408752996,False
5,3,Wayne Newton,0.062482120467553456,0.06270019652958751,0.00568910556011668,0.0910517363614603,0.05218369284592608,0.07338880277495818,0.0212051099290321,0.05203615302056209,0.07629874764842569,0.0242625946278636,111,R2_Percent,0.015644542649790056,0.1830411965673266,True
5,4,Cameron Mathison,0.10908339684500278,0.10831122593673605,0.011750167507441069,0.10771728647336633,0.08814832024072755,0.13503894741354466,0.04689062717281711,0.08627198256922261,0.13849372147478733,0.052221738905564724,111,R2_Percent,0.1137038972783992,0.09151092450345812,False
5,4,Floyd Mayweather Jr. ,0.062470023490427164,0.06212758399246346,0.005803792304619107,0.09290523646927192,0.05335418618250119,0.07417497494468438,0.020820788762183184,0.05261954981302744,0.0769724895809678,0.024352939767940368,111,R2_Percent,0.016153982189877496,0.20229894011459776,True
5,4,Helio Castroneves,0.14784321697804648,0.14796593513853623,0.015119664974202252,0.10226823579229476,0.12464489003335844,0.18262720369417076,0.05798231366081233,0.12251901522731502,0.18708260614662212,0.06456359091930709,111,R2_Percent,0.19643923392414642,0.05162284829775949,False
5,4,Jane Seymour,0.10261753279218651,0.1025670444782175,0.012126762392265282,0.11817437100951853,0.08182069246721078,0.1268545359372662,0.045033843470055415,0.08094439585372726,0.1275718725825406,0.046627476728813344,111,R2_Percent,0.0628614083611354,0.1339997613208436,False
5,4,Jennie Garth,0.12600210781743124,0.12526385780145746,0.013902121929533376,0.11033245530841941,0.09827670871141661,0.15439956312537087,0.05612285441395426,0.09702249543646865,0.15724976982045633,0.06022727438398767,111,R2_Percent,0.15752314470470383,0.06757563309731184,False
5,4,Marie Osmond,0.15029261245006675,0.14996218945252449,0.013689674678171,0.09108681028962258,0.12403450372069474,0.17707797121431262,0.05304346749361788,0.12311660385498839,0.17821784237255095,0.05510123851756256,111,R2_Percent,0.20742782365943707,0.04927903717563548,False
5,4,Mark Cuban,0.07654212312452213,0.07655344752350729,0.007146744170982384,0.09337008014992924,0.06403969586380426,0.09206717910409382,0.028027483240289558,0.06386408900439165,0.09311499125470235,0.029250902250310698,111,R2_Percent,0.02366648231266831,0.1978153468889841,False
5,4,Mel B,0.14041811662269785,0.1405125280953706,0.015884606589455435,0.11312362657688411,0.10986628970238155,0.16622572760716064,0.0563594379047791,0.10738497515062838,0.17202991017831173,0.06464493502768336,111,R2_Percent,0.19477657321688158,0.05378744912878591,False
5,4,Sabrina Bryan,0.08473086987961909,0.08477696492271278,0.00788585299447375,0.09306942092861235,0.07099140791696232,0.10075768870653591,0.029766280789573593,0.06902238703173873,0.10252844974248934,0.033506062710750614,111,R2_Percent,0.027447454352750655,0.1521100594726236,False
5,5,Cameron Mathison,0.11062549020865199,0.10946070345287622,0.011071571031947891,0.10008155454105266,0.09024279492882734,0.13592795994610224,0.045685165017274904,0.0893203879578571,0.13829943910119463,0.04897905114333753,111,R2_Percent,0.10654650184990141,0.11781259025021162,False
5,5,Helio Castroneves,0.1730353415342974,0.17182924423305537,0.016945876847496613,0.0979330389805817,0.14541889484119344,0.21199918303228632,0.06658028819109288,0.14429776315043932,0.21836392376377656,0.07406616061333723,111,R2_Percent,0.2100232222598607,0.06390481781770144,False
5,5,Jane Seymour,0.09854064362480881,0.09801501092782178,0.010276861113117196,0.10429058239406375,0.08030505000749133,0.11789407726988198,0.03758902726239065,0.07946948538676336,0.11963019933371016,0.0401607139469468,111,R2_Percent,0.05673284475750772,0.16629858103965844,False
5,5,Jennie Garth,0.13753640179075574,0.13670754300176508,0.014907150992770755,0.10838694919073208,0.10824449984395818,0.1670257610357813,0.058781261191823114,0.10593179994447426,0.1703066107842009,0.06437481083972664,111,R2_Percent,0.1591975679809521,0.08473625200214711,False
5,5,Marie Osmond,0.1696837087283874,0.1691261594240465,0.014929378765298219,0.08798357177114549,0.13975216950361097,0.199535499238393,0.05978332973478204,0.13926729536879234,0.20024039407791736,0.06097309870912501,111,R2_Percent,0.2203356511373174,0.06378898925817397,False
5,5,Mark Cuban,0.0738984905263429,0.07383557705743343,0.007022022275646907,0.09502254004963387,0.061766317353984496,0.08924967429706035,0.027483356943075854,0.061178414423209794,0.08988061054747505,0.028702196124265257,111,R2_Percent,0.0203839915848878,0.25446482081751093,True
5,5,Mel B,0.15954820335264291,0.15947927662375155,0.017433951125681357,0.10927074551349102,0.12535616450083475,0.18801181930228691,0.06265565480145216,0.12346583984305957,0.19464416620863143,0.07117832636557185,111,R2_Percent,0.20267394171994918,0.05457730177958955,False
5,5,Sabrina Bryan,0.07713172023411279,0.07684588608559868,0.007181911376878243,0.09311229355548488,0.06424406479795022,0.0924582024551024,0.02821413765715218,0.0628386564377584,0.09358807081868463,0.030749414380926224,111,R2_Percent,0.02410627870962373,0.19441664703500702,False
5,6,Cameron Mathison,0.10805489021910107,0.10694862892433298,0.00936541176336896,0.08667272480106059,0.09075893101181651,0.1289258174294305,0.03816688641761398,0.09053208457549752,0.13113003961227715,0.040597955036779626,111,R2_Percent,0.0952599307475981,0.16782129184871047,False
5,6,Helio Castroneves,0.20983547838255415,0.2090356420152284,0.02043929311397467,0.09740627882150366,0.1751782002732995,0.2520913434268001,0.07691314315350062,0.17327744209834087,0.2583731814524295,0.08509573935408862,111,R2_Percent,0.22872294694556572,0.05938638227572649,False
5,6,Jane Seymour,0.09037536412364423,0.09023422619281925,0.00912260635667101,0.10094129572955525,0.07444723346991015,0.10734522930432348,0.03289799583441333,0.07325937913509895,0.10900586059692549,0.035746481461826546,111,R2_Percent,0.048507361225505294,0.26027384155824707,False
5,6,Jennie Garth,0.1414314738682249,0.1408027585677437,0.014954368589663376,0.10573578978323254,0.11284012829643943,0.1722988458809531,0.05945871758451367,0.10942392336209872,0.17523669078694598,0.06581276742484726,111,R2_Percent,0.15588720074096538,0.10215589495912926,False
5,6,Marie Osmond,0.1891761279855889,0.18753278472291268,0.016577359025084816,0.08762923314694152,0.15570172110958952,0.22143983895610395,0.06573811784651443,0.15313561468916412,0.22327027260606075,0.07013465791689663,111,R2_Percent,0.2338334549031685,0.06947124949163236,False
5,6,Mel B,0.1850377266021708,0.18457310158357862,0.019307986867107857,0.10434621750741582,0.14741446359363905,0.2167591476112425,0.06934468401760344,0.1454401139832188,0.22604756369949075,0.08060744971627196,111,R2_Percent,0.2171921589202983,0.05955909037403083,False
5,6,Sabrina Bryan,0.07608893881871584,0.07552171734796732,0.00722326952544028,0.09493192621137658,0.06248974925267331,0.0913603073457979,0.028870558093124596,0.06116095219913649,0.09273039839941774,0.03156944620028125,111,R2_Percent,0.020596946516898883,0.28133224949252345,True
5,7,Cameron Mathison,0.09995779379905124,0.09902378586560347,0.008726247700105723,0.08729932272863498,0.08385965116930397,0.1204358965983411,0.03657624542903713,0.08353204229973966,0.12250107295180931,0.03896903065206965,111,R2_Percent,0.07738042456614223,0.26057825936679246,False
5,7,Helio Castroneves,0.2255144607768077,0.22528284437942442,0.02005532078194539,0.08893141802464807,0.18897637342618284,0.2677981378243334,0.07882176439815058,0.18872075925415793,0.27502704155524166,0.08630628230108373,111,R2_Percent,0.24271183976685543,0.0811825817628007,False
5,7,Jane Seymour,0.08972665320184643,0.08946106671038792,0.009193048216633765,0.1024561586617229,0.07357321497470953,0.10758455777463144,0.034011342799921906,0.0729129857351251,0.10892673106257357,0.03601374532744847,111,R2_Percent,0.03741451432052039,0.3512958678376039,True
5,7,Jennie Garth,0.14156851112458999,0.14161554027361473,0.012968832339901658,0.09160817074983714,0.1155187523860203,0.16909532768380328,0.05357657529778298,0.11473976147203985,0.17159365302326232,0.056853891551222474,111,R2_Percent,0.1482923991534567,0.15260695206727184,False
5,7,Marie Osmond,0.23460361388608697,0.2337241238931834,0.018315819163091242,0.07807134280542066,0.20333974266042926,0.26548147724607096,0.062141734585641706,0.1962149545078521,0.2680433871481502,0.07182843264029809,111,R2_Percent,0.25905497385318565,0.07250192035812711,False
5,7,Mel B,0.20862896721161767,0.20924006171057039,0.020517778783006535,0.09834578130368075,0.1683846757759862,0.24373348841612064,0.07534881264013443,0.1640839770207952,0.2514862708449156,0.0874022938241204,111,R2_Percent,0.23514584833983967,0.08183441860740402,False
5,8,Cameron Mathison,0.09803865529093658,0.09680230679478008,0.008621027146012749,0.08793497952852623,0.08162114005488688,0.11787674312322649,0.03625560306833961,0.0805704489243047,0.11950379727205665,0.038933348347751945,111,R2_Percent,0.05494022004792493,0.444945259747978,True
5,8,Helio Castroneves,0.2743421431974911,0.271883466437103,0.024422805874449005,0.08902316497858559,0.23302272857534306,0.3266346214688859,0.09361189289354283,0.2302541474622197,0.3329053665218519,0.10265121905963218,111,R2_Percent,0.271951832135942,0.08464451522882503,False
5,8,Jennie Garth,0.11845955978700277,0.11822489726700569,0.011338765257769775,0.09571844837307802,0.09793223628203261,0.14157627858853233,0.04364404230649972,0.09571458710316405,0.14535462628131582,0.04964003917815177,111,R2_Percent,0.12404149294261484,0.28318758088661206,False
5,8,Marie Osmond,0.26004670214205217,0.25782866998072984,0.020264128679366514,0.07792495929556954,0.22086381400714167,0.2966941909529256,0.07583037694578393,0.21979175095745693,0.30011799196438627,0.08032624100692934,111,R2_Percent,0.2852777960004281,0.09527160419006848,False
5,8,Mel B,0.24911293958251732,0.2505106244772893,0.02247161674352433,0.09020654158384546,0.20385062799054082,0.28793778356138283,0.08408715557084201,0.2007027936000533,0.300037624769674,0.09933483116962069,111,R2_Percent,0.26378865887309016,0.09195103994651636,False
5,9,Helio Castroneves,0.2835316550404971,0.2830677559135227,0.02467332263350111,0.08702140376522331,0.23694014131185,0.335850990415078,0.09891084910322798,0.23488105275629584,0.33787281688035564,0.1029917641240598,111,R2_Percent,0.2945224392981756,0.13530239041315645,False
5,9,Jennie Garth,0.11987102221618916,0.1200758240180708,0.010998046830447836,0.09174900344649349,0.10087094432300915,0.1419874324084917,0.04111648808548256,0.09848113223920667,0.14352111072873977,0.0450399784895331,111,R2_Percent,0.08641477191113302,0.6058740360350843,True
5,9,Marie Osmond,0.3051999047594796,0.3022628523893733,0.02262245927529999,0.07412341525181071,0.26464944987594374,0.34206479809692175,0.07741534822097801,0.25788351986069086,0.34472567231647805,0.08684215245578719,111,R2_Percent,0.3209777646601675,0.12681582752854162,False
5,9,Mel B,0.2913974179838342,0.2920099537669636,0.025114144448892418,0.08618519897209821,0.23713341342906097,0.33846344548459567,0.1013300320555347,0.23663987483563212,0.35782709935022955,0.12118722451459743,111,R2_Percent,0.29808502413052385,0.13200774602321763,False
5,10,Helio Castroneves,0.322067047016469,0.3209011658193178,0.02788989512306941,0.0865965499464565,0.2731867741016665,0.38308192905094324,0.10989515494927676,0.27015122505138134,0.3865271936798079,0.11637596862842658,111,R2_Percent,0.3204623122446649,0.3160931494395932,False
5,10,Marie Osmond,0.3503698923786333,0.34861653146451915,0.025415979445899406,0.07254042084881308,0.30933212509102176,0.3932150078255051,0.08388288273448335,0.2980894507938675,0.3958351510737891,0.09774570027992158,111,R2_Percent,0.35427323970878516,0.38690537207379816,False
5,10,Mel B,0.32756306060489754,0.3279346828517015,0.027416156567882405,0.08369733912381357,0.2691200742672509,0.3786334033178099,0.10951332905055905,0.26769668033611366,0.3932070944127658,0.12551041407665214,111,R2_Percent,0.32526444804654997,0.2970014784866088,False
4,1,Apolo Anton Ohno,0.09954466529274261,0.10004276198636702,0.01111110212685463,0.11161926251074245,0.08033544124856375,0.11708786022666685,0.03675241897810311,0.07875207293018653,0.11939732523095961,0.04064525230077308,90,R2_Percent,0.1845624986528352,0.038699808415759325,False
4,1,Billy Ray Cyrus,0.09428346733671088,0.0940057428450643,0.008522942373322673,0.09039699762934068,0.07813858169498826,0.1099982716314782,0.03185968993648994,0.0777407590108169,0.11221385306845102,0.03447309405763413,90,R2_Percent,0.11584948073032166,0.08145263618767926,False
4,1,Clyde Drexler,0.08223113288089126,0.08151362229262843,0.008200917211973822,0.09973007697525639,0.06513351863972987,0.09728879626032784,0.03215527762059797,0.06473972148613574,0.09972825079582283,0.034988529309687086,90,R2_Percent,0.032160656074730225,0.13141270705530084,False
4,1,Heather Mills,0.09187591170785336,0.09109566652266889,0.009964492729310962,0.10845598747358301,0.07567452965653121,0.11318566743061959,0.03751113777408838,0.07487520090183301,0.11563907759315367,0.04076387669132066,90,R2_Percent,0.03296831074191497,0.12218957838536898,False
4,1,Ian Ziering,0.0954554598091703,0.09512695672072294,0.011129698246964477,0.11659572191275809,0.07768281694103348,0.11913655972524725,0.04145374278421378,0.07705816999522155,0.12305590966757758,0.04599773967235603,90,R2_Percent,0.13169262790196642,0.055794320553663526,False
4,1,Joey Fatone,0.10477358886634255,0.10330019610536054,0.010418140549165785,0.09943479708856767,0.08664118134892146,0.12464776136196902,0.03800658001304756,0.0861543697796513,0.12519344015004746,0.03903907037039617,90,R2_Percent,0.18171404436282393,0.0356865601153285,False
4,1,John Ratzenberger,0.09222604827167112,0.09131814174869071,0.00943427106487487,0.10229508085486055,0.07686300582883882,0.1111656494901452,0.03430264366130638,0.07663217424505292,0.11386973269665114,0.03723755845159822,90,R2_Percent,0.08104324116400975,0.09060464846833016,False
4,1,Laila Ali,0.10838888460349211,0.10869572970447053,0.011373023498957562,0.1049279503203887,0.09017243717520346,0.12980187524751705,0.03962943807231359,0.08904213459804028,0.13381430922253912,0.04477217462449884,90,R2_Percent,0.18124931148662884,0.03702450959442238,False
4,1,Leeza Gibbons,0.0799436482548798,0.08040726189883554,0.007027445057046978,0.08790498320319048,0.06521032506992823,0.0938299130711873,0.028619588001259064,0.06412736736488414,0.0968715553096272,0.032744187944743056,90,R2_Percent,0.02280833987434438,0.14498744273267314,False
4,1,Paulina Porizkova,0.07230504162936137,0.07204078411295377,0.006601085107755875,0.09129494927329286,0.060301763202009945,0.08424640581449155,0.02394464261248161,0.060030651827947604,0.08519438842570054,0.025163736597752936,90,R2_Percent,0.016759894245691773,0.13217661599328354,False
4,1,Shandi Finnessey,0.07897215134688457,0.07843511824172839,0.00641769086820436,0.08126524045184869,0.06795877290030718,0.0919804862003836,0.024021713300076422,0.06708870712081523,0.09255068611898724,0.025461978998172013,90,R2_Percent,0.019191594764732808,0.12997117249819015,False
4,2,Apolo Anton Ohno,0.09875674724515768,0.09813207610726635,0.012437509850566375,0.12594086173870234,0.07866730100914635,0.11935849441966284,0.040691193410516496,0.0772122820123636,0.12286742438172127,0.045655142369357665,90,R2_Percent,0.17614992578744712,0.03986842395990202,False
4,2,Billy Ray Cyrus,0.09646673259164378,0.09696957870842049,0.009910550076641109,0.1027354178003909,0.07836669243483466,0.11468012487311695,0.03631343243828229,0.078010192152391,0.11701486151718377,0.03900466936479277,90,R2_Percent,0.12126345396163249,0.06712738404608919,False
4,2,Clyde Drexler,0.07270576772922757,0.07214443652796751,0.007553068565426376,0.10388541103858062,0.05850719632409529,0.08686782784275211,0.028360631518656823,0.0566967797616834,0.08713594836081191,0.030439168599128513,90,R2_Percent,0.02863471265282383,0.13869452711571512,False
4,2,Heather Mills,0.0892366716825108,0.08834806690666036,0.009939153747088803,0.11137970029239386,0.07361412114719192,0.11064667612810998,0.037032554980918064,0.072743711692,0.11220540220498507,0.039461690512985065,90,R2_Percent,0.03109814025559166,0.1150962590796156,False
4,2,Ian Ziering,0.10678094269717658,0.10782851086740394,0.013339318622309861,0.12492227812728018,0.08500379157131539,0.13559924515966423,0.05059545358834884,0.08416605583326785,0.1391199003185721,0.05495384448530426,90,R2_Percent,0.14057054838572847,0.05709701545884029,False
4,2,Joey Fatone,0.11601768506335165,0.11392000269806532,0.012305912611340057,0.10606928249447826,0.09461255650085254,0.1389630312396741,0.04435047473882156,0.09404137820054531,0.1399128187205234,0.0458714405199781,90,R2_Percent,0.18201209421525938,0.04050831487975766,False
4,2,John Ratzenberger,0.09648485211201231,0.09572924636595928,0.010505550486420668,0.10888289981752206,0.08036801260034057,0.11692190863710458,0.03655389603676401,0.07971303014428391,0.11978242153287,0.04006939138858609,90,R2_Percent,0.08340959551450622,0.08722796379486995,False
4,2,Laila Ali,0.12588878376972507,0.12643215185796258,0.014299032500938476,0.11358464251345991,0.10078071874226285,0.15485296292790257,0.05407224418563972,0.10006891824492267,0.1558537243882255,0.055784806143302834,90,R2_Percent,0.1856011844000949,0.036304535237728315,False
4,2,Leeza Gibbons,0.06728823753085453,0.06706306994399694,0.006146783085598523,0.09135003844884422,0.05451449561125269,0.07886864368232793,0.024354148071075242,0.053173594694670985,0.07976647313378527,0.02659287843911428,90,R2_Percent,0.019569696505343657,0.13567609806833697,False
4,2,Paulina Porizkova,0.061411486926793324,0.06112562855623815,0.0055399783550447125,0.09021078355664543,0.05094982340513534,0.07165994653931329,0.02071012313417795,0.05071493875849694,0.07247828658546829,0.021763347826971348,90,R2_Percent,0.014523176348650805,0.14049757458120732,True
4,2,Shandi Finnessey,0.06896209265154667,0.06851651022661205,0.005663658696069236,0.08212712924311488,0.059649791816240604,0.08004445030778808,0.020394658491547472,0.05860253155678124,0.08123847125365247,0.022635939696871228,90,R2_Percent,0.017167471972921348,0.14190190377793765,False
4,3,Apolo Anton Ohno,0.1178922642396103,0.11795369905558736,0.014403881357160479,0.12217834181117507,0.09255475041699789,0.1428110664219639,0.05025631600496601,0.09132738810595219,0.14641232923056838,0.05508494112461619,90,R2_Percent,0.18085241581664857,0.04847969065028986,False
4,3,Billy Ray Cyrus,0.11244800610904356,0.11307237890174592,0.012360151630543392,0.10991881544397909,0.09123643277744212,0.13515423343249675,0.04391780065505463,0.09063242737916388,0.13647961227895278,0.045847184899788895,90,R2_Percent,0.13004633021422468,0.07341911106251597,False
4,3,Clyde Drexler,0.07386512157066288,0.07320656454196485,0.0068906790195914875,0.09328731711352477,0.05969240748135196,0.08610240449501631,0.026409997013664352,0.05825905885240167,0.08649747895589376,0.028238420103492083,90,R2_Percent,0.026459168325186418,0.17620889684860327,False
4,3,Heather Mills,0.09553975267504265,0.0938665201982617,0.010778183385884895,0.1128135994086619,0.07826318232219306,0.11742974000765381,0.03916655768546075,0.0776502612156065,0.11897591073226307,0.04132564951665657,90,R2_Percent,0.030015510514683492,0.13337065967702105,False
4,3,Ian Ziering,0.1085224045478735,0.10645203660372582,0.014627245059070306,0.13478548618610503,0.0846452742238631,0.1409932744140607,0.0563480001901976,0.0832555329086885,0.14583032491843248,0.06257479200974397,90,R2_Percent,0.1434660353770499,0.06083114433969772,False
4,3,Joey Fatone,0.12962600644735367,0.12855029787347666,0.014112714436418365,0.10887255438321403,0.10465563321133833,0.1559390099268341,0.051283376715495765,0.10442805344850432,0.15644961211317351,0.05202155866466919,90,R2_Percent,0.18451069929721686,0.04579110975018758,False
4,3,John Ratzenberger,0.09930321944618377,0.09916162556105612,0.010824238657243194,0.1090018905490699,0.08325530117798195,0.11983053748661394,0.03657523630863199,0.08243234446692817,0.12341696492185852,0.04098462045493036,90,R2_Percent,0.0830613361014448,0.10490361937436561,False
4,3,Laila Ali,0.1370817350103637,0.1375472784332218,0.015405407450085437,0.11238118228457462,0.11221872061779745,0.16835485882054044,0.05613613820274299,0.11110364875534995,0.17094571945741466,0.05984207070206471,90,R2_Percent,0.1890865660760479,0.04879610467762805,False
4,3,Leeza Gibbons,0.063548159298575,0.06343068299762339,0.0051822329379997015,0.08154812027916451,0.053038238955502755,0.07406878993427503,0.021030550978772274,0.051645691642355995,0.07568707038422583,0.02404137874186983,90,R2_Percent,0.0175776625164089,0.14535759549119953,False
4,3,Shandi Finnessey,0.062173330655290945,0.0617016874481357,0.005223523700068666,0.08401550383442655,0.05381757248006932,0.07270093465830652,0.018883362178237197,0.05323267964519191,0.07329509747384184,0.020062417828649932,90,R2_Percent,0.014924275761088403,0.1628420681284912,True
4,4,Apolo Anton Ohno,0.13822791286977604,0.13808414798536545,0.016217532567346205,0.11732458539415752,0.10798849165941325,0.16547200409125004,0.05748351243183679,0.1070661283754831,0.16998870495148177,0.06292257657599867,90,R2_Percent,0.18690200903854862,0.04567377292737529,False
4,4,Billy Ray Cyrus,0.11993073489785266,0.12011193256255324,0.013344340648190657,0.11126706310568589,0.09716197140541638,0.14590504926955827,0.04874307786414189,0.09657862876410989,0.14675669811190417,0.050178069347794285,90,R2_Percent,0.13337444149479288,0.07936098933988846,False
4,4,Clyde Drexler,0.0686885883731872,0.0680705364031041,0.006183941587602801,0.09002866027767607,0.05532991997146442,0.08001357453828452,0.024683654566820097,0.054864269178940064,0.08164469200310849,0.026780422824168426,90,R2_Percent,0.023634921855683607,0.2110028678629565,False
4,4,Heather Mills,0.09170758861166922,0.09069823985376539,0.009195188080945124,0.10026638166097296,0.07635999896404845,0.10984464855476181,0.03348464959071336,0.07591374540393486,0.11140360609559113,0.03548986069165627,90,R2_Percent,0.027839392075581462,0.1531515108826316,False
4,4,Ian Ziering,0.13106920390298776,0.1312577003704949,0.016891454593272126,0.12887432051372275,0.10267434626374301,0.16825224212636708,0.06557789586262407,0.10223617670724071,0.17331069262772245,0.07107451592048174,90,R2_Percent,0.1530103247579957,0.062108214208552344,False
4,4,Joey Fatone,0.13872444930213046,0.1391254139386634,0.015641230005939075,0.11275034851191776,0.10950833314022393,0.17009159147504446,0.06058325833482053,0.10922544630479065,0.1723705503346381,0.06314510402984745,90,R2_Percent,0.18659830263832755,0.04255460377947434,False
4,4,John Ratzenberger,0.10062812919386241,0.10098720222715005,0.010407885324904154,0.10342918434718312,0.08449422459199528,0.1213099215193435,0.03681569692734822,0.083927805872577,0.12367375186819779,0.039745945995620785,90,R2_Percent,0.07922959180298629,0.1384848542187212,False
4,4,Laila Ali,0.15188283690341092,0.1512141765597999,0.016698503050338067,0.10994331809167741,0.1264679290012931,0.1883320423244771,0.06186411332318398,0.12439101384179756,0.1897348866033873,0.06534387276158975,90,R2_Percent,0.19410894933021125,0.05213046359219247,False
4,4,Leeza Gibbons,0.059140555945123366,0.05929111772584812,0.004894155002129029,0.0827546329911123,0.04912517403910671,0.06789743706702171,0.018772263027915,0.04773223624324912,0.06969029057904091,0.021958054335791795,90,R2_Percent,0.01530206700587264,0.21553272318820785,True
4,5,Apolo Anton Ohno,0.15945499015846712,0.159154798457046,0.01784176310828933,0.11189215897575924,0.12582659087483522,0.19136818476566647,0.06554159389083125,0.12481929389244154,0.1945626283481393,0.06974333445569778,90,R2_Percent,0.19604048070300828,0.044330185447988286,False
4,5,Billy Ray Cyrus,0.12123568974317782,0.12185017110227794,0.013182502242000295,0.10873450111865349,0.09915202121363091,0.14715837250770047,0.04800635129406956,0.0983909138805447,0.14784241925402686,0.049451505373482155,90,R2_Percent,0.13215204104320327,0.11499086430017022,False
4,5,Clyde Drexler,0.0663753595748387,0.06569352357318638,0.006146951975973271,0.0926089442731009,0.053223228270903526,0.07738686476458409,0.024163636493680564,0.05266940968717405,0.0785113359964672,0.025841926309293155,90,R2_Percent,0.020265349293861982,0.29187485138109254,True
4,5,Heather Mills,0.083780441434908,0.08286108113042794,0.008475068239361554,0.10115807572995585,0.06951698348261377,0.1005399039867659,0.031022920504152132,0.06912521205198054,0.10222415470799681,0.033098942656016275,90,R2_Percent,0.025064819276172476,0.20614675326142018,False
4,5,Ian Ziering,0.13753289601372695,0.13684621334244074,0.01774066965244194,0.12899219144393842,0.10856255432022191,0.178326679556005,0.0697641252357831,0.1078431627623984,0.18112034998429383,0.07327718722189543,90,R2_Percent,0.15458277782612798,0.07477104303542315,False
4,5,Joey Fatone,0.17507710504614782,0.17244604813564365,0.017748401722934563,0.10137477266519994,0.142246198274335,0.20685236566807222,0.06460616739373723,0.1417754099920989,0.2077620068476644,0.06598659685556552,90,R2_Percent,0.20405565021949076,0.05104886174052826,False
4,5,John Ratzenberger,0.09588026933659065,0.09615960044435326,0.009134793617189493,0.09527292403738997,0.08172330239778265,0.11407206952664731,0.032348767128864656,0.08084933255750944,0.11576240903720589,0.03491307647969645,90,R2_Percent,0.07058309902997435,0.16928238703985543,False
4,5,Laila Ali,0.16066324869214296,0.16040276453139635,0.01760561648088311,0.10958085700494173,0.13608628250563065,0.2021252597924271,0.06603897728679645,0.1339011676494975,0.20343211330034314,0.06953094565084564,90,R2_Percent,0.19725578260816093,0.04755505379352182,False
4,6,Apolo Anton Ohno,0.17440650069652783,0.17397580819514236,0.019321002230396764,0.11078143391005732,0.14228112261977924,0.21272277452836072,0.07044165190858148,0.14072107759059493,0.21432258746186117,0.07360150987126624,90,R2_Percent,0.2087842858744432,0.06409200129238975,False
4,6,Billy Ray Cyrus,0.1199903486090412,0.11998523108255078,0.01184204465943413,0.0986916430922165,0.10062817955669275,0.1427242963051873,0.04209611674849455,0.10016141664238669,0.14473517353632986,0.044573756893943176,90,R2_Percent,0.1235474844996737,0.15370676007291825,False
4,6,Heather Mills,0.08253216438692648,0.081389359010269,0.008570577667214755,0.103845303596235,0.06865224613562482,0.0992740519882997,0.030621805852674877,0.06823873975215523,0.10222456498562038,0.03398582523346515,90,R2_Percent,0.021729467338692382,0.2866259191336132,True
4,6,Ian Ziering,0.1436907731091338,0.14204899265154958,0.01843676147147567,0.12830859680511889,0.11407572240494032,0.18620210861984532,0.072126386214905,0.11199321030585345,0.18908039717418543,0.07708718686833198,90,R2_Percent,0.1536546287738567,0.11045492094799941,False
4,6,Joey Fatone,0.19697198248323508,0.19550643542607127,0.019365715567219374,0.09831710745393778,0.16164826808755364,0.2319501778723999,0.07030190978484627,0.1611752494914879,0.23332624151795092,0.07215099202646302,90,R2_Percent,0.21861586715300693,0.06236427281854652,False
4,6,John Ratzenberger,0.08729461942994463,0.08655223191385039,0.008238861757399869,0.09437994931648326,0.07455386658350219,0.10337017873710536,0.02881631215360317,0.07443724459609838,0.10398095546303501,0.029543710866936634,90,R2_Percent,0.05857063508924914,0.26140375231339946,False
4,6,Laila Ali,0.19511361128519103,0.19435083098559996,0.019727077166368217,0.10110559194936845,0.16578323916628776,0.23478087177777207,0.06899763261148431,0.16005871219301415,0.24127828319685424,0.08121957100384009,90,R2_Percent,0.21509763127107787,0.06135237342113336,False
4,7,Apolo Anton Ohno,0.22989961550855362,0.23229188808611992,0.022564141596711728,0.09814780049456938,0.1909181676012009,0.2693208390762465,0.0784026714750456,0.18474199213184556,0.27148879002556,0.08674679789371442,90,R2_Percent,0.24013150314580495,0.07491388223916824,False
4,7,Billy Ray Cyrus,0.1050207393176979,0.10539575928265096,0.010541153264365727,0.10037211062167177,0.0869625722777662,0.12579460217393854,0.038832029896172335,0.0865435136743451,0.12712173820597927,0.04057822453163418,90,R2_Percent,0.10180290167923275,0.2791672113625345,False
4,7,Ian Ziering,0.12448636670450171,0.12346936766158709,0.01537641447773037,0.12351886302722598,0.10035867098408956,0.16021086321868333,0.05985219223459377,0.09515327964080894,0.1651970064857394,0.07004372684493046,90,R2_Percent,0.1393007135881781,0.1505125070414282,False
4,7,Joey Fatone,0.21858217038837247,0.2195941653385489,0.021127295077684898,0.09665607693503243,0.17700579530745467,0.25792150113421425,0.08091570582675958,0.17414270544176766,0.2595375088485958,0.08539480340682812,90,R2_Percent,0.23617927328003724,0.06883550332783063,False
4,7,John Ratzenberger,0.08405765491710068,0.08342396922783424,0.008241268383289887,0.09804304428213693,0.07081207136154283,0.1007055413899066,0.029893470028363775,0.06979202786497003,0.10122315842274571,0.031431130557775674,90,R2_Percent,0.042588101477556865,0.359530251747823,True
4,7,Laila Ali,0.2379534531637736,0.23780581069607076,0.02204571640908612,0.09264718000924727,0.20138011208985637,0.28058830580262206,0.07920819371276569,0.19915332826670942,0.2877024676611428,0.0885491393944334,90,R2_Percent,0.23999750682919024,0.0670406442812154,False
4,8,Apolo Anton Ohno,0.2599499995535649,0.2609531610359841,0.024098309997434706,0.09270363546382328,0.21498168286078626,0.29758950653183114,0.08260782367104488,0.21030837210616246,0.3026628873273219,0.09235451522115942,90,R2_Percent,0.26888618629106603,0.07290113755462642,False
4,8,Billy Ray Cyrus,0.10842850181271237,0.10831829611029574,0.011575174773061163,0.10675398607881592,0.0905039166656711,0.13197027879708198,0.041466362131410875,0.0896042998031374,0.1338727880805117,0.0442684882773743,90,R2_Percent,0.071407937946837,0.4961768576350057,True
4,8,Ian Ziering,0.12590315357171428,0.12511884450290456,0.013899934169229725,0.11040179514893834,0.10134355783096982,0.15630216633738822,0.0549586085064184,0.10043926953121679,0.16231145274593292,0.06187218321471613,90,R2_Percent,0.12569495323816907,0.2659149253001609,False
4,8,Joey Fatone,0.2524345155184728,0.2530635895804146,0.023623917614292726,0.09358434034177851,0.20758004161774565,0.2975942235779293,0.09001418196018365,0.2022559953006989,0.2990167271430688,0.09676073184236991,90,R2_Percent,0.2673615404272959,0.08002653984681124,False
4,8,Laila Ali,0.2532838295435357,0.25242656719339407,0.023338290360065617,0.09214283597229848,0.21643189964373216,0.3018146117598443,0.08538271211611215,0.21347675759593165,0.3081164528050546,0.09463969520912296,90,R2_Percent,0.26664938209663197,0.08498053966339567,False
4,9,Apolo Anton Ohno,0.2887300362018396,0.2902439533329505,0.026203825144367775,0.0907554527027099,0.2443223277318633,0.33005929529900857,0.08573696756714527,0.23637950386527432,0.33346671912438824,0.09708721525911393,90,R2_Percent,0.3049374479162581,0.1314364038179365,False
4,9,Ian Ziering,0.11797346277110744,0.11707957274707259,0.013321493846693126,0.11291941029602173,0.09629974409805188,0.14909456393055517,0.052794819832503295,0.09319478570160515,0.15348625396751636,0.06029146826591121,90,R2_Percent,0.08694259882014792,0.6116455892515001,True
4,9,Joey Fatone,0.2833964923998055,0.28441226524783314,0.02597549982168075,0.09165780282500975,0.23181461878917722,0.33319533398580575,0.10138071519662853,0.22503131905424528,0.3343872203821678,0.1093559013279225,90,R2_Percent,0.30108748598363716,0.1311008263582603,False
4,9,Laila Ali,0.30990000862724737,0.31045801215975066,0.026776998055802057,0.08640528335063667,0.2646826140896492,0.3589630928783854,0.09428047878873619,0.2635717618123522,0.3733336894850364,0.10976192767268422,90,R2_Percent,0.3070324672799567,0.12581718057230307,False
4,10,Apolo Anton Ohno,0.3245912332370254,0.3261869965219036,0.028865435905714835,0.08892857523553788,0.27567153264387506,0.37401369709644433,0.09834216445256927,0.2675251688445333,0.3759838021422325,0.10845863329769917,90,R2_Percent,0.3332632247366834,0.3188126244193257,False
4,10,Joey Fatone,0.3350468924860018,0.33630779455254917,0.02958120303005357,0.08828974001389811,0.2762271508060797,0.38976712048468865,0.11353996967860897,0.2711271645582328,0.3905520408043481,0.11942487624611525,90,R2_Percent,0.33238270026682454,0.3383674448386228,False
4,10,Laila Ali,0.3403618742769729,0.3394221994522493,0.028202832805848305,0.08286131596189873,0.29949891973360376,0.3926852089131291,0.09318628917952532,0.29696663902358833,0.40650205813231877,0.10953541910873044,90,R2_Percent,0.334354074996492,0.3428199307420515,False
31,1,Charli D'Amelio,0.06181214774838375,0.06169239714973988,0.0010790066768712346,0.01745622367408271,0.059960294393591185,0.06417305253793547,0.0042127581443442835,0.05957159838788757,0.06439928123774091,0.00482768284985334,96,R3_Bottom2,0.062334533814581206,7.842993273928853e-06,False
31,1,Cheryl Ladd,0.06579915280866806,0.0665680292930296,0.0025439094606670735,0.03866173578350315,0.06050565129706756,0.0686585572566819,0.008152905959614348,0.058063229940312065,0.06870714240094768,0.010643912460635611,96,R3_Bottom2,0.06271845665798183,0.059766282796052735,False
31,1,Daniel Durant,0.06250779454078924,0.06249977846122223,0.0011062480372945982,0.01769776146193608,0.06009441045632417,0.06432322284782027,0.004228812391496105,0.05927488595513347,0.06465954081614217,0.0053846548610086975,96,R3_Bottom2,0.06266857387566609,0.017359089257945506,False
31,1,Gabby Windey,0.06238617892935255,0.06238517165202791,0.0012650961218073518,0.020278467819610718,0.058795559000964906,0.0644760244871854,0.00568046548622049,0.05760810454112186,0.06496605532129902,0.007357950780177161,96,R3_Bottom2,0.06253879815512546,0.012725794234998011,False
31,1,Heidi D'Amelio,0.06321337065580218,0.06305376459656059,0.0007194496377556984,0.011381288962949205,0.0620800404749592,0.06485162697131158,0.0027715864963523823,0.06201287647023545,0.06509783637566899,0.003084959905433539,96,R3_Bottom2,0.06269428510063171,0.04112541430971901,False
31,1,Jason Lewis,0.04769909657772073,0.04848996392413191,0.002304688033757655,0.048317226092582384,0.04158049867369976,0.05054225366729313,0.00896175499359337,0.04118571980388949,0.05067459249539054,0.009488872691501046,96,R3_Bottom2,0.05677708793621539,0.33422996981132186,True
31,1,Jessie James Decker,0.06586600289672505,0.0657295202702248,0.0008774005614355479,0.013320992968273371,0.0643157391615968,0.06779584221657944,0.0034801030549826417,0.06409302303383432,0.06809365894142413,0.004000635907589811,96,R3_Bottom2,0.06334886903890781,0.07180822695822513,False
31,1,Jordin Sparks,0.0626108067746768,0.06277593649863836,0.0015560676602744308,0.02485302043582337,0.05747564020200681,0.0647911834244304,0.007315543222423587,0.05636829486602097,0.06529118008320733,0.008922885217186365,96,R3_Bottom2,0.06257700558928846,0.03351556707267549,False
31,1,Joseph Baena,0.0639487727063174,0.06369732108133777,0.0015603442214944848,0.024399908793563775,0.06201006208977113,0.0680833925663766,0.006073330476605472,0.06192633309324407,0.06864316026940931,0.006716827176165237,96,R3_Bottom2,0.06278630313951779,0.051384784084868206,False
31,1,Sam Champion,0.06684744972714773,0.06650574758640536,0.0019834434482896434,0.029671190993605517,0.06363380094737818,0.07164705448710154,0.008013253539723361,0.06324580030013655,0.07167538711156489,0.008429586811428344,96,R3_Bottom2,0.06336101879321732,0.07608808876588792,False
31,1,Selma Blair,0.06230897430417815,0.06226724436670271,0.0011522655111319952,0.018492769685260726,0.059479362844735616,0.06455018327010222,0.0050708204253666,0.05921227222313375,0.06504201965386722,0.005829747430733466,96,R3_Bottom2,0.06255053917304901,0.01783545967067959,False
31,1,Shangela,0.06240155955710718,0.062398947991501176,0.0006979530469815138,0.011184865441428233,0.06127011348797525,0.0637761885043862,0.0025060750164109455,0.060730208926702105,0.06432286488396487,0.0035926559572627623,96,R3_Bottom2,0.062489869384244924,0.0216763781845,False
31,1,Teresa Giudice,0.05737120350532188,0.05757354600421799,0.0029899472221427033,0.05211581838030205,0.05079669219840667,0.06242084927522357,0.011624157076816896,0.04961867794567478,0.06353677425898181,0.013918096313307031,96,R3_Bottom2,0.06336037754194124,0.08003653601930388,False
31,1,Trevor Donovan,0.06448543431131533,0.06442829228208755,0.0008016014135722817,0.012430736058974233,0.06330114760643422,0.06635581756773404,0.0030546699612998135,0.06285100413919992,0.06669871253743462,0.0038477083982347005,96,R3_Bottom2,0.06304259033746994,0.07245291654078578,False
31,1,Vinny Guadagnino,0.0685315091798216,0.06847972078435707,0.001439705748100872,0.02100793876176272,0.06643531299830231,0.07103907047650865,0.004603757478206336,0.06525270882091683,0.07169460525395506,0.006441896433038233,96,R3_Bottom2,0.0643327261535909,0.09425963353586919,False
31,1,Wayne Brady,0.06221054577667238,0.06213381241908429,0.0009323114661026129,0.014986389437081738,0.06104879073262369,0.06401083157602169,0.0029620408433980033,0.06057403894536815,0.06519102205222323,0.0046169831068550785,96,R3_Bottom2,0.062418965308570974,0.01572801566389365,False
31,2,Charli D'Amelio,0.06567226143109306,0.06558168644387824,0.0008709138481116088,0.013261517559059839,0.06439927565876803,0.06842258909187107,0.00402331343310304,0.06430737763658777,0.06854709438258588,0.004239716745998115,96,R3_Bottom2,0.06661562758014827,0.0020162796064743223,False
31,2,Cheryl Ladd,0.06726065558696755,0.0677770946953967,0.004272140962669484,0.06351619569252691,0.06042026317443339,0.0743041612830081,0.013883898108574703,0.058902650559769364,0.07479483447483394,0.015892183915064577,96,R3_Bottom2,0.06842701977085754,0.09966709323905015,False
31,2,Daniel Durant,0.06670730791572245,0.0665732744667844,0.0008719086577902552,0.013070661746563338,0.06552282738860504,0.06883534359125577,0.003312516202650731,0.06540577321280287,0.06914854863296087,0.0037427754201579955,96,R3_Bottom2,0.0670682594907109,0.018649912907904787,False
31,2,Gabby Windey,0.06590452256896044,0.06584956180579905,0.0007553428776304761,0.01146116910019504,0.06440320198150612,0.06734352891501642,0.002940326933510304,0.06428808930954842,0.06775587918100658,0.0034677898714581545,96,R3_Bottom2,0.06684760688010866,0.005800461888015255,False
31,2,Heidi D'Amelio,0.06697405649202542,0.06695348383073528,0.0007128690755410072,0.010643958465109371,0.06568212117623846,0.06851899296189035,0.0028368717856518816,0.06546977498029696,0.06882094925338213,0.003351174273085164,96,R3_Bottom2,0.06707488085017538,0.03039274365112907,False
31,2,Jessie James Decker,0.06959394052675136,0.06916776838631544,0.0016238550218236317,0.023333281741668797,0.0677537388494713,0.07389942785721358,0.006145689007742275,0.06769501042344421,0.07392062110720592,0.0062256106837617065,96,R3_Bottom2,0.06711709770399352,0.0741147400606048,False
31,2,Jordin Sparks,0.06737790512891027,0.06727111741182991,0.001288357508982344,0.01912136488241069,0.06494332133719827,0.07042435585400483,0.0054810345168065655,0.06365248294103629,0.07050130996277043,0.006848827021734144,96,R3_Bottom2,0.06705446625728097,0.04898719624849315,False
31,2,Joseph Baena,0.07063263759995572,0.07029887931746986,0.0018948220288992187,0.026826437370652666,0.06785132785337332,0.07413553596392848,0.006284208110555162,0.06703926852659976,0.07511593265120466,0.008076664124604893,96,R3_Bottom2,0.06752504936908144,0.08470244033791557,False
31,2,Sam Champion,0.07190853540469544,0.07178801746337754,0.002365802003016057,0.03290015558934018,0.06814279294854159,0.07620539551796798,0.008062602569426397,0.06787026723730856,0.07642463181181712,0.00855436457450856,96,R3_Bottom2,0.06704912451762846,0.07169292674402211,False
31,2,Selma Blair,0.06701008552381461,0.06691213128542775,0.0011765699865231164,0.017558103042637916,0.06537835233339606,0.07016564231318796,0.0047872899797919005,0.06528095008979996,0.07028113179334007,0.0050001817035401075,96,R3_Bottom2,0.06709342605296308,0.04054434316668917,False
31,2,Shangela,0.06714260202665749,0.06704439101618342,0.0007378724727164496,0.010989631775418736,0.06590947415409641,0.06882337912824654,0.0029139049741501305,0.0657524333267668,0.06913783293107123,0.003385399604304437,96,R3_Bottom2,0.0669578999325316,0.046289900471775884,False
31,2,Teresa Giudice,0.050740952604755564,0.0508237171055123,0.0021809773789917665,0.04298258639289638,0.045296712489558015,0.05458536103483749,0.009288648545279478,0.04475524413040209,0.054646087167047906,0.009890843036645815,96,R3_Bottom2,0.0604310543733455,0.37544509003551874,True
31,2,Trevor Donovan,0.0672049359793726,0.06704224656621842,0.0009715516637673011,0.014456552180415767,0.06592359045963195,0.06948792068225276,0.003564330222620815,0.06577130717676308,0.06959941676259065,0.003828109585827577,96,R3_Bottom2,0.06694561510474271,0.023177863467169255,False
31,2,Vinny Guadagnino,0.0700536041136383,0.06969955160521563,0.0015579770100856702,0.022239783802677434,0.0678957163077867,0.07380433579183274,0.005908619484046043,0.06783972850399321,0.07409531721592028,0.006255588711927065,96,R3_Bottom2,0.06705459513366707,0.06738572695546931,False
31,2,Wayne Brady,0.0658159970966797,0.06572095515603546,0.0007526599137747058,0.011435820271310244,0.064391961362865,0.06729040366153383,0.002898442298668827,0.0640731627520188,0.06763802518304647,0.003564862431027674,96,R3_Bottom2,0.0667382769827648,0.011133281119768482,False
31,3,Charli D'Amelio,0.07064790926067545,0.07062559138072864,0.0006362772147942405,0.009006313441584177,0.06951228547363525,0.07207873797579992,0.002566452502164668,0.06945025307648746,0.07241967122203756,0.002969418145550101,96,R3_Bottom2,0.07113660454808318,0.0028548342954744115,False
31,3,Cheryl Ladd,0.05855687400396329,0.05891335347103212,0.0024472327448396207,0.04179240757752856,0.05440565781039782,0.0625953081841055,0.008189650373707676,0.053341836991127586,0.0630098124038847,0.009667975412757115,96,R3_Bottom2,0.06392519942024619,0.357075706236148,True
31,3,Daniel Durant,0.07111940261150854,0.07103761039340992,0.0008592017555662479,0.012081116038891079,0.06942978588452785,0.07314673155576695,0.0037169456712391052,0.06918406580363468,0.07380427606455343,0.004620210260918758,96,R3_Bottom2,0.07177406153185589,0.020432778046710936,False
31,3,Gabby Windey,0.07081508974052884,0.07080452116549313,0.0008200831475215983,0.011580627102591229,0.06956348951799796,0.0721895303535916,0.002626040835593646,0.06918081967104085,0.07274753471540317,0.0035667150443623175,96,R3_Bottom2,0.07149322366355695,0.008596550857998316,False
31,3,Heidi D'Amelio,0.07084621957581157,0.07077298403754215,0.0007765696766562695,0.010961342486669638,0.06941887193341145,0.07243431842416058,0.003015446490749127,0.06933886282333422,0.07264554623012616,0.003306683406791938,96,R3_Bottom2,0.07158591082774815,0.0198790913116824,False
31,3,Jessie James Decker,0.07499976205056341,0.07435969268359,0.0018455174700237297,0.024606977669869363,0.07301976355851246,0.07984127348019163,0.006821509921679167,0.07291917594575793,0.08118772855873063,0.008268552612972699,96,R3_Bottom2,0.07247354857575078,0.0803204128961682,False
31,3,Jordin Sparks,0.07162927885944477,0.07139175162924842,0.0009898512813883795,0.013819087629385806,0.07034083090035832,0.07432935759859335,0.0039885266982350315,0.07031723840250921,0.07469226260255919,0.004375024200049982,96,R3_Bottom2,0.0715764347828666,0.04641069040856317,False
31,3,Joseph Baena,0.07352164237801735,0.0734006631632533,0.0013635693682199832,0.018546503099170216,0.0713622411979,0.07645708507396849,0.005094843876068497,0.07069971873554654,0.07674651819433446,0.00604679945878793,96,R3_Bottom2,0.0718604590110795,0.04916603448221501,False
31,3,Sam Champion,0.07228633892036232,0.07320661310076265,0.0027916539924039575,0.03861938554502692,0.06652927191862516,0.07572521638853691,0.009195944469911746,0.06567944379963349,0.0758677084965035,0.010188264696870009,96,R3_Bottom2,0.07315317186231021,0.09352954724222576,False
31,3,Selma Blair,0.07267909073166257,0.07254570043907449,0.0008749036451369869,0.012037900258923246,0.07144786451992302,0.0748599143714969,0.003412049851573881,0.07131007781081938,0.07506075602316352,0.0037506782123441357,96,R3_Bottom2,0.07199321227563296,0.06544721497428589,False
31,3,Shangela,0.07159521546874692,0.07162796492587056,0.0007696817802672475,0.01075046391337746,0.07018964650215175,0.0727948665004408,0.0026052199982890545,0.07014828646331502,0.073479646215688,0.0033313597523729893,96,R3_Bottom2,0.07154462802270996,0.04823491358064698,False
31,3,Trevor Donovan,0.07321532112045467,0.07319075273909682,0.0008020331321083247,0.010954443958373285,0.07186337381504684,0.07500928939971617,0.003145915584669326,0.07149484413328608,0.0751029005649398,0.003608056431653725,96,R3_Bottom2,0.07227924851244688,0.08052464684763333,False
31,3,Vinny Guadagnino,0.07749291080434413,0.07723287044924211,0.0016640777498133953,0.021473935261186624,0.07512942200128647,0.0812120250374601,0.0060826030361736255,0.07498334237914347,0.08182246276527765,0.00683912038613417,96,R3_Bottom2,0.07387946169553612,0.1100747790909815,False
31,3,Wayne Brady,0.07059494447391623,0.07058527148434793,0.0006991548757865637,0.009903752754489252,0.069489431055884,0.07198510713149456,0.0024956760756105617,0.06941613945661552,0.07225607390164747,0.002839934445031944,96,R3_Bottom2,0.07132483527017651,0.017452799629266134,False
31,4,Charli D'Amelio,0.07717127210562963,0.07723038842912537,0.0008354541962647857,0.010825974141274257,0.0752557399538788,0.0785357941180906,0.0032800541642118014,0.0750306823327402,0.07870725291162929,0.0036765705788890934,96,R3_Bottom2,0.07695924462736224,0.002545525923551109,False
31,4,Daniel Durant,0.079966526837271,0.07962057253401658,0.0014255194463499295,0.017826451925951597,0.07832164238557977,0.08365812744393213,0.005336485058352353,0.07817355859552537,0.08414861814241306,0.005975059546887693,96,R3_Bottom2,0.07825450081650388,0.06420708666564713,False
31,4,Gabby Windey,0.07681440265318353,0.0769286030272549,0.0012250709785332219,0.01594845414686629,0.07443003390317943,0.07857354945691344,0.004143515553734017,0.07384501753390363,0.07980196528634322,0.005956947752439587,96,R3_Bottom2,0.0774592210901858,0.006596366801767867,False
31,4,Heidi D'Amelio,0.07703535324770759,0.07719334388610107,0.0010721621000347233,0.013917792998069086,0.07465591739035635,0.0790653609348799,0.00440944354452355,0.07447194243185552,0.07912844872520565,0.004656506293350127,96,R3_Bottom2,0.07764833444609863,0.019973767866879613,False
31,4,Jessie James Decker,0.07998245059827061,0.07981547968877087,0.0012743975347864747,0.015933464469442375,0.07752362300480345,0.08272873068151601,0.0052051076767125615,0.07730274121654741,0.08283356129109945,0.005530820074552037,96,R3_Bottom2,0.07757017633802477,0.05100525601991147,False
31,4,Jordin Sparks,0.07892668494041039,0.07869848191479475,0.0021928317224446975,0.027783147412060758,0.076239203851908,0.08485564282927538,0.008616438977367386,0.07615070228013662,0.08632822427484464,0.01017752199470802,96,R3_Bottom2,0.07733434268490909,0.026527133540364546,False
31,4,Joseph Baena,0.07378057595454103,0.07359614810200411,0.0036211552925705876,0.04908006268210371,0.06658082852685433,0.07976850393711779,0.013187675410263458,0.06598669409863299,0.08018593860578263,0.014199244507149641,96,R3_Bottom2,0.07828121892962993,0.08702524494658452,False
31,4,Sam Champion,0.060752027169310524,0.06092852244528291,0.002505610511926285,0.041243241232813026,0.05628768685303936,0.06493995727458404,0.008652270421544685,0.05571479317512493,0.06543522350857836,0.009720430333453434,96,R3_Bottom2,0.0673693249250713,0.44895878044885346,True
31,4,Selma Blair,0.0785705934916802,0.07837271763443299,0.0012557462992185294,0.015982395491915175,0.07681107926444819,0.08183160020491749,0.0050205209404693,0.07678701739807026,0.08281063494783823,0.006023617549767976,96,R3_Bottom2,0.07786775649111208,0.043582113562723505,False
31,4,Shangela,0.07823346102190794,0.0782470923264989,0.0009524190779789245,0.012174062933406664,0.07626453006563495,0.0801266475718783,0.003862117506243351,0.07613940664012334,0.08037023659916182,0.004230829959038479,96,R3_Bottom2,0.07762686594601387,0.05052098058942872,False
31,4,Trevor Donovan,0.0812875761868108,0.08117391285252952,0.001273384338367612,0.015665177854992104,0.07958070406841092,0.08390145069354037,0.0043207466251294485,0.07942748154374493,0.08417328699259992,0.004745805448854987,96,R3_Bottom2,0.0786145259736923,0.09304822474249566,False
31,4,Vinny Guadagnino,0.0805372417075816,0.07985814629028187,0.0021127575361295763,0.026233298922760176,0.0782715236437034,0.08563471001912382,0.007363186375420411,0.07812633932858265,0.08617736714615452,0.008051027817571874,96,R3_Bottom2,0.07778450518675559,0.09128303979751311,False
31,4,Wayne Brady,0.07694183408569516,0.07682361415333826,0.0008925234965316952,0.011599976880426755,0.07547857051480145,0.07897040847114163,0.0034918379563401852,0.07536992263922315,0.07907589431490553,0.0037059716756823735,96,R3_Bottom2,0.07722998254464049,0.014726478994279334,False
31,5,Charli D'Amelio,0.0823982810324511,0.08238764244923291,0.0008799632705711212,0.010679388690457793,0.08039062387859809,0.08433439215602101,0.003943768277422918,0.08021925838759207,0.08444816326055321,0.0042289048729611395,96,R3_Bottom2,0.08252931781685525,0.0009822069040430483,False
31,5,Daniel Durant,0.08970226567702926,0.08964457229613831,0.0014573923790370926,0.016246996305359744,0.08733130873436573,0.09293149053253133,0.005600181798165599,0.08708021432397234,0.0936338540752714,0.006553639751299065,96,R3_Bottom2,0.08699520728072521,0.100037682716181,False
31,5,Gabby Windey,0.082158450735302,0.08233946601348907,0.0013506380694146597,0.016439429630509268,0.07956469238002613,0.08524321634059512,0.00567852396056899,0.07939413845821483,0.08537270159181708,0.0059785631336022466,96,R3_Bottom2,0.08330622103491946,0.011271693668591584,False
31,5,Heidi D'Amelio,0.08277294472344277,0.08229710897167805,0.0018542886568917198,0.02240211053366756,0.08025305079228556,0.08719184701870905,0.006938796226423488,0.08015307600574945,0.08747433404388417,0.007321258038134729,96,R3_Bottom2,0.08343454926383763,0.03428051538885765,False
31,5,Jessie James Decker,0.07948358549531119,0.07946412365744693,0.002885138357614721,0.03629854314743914,0.0741663696889135,0.08454461620111337,0.01037824651219986,0.07389306357761807,0.08474275349101854,0.010849689913400462,96,R3_Bottom2,0.08344253079640411,0.07752109968012189,False
31,5,Jordin Sparks,0.08793127672739513,0.08783546519609321,0.001580227253196943,0.017971162389646283,0.08503359710363406,0.09097468198767328,0.005941084884039216,0.08466225777864199,0.09124785342696637,0.00658559564832438,96,R3_Bottom2,0.08402492740584463,0.09421383187698684,False
31,5,Joseph Baena,0.06569693864132208,0.06556282804396926,0.0022360954175013473,0.03403652382814208,0.06189515099255907,0.07034029773171321,0.008445146739154141,0.0612682652035395,0.07066304157092217,0.009394776367382666,96,R3_Bottom2,0.07265426871248877,0.35293729363418164,True
31,5,Selma Blair,0.0827305350836142,0.08269230637605626,0.0010899548263815664,0.013174758573481599,0.08082054075574135,0.08501021560810489,0.004189674852363531,0.08053909365138864,0.08510491510493255,0.0045658214535439084,96,R3_Bottom2,0.08342349911156868,0.030451547233179395,False
31,5,Shangela,0.08409753800459958,0.0842243811053357,0.0011196280185591133,0.013313445852575103,0.08160658253804504,0.08588439946680905,0.004277816928764014,0.08134831076134562,0.08600371182652175,0.004655401065176132,96,R3_Bottom2,0.08359831078845993,0.05682018913269388,False
31,5,Trevor Donovan,0.08778526755754874,0.08758687481633669,0.0011630876718293863,0.013249235369327882,0.08577046500764555,0.09055459827095652,0.004784133263310966,0.08560000613915245,0.09101600970688334,0.005416003567730893,96,R3_Bottom2,0.08617697804583098,0.08517358338953306,False
31,5,Vinny Guadagnino,0.09240380009620587,0.09200268699211014,0.0022787208914588747,0.024660467308556498,0.08925727179498814,0.0975373534652501,0.008280081670261952,0.08893142524351368,0.09859896460985054,0.009667539366336866,96,R3_Bottom2,0.08738484997066405,0.12905169330728733,False
31,5,Wayne Brady,0.08283911622577807,0.08289358383811365,0.00083104383447596,0.010032021976320334,0.08123311731546462,0.0841934970379294,0.0029603797224647815,0.08063447753200909,0.08438598118987482,0.0037515036578657374,96,R3_Bottom2,0.08302933977240122,0.027258662968342746,False
31,6,Charli D'Amelio,0.09863615023816764,0.09870473420391773,0.0010038245905376149,0.010177045516413323,0.0962094255926627,0.10056737793197879,0.004357952339316087,0.09599408679022682,0.10064352286003013,0.004649436069803309,96,R3_Bottom2,0.09912190253697199,1.761765185443144e-05,False
31,6,Daniel Durant,0.10148148360530496,0.10103279970488194,0.0023630991027275543,0.023286012568740404,0.09796759007348133,0.10751331452104872,0.009545724447567391,0.09790711850224397,0.10871564110016439,0.010808522597920422,96,R3_Bottom2,0.10093334292467776,0.06093100201552512,False
31,6,Gabby Windey,0.09826025760309332,0.0982873787631819,0.0018325588672344173,0.018650051525783164,0.09528383518100814,0.10300000890653237,0.007716173725524231,0.09460752517793192,0.10512772598469194,0.010520200806760027,96,R3_Bottom2,0.10021625595382709,0.015009619710475198,False
31,6,Heidi D'Amelio,0.10073019391004372,0.10068269185084404,0.001787245579489028,0.017742898232531085,0.09769566872060272,0.10434853440222827,0.0066528656816255555,0.09767350157101926,0.10471310211568385,0.007039600544664598,96,R3_Bottom2,0.10027218631050754,0.03294330173886346,False
31,6,Jessie James Decker,0.07857362776217769,0.0783935602109195,0.0025637339576196423,0.03262842801886926,0.0742730702327168,0.08363403342407452,0.009360963191357721,0.07349145866632091,0.08438572002449969,0.01089426135817878,96,R3_Bottom2,0.08592404033699584,0.41245543323255807,True
31,6,Jordin Sparks,0.10020823740483799,0.10054302092589115,0.0032675408571311943,0.032607507543820344,0.09347523898047315,0.1054673576813237,0.011992118700850554,0.09325554728766235,0.10612835000039812,0.012872802712735776,96,R3_Bottom2,0.10216773119692041,0.08394637730507189,False
31,6,Shangela,0.10073845159065042,0.10079956169628454,0.0016802663867777872,0.016679493879909243,0.09730117571321216,0.10425540503650851,0.006954229323296354,0.09710206544061664,0.10486769534953756,0.007765629908920921,96,R3_Bottom2,0.100176370264884,0.047381079200011764,False
31,6,Trevor Donovan,0.10384161339719898,0.10376718793991291,0.0016519688230726888,0.01590854349261535,0.10129272198340963,0.10807962030684472,0.006786898323435084,0.1011365246843158,0.1085565117839605,0.007419987099644698,96,R3_Bottom2,0.10276173262764314,0.09158429660873992,False
31,6,Vinny Guadagnino,0.11424799007336679,0.11376848857032934,0.0034315841252267024,0.030036275675598644,0.10898934366034976,0.12181638880921537,0.01282704514886561,0.10836870874038768,0.12337810457868743,0.015009395838299758,96,R3_Bottom2,0.10600932945477985,0.15300610693431435,False
31,6,Wayne Brady,0.10328199441515847,0.1034528753764049,0.0014785562131532563,0.014315720968845388,0.10012232115866912,0.10577075275865336,0.005648431599984238,0.09997044491372521,0.10586195300308114,0.005891508089355929,96,R3_Bottom2,0.10241710839279236,0.1027251655025858,False
31,7,Charli D'Amelio,0.10946264921388689,0.10956081007895085,0.0013234548331248295,0.012090469604283343,0.10675426360522723,0.11122280143385019,0.0044685378286229566,0.10640868260347343,0.11187741201508505,0.005468729411611625,96,R3_Bottom2,0.11047079355741392,0.0035012751977073326,False
31,7,Daniel Durant,0.1117949155963554,0.11115830031607485,0.002579133338146126,0.023070220361883862,0.10873682965959261,0.1204048251917249,0.011667995532132297,0.10870895802027153,0.1217661060392338,0.013057148018962267,96,R3_Bottom2,0.11232482786004991,0.04428424689131094,False
31,7,Gabby Windey,0.11332455810434532,0.11308887552401166,0.001719421773708455,0.015172543378684709,0.11023638808680936,0.11734163767818101,0.007105249591371654,0.11019453541207017,0.11887118691665206,0.008676651504581898,96,R3_Bottom2,0.11279792713458693,0.078819069049044,False
31,7,Heidi D'Amelio,0.11303663734142327,0.11347157290818301,0.0020052102232082044,0.017739471647157515,0.10709646119412028,0.11590284523818474,0.00880638404406446,0.1065092816265427,0.11619130856053589,0.009682026933993185,96,R3_Bottom2,0.11322583651486606,0.10645015714305586,False
31,7,Jordin Sparks,0.09186611607091776,0.09224707018269711,0.0029234630220451277,0.03182308284142878,0.08627410038073002,0.09672276099035676,0.010448660609626736,0.08574309911429355,0.09690582277262816,0.011162723658334608,96,R3_Bottom2,0.09642024733496954,0.44784533285011374,True
31,7,Shangela,0.11387587041194862,0.11398903177216363,0.001721806069914801,0.015120025547871795,0.11052159102235506,0.11726553186476533,0.00674394084241027,0.11023660387532123,0.11742941310370328,0.007192809228382044,96,R3_Bottom2,0.1137240148415921,0.0799388604390448,False
31,7,Trevor Donovan,0.11139529805436144,0.11085383223670715,0.0021964245131734133,0.019717389795945853,0.10843932614938184,0.11681487476718722,0.008375548617805373,0.10831777808117407,0.11713769044523625,0.008819912364062182,96,R3_Bottom2,0.11162588875750917,0.019238703880362414,False
31,7,Vinny Guadagnino,0.12312644040102703,0.12288888813389306,0.0023261975350652568,0.01889275388363987,0.11950758519739405,0.128457964304214,0.00895037910681995,0.1194570625540389,0.1288993268230913,0.009442264269052397,96,R3_Bottom2,0.11766884389151269,0.1706589913638485,False
31,7,Wayne Brady,0.11211751480573433,0.11200647473254444,0.0012914402573944743,0.011518630783353955,0.1099522662983577,0.11464786327277206,0.004695596974414351,0.10989227871847963,0.11518968810512961,0.005297409386649979,96,R3_Bottom2,0.1117416201074997,0.049263363085512636,False
31,8,Charli D'Amelio,0.12934524655621235,0.12914211259901393,0.0011385283180456883,0.008802243208457556,0.12767423802016808,0.13198861448758928,0.004314376467421194,0.12754547397157176,0.1322341815639226,0.004688707592350849,96,R3_Bottom2,0.1279959566871282,0.0019246031329747894,False
31,8,Daniel Durant,0.130757902623574,0.13080270761520035,0.0015148443283513205,0.01158510727043593,0.127865374920211,0.13375294151333242,0.005887566593121424,0.1273978517176462,0.13407383335710873,0.006675981639462536,96,R3_Bottom2,0.1307728777555562,0.04622397980839467,False
31,8,Gabby Windey,0.13075339815277684,0.13067485249004562,0.0015477682926781876,0.011837308357138995,0.12844446831252535,0.1345939625529413,0.0061494942404159425,0.1282136962656616,0.1354769106370629,0.007263214371401316,96,R3_Bottom2,0.13024846300197943,0.04008791282699649,False
31,8,Heidi D'Amelio,0.1105134650038403,0.11073779272341333,0.0025354005664692415,0.022942005902910904,0.1047249523064645,0.11475965919047817,0.010034706884013672,0.10309546191283663,0.11540112746385503,0.012305665551018405,96,R3_Bottom2,0.11311062601060319,0.26565582668598076,True
31,8,Shangela,0.13031384075974745,0.12985557599956393,0.0018132026732630897,0.01391412195889455,0.12830205011908036,0.13492932688948547,0.006627276770405116,0.12811761731568572,0.13513695481360058,0.007019337497914863,96,R3_Bottom2,0.12928777601433486,0.025843894604651245,False
31,8,Trevor Donovan,0.13174752783490787,0.1316382706537727,0.0012867384591384496,0.00976669908182911,0.12944586345802833,0.13476397869218915,0.005318115234160814,0.12936944516617496,0.1351956657230784,0.005826220556903433,96,R3_Bottom2,0.13041838530684297,0.06627257953150521,False
31,8,Vinny Guadagnino,0.10747255071770893,0.10749502925677323,0.002639470730297964,0.02455948716831787,0.10085706224198851,0.11288427040312367,0.012027208161135158,0.10066143410751582,0.11366517009956321,0.013003735992047391,96,R3_Bottom2,0.10943614450835025,0.5442690729804451,True
31,8,Wayne Brady,0.12909606835123225,0.1288490841331898,0.0015389266668956012,0.01192078648521376,0.1273519167081615,0.13283391314888948,0.005481996440727971,0.12717057853051209,0.13402376418135487,0.00685318565084278,96,R3_Bottom2,0.1287297707152049,0.009722130329051648,False
31,9,Charli D'Amelio,0.17277088381082203,0.17254586875346117,0.0019605301959989187,0.011347572882393943,0.17007593167776056,0.17688443234719403,0.006808500669433476,0.16998457064632025,0.17875072171359252,0.008766151067272271,96,R3_Bottom2,0.1706789238306161,0.0033130770309490517,False
31,9,Daniel Durant,0.15026187689291234,0.15058487189054998,0.0035325571700125687,0.023509337451775133,0.1419350783694549,0.1553022357993545,0.013367157429899607,0.14161486904005105,0.15570103885796782,0.014086169817916772,96,R3_Bottom2,0.15511669166753964,0.2170198322631663,True
31,9,Gabby Windey,0.17306961800657594,0.17236819747233656,0.0027699718951330284,0.016004957583183554,0.17038375641810932,0.18156567801777562,0.0111819215996663,0.17026296158111362,0.1832340399082933,0.01297107832717967,96,R3_Bottom2,0.17260614659862203,0.015042273820689442,False
31,9,Shangela,0.17876320196685958,0.17873863836145754,0.0027209871805892977,0.015221181712183328,0.17522937927661994,0.18352483973767328,0.008295460461053339,0.174613464256197,0.18375258740701003,0.009139123150813028,96,R3_Bottom2,0.17576082670728638,0.05816021510680961,False
31,9,Trevor Donovan,0.14436531261182953,0.1446752051846233,0.004021100539562238,0.02785364757512216,0.13613428471464056,0.15185149363539363,0.015717208920753067,0.1359512903012948,0.15187104247242245,0.01591975217112765,96,R3_Bottom2,0.1499186851596646,0.6337156536953258,True
31,9,Wayne Brady,0.18076910671100063,0.18020032644109166,0.0030867576820793967,0.017075692513180703,0.1759281745695282,0.188505488361398,0.012577313791869799,0.17568020307968163,0.18987539681500346,0.014195193735321826,96,R3_Bottom2,0.1759187260362712,0.07274894798305984,False
31,10,Charli D'Amelio,0.2516917189336529,0.2516340710140127,0.008408870707702125,0.033409405535184664,0.2342690531414219,0.2680858894241681,0.033816836282746204,0.2337168687199239,0.2700129717086245,0.03629610298870059,96,R3_Bottom2,0.25064556885372463,0.03906640552966419,False
31,10,Gabby Windey,0.2440880367371173,0.2432501942661403,0.008614113544859883,0.03529101081728671,0.23077180312908224,0.26300265975209736,0.032230856623015114,0.2301575874154521,0.2666745721420394,0.03651698472658729,96,R3_Bottom2,0.24506870536591682,0.17260050595051563,False
31,10,Shangela,0.2494739268923568,0.25011222868836236,0.008390541365970632,0.03363293900284413,0.23341910658035475,0.2652702624260785,0.03185115584572373,0.23154605022961056,0.2662218092600144,0.03467575903040382,96,R3_Bottom2,0.2512444693246218,0.40436968214199753,False
31,10,Wayne Brady,0.25474631743687304,0.25408233236815037,0.008867547519326353,0.034809325640296096,0.23794442901674015,0.2741698738098104,0.036225444793070244,0.23641390535706464,0.27780054537052384,0.04138664001345921,96,R3_Bottom2,0.2530412564557367,0.3839634062778227,False
24,1,Bonner Bolton,0.08456222848829902,0.08431728018485046,0.007976694364039737,0.09432928278543987,0.07173920878093004,0.09925804503126649,0.02751883625033645,0.06994852387692369,0.10036446822095377,0.030415944344030083,92,R2_Percent,0.11586874036301838,0.06260756397691405,False
24,1,Charo,0.07175578568408161,0.07189413742594429,0.006803393130548649,0.09481316476000794,0.05914878999282218,0.08542824136266994,0.02627945136984776,0.058205946380733425,0.08682854940752449,0.028622603026791066,92,R2_Percent,0.017898180694062873,0.12618057227780707,False
24,1,Chris Kattan,0.06415896496160099,0.06361976089552965,0.005567823933011206,0.08678169818268636,0.05324161122443814,0.07460263992425611,0.02136102869981797,0.05270904540601676,0.07551871200924797,0.022809666603231207,92,R2_Percent,0.015745478208915996,0.14036692618549276,False
24,1,David Ross,0.09610705353388363,0.09548063568521759,0.009986411738625632,0.10390924881600713,0.07843711022544361,0.11550027188544951,0.037063161660005894,0.077888934543923,0.11782988178786995,0.03994094724394695,92,R2_Percent,0.19219383648831287,0.03217768340245031,False
24,1,Erika Jayne,0.08109706215872896,0.08088839093685317,0.0076722064547008785,0.09460523292057471,0.06648569393215203,0.09754252870458295,0.031056834772430916,0.06604304647629335,0.0981507009564255,0.032107654480132156,92,R2_Percent,0.023833288658431907,0.11305879006318294,False
24,1,Heather Morris,0.08259086640190742,0.08274052104532431,0.007147891346349201,0.0865457847550092,0.07072610802767702,0.09604042863121161,0.025314320603534585,0.0689996801461938,0.09932862864032879,0.03032894849413499,92,R2_Percent,0.027981448321793424,0.10023869761876437,False
24,1,Mr. T,0.0769053225425171,0.07608106871926308,0.007092381771218073,0.09222224856149651,0.06242227677784305,0.09167158718417254,0.029249310406329485,0.061555150839990184,0.09279468559543821,0.03123953475544803,92,R2_Percent,0.02077874825856253,0.12655717626555382,False
24,1,Nancy Kerrigan,0.08221065717474327,0.0818462258626512,0.008899309527643534,0.10825007162669388,0.06513737208254754,0.10144075272458163,0.03630338064203409,0.06437403155241321,0.1029088412232998,0.038534809670886586,92,R2_Percent,0.05352660607174518,0.08399795819255645,False
24,1,Nick Viall,0.08544598649470515,0.0852835428010187,0.00784379074155092,0.09179823492396541,0.07079513510604832,0.10093517218842146,0.030140037082373144,0.06877281777750169,0.10190357944399348,0.03313076166649179,92,R2_Percent,0.04005070295806115,0.10105755573182118,False
24,1,Normani,0.0944672522609762,0.09180386676918528,0.008954990562204192,0.09479465473881937,0.08144793739019793,0.11471802791352832,0.033270090523330395,0.08057347932185081,0.11716283235556624,0.036589353033715424,92,R2_Percent,0.18291423673683332,0.035106862676453326,False
24,1,Rashad Jennings,0.09518796126484795,0.09543277008755884,0.008577054039240521,0.09010650007910138,0.08037035935417612,0.11096011091461065,0.03058975156043453,0.0793843014309086,0.11169445140809875,0.032310149977190145,92,R2_Percent,0.18575242677354478,0.03140940720372472,False
24,1,Simone Biles,0.08551085903370867,0.08514516091385044,0.007953631545736122,0.09301311711300636,0.07325483039693971,0.10331086528160904,0.030056034884669333,0.0728040058971269,0.10541457859366506,0.03261057269653815,92,R2_Percent,0.1234563064667176,0.047240806405278904,False
24,2,Bonner Bolton,0.085769751138886,0.0855544328487455,0.008684081739422757,0.10124876922355436,0.07137803176941507,0.10206949845107971,0.030691466681664642,0.07078707994739643,0.10306765101750555,0.03228057107010912,92,R2_Percent,0.12057801461565194,0.05589480882082168,False
24,2,Charo,0.06037346101229978,0.06028374659977124,0.005535447675001797,0.09168677068015149,0.050164703599325816,0.07163117437487955,0.021466470775553734,0.049602403575123175,0.07280333466035124,0.02320093108522807,92,R2_Percent,0.015666788438250912,0.12306371917143369,False
24,2,Chris Kattan,0.053029472420541,0.052644555239417606,0.004596165695113291,0.08667191064365488,0.04441317047861868,0.06223038638228096,0.01781721590366228,0.04374278521844013,0.0627930613041179,0.01905027608567776,92,R2_Percent,0.013363025510311316,0.13321071556507352,True
24,2,David Ross,0.10450882242730532,0.10354322343426896,0.01166412961582815,0.11160904261400069,0.08390860769293071,0.12674594165767808,0.04283733396474737,0.08386427148335857,0.129388695100668,0.045524423617309434,92,R2_Percent,0.19338493028889908,0.03449361872333021,False
24,2,Erika Jayne,0.07764111725663238,0.07759068979869413,0.007294163113553794,0.09394716834694572,0.06364220668580475,0.09317977878362887,0.029537572097824122,0.06313306518775713,0.09418774735191203,0.031054682164154898,92,R2_Percent,0.021835527515749176,0.11068942384381096,False
24,2,Heather Morris,0.08424009863344528,0.08477464563891518,0.00742993178002139,0.08819946676880473,0.07191183331607351,0.09752657387772759,0.02561474056165408,0.06963993600020814,0.09961220400360286,0.029972268003394725,92,R2_Percent,0.026326322151949414,0.10286951041517979,False
24,2,Mr. T,0.0700619117893217,0.06959578041914305,0.006179822432167889,0.0882051641803724,0.0574367168565096,0.08311356899733503,0.025676852140825435,0.05656797847378542,0.08385736520394678,0.02728938673016136,92,R2_Percent,0.018569723936161138,0.12849680275469255,False
24,2,Nancy Kerrigan,0.08186762866793351,0.08135026230978418,0.009177801073183745,0.11210537330218984,0.0641356414996663,0.10204100341363485,0.03790536191396855,0.06364722126892394,0.10367631955887482,0.04002909828995088,92,R2_Percent,0.05254596214906868,0.0894987725049156,False
24,2,Nick Viall,0.08878612549289203,0.08837944321024638,0.008619884281372114,0.09708593807331077,0.07459664895000157,0.10637642855616132,0.031779779606159755,0.07188998510858932,0.10735284261454538,0.035462857505956055,92,R2_Percent,0.039626454957982594,0.10426246001814332,False
24,2,Normani,0.10197499292294485,0.09914871992187936,0.010410280391764967,0.1020866007770284,0.08695796385756299,0.12604220783721157,0.039084243979648575,0.0863325505250226,0.12861739779760684,0.04228484727258423,92,R2_Percent,0.18303227157205204,0.03334570485249378,False
24,2,Rashad Jennings,0.10175777294447781,0.10183081150807434,0.009873798127255097,0.097032372481683,0.08475368861137858,0.12011053596259974,0.03535684735122116,0.0842389592235056,0.12131344789783059,0.03707448867432499,92,R2_Percent,0.18524419900473832,0.03283921431554964,False
24,2,Simone Biles,0.0899888452933203,0.08959197492065497,0.009052134245695299,0.10059173685571474,0.07590450660026839,0.11022048708515088,0.03431598048488249,0.0756612227165484,0.11350876342966922,0.03784754071312081,92,R2_Percent,0.12982677985918542,0.05133524901455524,False
24,3,Bonner Bolton,0.09545544557113458,0.09572678053566797,0.00966928479931357,0.10129631412288469,0.07958087472748718,0.11405865453362903,0.03447777980614185,0.07902797325545982,0.1155877860823185,0.036559812826858676,92,R2_Percent,0.12696494541027636,0.06847770370000235,False
24,3,Charo,0.055852855523351265,0.0561156761283209,0.005337599351025856,0.09556537980039863,0.046092469394681035,0.06593484156663454,0.019842372171953504,0.04552906238588706,0.06725954584393003,0.021730483458042966,92,R2_Percent,0.013694777919179257,0.14994828496228854,True
24,3,David Ross,0.1174347984603229,0.11690680960806804,0.013390334709933468,0.11402356784780103,0.09391781548183767,0.14391048614579383,0.04999267066395616,0.09381149230982085,0.1458493650505716,0.052037872740750765,92,R2_Percent,0.19741364789585567,0.03606288035839939,False
24,3,Erika Jayne,0.07637190346580781,0.07605405421316636,0.0067185225398491396,0.08797112858208471,0.06331296419256281,0.09023011009482719,0.026917145902264378,0.06325027292097855,0.09162370970202861,0.02837343678105006,92,R2_Percent,0.020110095546163265,0.1372721273203982,False
24,3,Heather Morris,0.08205904229190147,0.08230731173839065,0.006885283940778949,0.0839064623285089,0.07032360066467933,0.09519697556860478,0.024873374903925452,0.06844744087733398,0.09698332191659029,0.028535881039256306,92,R2_Percent,0.024105055222073343,0.11449753964330138,False
24,3,Mr. T,0.06238726798045612,0.0621690903241961,0.005290165735879846,0.08479559863940637,0.05152372399535667,0.07331696329481595,0.021793239299459276,0.05041198485463327,0.07409097318035382,0.023678988325720553,92,R2_Percent,0.016521741838733384,0.14704358768092618,False
24,3,Nancy Kerrigan,0.08901718221608233,0.08852448724329876,0.010231071013848136,0.11493366515481249,0.06932845705619144,0.11258012868803462,0.04325167163184318,0.06861412713592735,0.1133355568284113,0.04472142969248395,92,R2_Percent,0.051949327880200374,0.09443224498786801,False
24,3,Nick Viall,0.09358235250716353,0.09291564562655169,0.00925542762572742,0.0989014208102851,0.07875848007928378,0.1130574100888015,0.034298930009517725,0.07572831338998393,0.11382934139732027,0.03810102800733635,92,R2_Percent,0.038496718119509665,0.12087265273898752,False
24,3,Normani,0.11376164866413,0.1116330004592469,0.011957735420756637,0.10511218465249803,0.09644273037940686,0.142264777716708,0.04582204733730115,0.09587005420135236,0.1439950850692182,0.04812503086786585,92,R2_Percent,0.18568043043435165,0.03661845208242692,False
24,3,Rashad Jennings,0.11490168111951757,0.11472251605809577,0.01144702209416536,0.09962449620087353,0.09502572870195836,0.13661275113547575,0.04158702243351739,0.0940526280084638,0.13788147212676297,0.04382884411829917,92,R2_Percent,0.18909800765461013,0.040800960884090326,False
24,3,Simone Biles,0.09917582220013241,0.09897737531920237,0.01037553419118424,0.10461757675421005,0.08319809182682932,0.12134423614973561,0.03814614432290629,0.08259979064169518,0.12635986929876317,0.04376007865706799,92,R2_Percent,0.13596525207904686,0.05397356564131115,False
24,4,Bonner Bolton,0.1009712408037192,0.10097767083478708,0.010202418930784676,0.10104282020875074,0.08528313486377606,0.12114825096547868,0.03586511610170262,0.08421695191676934,0.12384119739054741,0.039624245473778075,92,R2_Percent,0.12798840958762053,0.07212008237817163,False
24,4,David Ross,0.13534187168210834,0.13437370810417698,0.015053059940464918,0.11122248978366148,0.10943572777621764,0.16565130819463392,0.056215580418416275,0.10853738617438027,0.1665883590358099,0.05805097286142963,92,R2_Percent,0.20595690006328754,0.04295052392492605,False
24,4,Erika Jayne,0.06842310785777612,0.06759114314011,0.005884805605445136,0.08600611386546865,0.0572148080803838,0.0806312971830117,0.02341648910262789,0.057008015742193746,0.0822064113557193,0.025198395613525548,92,R2_Percent,0.017962682605217887,0.1611146236520517,False
24,4,Heather Morris,0.07955390459069833,0.07971135466964686,0.006171442201227322,0.07757560402571245,0.06877402637792103,0.09077051804257527,0.02199649166465424,0.06677680323877981,0.09227798327092704,0.025501180032147228,92,R2_Percent,0.021901271538165096,0.14099636430218762,False
24,4,Mr. T,0.05998806952984442,0.059612132344398695,0.005126929811949728,0.08546582432360236,0.04951744843378544,0.06992131878722033,0.02040387035343489,0.04895054021780288,0.07053338593749224,0.02158284571968936,92,R2_Percent,0.01456078527187695,0.17210541951397934,True
24,4,Nancy Kerrigan,0.08926826354930129,0.08846012898346665,0.010317719273475162,0.11558104597583964,0.06974907665672161,0.11329503793855433,0.04354596128183272,0.06826763463961917,0.11389427149374738,0.04562663685412821,92,R2_Percent,0.04893409012341159,0.12201325796242882,False
24,4,Nick Viall,0.09437378693465502,0.09424406541826905,0.00937172879899988,0.0993043630376825,0.07892319823499161,0.11359062247867172,0.034667424243680106,0.07688733270420402,0.11408640980494093,0.037199077100736916,92,R2_Percent,0.03593057221336567,0.14227840906562267,False
24,4,Normani,0.129084990178,0.127146543058194,0.013284002931081711,0.10290896650930458,0.10975592166267147,0.16139685494324724,0.05164093328057577,0.10941132013631896,0.16199042682520814,0.05257910668888918,92,R2_Percent,0.1910823830431562,0.04660689939774071,False
24,4,Rashad Jennings,0.1330093886772486,0.1322190890474676,0.012764083349419657,0.09596377726682212,0.110490558144018,0.1568928937461128,0.046402335602094794,0.10957735612599856,0.15884542674142216,0.0492680706154236,92,R2_Percent,0.1952559098229639,0.039028397733904645,False
24,4,Simone Biles,0.10998537619664864,0.10982136307363868,0.011550130784706169,0.10501515005099481,0.09191672286983407,0.1331530042522217,0.041236281382387635,0.09103254014628405,0.1398935461227239,0.048861005976439845,92,R2_Percent,0.14042699573093456,0.06078602206898675,False
24,5,Bonner Bolton,0.10446162867430074,0.10432874472009566,0.009939048238839374,0.09514544589217708,0.08909386700943762,0.12409739376375778,0.035003526754320155,0.08791629970781138,0.12788073629982435,0.03996443659201297,92,R2_Percent,0.12526564044183647,0.0950307993035423,False
24,5,David Ross,0.15756060067351965,0.15692953409571958,0.01654534294211544,0.10500939239498674,0.12880477670216245,0.19118065895546582,0.06237588225330337,0.1274008713050793,0.1922268945566312,0.0648260232515519,92,R2_Percent,0.21824084682017458,0.05109124837580368,False
24,5,Erika Jayne,0.0658726565770502,0.06512689076521287,0.005874496977501223,0.08917959716153116,0.05537811543299921,0.07840557506176297,0.023027459628763763,0.054282059821325744,0.07997510183777132,0.025693042016445573,92,R2_Percent,0.015730544728892154,0.19375890089436743,True
24,5,Heather Morris,0.0717118619933848,0.07185086221213341,0.0055111327545469746,0.0768510620328804,0.06180452105009085,0.08235621742022509,0.020551696370134237,0.05987415519002511,0.08429078128922739,0.024416626099202275,92,R2_Percent,0.01935258496300188,0.18055366281792404,False
24,5,Nancy Kerrigan,0.08781636746194814,0.08727241563747301,0.009826707242701321,0.11190063454810231,0.06932724496260294,0.11008091185725785,0.040753666894654914,0.06777455663758744,0.11036243646939939,0.04258787983181195,92,R2_Percent,0.04478553425104186,0.1446792278636632,False
24,5,Nick Viall,0.09106948398783932,0.09168742592683948,0.009000530405865919,0.09883146375428872,0.07710949297773367,0.11009010501053006,0.03298061203279638,0.07488537121487333,0.11037319575145993,0.035487824536586596,92,R2_Percent,0.032393486064664814,0.16497442195924408,False
24,5,Normani,0.1504437528149976,0.14836055638307707,0.0148060765873964,0.09841602798624415,0.12901717621600922,0.1856076756579252,0.056590499441915965,0.12875037842979123,0.18697145998451362,0.05822108155472239,92,R2_Percent,0.19896408071958768,0.0464967559081468,False
24,5,Rashad Jennings,0.14925344232985058,0.1487843710605281,0.014201704716880873,0.09515160585372001,0.1235393841786313,0.17576914847101063,0.05222976429237933,0.12209559260513218,0.17793618220707533,0.055840589601943144,92,R2_Percent,0.20274680821166322,0.05311929020865856,False
24,5,Simone Biles,0.12181020548710897,0.12164672094755417,0.012615966285203815,0.10357068387458675,0.1012500002030351,0.1449816736561763,0.04373167345314122,0.10070269988079068,0.15344411768154356,0.05274141780075288,92,R2_Percent,0.1425204737991373,0.07029569266864984,False
24,6,Bonner Bolton,0.10317240172069743,0.10320413685063873,0.008866590305859361,0.08593955513280092,0.08889496395048314,0.12059723722389479,0.031702273273411644,0.08809680494222413,0.12404650277293218,0.03594969783070805,92,R2_Percent,0.1162337814046141,0.11917024697785605,False
24,6,David Ross,0.18148011993813726,0.18037277101095406,0.018246094072324495,0.10054045632405469,0.1500542667620491,0.2179551346176483,0.06790086785559918,0.14831205690298216,0.22207131987649545,0.07375926297351329,92,R2_Percent,0.23274053074324996,0.053905727328773904,False
24,6,Heather Morris,0.0701878775583259,0.07014093688710578,0.005682426902853301,0.08096023274291522,0.05925662258810931,0.08077435772910944,0.02151773514100013,0.05771444070207278,0.08261537651403453,0.024900935811961747,92,R2_Percent,0.016687231293384702,0.20600392781873406,True
24,6,Nancy Kerrigan,0.07889178505263285,0.07816598308698554,0.008488127769672097,0.10759203590093977,0.06324780967487578,0.09822694310832517,0.03497913343344938,0.06092694724243174,0.09883465205697321,0.037907704814541476,92,R2_Percent,0.03887567028723991,0.19332877580998595,False
24,6,Nick Viall,0.08247416950723988,0.08240784067394333,0.007768226179167755,0.09418980785839659,0.07038077973404336,0.09877402640542476,0.028393246671381406,0.06857730690142878,0.09948443658248816,0.03090712968105938,92,R2_Percent,0.027967674544304738,0.22521175214298572,False
24,6,Normani,0.17158650259063557,0.1692852255431641,0.016041044837584874,0.09348663557677947,0.14705873677790518,0.21050930944594415,0.06345057266803897,0.1459381855530203,0.21061656005043936,0.06467837449741906,92,R2_Percent,0.2091292537309355,0.05581262726927213,False
24,6,Rashad Jennings,0.176480803447639,0.1759183452801642,0.015638495019590134,0.0886130089736927,0.1481246169033314,0.20619569440693772,0.05807107750360632,0.14725438147792097,0.20977428731315842,0.06251990583523745,92,R2_Percent,0.21556508831113944,0.0547726074425257,False
24,6,Simone Biles,0.13572634018469215,0.13583959059452738,0.01403440887911426,0.10340224940874908,0.11230494667246028,0.1618440086577467,0.04953906198528642,0.11175952020218992,0.17108942198896107,0.05932990178677115,92,R2_Percent,0.14280076968513172,0.09179433520986652,False
24,7,Bonner Bolton,0.0928391541892099,0.09271024506402932,0.007560124971670872,0.08143250590438421,0.08059574762398712,0.10817024703010039,0.02757449940611327,0.0801798610882094,0.11102348494328644,0.030843623855077038,92,R2_Percent,0.10048191811960847,0.17920339503283397,False
24,7,David Ross,0.2105209907709658,0.20930885582134232,0.02005320886399663,0.09525515147234566,0.1740580886326571,0.24931605529230136,0.07525796665964427,0.1729256803615524,0.25316899489072664,0.08024331452917424,92,R2_Percent,0.25388641130267725,0.0603207569143005,False
24,7,Nancy Kerrigan,0.07790592886429885,0.07732922198874158,0.008259625814546917,0.10602050363758606,0.06307370759350248,0.0967960290757969,0.033722321482294426,0.06079914181954277,0.09786483407138989,0.037065692251847124,92,R2_Percent,0.032122031152314996,0.2508343296928523,True
24,7,Nick Viall,0.08066780373845724,0.08078836885643131,0.007371170014657429,0.09137685263573536,0.06891418462564897,0.09728050500159058,0.02836632037594161,0.06745436572031305,0.09787370546423467,0.030419339743921622,92,R2_Percent,0.022906233412655398,0.28238246403360595,True
24,7,Normani,0.1994876326287804,0.19738968066857848,0.017513200957852533,0.08779091078012961,0.17145417308631838,0.24099608560145136,0.06954191251513298,0.17127476291399021,0.24199539751345508,0.07072063459946487,92,R2_Percent,0.22434236785219624,0.0562950962669813,False
24,7,Rashad Jennings,0.19889847354925402,0.19861301317132185,0.017427335658127565,0.08761925291403488,0.16871436134770812,0.23170286315763963,0.06298850180993151,0.1667885212081666,0.2370631231605356,0.07027460195236901,92,R2_Percent,0.22943658474200324,0.05899236089176274,False
24,7,Simone Biles,0.1396800162590338,0.13858841580450043,0.013641889640124964,0.09766529246980006,0.11629243185245551,0.16335366601211587,0.04706123415966036,0.11557258057314763,0.17151811878899564,0.05594553821584801,92,R2_Percent,0.13682445341854452,0.11197159716766322,False
24,8,Bonner Bolton,0.09952017344074159,0.09928386621343752,0.00836348859416944,0.08403812317659802,0.0865179930931589,0.11509695992347353,0.028578966830314634,0.0854773830083038,0.11903720073420912,0.033559817725905314,92,R2_Percent,0.06828892331839483,0.47855373989974365,True
24,8,David Ross,0.2603059580838001,0.2591282985020896,0.024299383501848175,0.09334931739835742,0.21708996031850583,0.3071203639874148,0.09003040366890899,0.2146750773450176,0.3118197679521057,0.09714469060708811,92,R2_Percent,0.2907358887525724,0.08936599141658993,False
24,8,Normani,0.2490309167878648,0.24667277053723208,0.020128222022837535,0.08082619733510284,0.21576765526074915,0.2978045341522211,0.08203687889147193,0.21429714486851087,0.299938195445484,0.08564105057697313,92,R2_Percent,0.2583754103044927,0.08469739282675916,False
24,8,Rashad Jennings,0.26243003824335615,0.26050838537034127,0.02123053457228458,0.08089978843274458,0.22331672594835125,0.29989107973738693,0.07657435378903568,0.21737883655327758,0.3072507961930007,0.08987195963972314,92,R2_Percent,0.2667243557326298,0.08654124712190692,False
24,8,Simone Biles,0.12871291344423744,0.1275231710434801,0.012328070226162065,0.09577959115580878,0.10774482323566208,0.15061117766739004,0.04286635443172797,0.10729400611266027,0.1579828933550703,0.050688887242410025,92,R2_Percent,0.1158754218919102,0.2608416287350002,False
24,9,David Ross,0.30090063531403105,0.29910580439334145,0.02719439476171575,0.0903766611636917,0.25192979969845375,0.3517794014115039,0.09984960171305013,0.2486994712814738,0.35420501094936485,0.10550553966789106,92,R2_Percent,0.3264865742723244,0.1336626112820975,False
24,9,Normani,0.28030235149169713,0.2788545163634897,0.022060559711056926,0.07870272794236756,0.24223845398798277,0.33382998403387676,0.09159153004589399,0.24091622681677188,0.33665233635201397,0.09573610953524209,92,R2_Percent,0.2939711483058152,0.1459538578981332,False
24,9,Rashad Jennings,0.29699602031710043,0.2938982136154731,0.023861350822865546,0.08034232511731626,0.2543326802274538,0.33948653818953134,0.08515385796207753,0.24878653246219684,0.3472066135732561,0.09842008111105927,92,R2_Percent,0.298758746520493,0.13800990299526242,False
24,9,Simone Biles,0.12180099287717149,0.1213912699452885,0.011441016461572147,0.09393204596541903,0.10249436738975169,0.1426884535174033,0.040194086127651615,0.10196079342870557,0.14953164536067834,0.047570851931972774,92,R2_Percent,0.08078353090136742,0.582373627824507,True
24,10,David Ross,0.33795984750695157,0.33657438675909046,0.03082212419794423,0.09120055067284359,0.28356778336740296,0.39511698367945086,0.1115492003120479,0.2825477794156823,0.40019223111098345,0.11764445169530113,92,R2_Percent,0.3538808704472176,0.32817791578491623,False
24,10,Normani,0.3313358477194503,0.32724032801785596,0.023793085621043476,0.07180957262792051,0.2931888920869833,0.3892739799356889,0.09608508784870562,0.29248497341704777,0.3907315987410135,0.09824662532396572,92,R2_Percent,0.3240554736110266,0.33695577108636215,False
24,10,Rashad Jennings,0.33070430477359813,0.32723288876488316,0.026578615482943966,0.08036972939054973,0.2817866080854981,0.38057894634662454,0.09879233826112643,0.27901330407586417,0.38724438539411876,0.1082310813182546,92,R2_Percent,0.3220636559417558,0.3348663131287216,False
30,1,Amanda Kloots,0.06627197199561487,0.06596923148632285,0.0025459317270047745,0.038416417232510235,0.06185746090584648,0.07136684672434206,0.009509385818495579,0.061568958571416414,0.07266597310101792,0.01109701452960151,114,R3_Bottom2,0.06445946458971819,0.004671707324069715,False
30,1,Brian Austin Green,0.07165983301061121,0.07202186522575203,0.0032506067672217415,0.04536162911153309,0.06539111819732567,0.07679735269746893,0.011406234500143261,0.06477554409435268,0.07695871552566,0.012183171431307316,114,R3_Bottom2,0.06595799859424847,0.05581557794651812,False
30,1,Christine Chiu,0.061878222175693505,0.06196409234345733,0.001759954711782142,0.02844223136833225,0.05793191882560444,0.06483399163913361,0.006902072813529177,0.05782835217209679,0.06486908516229536,0.007040732990198577,114,R3_Bottom2,0.07070082702850251,0.020362569199545412,False
30,1,Cody Rigsby,0.06927330395020703,0.06911140218297707,0.0022865994987366135,0.033008379395043703,0.06489502285050629,0.07355078039142636,0.008655757540920073,0.06465625737863358,0.07451545318318085,0.009859195804547277,114,R3_Bottom2,0.0704259059022313,0.035150084572408036,False
30,1,Iman Shumpert,0.06888127561073287,0.06851160391180114,0.002591070242447235,0.037616467167218115,0.06534786033410565,0.07535636938257873,0.010008509048473072,0.06518984341449788,0.07574736630616251,0.01055752289166463,114,R3_Bottom2,0.06858658190390034,0.08574004848076555,False
30,1,Jimmie Allen,0.06820851997096257,0.0679502854841716,0.0026760734195390157,0.039233711868814365,0.06401494980940037,0.07433600472836804,0.010321054918967676,0.06240991910739153,0.07483653416798924,0.012426615060597716,114,R3_Bottom2,0.06699872308737298,0.09915577692678991,False
30,1,JoJo Siwa,0.06682551227180482,0.06684079548015276,0.0030368279680030694,0.045444140490104035,0.06114912998563776,0.0726994706943829,0.011550340708745138,0.060874244101693106,0.07313578774931837,0.012261543647625259,114,R3_Bottom2,0.0654819561508421,0.004650195855237678,False
30,1,Kenya Moore,0.06780050014650352,0.06672410706855333,0.003073800172355561,0.04533595129407135,0.06447981999521873,0.07547321593456008,0.010993395939341344,0.06410639622495003,0.07589066798601798,0.011784271761067958,114,R3_Bottom2,0.06699928605206515,0.024168230404074134,False
30,1,Martin Kove,0.05283529321218751,0.05331152877715375,0.003242742281557284,0.06137454879893202,0.04613533007065261,0.05779606739865187,0.011660737327999257,0.04544859810210858,0.05787412927902386,0.012425531176915285,114,R3_Bottom2,0.06053120331897043,0.31688417412684877,False
30,1,Matt James,0.07177718750652684,0.07229494213663873,0.003001630889294932,0.04181873090279537,0.06502444695910269,0.07610393762177246,0.011079490662669778,0.06436479061175383,0.07638662039654318,0.012021829784789342,114,R3_Bottom2,0.06645862240885414,0.06916684953128825,False
30,1,Melanie C,0.06682897296446036,0.06579119817067648,0.0034103468416447034,0.05103096292469324,0.062424925830112825,0.0757743467603308,0.01334942093021798,0.06219019668470276,0.07613847031808155,0.013948273633378784,114,R3_Bottom2,0.0678322285752767,0.01679698748936705,False
30,1,Melora Hardin,0.06616780838609572,0.06587588925950161,0.002685088592953871,0.040579983808532887,0.06201721868463392,0.07296575411837992,0.010948535433746007,0.06170460369897296,0.07323916354909699,0.011534559850124027,114,R3_Bottom2,0.07066939036904804,0.019587060787155365,False
30,1,"Mike ""The Miz"" Mizanin",0.06708364528083936,0.06653063170689977,0.0024416014662790655,0.03639637434813703,0.06349221188845604,0.07254502002833887,0.009052808139882837,0.06335815860761293,0.0733946392400035,0.01003648063239057,114,R3_Bottom2,0.06428428115428644,0.1072142980039047,False
30,1,Olivia Jade,0.0666996576807809,0.06666225134160081,0.0028326042077464475,0.04246804715704928,0.06179027302642443,0.07178832402187516,0.009998050995450723,0.06158753040101165,0.07233630070709983,0.01074877030608818,114,R3_Bottom2,0.060105982371682416,0.13022143011035653,False
30,1,Suni Lee,0.06780829583697895,0.06782632454821863,0.0026921525987012745,0.03970240758112551,0.06282157932681695,0.07318338720075743,0.010361807873940476,0.06274914378406672,0.07376918148890861,0.01102003770484189,114,R3_Bottom2,0.07050754849300087,0.01041500914167077,False
30,2,Amanda Kloots,0.06546008709857377,0.06546929008125642,0.0008584496352157853,0.013114092468637869,0.06368365477701557,0.06694296606379421,0.0032593112867786433,0.06334038096041503,0.06713396477233244,0.0037935838119174115,114,R3_Bottom2,0.06694449302537621,0.0002657241188539759,False
30,2,Brian Austin Green,0.07423344849972782,0.07430613047214443,0.0022434772649926587,0.03022191896421038,0.06962220147912601,0.07770197332704717,0.008079771847921163,0.06919614292776781,0.07787398480194568,0.008677841874177875,114,R3_Bottom2,0.0678128309325971,0.06942648861679397,False
30,2,Christine Chiu,0.0594684979243947,0.059066970938054436,0.0033693565561700605,0.05665783858293669,0.05448743971805345,0.06760121983542136,0.013113780117367912,0.05403873922792468,0.06823644380654093,0.014197704578616244,114,R3_Bottom2,0.06764624298694388,0.0581063272044577,False
30,2,Cody Rigsby,0.07139006954624669,0.07123181292544035,0.0012690273182674168,0.01777596416887278,0.06923972136688172,0.07339233797562154,0.00415261660873982,0.06920714312673058,0.07420774483803694,0.0050006017113063544,114,R3_Bottom2,0.06751743635597414,0.06434909770758862,False
30,2,Iman Shumpert,0.0694477157854555,0.06936328548089497,0.0009091337951636415,0.013090909972794848,0.06812532430264913,0.07108763095369583,0.0029623066510467005,0.06769031349133228,0.07153044102685455,0.003840127535522264,114,R3_Bottom2,0.0676405485190221,0.04886982849589489,False
30,2,Jimmie Allen,0.06841404950327315,0.06825663223830898,0.0010614923385998197,0.01551570688048563,0.06697286636839109,0.07113855606913093,0.004165689700739841,0.06620538760686942,0.07163335346189065,0.005427965855021227,114,R3_Bottom2,0.06741880826326174,0.022975210869819265,False
30,2,JoJo Siwa,0.0662004947650893,0.06621367634454497,0.0010075986654112504,0.015220409892504392,0.06415541734314045,0.06843709312368436,0.004281675780543906,0.06379577474567681,0.06863249253661026,0.004836717790933448,114,R3_Bottom2,0.066723291507646,0.005085911249104354,False
30,2,Kenya Moore,0.0690356308047262,0.06856827657169985,0.0017931323819824498,0.025974013144813495,0.06692680589743981,0.07323689743867388,0.006310091541234075,0.06664310024033379,0.07336139594959372,0.006718295709259928,114,R3_Bottom2,0.06750986700130894,0.073603404455309,False
30,2,Martin Kove,0.04616032096027936,0.04680408565787564,0.002339641085829825,0.050685113039900004,0.04061734354517506,0.04898022481968676,0.0083628812745117,0.03999474121464314,0.04904256654722171,0.009047825332578571,114,R3_Bottom2,0.05721346653943606,0.4105921768907534,True
30,2,Matt James,0.07432793871455899,0.0745115823100801,0.0023957197058380626,0.03223175224915528,0.06836562744194302,0.07758177869895594,0.009216151257012917,0.0667453364364845,0.07773631403198505,0.01099097759550055,114,R3_Bottom2,0.06770757279203247,0.09809002182007079,False
30,2,Melanie C,0.06758369142702841,0.06680116032680597,0.0022563611115634704,0.03338617740346002,0.06500416939232347,0.07335924675068939,0.008355077358365923,0.0649400301019227,0.07355696082348909,0.008616930721566385,114,R3_Bottom2,0.06705489887502845,0.010310420222643708,False
30,2,Melora Hardin,0.06692176512652132,0.06721598814289584,0.001044086574911337,0.015601599463752966,0.06486010459286748,0.06884377184469948,0.003983667251831996,0.0646896443584535,0.06894312757499124,0.004253483216537748,114,R3_Bottom2,0.06715403355138515,0.029132876929912302,False
30,2,"Mike ""The Miz"" Mizanin",0.06726657264413512,0.06717201337954964,0.0008850253906177752,0.013156986536238209,0.0659162285949429,0.06897359270304172,0.0030573641080988284,0.06569730241718587,0.06921636014547636,0.0035190577282904895,114,R3_Bottom2,0.06757692631901321,0.044652843423407626,False
30,2,Olivia Jade,0.06648769871154443,0.06659397665458314,0.0014067507436274754,0.021158060376410916,0.06329784117693833,0.06880649276743357,0.005508651590495239,0.06309779566536537,0.06887714539776155,0.0057793497323961746,114,R3_Bottom2,0.06703577031745908,0.036887502420180664,False
30,2,Suni Lee,0.06760201848844528,0.06756071251851489,0.0009332755607876328,0.013805439270236447,0.06585904620730254,0.06956287374675173,0.0037038275394491865,0.06580410966538151,0.07062574993325937,0.004821640267877861,114,R3_Bottom2,0.06704381301351557,0.027652165475209795,False
30,3,Amanda Kloots,0.0678295128511984,0.06779900325854682,0.001295916332855622,0.01910549373542679,0.06505774240109786,0.07027136841383684,0.0052136260127389755,0.06494880016977046,0.07036317124612666,0.0054143710763562,114,R3_Bottom2,0.06965091903768535,0.013110948300812771,False
30,3,Brian Austin Green,0.0751282477068081,0.0753741928946111,0.00244156404421354,0.032498615617149375,0.07019779224057479,0.07892023193882577,0.008722439698250983,0.06955139994273118,0.07914026734152096,0.00958886739878978,114,R3_Bottom2,0.07350639920926541,0.09456978460252922,False
30,3,Christine Chiu,0.05387334336931966,0.05376080156311143,0.0022697557059328604,0.04213133182347587,0.04963499213181391,0.058631967515484634,0.008996975383670724,0.04933154013999162,0.05928161457050685,0.00995007443051523,114,R3_Bottom2,0.06443773606677278,0.17852745307478296,True
30,3,Cody Rigsby,0.07794498734163363,0.0779668605717425,0.0012648460887860298,0.01622742054267322,0.07565804209600771,0.08072385340531944,0.005065811309311732,0.0755463812818752,0.08117623756818447,0.0056298562863092705,114,R3_Bottom2,0.07369511816479045,0.11281223989930617,False
30,3,Iman Shumpert,0.07716352617100687,0.0770093763224381,0.001134667772782512,0.014704716452017815,0.07525188715166631,0.0796495789824865,0.004397691830820186,0.07515782075526886,0.08010702189079189,0.004949201135523024,114,R3_Bottom2,0.07393781502470609,0.09396142917817181,False
30,3,Jimmie Allen,0.0756377637638469,0.07566673553503472,0.0009817062115353734,0.012979048595360592,0.0740408286999996,0.07791866024816668,0.0038778315481670794,0.0738373300930169,0.07810256955925686,0.004265239466239953,114,R3_Bottom2,0.07363171688509687,0.07817118480962816,False
30,3,JoJo Siwa,0.06841763088926148,0.06823949749703614,0.001320002378832848,0.019293307319707697,0.06632660412010108,0.07150827494239807,0.005181670822296994,0.06625997802213193,0.07220332085446213,0.005943342832330195,114,R3_Bottom2,0.06948537104125335,0.018703608727421838,False
30,3,Kenya Moore,0.07447451355884845,0.07372609187742543,0.002123830435429115,0.028517546929002786,0.0720480805156153,0.08006812095790038,0.008020040442285076,0.07200520659693606,0.08089224029998904,0.00888703370305298,114,R3_Bottom2,0.07252784518179738,0.06790506808187448,False
30,3,Matt James,0.07337325374995693,0.0736221613741482,0.001954742137361322,0.02664107201818714,0.06866787416817967,0.07677251787505068,0.008104643706871015,0.06660407654059723,0.07713855708194163,0.010534480541344399,114,R3_Bottom2,0.07312773115770474,0.0885026154464496,False
30,3,Melanie C,0.07246200726730323,0.07224217428348166,0.001615812637239411,0.022298756247241144,0.06996240193157653,0.07574173962174155,0.005779337690165018,0.06982529796312499,0.07606053951944483,0.00623524155631984,114,R3_Bottom2,0.07167019961495058,0.05305133790300028,False
30,3,Melora Hardin,0.06966072937501555,0.0696780353930648,0.000931465916665931,0.013371463736066043,0.06814517265309065,0.07129565487069991,0.00315048221760926,0.06810196397731139,0.07198334106074862,0.0038813770834372346,114,R3_Bottom2,0.07028196909497506,0.04282185229426776,False
30,3,"Mike ""The Miz"" Mizanin",0.07178668446708185,0.07143961791657515,0.0014457907179077538,0.020140096016981097,0.07004176751755227,0.07552982478217249,0.005488057264620219,0.0699118682348928,0.0761425217660772,0.006230653531184405,114,R3_Bottom2,0.07192595158403293,0.05472664412748223,False
30,3,Olivia Jade,0.0686410049516279,0.06840283104686215,0.0013526361426864585,0.019705948997099862,0.06689010166805044,0.07147442067471145,0.0045843190066610084,0.06638594155970297,0.07282342898204916,0.006437487422346191,114,R3_Bottom2,0.06952145927410985,0.02820807536391469,False
30,3,Suni Lee,0.07360679453709103,0.07354702293535771,0.001028902246931846,0.013978359652835776,0.07186393060752881,0.07546505828526999,0.0036011276777411783,0.07175143534304751,0.07561898721246897,0.0038675518694214622,114,R3_Bottom2,0.07259976866285922,0.07492775809035798,False
30,4,Amanda Kloots,0.07804703987025577,0.07810342973893089,0.0007119506433241519,0.009122071054939278,0.07636812783863157,0.07924918447671042,0.0028810566380788466,0.07622923471304437,0.07934596050137623,0.003116725788331859,114,R3_Bottom2,0.0785551637477913,0.010384400888636085,False
30,4,Brian Austin Green,0.06385290836359256,0.0639545425211327,0.001915895235289123,0.03000482334147714,0.060774242163467995,0.06693821129994876,0.0061639691364807625,0.060556244991423466,0.06745995038126434,0.006903705389840878,114,R3_Bottom2,0.06770125326376769,0.37777511676847225,True
30,4,Cody Rigsby,0.08255871707375306,0.08230003993628177,0.0018504179682951288,0.022413356625225596,0.08016499669907674,0.08770619711769934,0.007541200418622593,0.08004682716057113,0.08870420112608045,0.008657373965509321,114,R3_Bottom2,0.07907102582569063,0.06748419734068968,False
30,4,Iman Shumpert,0.08028137772778016,0.07998097629449202,0.0012474359400901525,0.015538297615170301,0.07879027418063314,0.08343141467708491,0.0046411404964517705,0.07863174191183162,0.08371201633968524,0.005080274427853623,114,R3_Bottom2,0.07904877082101305,0.039611580787347556,False
30,4,Jimmie Allen,0.07928319530368108,0.07908619330736011,0.0009817954767925145,0.012383399445896578,0.07801822825694996,0.08259866470630448,0.004580436449354519,0.07800644830642348,0.08282140994548552,0.004814961639062046,114,R3_Bottom2,0.07895480357580792,0.030959206932998633,False
30,4,JoJo Siwa,0.07769326481436684,0.0778146793400515,0.0007439932567770798,0.009576032858893356,0.07580083922079062,0.07879149582455003,0.0029906566037594118,0.07538339935085753,0.07882809737953218,0.003444698028674656,114,R3_Bottom2,0.07775486992267865,0.008410341600567414,False
30,4,Kenya Moore,0.08144414885215022,0.08124589748429653,0.0010575933844562883,0.01298550478286896,0.07961193928483448,0.08356950229583697,0.003957563011002488,0.07948613106138291,0.08358794569499899,0.004101814633616072,114,R3_Bottom2,0.07881757940510199,0.06803742464352011,False
30,4,Matt James,0.06551864299396963,0.06575936087427778,0.001668190485429903,0.02546131008213104,0.062085387501933,0.06829048883375925,0.0062051013318262516,0.06199929147401009,0.06866380902039464,0.0066645175463845435,114,R3_Bottom2,0.06855914209592687,0.2779294309459903,True
30,4,Melanie C,0.07823557906839587,0.07845269804574227,0.001327011008914836,0.016961733072298518,0.07500249324795516,0.07998441534876806,0.0049819221008128994,0.07326756817757517,0.08008071913052879,0.006813150952953623,114,R3_Bottom2,0.07852519616928001,0.03103280548478022,False
30,4,Melora Hardin,0.07723826149880011,0.07759409778600003,0.0009444563270724982,0.012227829947818934,0.07522108617370672,0.07854661425667495,0.0033255280829682238,0.07513361885550426,0.07858680654394808,0.0034531876884438123,114,R3_Bottom2,0.07783568496893188,0.0032930732083406907,False
30,4,"Mike ""The Miz"" Mizanin",0.07938706044950465,0.07900599451699737,0.0014409479631049538,0.018150917226888514,0.07751655222799657,0.08323766141072118,0.005721109182724615,0.07747600524177164,0.08400676958649256,0.006530764344720913,114,R3_Bottom2,0.07911824117298066,0.04011933971866832,False
30,4,Olivia Jade,0.07770201813078996,0.07784866619118541,0.0012082392636728976,0.015549650996698174,0.07572556866142244,0.07924474970212925,0.003519181040706809,0.07561107371858972,0.08038620685650132,0.0047751331379116,114,R3_Bottom2,0.07785372501066165,0.01583954905113966,False
30,4,Suni Lee,0.07875778585296009,0.07880681115697953,0.0009411045277511994,0.011949352277478079,0.07700507648912988,0.08053367431471127,0.0035285978255813893,0.07683993030838317,0.08095956793656753,0.004119637628184361,114,R3_Bottom2,0.07820454402036778,0.029123532528849094,False
30,5,Amanda Kloots,0.08431199762657926,0.08427658264831257,0.0011466326170102483,0.013599874861093004,0.08190094312252288,0.08631189210415426,0.004410948981631371,0.0816577299158221,0.08655443933024907,0.004896709414426978,114,R3_Bottom2,0.08633693793920018,0.011744508005661361,False
30,5,Cody Rigsby,0.09737921448722292,0.09719459438258587,0.0014539950619412321,0.014931267104562752,0.09505290179196009,0.10044497278874992,0.00539207099678983,0.0947712598196152,0.1009556578369509,0.006184398017335696,114,R3_Bottom2,0.09471139906624824,0.12517015340301876,False
30,5,Iman Shumpert,0.09945232694150426,0.09935478566932351,0.0013180627592491256,0.013253211863251648,0.09721792235839843,0.10219723953610685,0.004979317177708414,0.09701049079670555,0.10312695332869301,0.006116462531987457,114,R3_Bottom2,0.09591915251656043,0.14798536508162397,False
30,5,Jimmie Allen,0.09434883769547699,0.0940776831593522,0.002157230356712725,0.022864408395527495,0.09124611552196635,0.0990266053671907,0.00778048984522435,0.09116759909469681,0.09931697028429895,0.008149371189602142,114,R3_Bottom2,0.09415631128952894,0.09542610852972834,False
30,5,JoJo Siwa,0.08475054386230142,0.08478885700969331,0.0012030593419425399,0.014195299370552859,0.08241940646839133,0.08719294144567472,0.004773534977283389,0.08234834346183,0.08745821831787998,0.005109874856049981,114,R3_Bottom2,0.08580539787259381,0.014038350177005261,False
30,5,Kenya Moore,0.08403792962842156,0.08414987852517414,0.0019908166636159025,0.02368950154315332,0.08015605030154085,0.0880374862653767,0.00788143596383585,0.07992589945598155,0.08805370900017084,0.00812780954418929,114,R3_Bottom2,0.08766732003009645,0.07659417439609453,False
30,5,Melanie C,0.07172675052685278,0.0717098527059368,0.0023427274860948256,0.032661837722841834,0.06714293046419363,0.07629691315272652,0.009153982688532888,0.06686375679433057,0.07665624957375942,0.009792492779428855,114,R3_Bottom2,0.07929173622357531,0.1652679898982524,True
30,5,Melora Hardin,0.09442095572904746,0.09435801597520402,0.0011826606482546187,0.012525404335541878,0.09203720164551725,0.09657673294228038,0.004539531296763127,0.09182252039854123,0.09684839787085488,0.005025877472313645,114,R3_Bottom2,0.0934263092086447,0.07349189450413186,False
30,5,"Mike ""The Miz"" Mizanin",0.10144151444321234,0.10124726599572266,0.0023874959425270923,0.0235356890680455,0.09769153004754846,0.10586386411374946,0.008172334066200992,0.09766878960291574,0.1062427750547932,0.008573985451877458,114,R3_Bottom2,0.09589680857504151,0.12505270643641359,False
30,5,Olivia Jade,0.09408845402294638,0.09394724012435324,0.0013921998813000496,0.014796713324256753,0.09178995196005653,0.0968555231743455,0.005065571214288966,0.09167961390336453,0.09704006337280117,0.005360449469436646,114,R3_Bottom2,0.09328326718703447,0.08050927152146725,False
30,5,Suni Lee,0.09404147503643467,0.09395855527373853,0.001227018597837419,0.013047632412847978,0.0918644067205684,0.09676694905731177,0.004902542336743365,0.09172844975716628,0.09737990315334184,0.005651453396175565,114,R3_Bottom2,0.09350536009147604,0.08471947794660259,False
30,6,Amanda Kloots,0.09978192206428362,0.09981907638890342,0.0010399221808087549,0.01042194978103142,0.09719519467411096,0.10153258502642759,0.004337390352316631,0.09709067187225609,0.10168801377168561,0.004597341899429522,114,R3_Bottom2,0.10130979951919529,0.018369016309685255,False
30,6,Cody Rigsby,0.10133464026854962,0.10125811349623487,0.0020470253241424573,0.02020064726847188,0.09843420974358628,0.1054236025040983,0.0069893927605120115,0.09830291283668452,0.1062099600310539,0.007907047194369382,114,R3_Bottom2,0.10092582798797835,0.05493524809670202,False
30,6,Iman Shumpert,0.10158939973499312,0.10118632999690612,0.001881428902688662,0.018519933256782417,0.09922173933813767,0.10503343498180928,0.005811695643671608,0.09913276638133348,0.10589160759228061,0.006758841210947136,114,R3_Bottom2,0.10112807026299782,0.0049417396071008346,False
30,6,Jimmie Allen,0.10216599530319832,0.10203422729001171,0.0017956539935651326,0.01757584789573248,0.09874366403685136,0.1058737249704434,0.007130060933592031,0.09835215735654337,0.10615270058686106,0.007800543230317689,114,R3_Bottom2,0.10144673031710462,0.031172565388938048,False
30,6,JoJo Siwa,0.09885646700727306,0.09896184014575524,0.0012592439002745727,0.012738103417977983,0.09588624541841692,0.10127219524182883,0.005385949823411909,0.09552101605051706,0.10135508150903945,0.005834065458522386,114,R3_Bottom2,0.0998548374867066,0.014804628888255187,False
30,6,Kenya Moore,0.07728254787032181,0.07729264846678484,0.002446125314398524,0.031651716743385086,0.07261094445838275,0.08156981572896928,0.008958871270586533,0.07237675357394664,0.08238920353492779,0.010012449960981148,114,R3_Bottom2,0.08536633585835683,0.5004143220731638,True
30,6,Melora Hardin,0.10727749901623615,0.10710376044183735,0.0016636810875748757,0.015508201653014694,0.10485458020276246,0.11076303086138486,0.005908450658622402,0.1045070705488658,0.11131888899796354,0.006811818449097742,114,R3_Bottom2,0.10330017357851119,0.10586726335572659,False
30,6,"Mike ""The Miz"" Mizanin",0.1034034838755695,0.10363924822930619,0.003320367018492015,0.03211078480186969,0.0956253195069571,0.10794606871369058,0.012320749206733483,0.09498661978560798,0.10880105966409874,0.013814439878490764,114,R3_Bottom2,0.10431816426369604,0.10584807283521973,False
30,6,Olivia Jade,0.10481543369018771,0.10473413994357077,0.0018705403658166736,0.017846039461570096,0.10161254464066535,0.10853047199471579,0.006917927354050432,0.1014379228633538,0.10924802778425395,0.007810104920900146,114,R3_Bottom2,0.10104434328340856,0.07776761021045824,False
30,6,Suni Lee,0.10349261116938711,0.10309197344230202,0.0015851418129705435,0.015316473273402392,0.10149761130336772,0.10819697138150214,0.006699360078134417,0.10142339911170928,0.10854190161045016,0.007118502498740881,114,R3_Bottom2,0.10130571744204477,0.08587953313475043,False
30,7,Amanda Kloots,0.11543342726640751,0.1152622863085967,0.0011907876114295403,0.010315795343071074,0.11337857349703938,0.11795560366428116,0.004577030167241786,0.11314753513535616,0.11808647601531055,0.00493894087995439,114,R3_Bottom2,0.11377792149126041,0.08215413264766122,False
30,7,Cody Rigsby,0.1137556736201722,0.11336842756062304,0.002540054858969989,0.02232903887898531,0.11085324266453521,0.12060270101442534,0.009749458349890133,0.11066400374995823,0.12209373581700167,0.011429732067043438,114,R3_Bottom2,0.11230774197950527,0.057919717789509016,False
30,7,Iman Shumpert,0.11453931469236162,0.11439204836673686,0.0012975018836407586,0.011328004599343794,0.11224509008304427,0.11754094330846161,0.005295853225417341,0.11216326667554295,0.11796402342057066,0.00580075674502771,114,R3_Bottom2,0.11390726330001798,0.09722236927538006,False
30,7,Jimmie Allen,0.10997806846197808,0.1109272366837393,0.0028669887474089763,0.026068731588972754,0.1035794471209485,0.11376453577010043,0.010185088649151922,0.10200851034079557,0.11385475567262496,0.011846245331829389,114,R3_Bottom2,0.11305745779092351,0.025710546701212728,False
30,7,JoJo Siwa,0.11297619860459304,0.11289807764730009,0.001420238136209762,0.012571126960825378,0.1109580279978473,0.11606882947960465,0.0051108014817573405,0.11087220036924042,0.11667012672790708,0.005797926358666661,114,R3_Bottom2,0.11150461967527796,0.021677208023576797,False
30,7,Melora Hardin,0.1148416042599067,0.11434912588257634,0.0027065098280358,0.023567328630402038,0.111315129763518,0.12073791763008397,0.009422787866565974,0.1109671514208052,0.12169949136233921,0.010732339941534011,114,R3_Bottom2,0.11223112658082894,0.04360859884072281,False
30,7,"Mike ""The Miz"" Mizanin",0.08935947295151754,0.0898037985033176,0.003880881889379425,0.04342999976605746,0.08254689193229432,0.09648802269018479,0.013941130757890469,0.08209777300186454,0.09662596607450485,0.014528193072640319,114,R3_Bottom2,0.0969254174048584,0.5512608389717886,True
30,7,Olivia Jade,0.11068030374854022,0.11107268539380175,0.0019788939753516417,0.01787936885182014,0.10635437256953381,0.1135826254390944,0.007228252869560595,0.10610052875657577,0.11462604903120337,0.008525520274627593,114,R3_Bottom2,0.11137908391922048,0.0019261822650702336,False
30,7,Suni Lee,0.11843593639452311,0.11822584724962264,0.0018679824395378705,0.015772091616816503,0.11559997517919637,0.12267440172831055,0.0070744265491141795,0.11555396549113027,0.12276452951853498,0.007210564027404706,114,R3_Bottom2,0.11490936785810703,0.11852040538507849,False
30,8,Amanda Kloots,0.12985322355175155,0.12950292009692388,0.0014798220981563,0.01139611368651571,0.12814026743409754,0.13466650240496392,0.006526234970866379,0.1280882794650795,0.13479621700028388,0.006707937535204378,114,R3_Bottom2,0.12966580206427564,0.0045426092735781475,False
30,8,Cody Rigsby,0.13251050252875093,0.13186020314376623,0.002339750648282991,0.017657095880195102,0.1298647770084335,0.1395044158955018,0.009639638887068314,0.12984053558185904,0.14114964717706535,0.011309111595206311,114,R3_Bottom2,0.1293675299689282,0.05569871351889799,False
30,8,Iman Shumpert,0.1368071048537711,0.1366903171017987,0.002172410150556966,0.015879366447225006,0.1334042039509767,0.14099983054954016,0.007595626598563443,0.13317235456926055,0.1422842255986537,0.009111871029393148,114,R3_Bottom2,0.1339710853376022,0.09092361661283396,False
30,8,Jimmie Allen,0.10393800715805923,0.10392227475683097,0.00324537633355193,0.03122415391914013,0.09695268164009697,0.10936882725483404,0.01241614561473707,0.09667188753177712,0.10955408302904562,0.012882195497268503,114,R3_Bottom2,0.10977343342602215,0.5264706859367293,True
30,8,JoJo Siwa,0.13094517837741732,0.13088153805689512,0.0014275802810740472,0.010902121779233427,0.1285040216273867,0.13415659970485808,0.005652578077471382,0.12819256984024865,0.13431890611195244,0.006126336271703781,114,R3_Bottom2,0.12853049868227137,0.025967636494767514,False
30,8,Melora Hardin,0.12870260941362463,0.12883674478979315,0.0013733356250854945,0.01067061212933039,0.12565694557507343,0.13101393160074218,0.005356986025668753,0.12485542402815517,0.13127225426183206,0.006416830233676896,114,R3_Bottom2,0.12863027590091183,0.01876554478763325,False
30,8,Olivia Jade,0.10691107153281255,0.10679110826327572,0.002986233104207222,0.027931935031543516,0.10180046931564218,0.11184528710665237,0.010044817791010185,0.10037298897012721,0.1119609974573254,0.011588008487198195,114,R3_Bottom2,0.11130197232987736,0.25163593946472285,True
30,8,Suni Lee,0.13033230258381268,0.13006717786740474,0.001970446823867214,0.015118637396896142,0.12804663125186597,0.13398042331748988,0.005933792065623916,0.12801061890707102,0.13450131598836154,0.00649069708129052,114,R3_Bottom2,0.1287594022901112,0.025995253810837126,False
30,9,Amanda Kloots,0.17101190069552996,0.17097961060564698,0.0012708035748832302,0.007431082689068361,0.16882904509768637,0.173445878746539,0.004616833648852625,0.1688079884802162,0.1738872208951082,0.005079232414891999,114,R3_Bottom2,0.17194943495626874,0.007892270193885447,False
30,9,Cody Rigsby,0.18951650802732975,0.18884952136844385,0.004332680345775685,0.0228617569565543,0.18260826021696674,0.19948556712608406,0.016877306909117318,0.1809366457018245,0.20106421198564903,0.020127566283824533,114,R3_Bottom2,0.18277580385655864,0.14880770475322708,False
30,9,Iman Shumpert,0.17659033503053959,0.17640172875802868,0.0018831879875283656,0.010664162266879931,0.17328969429194555,0.18096648505745772,0.00767679076551217,0.17316236248399366,0.1813835521936783,0.008221189709684634,114,R3_Bottom2,0.17483613689819502,0.0662103966570246,False
30,9,JoJo Siwa,0.1712902557095814,0.17102020300559745,0.0017212338115918423,0.010048638227910371,0.16833644615563378,0.17506751898741704,0.006731072831783258,0.16822600093851384,0.1753700011348863,0.0071440001963724575,114,R3_Bottom2,0.16924672328947338,0.020986159946962346,False
30,9,Melora Hardin,0.14168893634391316,0.14181773886022742,0.00390941130351838,0.027591507173356837,0.13298564392519002,0.14873660020495633,0.015750956279766304,0.1324973200289072,0.14906178080478322,0.016564460775876005,114,R3_Bottom2,0.14582643369191722,0.49514591722389373,True
30,9,Suni Lee,0.14990206419310612,0.15031012676686356,0.003203575446278962,0.021371122963003815,0.14320372002895182,0.15523386657368207,0.012030146544730252,0.14131755364204962,0.1555396518530236,0.014222098210973977,114,R3_Bottom2,0.15536546730758694,0.26095755112500685,True
30,10,Amanda Kloots,0.23859806544493756,0.23913996229432916,0.00752989784677712,0.03155892246123358,0.22552918243818118,0.2536652903723479,0.028136107934166737,0.2237964915064993,0.2543936769364874,0.0305971854299881,114,R3_Bottom2,0.2418608245906345,0.24537189242873972,False
30,10,Cody Rigsby,0.2602807453351967,0.2598943422083033,0.008949557711805558,0.03438424805599843,0.24364858577128326,0.2791731912710826,0.03552460549979933,0.24316329740917225,0.2796535123441404,0.036490214934968124,114,R3_Bottom2,0.26173409707823275,0.3050431565044918,False
30,10,Iman Shumpert,0.24744375570070262,0.24731850291732368,0.008644278847536576,0.034934317995045004,0.2312688452780306,0.26187099972434325,0.030602154446312646,0.22979072072529375,0.26394807174439167,0.03415735101909792,114,R3_Bottom2,0.24996347596266796,0.16664430897922103,False
30,10,JoJo Siwa,0.2536774335191631,0.2532927103493865,0.009595471106795123,0.037825481650776274,0.2352369040295639,0.27121362976387525,0.03597672573431135,0.2322986972326015,0.2728656081144732,0.0405669108818717,114,R3_Bottom2,0.24644160236846474,0.28294064198754754,False
32,1,Adrian Peterson,0.07348945210499098,0.07263872262999871,0.0033060683813229373,0.04498697822103382,0.067046472834241,0.08077256710016406,0.013726094265923056,0.0659027933057459,0.08106401298143244,0.015161219675686538,90,R3_Bottom2,0.0715526578224349,0.02932772745461411,False
32,1,Alyson Hannigan,0.07500245698521864,0.07485285468118086,0.0016353294659312877,0.021803678594870243,0.07248366198721808,0.07885793338458066,0.006374271397362588,0.07156719747005495,0.07890033763348452,0.007333140163429563,90,R3_Bottom2,0.07209258885796585,0.08385206110643495,False
32,1,Ariana Madix,0.07100780018437966,0.07113932838854858,0.002477743999579031,0.03489396929837697,0.0646206028349812,0.07544568978931479,0.010825086954333596,0.06284179779073902,0.07573014232022632,0.012888344529487297,90,R3_Bottom2,0.07156340232047191,0.006839974756891177,False
32,1,Barry Williams,0.07380814027862108,0.0733405364914721,0.0017826870359891312,0.024152986774353073,0.07158385414744672,0.0791370989816872,0.007553244834240483,0.07148796954724722,0.07997435189451924,0.008486382347272017,90,R3_Bottom2,0.07178196505536628,0.051177536034572375,False
32,1,Charity Lawson,0.0711924916391154,0.07118440727210443,0.0022540563110448513,0.03166143309705994,0.06712972817567538,0.07434504754832214,0.0072153193726467585,0.06311209536232623,0.07660868934308349,0.013496593980757254,90,R3_Bottom2,0.07130667644055115,0.0034301678430129433,False
32,1,Harry Jowsey,0.07731042921395595,0.07700644329231947,0.0017178848753263568,0.022220609726174526,0.07440487060822006,0.08054269259108628,0.006137821982866221,0.07422807172173655,0.0816348608646702,0.007406789142933648,90,R3_Bottom2,0.0724762264193768,0.09697713165177642,False
32,1,Jamie Lynn Spears,0.06419973621257724,0.06490939634609115,0.003802504908148541,0.05922929177711481,0.05496389393395658,0.06993642744367981,0.014972533509723232,0.05463395066053867,0.07063988109947678,0.016005930438938103,90,R3_Bottom2,0.07174927707499534,0.06818664099590029,False
32,1,Jason Mraz,0.07138866553311968,0.07137815000340983,0.0018105108248538256,0.02536132047480096,0.06784948640889539,0.07489740697203007,0.007047920563134677,0.06652436687104679,0.07538629342949954,0.008861926558452748,90,R3_Bottom2,0.07153790409289269,0.010066788727366233,False
32,1,Lele Pons,0.07140668247774751,0.07147681754746721,0.002186205626215713,0.030616260976653008,0.06764828068621685,0.07460596992509433,0.006957689238877476,0.06438184489986469,0.07609505997860308,0.01171321507873839,90,R3_Bottom2,0.07146007454503248,0.02430276388555601,False
32,1,Matt Walsh,0.05506027197019836,0.055421996055544695,0.0026238212242395953,0.04765361903151789,0.04720057163128668,0.05857709907128559,0.01137652743999891,0.0460445080007671,0.058838963042032164,0.012794455041265064,90,R3_Bottom2,0.06636929627573798,0.378294392444096,True
32,1,Mauricio Umansky,0.07464306277964124,0.07463168891897087,0.0020726611115533685,0.027767632173296662,0.07110434394704011,0.07837794511646426,0.007273601169424146,0.06720210525885792,0.07844562790933281,0.011243522650474888,90,R3_Bottom2,0.07197164118382826,0.06734598174810677,False
32,1,Mira Sorvino,0.07253486920854704,0.07197282543796843,0.002045390246889678,0.028198716964787228,0.07024263220407877,0.07739681131337646,0.0071541791092976925,0.06873425738695982,0.07782779003530654,0.009093532648346725,90,R3_Bottom2,0.07172766632469503,0.045444460488435943,False
32,1,Tyson Beckford,0.07640803736951822,0.0779753933294012,0.004799066181760709,0.06280839486233449,0.06340253744248699,0.08084087133357341,0.017438333891086427,0.06069199472235409,0.08107684554457252,0.020384850822218428,90,R3_Bottom2,0.07289414422795785,0.09716717984339829,False
32,1,Xochitl Gomez,0.07254790404236901,0.07206728343636654,0.002289873085295577,0.03156360084446077,0.0704627054693884,0.0795193573665588,0.009056651897170392,0.07044391094627396,0.08032085905364487,0.009876948107370914,90,R3_Bottom2,0.07151647935869349,0.037587192919838516,False
32,2,Adrian Peterson,0.08402838589870693,0.08406800653030794,0.0025304176171977765,0.030113842960735913,0.08012011773351323,0.08901214521569671,0.008892027482183484,0.07945605971725446,0.08941690991025192,0.009960850192997459,90,R3_Bottom2,0.07857410970104065,0.09620481988237252,False
32,2,Alyson Hannigan,0.07747834954486091,0.07713337562580985,0.0015722867889957637,0.020293240605046583,0.07553446682701309,0.08150537941078147,0.005970912583768376,0.07545938202962806,0.08186112339000003,0.006401741360371971,90,R3_Bottom2,0.07666684355613426,0.051292067601328956,False
32,2,Ariana Madix,0.07555743689635136,0.07554904602427756,0.0011514763916243705,0.015239749241414182,0.07372786689995782,0.07737978325457233,0.0036519163546145095,0.07229081980635171,0.07825026921850771,0.0059594494121559954,90,R3_Bottom2,0.07679440457444268,0.03780994635608016,False
32,2,Barry Williams,0.0823119286343257,0.08210983189950496,0.0015931679138380473,0.019355249479279784,0.08024594424898598,0.08622169744572143,0.005975753196735448,0.08018244813313342,0.08668215984595207,0.006499711712818643,90,R3_Bottom2,0.07883312585375278,0.09384119483430975,False
32,2,Charity Lawson,0.07554617390527027,0.07551303149607105,0.0012546572226978148,0.01660781953393257,0.07320381057749709,0.07788660680534165,0.004682796227844566,0.07156734634177159,0.07814263964582416,0.006575293304052571,90,R3_Bottom2,0.07636789392182547,0.028934430484870485,False
32,2,Harry Jowsey,0.08333725771903261,0.08299342237372823,0.001839208764699683,0.022069465867241317,0.08063062588420528,0.08774714923904404,0.007116523354838769,0.08033160387958495,0.08842545179251073,0.008093847912925778,90,R3_Bottom2,0.07856270419522005,0.10111585845127026,False
32,2,Jamie Lynn Spears,0.059057610059770026,0.05935572353249639,0.0028561553501632716,0.048362189856187246,0.05291304423279971,0.06461053025964826,0.011697486026848551,0.052604409461896234,0.065041789771565,0.01243738030966876,90,R3_Bottom2,0.07040444911342937,0.2932005240962141,True
32,2,Jason Mraz,0.07502061978190212,0.07497472645815637,0.0010593532738913786,0.014120828073283069,0.07286051247520141,0.07735641305582965,0.004495900580628237,0.07242701740643688,0.07749062305730832,0.005063605650871439,90,R3_Bottom2,0.07665871126778366,0.0038728228891458374,False
32,2,Lele Pons,0.07552516216881891,0.07555618234018116,0.0014690200498424428,0.019450736783044445,0.07352166133364328,0.07895138875341043,0.005429727419767147,0.0731989972825804,0.07928437805085099,0.006085380768270587,90,R3_Bottom2,0.0764070444634504,0.03238156155087791,False
32,2,Mauricio Umansky,0.08529899211695634,0.08516125776721864,0.0020101259610471192,0.023565647273897063,0.08224127222971042,0.08900092208154856,0.006759649851838134,0.08159996326371964,0.08964245001603682,0.008042486752317182,90,R3_Bottom2,0.0795464217678518,0.11507699568537968,False
32,2,Mira Sorvino,0.07897820533024626,0.0786773552235108,0.0022281614091817343,0.02821235807859534,0.07573385003057244,0.08457699651323666,0.008843146482664224,0.07544821319717311,0.08469792806524516,0.009249714868072051,90,R3_Bottom2,0.07747153842328075,0.0672834224901319,False
32,2,Tyson Beckford,0.07255024748955964,0.07334750425014633,0.004962941902119572,0.06840696033233747,0.06111188983281019,0.07859507961068188,0.017483189777871687,0.059392747790484465,0.07867379816570848,0.019281050375224013,90,R3_Bottom2,0.0773391267578373,0.07213411218215461,False
32,2,Xochitl Gomez,0.07530963045419893,0.07510542343623822,0.0012377287305566083,0.016435198567457558,0.07387937779745721,0.07864547483991374,0.004766097042456535,0.07378026566365976,0.08014053061877617,0.006360264955116407,90,R3_Bottom2,0.07637362640395078,0.006852243395863829,False
32,3,Adrian Peterson,0.08255864119384884,0.0825880503128282,0.004060438413473012,0.049182476295110605,0.073620942420423,0.08975571409611069,0.016134771675687692,0.07306338293805101,0.09050965309030228,0.017446270152251267,90,R3_Bottom2,0.08447696113094176,0.09689106822905819,False
32,3,Alyson Hannigan,0.08601729154412505,0.08555234240546386,0.0016184995147490906,0.018815978574712906,0.08425796790995599,0.0894128712333475,0.00515490332339151,0.08410029446847674,0.08990089690385222,0.005800602435375488,90,R3_Bottom2,0.08427773332219785,0.06438134956697916,False
32,3,Ariana Madix,0.08311151455867463,0.08310239518963486,0.0010469728380359117,0.012597205616999979,0.08119699035258096,0.0851193773022089,0.003922386949627946,0.08113458387908572,0.08543889511075874,0.004304311231673019,90,R3_Bottom2,0.083939646261513,0.0012965455245726593,False
32,3,Barry Williams,0.08729732413834605,0.08681421026043606,0.0021366234716010965,0.024475245864524358,0.08439203263196614,0.09193726876037195,0.007545236128405811,0.08432692033313899,0.09280730430647614,0.008480383973337155,90,R3_Bottom2,0.08444386270382151,0.051611807661982215,False
32,3,Charity Lawson,0.08324883093910991,0.08365153944415205,0.0016306351607051975,0.019587484200203138,0.07930843654744701,0.0852511061848066,0.005942669637359579,0.07904523547257888,0.08532125631197592,0.006276020839397031,90,R3_Bottom2,0.08360607062921899,0.014701612794914063,False
32,3,Harry Jowsey,0.08619245419552556,0.08584273503516479,0.001357281713662479,0.015747106012128597,0.08456043085293868,0.0895402273236472,0.004979796470708522,0.08450116949311003,0.08971827467188283,0.005217105178772802,90,R3_Bottom2,0.08419067294673119,0.07790030797344691,False
32,3,Jason Mraz,0.08331272486279842,0.08337281192517285,0.0009443621950506381,0.011335149541751738,0.0813802789983327,0.0849832260723887,0.0036029470740560066,0.08118822276227328,0.08585682708675793,0.004668604324484654,90,R3_Bottom2,0.08393312675312525,0.007326418981363823,False
32,3,Lele Pons,0.08403893344307535,0.08415604077195005,0.0011031707507538977,0.013126900896489149,0.08174158892563418,0.08554712888796728,0.0038055399623330988,0.0816647607231441,0.08685329220096347,0.005188531477819364,90,R3_Bottom2,0.08376673777558231,0.039048580292488505,False
32,3,Mauricio Umansky,0.08839061083016912,0.08781458414529097,0.00280958038977781,0.03178595965555717,0.08527948737948433,0.09444770987037862,0.009168222490894287,0.0851291341821578,0.09501972532765288,0.009890591145495078,90,R3_Bottom2,0.08479309965251686,0.09370925924612154,False
32,3,Mira Sorvino,0.08740857471018318,0.08713046337907315,0.002028057546082503,0.023202043424307577,0.08433290569010365,0.09196777579324537,0.007634870103141719,0.08424483378587046,0.0930954238689147,0.008850590083044244,90,R3_Bottom2,0.08431234667654605,0.052646821023676384,False
32,3,Tyson Beckford,0.0649178585504629,0.0653043927357237,0.0030287416179155804,0.04665498347517478,0.05890154524462679,0.06928407913922165,0.010382533894594856,0.057493420510686,0.06971008849866198,0.01221666798797598,90,R3_Bottom2,0.07455687825247596,0.47851439431079995,True
32,3,Xochitl Gomez,0.08350524103368094,0.08370561229294152,0.0008975385588027098,0.010748290139545818,0.08148682250707387,0.08507838170333647,0.0035915591962625976,0.08099215660895194,0.08524166029013418,0.004249503681182237,90,R3_Bottom2,0.08370286389532924,0.02197183429459665,False
32,4,Adrian Peterson,0.07382162274137033,0.07412756518094168,0.0028075209567475353,0.03803114660027887,0.06809542516184436,0.07836261739122921,0.010267192229384853,0.06737639251206981,0.07912283817399185,0.01174644566192204,90,R3_Bottom2,0.08172489614237499,0.23912450591924211,True
32,4,Alyson Hannigan,0.09874499480578981,0.09843340562345122,0.0015573941704923216,0.01577187961329464,0.09644875434992244,0.10193467407922842,0.0054859197293059825,0.09630520745870531,0.10226610022495047,0.00596089276624516,90,R3_Bottom2,0.09445831577555491,0.1330640309975165,False
32,4,Ariana Madix,0.08822646038616941,0.08822161993930272,0.0014369121849753068,0.016286635309700814,0.08560059889267956,0.09050354713138259,0.004902948238703034,0.08520341857387571,0.09149077739074621,0.006287358816870495,90,R3_Bottom2,0.08939327053314713,0.01998191748584876,False
32,4,Barry Williams,0.09815866023829574,0.09780879223422431,0.001693755929423324,0.017255287768918836,0.09566844940839718,0.10190417710759893,0.0062357276992017485,0.09533643013985561,0.10214260960563212,0.00680617946577651,90,R3_Bottom2,0.09488729293162407,0.13024122848598255,False
32,4,Charity Lawson,0.08859069696735518,0.08869927661166016,0.0009261488902470696,0.010454245445075871,0.0867893167840359,0.09054413829436303,0.003754821510327133,0.08658835732427632,0.09072792217910579,0.0041395648548294695,90,R3_Bottom2,0.08900476195724728,0.044250877617711064,False
32,4,Harry Jowsey,0.09455702024028102,0.09444694193170794,0.0015277477771690996,0.01615689425583531,0.09219529119118919,0.09831017446187232,0.00611488327068313,0.09203065027970105,0.09938783022745099,0.0073571799477499394,90,R3_Bottom2,0.09283020470103957,0.09121170157207793,False
32,4,Jason Mraz,0.08873659425860629,0.08876584902236061,0.0008930577981554823,0.010064143272761084,0.0867591240679441,0.09013449056937128,0.003375366501427182,0.08620278961365878,0.0901424363842762,0.003939646770617422,90,R3_Bottom2,0.08962982431940322,0.04728039865296068,False
32,4,Lele Pons,0.09194658132649108,0.09169742876562044,0.0013172172774777616,0.014325897259850085,0.09026188322705486,0.09451819536824684,0.004256312141191973,0.08982079109167201,0.0955907928719616,0.00577000178028958,90,R3_Bottom2,0.09135868393791549,0.08048909105153555,False
32,4,Mauricio Umansky,0.09877387027727645,0.09833120728780179,0.0024720531699742154,0.025027400091083875,0.09516790898779666,0.10435748449361448,0.009189575505817824,0.09505253907228152,0.10508520434263957,0.010032665270358052,90,R3_Bottom2,0.09462513186421367,0.11666711340709117,False
32,4,Mira Sorvino,0.0912379496917825,0.09205231815675997,0.002796925465915808,0.030655286263712674,0.08443960739431314,0.09552055278645272,0.01108094539213958,0.08376802934719041,0.09602366667243818,0.012255637325247773,90,R3_Bottom2,0.09329563001450539,0.09319399356786177,False
32,4,Xochitl Gomez,0.0872055490665822,0.08738905851924511,0.001184455959508433,0.013582346217487726,0.08471906804237006,0.08933109179718693,0.0046120237548168685,0.08467838554123333,0.08940016493811113,0.004721779396877804,90,R3_Bottom2,0.08879198782297423,0.00449514114217192,False
32,5,Alyson Hannigan,0.10783583538778647,0.10748924667970325,0.002050391947317386,0.019014012734672188,0.104569911424674,0.112263240135977,0.007693328711302988,0.10450257362771258,0.1129230744436664,0.008420500815953816,90,R3_Bottom2,0.10409722468200541,0.12405706320252893,False
32,5,Ariana Madix,0.10098040132858022,0.10115186525666911,0.00105312670592828,0.01042902080079391,0.09846787391962533,0.10279116481467558,0.00432329089505025,0.0984048752816685,0.10306388955831362,0.0046590142766451265,90,R3_Bottom2,0.10099226138634484,0.062233838599291554,False
32,5,Barry Williams,0.10172255695437354,0.10140574323696921,0.001643039920493099,0.016152168896325182,0.09968335005510898,0.10563890031360205,0.005955550258493078,0.09952518769234388,0.10704597270027413,0.007520785007930256,90,R3_Bottom2,0.1010567467317514,0.06625767007297971,False
32,5,Charity Lawson,0.0983968950418945,0.0985096318338673,0.0010372303736284462,0.01054129170627614,0.09605333485246907,0.10025101645037814,0.004197681597909064,0.09556839471949889,0.10055700895634744,0.004988614236848543,90,R3_Bottom2,0.09945298928069125,0.007235989626055386,False
32,5,Harry Jowsey,0.10987923421260055,0.10972363363272847,0.0019285323794895086,0.01755138169017519,0.10666587455208182,0.11406731274368465,0.007401438191602827,0.10649835008132512,0.1143178063752415,0.00781945629391638,90,R3_Bottom2,0.10512366356166587,0.15232545701788047,False
32,5,Jason Mraz,0.09884234832900209,0.09905463084700694,0.0009761475506686575,0.009875802904029533,0.09657431589525861,0.10033258631904153,0.0037582704237829195,0.09627261939403275,0.10035621598217463,0.004083596588141877,90,R3_Bottom2,0.10033439838854573,0.021663473093888243,False
32,5,Lele Pons,0.10281347198006517,0.10296403907381473,0.0013029842612194496,0.012673283336565944,0.1002979515230032,0.10485763907988165,0.004559687556878439,0.10004567208921603,0.10495187156240236,0.004906199473186337,90,R3_Bottom2,0.10022813935384393,0.07787566186019285,False
32,5,Mauricio Umansky,0.0990365292251761,0.09894698498954338,0.0021289625027106547,0.02149673983293682,0.09494816879903217,0.10234747943498158,0.00739931063594941,0.0946583896700457,0.10259038114764514,0.007931991477599445,90,R3_Bottom2,0.10100588261785874,0.07660875215564478,False
32,5,Mira Sorvino,0.08193578852868884,0.08230418321361103,0.0025842708667496417,0.031540196453284756,0.07650548692492888,0.08601119619956647,0.009505709274637592,0.07644435277746058,0.08640175348620197,0.00995740070874139,90,R3_Bottom2,0.08816514516517106,0.39732640675111447,True
32,5,Xochitl Gomez,0.09855693901183257,0.09871649830807615,0.0008264552369933979,0.008385561131258096,0.09700835268842069,0.10005864212659739,0.003050289438176701,0.09673201998517841,0.10022595983488075,0.0034939398497023377,90,R3_Bottom2,0.09954354883212187,0.014415687520423773,False
32,6,Alyson Hannigan,0.12021015139910457,0.1201402777834854,0.0014544006154755332,0.012098816934743224,0.11752197894134832,0.12267060578328787,0.005148626841939549,0.11737408891577285,0.12285748543329428,0.00548339651752143,90,R3_Bottom2,0.11671520945798462,0.13430034477647299,False
32,6,Ariana Madix,0.11031601904933086,0.10999729247998381,0.0014651664468635884,0.013281538433764535,0.10861046476075699,0.11416694196693822,0.005556477206181229,0.1084735351394208,0.11453677339030277,0.0060632382508819666,90,R3_Bottom2,0.11107371104177867,0.0076010380620815795,False
32,6,Barry Williams,0.11813803342356434,0.11757639000195232,0.002531636538890091,0.021429479275427987,0.11500959418378885,0.12314934335969453,0.00813974917590568,0.11499292051051331,0.12574274730616788,0.010749826795654574,90,R3_Bottom2,0.1156085524845712,0.12115006085422804,False
32,6,Charity Lawson,0.11063678171805157,0.1104050933067422,0.0012098251135208601,0.010935107608281635,0.10912736316046837,0.11361597507226842,0.004488611911800056,0.10889296840735863,0.11429035292775853,0.005397384520399909,90,R3_Bottom2,0.11028070088963882,0.0505346054199986,False
32,6,Harry Jowsey,0.1232486392818755,0.12298816961287157,0.0020050131503164792,0.016268034779117674,0.11991965247323966,0.1277536608154815,0.00783400834224185,0.11988997430410686,0.128166189051946,0.008276214747839128,90,R3_Bottom2,0.11755812808375195,0.17177415745197655,False
32,6,Jason Mraz,0.10991079008128148,0.11001285273252243,0.0011007795183919763,0.010015208857819377,0.10734443485946456,0.11165331188877241,0.0043088770293078504,0.10699349626895957,0.1117119549871331,0.004718458718173529,90,R3_Bottom2,0.11109040870685148,0.04498307937922846,False
32,6,Lele Pons,0.10828998654515232,0.10893013601174453,0.002922231090977583,0.026985238286636383,0.10189450011001247,0.11177013667773826,0.00987563656772579,0.09937776747796452,0.11186291125595217,0.01248514377798765,90,R3_Bottom2,0.11027021345141426,0.09095277979125814,False
32,6,Mauricio Umansky,0.08866784399512555,0.08896814121305396,0.0031171232503658763,0.0351550585862586,0.08230304588361702,0.09398036210189868,0.011677316218281664,0.08191524268941276,0.0945876154182767,0.012672372728863943,90,R3_Bottom2,0.0972235339973699,0.3674621417045274,True
32,6,Xochitl Gomez,0.11058175450651393,0.11042256094983535,0.0009985069003541984,0.009029580917848255,0.10889605051689039,0.11283316370835314,0.003937113191462754,0.1088619401402429,0.11330218370906626,0.00444024356882336,90,R3_Bottom2,0.11017954188663898,0.011241792460228292,False
32,7,Alyson Hannigan,0.12868063590239034,0.12854489244315853,0.0013848704820429384,0.010762073658801474,0.1263128324847941,0.131894085466476,0.0055812529816818834,0.12604789947055717,0.13203416027489523,0.005986260804338062,90,R3_Bottom2,0.12876911102512065,0.10098449285531294,False
32,7,Ariana Madix,0.12043918449231727,0.12028786808948565,0.002188002678112949,0.018166867264470064,0.11705966197504765,0.12390429525042994,0.006844633275382289,0.11619384092995313,0.12517432618206695,0.008980485252113812,90,R3_Bottom2,0.12057810837919289,0.022984128254235143,False
32,7,Barry Williams,0.13530612783127235,0.1351648899158029,0.0016301654416547547,0.01204797940628071,0.13194214303648594,0.13841337857241862,0.006471235535932679,0.1317806028151264,0.1388551202170821,0.007074517401955693,90,R3_Bottom2,0.13282852601441117,0.16389259099229758,False
32,7,Charity Lawson,0.12345867165888277,0.12349113123244548,0.0010462145169913045,0.008474208436990177,0.12103636594568101,0.12524673238673706,0.004210366441056046,0.1208088119880566,0.12558650574880478,0.004777693760748186,90,R3_Bottom2,0.12365772961123771,0.0962554431562974,False
32,7,Harry Jowsey,0.13751090553907255,0.13678646098445507,0.0026609483135834814,0.019350816599977925,0.13445121572105792,0.1434209385591096,0.00896972283805167,0.13410255849400407,0.1441943521527889,0.01009179365878482,90,R3_Bottom2,0.13205822109587648,0.20355768084187092,False
32,7,Jason Mraz,0.12406948766823916,0.12404102660085915,0.0010842952033679164,0.00873941872208994,0.12226572573256453,0.12652343994267445,0.004257714210109925,0.12218778673226656,0.1268607390548267,0.004672952322560139,90,R3_Bottom2,0.12476045010628532,0.11312662247341077,False
32,7,Lele Pons,0.10257228808678523,0.10316641555040795,0.003108579257168737,0.030306229052223188,0.09535100598201547,0.10695993540341313,0.011608929421397657,0.09477015230098206,0.10731407307830232,0.012543920777320264,90,R3_Bottom2,0.10937424690363147,0.219157938610061,True
32,7,Xochitl Gomez,0.1279626988210403,0.12812445383319593,0.0018922133227402532,0.014787225810129017,0.12428307233442396,0.13108383343994962,0.00680076110552566,0.12403030118140701,0.13149227629078605,0.007461975109379043,90,R3_Bottom2,0.12797360686424433,0.08004110271651435,False
32,8,Alyson Hannigan,0.1417908704270953,0.14186111418213523,0.0018320802692816046,0.01292100305021829,0.13763802641401895,0.1456983086093566,0.008060282195337637,0.13743485194889968,0.14577088033700353,0.00833602838810385,90,R3_Bottom2,0.14240510633626485,0.11111850136147798,False
32,8,Ariana Madix,0.14042849588418835,0.1406547501069692,0.0011347185820798288,0.008080401167407172,0.13785375196819974,0.14222486766830855,0.004371115700108813,0.1376581056617281,0.14226005871923422,0.004601953057506131,90,R3_Bottom2,0.14269580690210648,0.0003099819274628764,False
32,8,Barry Williams,0.12416954808873874,0.12431571083748526,0.003029842633583562,0.02440085093503168,0.11773548371891637,0.12976709031188832,0.01203160659297195,0.11681914362897061,0.129831139959539,0.013011996330568376,90,R3_Bottom2,0.12933652966410214,0.3928135594132539,True
32,8,Charity Lawson,0.1421894629520977,0.1420424073976062,0.0011417713013430163,0.008029929065332137,0.14041957989341106,0.14507343088007812,0.0046538509866670685,0.14020659091337978,0.14542130312366128,0.005214712210281497,90,R3_Bottom2,0.14153012081769142,0.05397363022056653,False
32,8,Harry Jowsey,0.15585205263258944,0.15594241198981557,0.0023370733789414093,0.014995461012315955,0.15192330704813764,0.16122686883794965,0.00930356178981201,0.15157208943913744,0.161713666531398,0.010141577092260545,90,R3_Bottom2,0.15087852534532328,0.21898804575166889,False
32,8,Jason Mraz,0.15446776898572637,0.1540180154780296,0.0021334548174552774,0.013811650362169857,0.15122397321154588,0.15926590087019377,0.00804192765864789,0.15084410043374458,0.15973152422993359,0.008887423796189009,90,R3_Bottom2,0.15167280781422873,0.17317395358257667,False
32,8,Xochitl Gomez,0.14110180102956413,0.14122496149565558,0.0007980463582186671,0.005655819786818014,0.13931008108608176,0.14235852980447267,0.0030484487183909115,0.13926819727641734,0.14242873834389216,0.0031605410674748202,90,R3_Bottom2,0.1414811031202831,0.04962232764299295,False
32,9,Alyson Hannigan,0.17356815951477467,0.1736467187408049,0.002608455049150743,0.015028419131958952,0.17058943874747937,0.17724525141616396,0.006655812668684591,0.16935531323831599,0.17752652377992872,0.008171210541612739,90,R3_Bottom2,0.17049058834421857,0.1348872751221903,False
32,9,Ariana Madix,0.17195190555655457,0.17152157045408842,0.00199925257263268,0.011626812544831791,0.169601587874175,0.17629761819470677,0.0066960303205317595,0.16944003483367975,0.17927779062093113,0.009837755787251379,90,R3_Bottom2,0.17113946723600043,0.06615362336186827,False
32,9,Charity Lawson,0.17116522238893017,0.17086337404412377,0.001532876248857171,0.008955535636638225,0.1691814476017658,0.17495923887082468,0.005777791269058891,0.16913896278380433,0.1753297416697176,0.006190778885913267,90,R3_Bottom2,0.16890039804192888,0.06852340243171766,False
32,9,Harry Jowsey,0.1435567336425403,0.1435872527117883,0.003600329666922528,0.02507949000767484,0.13501335529793732,0.1495708011184611,0.01455744582052379,0.13358491151408722,0.15008685235621066,0.016501940842123447,90,R3_Bottom2,0.15054289550747305,0.7048382194714387,True
32,9,Jason Mraz,0.16949981198876687,0.1693917197789812,0.001461855734858083,0.008624527176201017,0.16725635999143393,0.17329319288574288,0.006036832894308952,0.16711700213752648,0.17334849762162152,0.006231495484095045,90,R3_Bottom2,0.17013483875180588,0.0003746283568933401,False
32,9,Xochitl Gomez,0.17025816690843337,0.1701397106087899,0.0013000807426840958,0.0076359376251436606,0.16840519733661524,0.17308414282746842,0.004678945490853181,0.16829871848152006,0.17362090256001897,0.005322184078498909,90,R3_Bottom2,0.16879181211857316,0.025222851155891766,False
32,10,Alyson Hannigan,0.20311336241326508,0.20343548035960857,0.00678610058737694,0.03341040937311443,0.1889940269419498,0.21614211989631787,0.02714809295436807,0.18781007377007775,0.21735087621631233,0.029540802446234582,90,R3_Bottom2,0.20198982350941183,0.30965401202531173,False
32,10,Ariana Madix,0.19501661090611697,0.19470512801303225,0.007399507949067713,0.037942962472206604,0.1826132317804236,0.2120328101798029,0.02941957839937931,0.1812254237906522,0.2130156187715168,0.031790194980864606,90,R3_Bottom2,0.20122382962203222,0.11819364927372364,False
32,10,Charity Lawson,0.19879457103133852,0.1990384476593707,0.006726099480829075,0.03383442236844966,0.1864372998610971,0.21136806369441208,0.024930763833314967,0.1833333360689101,0.2145903743367532,0.031257038267843096,90,R3_Bottom2,0.19783028175105705,0.1696572981168864,False
32,10,Jason Mraz,0.20111251245765038,0.2012127610993373,0.0064061768618082545,0.031853696140150635,0.189876063281704,0.2130432501129959,0.023167186831291903,0.18974916834929786,0.21492620756226172,0.025177039212963853,90,R3_Bottom2,0.20074022884013715,0.24752018111095941,False
32,10,Xochitl Gomez,0.20196294319162916,0.20171003032682333,0.006798547111988395,0.03366234916440937,0.19068190942538663,0.21416544970876764,0.02348354028338101,0.18795798288644405,0.2150967208687021,0.02713873798225805,90,R3_Bottom2,0.19821583627736172,0.15497485937311875,False
32,11,Alyson Hannigan,0.20307990765963121,0.20383319474253647,0.0101327449926641,0.04989535946434899,0.18309940609369563,0.22298229517666837,0.039882889082972744,0.1823566434580205,0.22438101163583046,0.04202436817780997,90,R3_Bottom2,0.20297151685403544,0.32449628679461306,False
32,11,Ariana Madix,0.19676861445077667,0.19622690258653872,0.01168789325965577,0.05939917446834284,0.1760631437065026,0.22408987826511473,0.048026734558612116,0.17474385636228854,0.22470166162597335,0.04995780526368482,90,R3_Bottom2,0.2036434650074508,0.09418497329893633,False
32,11,Charity Lawson,0.1948516238284658,0.19516132842296224,0.010312408930917739,0.052924418736156324,0.1761922553403639,0.2144493818845094,0.03825712654414551,0.17221862205415175,0.2173874763512174,0.04516885429706566,90,R3_Bottom2,0.19557331050700943,0.2618001991546604,False
32,11,Jason Mraz,0.201870656635769,0.20215464796671773,0.010124951203958135,0.05015563615184733,0.18381408155322304,0.2207828199223282,0.036968738369105164,0.18362010123810737,0.22395810661593005,0.04033800537782267,90,R3_Bottom2,0.20043820502992832,0.11938112184439828,False
32,11,Xochitl Gomez,0.2034291974253574,0.20306259617707823,0.010808068541003526,0.05312938692081918,0.18572454799358118,0.22142183337542815,0.035697285381846966,0.18102547890463014,0.22307330406601966,0.042047825161389524,90,R3_Bottom2,0.19737350260157602,0.20013741880739186,False
17,1,Amber Riley,0.09365887381972102,0.09402394398081848,0.009469989522953026,0.10111150323226505,0.0765284460944074,0.10922829750718673,0.03269985141277933,0.0744041641948111,0.1092957420773229,0.03489157788251179,91,R2_Percent,0.16277001621916543,0.03695529788503892,False
17,1,Bill Engvall,0.09246176960795913,0.09079175803511162,0.009177066305330562,0.09925254885604741,0.07591277273506436,0.11110827451101721,0.03519550177595285,0.07323838075597168,0.11228813056308766,0.03904974980711598,91,R2_Percent,0.1796690583918394,0.04193166513940352,False
17,1,Bill Nye,0.07066100192156925,0.07051701936057739,0.006773478394590085,0.09585879354086094,0.0598949004906928,0.08306040379584918,0.023165503305156383,0.057784180961539505,0.08571294102264475,0.027928760061105243,91,R2_Percent,0.01849864137491082,0.14250708911408247,False
17,1,Brant Daugherty,0.08367351875543261,0.08271144362529327,0.007595070366128693,0.09077029960133681,0.06950232692473728,0.09892855730620242,0.02942623038146515,0.06835012846676311,0.09914892841131338,0.030798799944550273,91,R2_Percent,0.044681813496239065,0.09577274771018049,False
17,1,Christina Milian,0.07894322573647236,0.07830263923857476,0.0074933473975583465,0.09492071457242675,0.06695817207084871,0.09471056344915356,0.027752391378304847,0.0656746011529226,0.09693438124115393,0.031259780088231326,91,R2_Percent,0.02319563065264533,0.11112476606314335,False
17,1,Corbin Bleu,0.09591798800755776,0.09637546744080523,0.010062464575199324,0.1049069604588293,0.07887710575912522,0.11451444122465916,0.03563733546553394,0.07285810329356378,0.11663591255896334,0.043777809265399564,91,R2_Percent,0.15705578313664437,0.04169319731801777,False
17,1,Elizabeth Berkley Lauren,0.08464458187670507,0.08355691909043002,0.008474014955262761,0.1001129046582825,0.06954410240200432,0.09992405045497292,0.030379948052968606,0.0689462041410739,0.10318823792778362,0.034242033786709716,91,R2_Percent,0.07187200316162948,0.07517165073240123,False
17,1,Jack Osbourne,0.09565667223125562,0.09494727058642925,0.008555808166602208,0.08944287906982629,0.08011859211741672,0.11116382041669512,0.031045228299278402,0.07821905035148072,0.1132703406801528,0.03505129032867209,91,R2_Percent,0.1663375045617591,0.04017086427714642,False
17,1,Keyshawn Johnson,0.06534099658491602,0.06476594431543096,0.005799743803395623,0.08876117761470591,0.05533346072885786,0.07745973993516192,0.022126279206304063,0.054074415514013846,0.07843317288801327,0.024358757373999423,91,R2_Percent,0.016119541657664178,0.1335886451337137,False
17,1,Leah Remini,0.0852668520391901,0.08575282162698836,0.008170250959915635,0.09581977948664562,0.06901155920132877,0.10318984296386526,0.03417828376253648,0.06861298454746799,0.10476537381651281,0.03615238926904482,91,R2_Percent,0.10453790454417482,0.06502869491951882,False
17,1,"Nicole ""Snooki"" Polizzi",0.07859509079796285,0.07806968166436834,0.00756422193353219,0.09624293141892078,0.06341872891095507,0.09532022770090458,0.03190149878994951,0.061263142251032035,0.0963876557556867,0.03512451350465466,91,R2_Percent,0.03379388592174756,0.10051314026067226,False
17,1,Valerie Harper,0.07517942862125822,0.07436713180552504,0.00783406134457753,0.10420485348517693,0.061489208854934745,0.08946625896772975,0.027977050112795006,0.06028519226816383,0.09073782907268003,0.030452636804516202,91,R2_Percent,0.021468216881580477,0.11554224144668103,False
17,2,Amber Riley,0.09833132691381007,0.09872493148345224,0.010759242040281778,0.10941825334781184,0.07918199525944987,0.1164102659227515,0.03722827066330163,0.07660602646806593,0.1168490454942749,0.04024301902620897,91,R2_Percent,0.16378111948007534,0.040554709418347254,False
17,2,Bill Engvall,0.09784346950284281,0.09604127114341188,0.010410739709470294,0.10640198842466245,0.07893216693529342,0.11911000468017222,0.04017783774487879,0.07625483260137599,0.12072366849747368,0.044468835896097694,91,R2_Percent,0.18060198564561095,0.03902876541052767,False
17,2,Bill Nye,0.059993297623803996,0.05976236895365939,0.0055184258648006,0.09198403960730127,0.051088570598378125,0.07044679951353028,0.019358228915152154,0.04960470910509788,0.07227242109772881,0.022667711992630936,91,R2_Percent,0.01634439167986614,0.13495572937219538,False
17,2,Brant Daugherty,0.08699974575731416,0.08578685448628143,0.008321215248249704,0.09564643178914267,0.07146951286163648,0.10373218630696034,0.03226267344532385,0.0702743999082694,0.10387062567475384,0.03359622576648444,91,R2_Percent,0.04390536722814382,0.09540734255782511,False
17,2,Christina Milian,0.0753529035878497,0.07482642409759668,0.007098371607060051,0.09420169985599108,0.06367154550993163,0.09026779306976249,0.026596247559830852,0.06250716053914647,0.0917785283673919,0.029271367828245437,91,R2_Percent,0.020986509171090725,0.10613560134338487,False
17,2,Corbin Bleu,0.10245665212189217,0.10293680963501595,0.01164450159980509,0.11365295818910504,0.08276048332478113,0.12428882784410719,0.04152834451932606,0.07640005582896205,0.12688411601537372,0.050484060186411675,91,R2_Percent,0.15892241231733034,0.039815058749963834,False
17,2,Elizabeth Berkley Lauren,0.09032528729192306,0.08951007888582264,0.009446543991867173,0.1045836030538913,0.07348024335632725,0.10698150674490695,0.0335012633885797,0.07285432624289633,0.11214024116756482,0.0392859149246685,91,R2_Percent,0.07409153165058653,0.07349761452429346,False
17,2,Jack Osbourne,0.10067783510959548,0.10027089808657766,0.00977347046688506,0.09707668481593683,0.0830558909195778,0.11815779414664826,0.03510190322707046,0.08093429590237447,0.12043005767727119,0.03949576177489672,91,R2_Percent,0.16717099968321253,0.039614505695806886,False
17,2,Keyshawn Johnson,0.054894384039044265,0.054596339057938065,0.004816373019553283,0.0877389026922605,0.04635925158880819,0.06549853762022792,0.019139286031419733,0.04561985140817084,0.06601490871113787,0.020395057302967028,91,R2_Percent,0.013843250765156214,0.13378582139771905,True
17,2,Leah Remini,0.08961796882964927,0.09025651246631601,0.009217158082646814,0.10284944194804606,0.07127681083565882,0.10970609545777489,0.038429284622116075,0.07088351175520073,0.11157747978255542,0.040693968027354685,91,R2_Percent,0.11017264613531898,0.058768157343685984,False
17,2,"Nicole ""Snooki"" Polizzi",0.0775500747582338,0.07692061128478068,0.00799888396006229,0.10314476143316698,0.0620356259170851,0.09445422264860548,0.03241859673152038,0.060552022476975706,0.09577124894042884,0.03521922646345313,91,R2_Percent,0.031281377941582734,0.1125670087475796,False
17,2,Valerie Harper,0.06595705446404121,0.06587778370725471,0.0070644576087054555,0.10710692989719381,0.05338471682314622,0.07945877202214252,0.026074055198996304,0.0532139054324467,0.08019521475021783,0.02698130931777113,91,R2_Percent,0.018898408302025556,0.12586968543867078,False
17,3,Amber Riley,0.1096873714029791,0.1098919463037449,0.012561147866394633,0.11451772164588013,0.08760032074589841,0.13068702915459773,0.043086708408699326,0.08477138906401613,0.130910663378129,0.04613927431411288,91,R2_Percent,0.16858326720736452,0.04587482589079498,False
17,3,Bill Engvall,0.10741385159553397,0.10542706213006794,0.011869273892732147,0.11050040303391974,0.08621468503574442,0.13150118917857917,0.04528650414283475,0.08302227926948798,0.1336940273723555,0.05067174810286752,91,R2_Percent,0.1845029552480056,0.0410897589415221,False
17,3,Bill Nye,0.0564084186537754,0.0562249853584097,0.005303928014487089,0.09402724169669838,0.047775530163061714,0.0671557062422664,0.019380176079204683,0.0470424192660351,0.06845703551570348,0.02141461624966838,91,R2_Percent,0.01449926090783635,0.1655376143205308,True
17,3,Brant Daugherty,0.09055431724841638,0.08969545792250312,0.008635511047888155,0.09536277573821776,0.0745601848309453,0.10791357813638991,0.03335339330544461,0.07208379851326793,0.1085695966293922,0.03648579811612426,91,R2_Percent,0.04227056870811934,0.10134603958479789,False
17,3,Christina Milian,0.07246778290318326,0.07209179547342114,0.006317189241374068,0.08717238182674657,0.06190089854201264,0.08553305764349432,0.023632159101481684,0.06182782869919315,0.08558941647346743,0.023761587774274284,91,R2_Percent,0.01903850436094516,0.12229456498363016,False
17,3,Corbin Bleu,0.11184007497432759,0.11301417562774378,0.013012583162948269,0.11634991451798697,0.0891156906076545,0.13613176309848163,0.047016072490827135,0.08309587655865533,0.13970237520451517,0.05660649864585984,91,R2_Percent,0.16243268699135688,0.04534068371817851,False
17,3,Elizabeth Berkley Lauren,0.09648834925105546,0.09552365697420519,0.010464526491701265,0.1084537829999905,0.07926221643968007,0.11678524406614839,0.03752302762646832,0.0781815516720377,0.12118692000580314,0.043005368333765434,91,R2_Percent,0.07457887911703245,0.08556291982704253,False
17,3,Jack Osbourne,0.11170216485295076,0.11145956848897871,0.011224876063202912,0.10048933320119437,0.0917243729618236,0.13225126258454384,0.04052688962272023,0.08909483927654277,0.1345316546135929,0.04543681533705013,91,R2_Percent,0.1716122669791065,0.04742873794741748,False
17,3,Leah Remini,0.09916589587347574,0.10033830411879631,0.010698439094158161,0.10788425798934077,0.07732886813878943,0.12234737305591178,0.04501850491712235,0.07681230548465026,0.12431650260580479,0.04750419712115453,91,R2_Percent,0.11624215298960056,0.06589714841037794,False
17,3,"Nicole ""Snooki"" Polizzi",0.07912349726286488,0.07887512524774315,0.008401251328416461,0.10617896856234424,0.062060075470189935,0.09554682715029511,0.033486751680105176,0.06140109141679375,0.09792729085131056,0.036526199434516814,91,R2_Percent,0.028711794464136988,0.11752288564351612,False
17,3,Valerie Harper,0.06514827598143742,0.0642730806838985,0.006242876008450755,0.09582565178285803,0.05433082700205862,0.07644133641859213,0.02211050941653351,0.05328769409727087,0.07678676248116571,0.023499068383894844,91,R2_Percent,0.01752766302649557,0.16210482073219162,False
17,4,Amber Riley,0.12338050253508447,0.1234700755352404,0.014271800478170654,0.11567306166638709,0.0986995562731808,0.1468277760430518,0.048128219769871,0.09475697628668707,0.1471975292099923,0.052440552923305225,91,R2_Percent,0.1744089159781416,0.04754853907888081,False
17,4,Bill Engvall,0.12004482316668089,0.11835454244411288,0.013420702966766044,0.11179743209860495,0.09509958588732634,0.1473968892756325,0.052297303388306154,0.09267770367702687,0.1503297287243807,0.057652025047353825,91,R2_Percent,0.19138133453345582,0.05037466248112567,False
17,4,Brant Daugherty,0.09428566448840352,0.09318865707433768,0.008770706901318811,0.09302269808362593,0.07814529670175074,0.11133311761902503,0.03318782091727429,0.07522529109005513,0.1116446189662401,0.03641932787618497,91,R2_Percent,0.03992508038600044,0.14366760978082715,False
17,4,Christina Milian,0.06579849495315086,0.06563254133207921,0.005572609474154019,0.0846920507546832,0.0569696770262556,0.07698603976528562,0.02001636273903002,0.056889877146542304,0.07778012199639735,0.020890244849855043,91,R2_Percent,0.017089505228152314,0.15414987744829145,False
17,4,Corbin Bleu,0.1270212307338273,0.12720889813070163,0.015117194686388074,0.11901313346637399,0.1006877571792319,0.15540619817450774,0.05471844099527584,0.09403761774654149,0.15833745270950964,0.06429983496296815,91,R2_Percent,0.16874293323193143,0.04944976469868442,False
17,4,Elizabeth Berkley Lauren,0.09684545575861847,0.09578368088311219,0.010911249478186178,0.11266661293207,0.07960243337767124,0.11988678579393694,0.0402843524162657,0.07833196407676522,0.12175255257731649,0.04342058850055126,91,R2_Percent,0.07127725071926119,0.09706483243623665,False
17,4,Jack Osbourne,0.12263041374624437,0.12296118484963554,0.012713168324278646,0.10367059798546913,0.09970755839850014,0.14792880422636906,0.04822124582786892,0.09842499067171606,0.14999485880065286,0.0515698681289368,91,R2_Percent,0.17555547391935647,0.05149099898090611,False
17,4,Leah Remini,0.10901885883966624,0.1102536107827119,0.01191223913158752,0.10926769238253374,0.08482682218441795,0.13569813991049492,0.050871317726076976,0.08377980159336017,0.1379120353051026,0.05413223371174243,91,R2_Percent,0.12016837551382187,0.07554002228124045,False
17,4,"Nicole ""Snooki"" Polizzi",0.08039860658191111,0.07981696675778124,0.008326188533541445,0.10356135370404236,0.06331056887787449,0.09727954607659065,0.03396897719871615,0.062418413298876776,0.09893126629636338,0.036512852997486606,91,R2_Percent,0.02608384556765191,0.14484848706087727,False
17,4,Valerie Harper,0.06057594919641281,0.05969738296207154,0.00573331895776756,0.0946467869480298,0.05075392398597508,0.07159229644419728,0.020838372458222197,0.04940661832207574,0.07181851699884838,0.022411898676772637,91,R2_Percent,0.015367284922227133,0.18586520575293003,True
17,5,Amber Riley,0.13275640491911136,0.1337009815795234,0.015427675321659003,0.11621040303900293,0.10584285070002465,0.15980200695576177,0.05395915625573712,0.10174892618430988,0.16032785094938676,0.05857892476507688,91,R2_Percent,0.1794741775037591,0.06199341629093199,False
17,5,Bill Engvall,0.13370542230436483,0.13283788231063026,0.014730015667024005,0.1101676761731685,0.10504248399691961,0.16342802620012506,0.05838554220320545,0.10355313532762024,0.16669862037293529,0.06314548504531504,91,R2_Percent,0.19957176658705877,0.05721701542373203,False
17,5,Brant Daugherty,0.09419560348721581,0.09323772075508757,0.008273948810412894,0.08783795107311809,0.07869654482286514,0.11070862149994715,0.032012076677082,0.0758470951025081,0.110970772275649,0.035123677173140896,91,R2_Percent,0.03630251663916567,0.1621093777734284,False
17,5,Christina Milian,0.0657295776125035,0.06564653836791783,0.0055153484804957515,0.08390968998782347,0.05699326036289691,0.07736260146320403,0.020369341100307123,0.056852478113069926,0.07825355430586613,0.0214010761927962,91,R2_Percent,0.015338235212347107,0.18197882294640677,True
17,5,Corbin Bleu,0.13996733135074269,0.13944770639223997,0.0164205372889945,0.11731692767540482,0.11050777041497141,0.17204625252484385,0.061538482109872436,0.10422909526455883,0.17398589480366766,0.06975679953910884,91,R2_Percent,0.17486536197333588,0.06034205004629078,False
17,5,Elizabeth Berkley Lauren,0.09765098699223582,0.09543975459645844,0.010950666216784618,0.1121408656899218,0.07998765029912958,0.11994217187366453,0.039954521574534954,0.07967846488508641,0.12199810219818036,0.04231963731309395,91,R2_Percent,0.06622203182246948,0.13573246185511492,False
17,5,Jack Osbourne,0.14356722727694504,0.14381922056547425,0.014733433117600957,0.10262393024544361,0.1166396459458088,0.1698751341098837,0.05323548816407489,0.11421154191872664,0.17136690153258274,0.05715535961385611,91,R2_Percent,0.18487155040940104,0.0579879710038222,False
17,5,Leah Remini,0.11492527819910126,0.11684892852123517,0.012254437629740388,0.10662961031523717,0.09064320109980671,0.14267065102969667,0.05202744992988996,0.08905333611252408,0.14464052979584796,0.05558719368332388,91,R2_Percent,0.12016805576683663,0.10512834354535293,False
17,5,"Nicole ""Snooki"" Polizzi",0.07750216785777972,0.07683914566634403,0.00713790176934118,0.09209938207715143,0.0627132569583341,0.09186436019404522,0.029151103235711115,0.06205329601628309,0.09243627759695672,0.03038298158067363,91,R2_Percent,0.023186304085626393,0.17751054111492004,False
17,6,Amber Riley,0.15435771825073138,0.15490603747539206,0.017294283974431102,0.11204029296636198,0.12425320193539748,0.18307210277468883,0.05881890083929135,0.11976286408544816,0.18393739202371343,0.06417452793826527,91,R2_Percent,0.19003255300821992,0.06503334924477516,False
17,6,Bill Engvall,0.15032538363370854,0.14952331112148937,0.016258484437668714,0.10815528319079545,0.11899088746037856,0.18447272501678175,0.06548183755640319,0.11712923257563378,0.18671553752924597,0.06958630495361219,91,R2_Percent,0.21077206301065549,0.07159544824351094,False
17,6,Brant Daugherty,0.09051527521897179,0.08990897492652113,0.0068551156027960945,0.07573435076248079,0.0774286189388136,0.10410499642650056,0.02667637748768696,0.07473877672795644,0.10450093349524407,0.029762156767287634,91,R2_Percent,0.031933719206080145,0.20010258006902468,False
17,6,Corbin Bleu,0.15490173736225474,0.15408540044094596,0.017744307965969063,0.11455202677599444,0.12335462716934012,0.18945838228927755,0.06610375511993744,0.1177478715496328,0.19326355797547326,0.07551568642584046,91,R2_Percent,0.1820915939725329,0.0798079682582707,False
17,6,Elizabeth Berkley Lauren,0.09920598252275718,0.0974134010606145,0.010362408837915012,0.10445346716401852,0.08275323015874797,0.12036536890304167,0.0376121387442937,0.08215732039728631,0.12191583101134477,0.03975851061405847,91,R2_Percent,0.05895754022028054,0.1610778139425429,False
17,6,Jack Osbourne,0.15820098742519037,0.15861300480597526,0.01601650279262324,0.10124148435038736,0.1283796162156418,0.1892835920112576,0.060903975795615795,0.1267794590277045,0.18991002305673674,0.06313056402903225,91,R2_Percent,0.1924050484920166,0.07431119022694942,False
17,6,Leah Remini,0.1185088412410583,0.11951416870864079,0.011861837133688364,0.10009242356492419,0.09439228750126966,0.14450500322828952,0.05011271572701986,0.09258335643910512,0.1454974872112341,0.052914130772128976,91,R2_Percent,0.11366446754962897,0.12435687980002293,False
17,6,"Nicole ""Snooki"" Polizzi",0.0739840743453276,0.07351671575340642,0.0066605872363612395,0.09002731054351407,0.06035149218542918,0.0879661963762563,0.027614704190827122,0.05964706841614375,0.08837005327564418,0.02872298485950043,91,R2_Percent,0.020143014540585615,0.22371477021490344,False
17,7,Amber Riley,0.16289763947147515,0.1641567446008804,0.0174153315351512,0.10690966174620832,0.1327538590604198,0.19067181815491274,0.05791795909449293,0.12814029946405942,0.19213395497023864,0.06399365550617922,91,R2_Percent,0.1945049087939511,0.0627488382513497,False
17,7,Bill Engvall,0.15828269768320996,0.15779368267144614,0.016427926826324414,0.1037885193187924,0.12691003623255834,0.1925059323867934,0.06559589615423506,0.12431863836864797,0.19480327088733412,0.07048463251868615,91,R2_Percent,0.21759667181041945,0.06155512590784744,False
17,7,Brant Daugherty,0.07517327209726352,0.07481544158713288,0.005690045915163349,0.07569240710715958,0.06420807200315962,0.08652829083214755,0.022320218828987937,0.06197591976547185,0.08688089600062518,0.02490497623515333,91,R2_Percent,0.027221239134723213,0.20600755906323465,False
17,7,Corbin Bleu,0.1697479232842527,0.16884873994718186,0.018895594456848016,0.11131561489094775,0.13625405908293053,0.20487272808576049,0.06861866900282995,0.12989758490639505,0.20841334691958124,0.07851576201318619,91,R2_Percent,0.18906320511789765,0.06515665071335239,False
17,7,Elizabeth Berkley Lauren,0.0882474747417484,0.08719971917328721,0.008778731628026021,0.09947855906037559,0.07376650900287803,0.10506720307469627,0.03130069407181825,0.07332320713022776,0.10687514233633348,0.03355193520610572,91,R2_Percent,0.0513046439373172,0.1827511207180346,False
17,7,Jack Osbourne,0.16564317905311843,0.1656629002095184,0.01612868489942555,0.0973700516473027,0.1356624894560575,0.19769170754715998,0.062029218091102484,0.13431759088601103,0.19832910507229223,0.0640115141862812,91,R2_Percent,0.19611500706207535,0.06402275080289027,False
17,7,Leah Remini,0.11535897058227543,0.11732961730673755,0.010925842188178773,0.09471168243813625,0.09342926938126511,0.139526417546098,0.0460971481648329,0.09161615709814439,0.1407977238626538,0.04918156676450941,91,R2_Percent,0.10713005958225506,0.12614808460714208,False
17,7,"Nicole ""Snooki"" Polizzi",0.06464884308665644,0.06399784680159433,0.006090937972274869,0.09421573042089043,0.05247301304815232,0.07835643486478489,0.025883421816632564,0.05173814803189098,0.07894933559864706,0.027211187566756077,91,R2_Percent,0.017064264561361047,0.23160986993614902,True
17,8,Amber Riley,0.1823336031641437,0.18364992882936437,0.018585796322391546,0.10193291856169759,0.14963600299481383,0.21152241381574555,0.061886410820931714,0.14592386105502972,0.21337163076130222,0.0674477697062725,91,R2_Percent,0.20380220657915732,0.07709204268581661,False
17,8,Bill Engvall,0.17973502707182112,0.17976048751813065,0.01784391164136444,0.0992789882532697,0.14566258989721773,0.21771455398284684,0.07205196408562911,0.14412823089348306,0.21927656821930813,0.07514833732582507,91,R2_Percent,0.23234054722613523,0.0730894937042835,False
17,8,Brant Daugherty,0.07335783890059923,0.07300325189521939,0.005738384411439412,0.0782245564678506,0.061412247363155134,0.08511589079699718,0.023703643433842042,0.0597915633928178,0.08553552028342173,0.025743956890603936,91,R2_Percent,0.022917447307155957,0.27941177013857255,True
17,8,Corbin Bleu,0.18911405328140546,0.18718648674173582,0.019714163360543664,0.10424483542324905,0.15435928196573118,0.22677298403761673,0.07241370207188555,0.14822852259753092,0.230454080694648,0.0822255580971171,91,R2_Percent,0.197504875191145,0.07492562725347225,False
17,8,Elizabeth Berkley Lauren,0.07981871166701962,0.07946016205572788,0.007823767444501273,0.09801921480692082,0.06673294795328152,0.09483339937595323,0.0281004514226717,0.06580022043213095,0.09689423523785462,0.03109401480572367,91,R2_Percent,0.04306191453477116,0.2612229497223601,False
17,8,Jack Osbourne,0.18552710198969938,0.183382759346527,0.017643723797320772,0.09510051959039584,0.15215669313669966,0.22068716781189876,0.0685304746751991,0.1507122833159695,0.2214196989508413,0.07070741563487179,91,R2_Percent,0.2047940657559609,0.07124024015168408,False
17,8,Leah Remini,0.11011366392531144,0.1119845087016414,0.009489503680401502,0.08617916561961012,0.09000604630964965,0.1298277056690421,0.03982165935939244,0.0884999701219958,0.1315153587089825,0.04301538858698671,91,R2_Percent,0.09557894340567429,0.16301787634381065,False
17,9,Amber Riley,0.20420076419981698,0.20537609035729315,0.019913365191498087,0.09751856350553234,0.16956159772807905,0.234447346679456,0.06488574895137694,0.16574012251825052,0.23689335202853035,0.07115322951027983,91,R2_Percent,0.21397963717317292,0.10770018415122375,False
17,9,Bill Engvall,0.19991365356757881,0.19957305510029866,0.019277814583294483,0.09643070515330165,0.16324426282073534,0.24065681766640054,0.0774125548456652,0.16180877246710534,0.2431506093408489,0.08134183687374355,91,R2_Percent,0.2488143286672832,0.10313224868462319,False
17,9,Corbin Bleu,0.21144030993113702,0.2100374729599045,0.021651409633691793,0.10239963061321343,0.17312762872022228,0.2535820905716095,0.08045446185138724,0.1669595527357579,0.2562560259982454,0.08929647326248746,91,R2_Percent,0.20778778655144908,0.09639244399381135,False
17,9,Elizabeth Berkley Lauren,0.07675077905677632,0.07594798851379254,0.007768621638828968,0.10121879848388426,0.06317863600775062,0.09182147521038647,0.028642839202635856,0.06273986519546863,0.09357473621947525,0.030834871024006616,91,R2_Percent,0.03342933435559964,0.3365845451859247,True
17,9,Jack Osbourne,0.21032445295893962,0.20706665806914976,0.019105039819587256,0.09083603713600064,0.1746083754272763,0.24726172252624953,0.07265334709897323,0.17163195137458823,0.24766222172117308,0.07603027034658486,91,R2_Percent,0.2177659340447884,0.0982240327725329,False
17,9,Leah Remini,0.09737004028575126,0.09829463745709488,0.008328444258228642,0.08553395103655301,0.07960477593398563,0.11370621112097572,0.03410143518699009,0.07888537133747606,0.11627272350813203,0.037387352170655974,91,R2_Percent,0.07822297920770678,0.2579665452118842,False
17,10,Amber Riley,0.22442029372085126,0.22619548393330727,0.021714508584406815,0.09675822192540551,0.18498207527046961,0.2608208252599546,0.07583874998948498,0.18382372718682347,0.2626226953332398,0.07879896814641632,91,R2_Percent,0.22258304626430425,0.11925748377505872,False
17,10,Bill Engvall,0.22107356604209968,0.22087664267153356,0.02107578332670511,0.09533380088821469,0.18065873180181144,0.2632319079653214,0.08257317616350998,0.17865750353982662,0.2661635779449879,0.08750607440516128,91,R2_Percent,0.26633867886812174,0.12827144194195905,False
17,10,Corbin Bleu,0.23116660784598786,0.23019998472357092,0.022992993963921883,0.09946503164177027,0.19003348972609171,0.27656531250626987,0.08653182278017815,0.1832268348718636,0.27903697569108765,0.09581014081922407,91,R2_Percent,0.221438918022683,0.13009731162695537,False
17,10,Jack Osbourne,0.22808661066673908,0.22593493231788783,0.021064023146639826,0.09235098493973766,0.18956136188287473,0.2705829288390926,0.08102156695621784,0.18752934447010167,0.2717454103692912,0.08421606589918951,91,R2_Percent,0.2316133878869255,0.13123119010049544,False
17,10,Leah Remini,0.09525292172432209,0.09645536810150143,0.00785726178389134,0.08248840709192702,0.0784501426687977,0.10961077643323959,0.031160633764441892,0.0775811413203345,0.1127585852974209,0.0351774439770864,91,R2_Percent,0.05802596895796548,0.4911425725555314,True
17,11,Amber Riley,0.24395795146610796,0.24387924167000136,0.022608937691576084,0.09267555148624473,0.2025981326426391,0.28233901218073,0.07974087953809089,0.2001395723245128,0.282595830515248,0.08245625819073521,91,R2_Percent,0.23475501847240582,0.23558526280108194,False
17,11,Bill Engvall,0.24529068068710885,0.24373619474692013,0.022585746541249285,0.09207747509192782,0.20019940094174785,0.29024446753588945,0.0900450665941416,0.19901379581493944,0.29088354353995705,0.0918697477250176,91,R2_Percent,0.28214715264953044,0.24145062219650434,False
17,11,Corbin Bleu,0.2586786720302324,0.25759727814797845,0.025149068497864666,0.0972212679943147,0.21440678610825342,0.30525670217458767,0.09084991606633425,0.20706082549351226,0.30763314562324573,0.10057232012973347,91,R2_Percent,0.2372843896074985,0.2560316371829384,False
17,11,Jack Osbourne,0.2520726958165508,0.2500771275352777,0.02214817687562461,0.08786424409783453,0.21075698690502565,0.29648229879367316,0.08572531188864752,0.2099717220510731,0.29824950457771676,0.08827778252664367,91,R2_Percent,0.24581343927056526,0.26693247781947527,False
