season,week,celebrity_name,celebrity_idx,n_alive,rule_type,pV_hat,pV_rank,elim_prob,elim_rank,eta,alpha,eps_residual,trend_effect,log_trend_rel,delta_log_trend,trend_missing,eliminated_end_of_week,prediction_correct
1,1,Evander Holyfield,0,6,R1_Rank,0.17446831148690503,2,0.11449769108625174,5,0.04717091560876022,0.036631387177223244,0.012789601690185438,-0.059421416669760585,-4.110873858073311,0.0,0.0,False,
1,1,Joey McIntyre,1,6,R1_Rank,0.1731910877071077,3,0.09378367463407783,6,0.039823324668394874,0.033999497792175565,0.008073900134867768,-0.059421416669760585,-4.110873858073311,0.0,0.0,False,
1,1,John O'Hurley,2,6,R1_Rank,0.1583944679457678,5,0.199316041545052,2,-0.04948365929392975,-0.11499142401302667,0.06775783797774539,-0.059421416669760585,-4.110873858073311,0.0,0.0,False,
1,1,Kelly Monaco,3,6,R1_Rank,0.17749403471543027,1,0.1181651811602995,4,0.06436478763414347,0.08014391853106177,-0.039428389353797215,-0.03352208495423322,-2.3191143939285896,0.0,0.0,False,
1,1,Rachel Hunter,4,6,R1_Rank,0.1626451727827464,4,0.1611003133951188,3,-0.02300123955737427,-0.0797552963284278,0.0021708004492380453,-0.0025880870892966454,-0.17904823132937758,0.0,0.0,False,
1,1,Trista Sutter,5,6,R1_Rank,0.1538069253620428,6,0.31313709817920027,1,-0.07887412905999452,-0.016677501761144062,-0.05994655404020201,-0.059421416669760585,-4.110873858073311,0.0,0.0,False,
1,2,Evander Holyfield,0,6,R1_Rank,0.17552869582799246,1,0.15232631136690603,2,0.055755045734846506,0.036631387177223244,0.022802928371481884,-0.06380360243681238,-3.58351893485611,0.5273549232172008,0.0,False,
1,2,Joey McIntyre,1,6,R1_Rank,0.17294768690420959,3,0.12040026620476595,4,0.040941668136073625,0.033999497792175565,0.014997348085427215,-0.06380360243681238,-3.58351893485611,0.5273549232172008,0.0,False,
1,2,John O'Hurley,2,6,R1_Rank,0.1711442116333554,4,0.10337490966819475,6,0.03045905117763198,-0.11499142401302667,0.09812228871849343,-0.06380360243681238,-3.58351893485611,0.5273549232172008,0.0,False,
1,2,Kelly Monaco,3,6,R1_Rank,0.17404537066307027,2,0.14326388095613937,3,0.04726852336575138,0.08014391853106177,-0.036433087064430165,-0.03214439333390363,-2.4849066485880003,-0.1657922546594106,0.0,False,
1,2,Rachel Hunter,4,6,R1_Rank,0.17082975823101998,5,0.11561624552473343,5,0.028620001900950376,-0.0797552963284278,0.007645635159636042,-0.0022791732823331944,-0.21622310834549802,-0.03717487701612043,0.0,False,
1,2,Trista Sutter,5,6,R1_Rank,0.13550427674035231,6,0.3650183862792606,1,-0.20304429031525387,-0.016677501761144062,-0.11519242458401384,-0.06380360243681238,-3.58351893485611,0.5273549232172008,0.0,True,True
1,3,Evander Holyfield,0,5,R1_Rank,0.16922539405379664,5,0.4735960274468967,1,-0.16383543446460191,0.036631387177223244,-0.1604722457109891,-0.05853728809618089,-2.7725887206397815,0.8109302142163286,0.0,True,True
1,3,Joey McIntyre,1,5,R1_Rank,0.20908223245163962,2,0.1346212239083915,3,0.04766067785177529,0.033999497792175565,0.06495949737864042,-0.05853728809618089,-2.7725887206397815,0.8109302142163286,0.0,False,
1,3,John O'Hurley,2,5,R1_Rank,0.20777071687941612,3,0.12245387809159276,4,0.041368195566035645,-0.11499142401302667,0.07912995816211255,-0.05853728809618089,-2.7725887206397815,0.8109302142163286,0.0,False,
1,3,Kelly Monaco,3,5,R1_Rank,0.20921475720990845,1,0.15252724013244406,2,0.048294317423554715,0.08014391853106177,0.0520368476377458,-0.054176940377056504,-0.28768207231844756,2.197224576269553,0.0,False,
1,3,Rachel Hunter,4,5,R1_Rank,0.20470689940523928,4,0.11680163042067485,5,0.026512243623236273,-0.0797552963284278,-0.01321302586907508,0.018117311893837362,-2.7725887206397815,-2.5563656122942833,0.0,False,
1,4,Joey McIntyre,1,4,R1_Rank,0.2653828234689395,1,0.2252919813215562,2,0.06349744926590632,0.033999497792175565,0.06436947359360223,-0.03973769638041011,-2.8134107151133696,-0.04082199447358814,0.0,False,
1,4,John O'Hurley,2,4,R1_Rank,0.2631572214898058,2,0.19751268595432145,3,0.05507570277864503,-0.11499142401302667,0.07252245899060025,-0.03973769638041011,-2.8134107151133696,-0.04082199447358814,0.0,False,
1,4,Kelly Monaco,3,4,R1_Rank,0.25753772748023734,3,0.1557807205646338,4,0.03349027272880889,0.08014391853106177,-0.009948143364724285,0.0006597889210935935,-0.8675005674866278,-0.5798184951681803,0.0,False,
1,4,Rachel Hunter,4,4,R1_Rank,0.21392222756101728,4,0.4214146121594886,1,-0.15206342477336024,-0.0797552963284278,-0.10644416866504507,-0.05666366898761295,-0.7765287892581269,1.9960599313816547,0.0,True,True
1,5,Joey McIntyre,1,3,R1_Rank,0.2938053484388562,3,0.6263188553131643,1,-0.12254866086542214,0.033999497792175565,-0.12722738578172757,-0.03823497586189687,-3.106080328340269,-0.29266961322689955,0.0,True,True
1,5,John O'Hurley,2,3,R1_Rank,0.352194318046814,2,0.165133758477538,3,0.05871693439353051,-0.11499142401302667,0.07258877973680244,-0.03823497586189687,-3.106080328340269,-0.29266961322689955,0.0,False,
1,5,Kelly Monaco,3,3,R1_Rank,0.3540003335143297,1,0.20854738620929772,2,0.06383172647189161,0.08014391853106177,0.0644065918552114,-0.018968553556661074,-0.09381875512249943,0.7736818123641285,0.0,False,
1,6,John O'Hurley,2,2,R1_Rank,0.4850571854678209,2,0.7716442556531137,1,-0.029894531293545898,-0.11499142401302667,0.0,-0.042822868287503355,-3.3557350048350103,-0.24965467649474116,0.0,False,
1,6,Kelly Monaco,3,2,R1_Rank,0.514942814532179,1,0.22835574434688632,2,0.029894531293545898,0.08014391853106177,0.0,-0.0018406797336718668,-0.035506688349092486,0.058312066773406945,0.0,False,
2,1,Drew Lachey,0,10,R1_Rank,0.1013569920150414,9,0.06600177197753121,10,0.016524842221273595,0.0291419070530895,0.013267446337646314,-0.08076195973023931,-5.58724863170025,0.0,0.0,False,
2,1,George Hamilton,1,10,R1_Rank,0.10330535038402185,2,0.08783144155811579,3,0.03556515230341804,-0.0635748892050725,0.0932643478591511,-0.049001754911437635,-3.3900240780973636,0.0,0.0,False,
2,1,Giselle Fernandez,2,10,R1_Rank,0.10170209211281711,8,0.07043561757541163,8,0.019923857158346464,-0.12535532353257312,0.1711636918603818,-0.08076195973023931,-5.58724863170025,0.0,0.0,False,
2,1,Jerry Rice,3,10,R1_Rank,0.10220099286959003,5,0.07887595290077906,6,0.02481737559033828,0.07778168670677323,-0.07965998819574596,-0.028181771481466073,-1.9496624979712323,0.0,0.0,False,
2,1,Kenny Mayne,4,10,R1_Rank,0.07831464691934248,10,0.2895543967703663,1,-0.24138937004607042,-0.13401155275097681,-0.148203452705043,-0.01405181315082769,-0.9721281412946337,0.0,0.0,True,True
2,1,Lisa Rinna,5,10,R1_Rank,0.1029071405256179,3,0.0848646335570048,4,0.0317030161968684,0.033187879524956984,-0.01374711344084296,-0.042615198448022716,-2.948191326877848,0.0,0.0,False,
2,1,Master P,6,10,R1_Rank,0.10414763439525958,1,0.09392834244588315,2,0.043685436910658494,0.02801971101377028,0.041550237066350436,-0.08076195973023931,-5.58724863170025,0.0,0.0,False,
2,1,Stacy Keibler,7,10,R1_Rank,0.10187049574472147,6,0.07596342886625117,7,0.021578339936122695,0.0057459551311700085,-0.013307238597427617,-0.025737825158396788,-1.7805861680365964,0.0,0.0,False,
2,1,Tatum O'Neal,8,10,R1_Rank,0.10171921811890494,7,0.07036442074428188,9,0.020092236824260395,0.11624486552462707,-0.07026811753090445,-0.08076195973023931,-5.58724863170025,0.0,0.0,False,
2,1,Tia Carrere,9,10,R1_Rank,0.1024754369146831,4,0.08217999360437496,5,0.027499112904784004,0.049275841138834514,-0.05407743674228058,-0.02257674005254702,-1.5618969671883145,0.0,0.0,False,
2,2,Drew Lachey,0,9,R1_Rank,0.11354163117755485,6,0.07450970308468152,8,0.025122676003013232,0.0291419070530895,0.057927328161851116,-0.09271832935295177,-4.148411777327464,1.438836854372786,0.0,False,
2,2,George Hamilton,1,9,R1_Rank,0.11454143699247572,3,0.08885075148142747,5,0.033889764475156355,-0.0635748892050725,0.005688269741703024,-0.04269974532518313,-4.148411777327464,-0.7583876992301004,0.0,False,
2,2,Giselle Fernandez,2,9,R1_Rank,0.1137423669527012,5,0.0786681821791959,7,0.026889063685305796,-0.12535532353257312,0.06767204050938985,-0.09271832935295177,-4.148411777327464,1.438836854372786,0.0,False,
2,2,Jerry Rice,3,9,R1_Rank,0.11354053917632738,7,0.08470734714019966,6,0.02511305832826774,0.07778168670677323,-0.01916371040712445,-0.026836694761374454,-2.1115298555301925,-0.1618673575589602,0.0,False,
2,2,Lisa Rinna,5,9,R1_Rank,0.11496468311823886,2,0.0958724199956284,3,0.03757808969602465,0.033187879524956984,0.013874815632393855,-0.050586437469318034,-1.9889275335381944,0.9592637933396535,0.0,False,
2,2,Master P,6,9,R1_Rank,0.11637815300693463,1,0.10209147846761794,2,0.04979794055602068,0.02801971101377028,0.08180039968894891,-0.11703879202708319,-1.2216723810759007,4.36557625062435,0.0,False,
2,2,Stacy Keibler,7,9,R1_Rank,0.1123739969673601,8,0.07404191984694597,9,0.014785678807064603,0.0057459551311700085,-0.02097152457816934,-0.027160023794161388,-1.6094379118393636,0.17114825619723284,0.0,False,
2,2,Tatum O'Neal,8,9,R1_Rank,0.08683084219448263,9,0.31044325228970865,1,-0.24308500480706355,0.11624486552462707,-0.21986696877137754,-0.09271832935295177,-4.148411777327464,1.438836854372786,0.0,True,True
2,2,Tia Carrere,9,9,R1_Rank,0.11408635041392466,4,0.09081494551459449,4,0.029908733256210535,0.049275841138834514,-0.020140912359872084,-0.021498309095935655,-1.6916760100109223,-0.12977904282260777,0.0,False,
2,3,Drew Lachey,0,8,R1_Rank,0.12777719618168987,5,0.08163061150426876,8,0.02472405946675501,0.0291419070530895,0.047085907329227655,-0.056682638122098054,-4.543294772870004,-0.3948829955425399,0.0,False,
2,3,George Hamilton,1,8,R1_Rank,0.12903912841164009,3,0.1030045307264987,4,0.03455164646721212,-0.0635748892050725,0.05545890791809904,-0.056682638122098054,-4.543294772870004,-0.3948829955425399,0.0,False,
2,3,Giselle Fernandez,2,8,R1_Rank,0.10200484169746177,8,0.3066791143492746,1,-0.20054375314251174,-0.12535532353257312,-0.16868859361586636,-0.056682638122098054,-4.543294772870004,-0.3948829955425399,0.0,True,True
2,3,Jerry Rice,3,8,R1_Rank,0.12904445467948744,2,0.11494160650840464,3,0.03459292199341425,0.07778168670677323,0.029955003582064838,-0.03317872520624099,-1.7917594684152889,0.3197703871149036,0.0,False,
2,3,Lisa Rinna,5,8,R1_Rank,0.12797326899184833,4,0.09711072678513695,5,0.02625737318675301,0.033187879524956984,0.011930771932252511,-0.03184365371992001,-1.6165553795208212,0.3723721540173732,0.0,False,
2,3,Master P,6,8,R1_Rank,0.13031858550799344,1,0.11659553448741655,2,0.04441807732225127,0.02801971101377028,0.0008812219234372949,-0.01360034286492089,-1.7100814376608464,-0.4884090565849457,0.0,False,
2,3,Stacy Keibler,7,8,R1_Rank,0.12660821465082456,7,0.08646993174823221,7,0.015533361340004551,0.0057459551311700085,0.016804939104831836,-0.02431439745528167,-1.4830239872940667,0.12641392454529687,0.0,False,
2,3,Tia Carrere,9,8,R1_Rank,0.12723430987905462,6,0.09356794389076757,6,0.020466313366121536,0.049275841138834514,0.005180722743616916,-0.024927160367125695,-1.6345738853747336,0.05710212463618869,0.0,False,
2,4,Drew Lachey,0,7,R1_Rank,0.14696513186562127,4,0.0831078366703678,7,0.031612718174990735,0.0291419070530895,0.07154028484656572,-0.06729373865929664,-4.348125075351074,0.19516969751892965,0.0,False,
2,4,George Hamilton,1,7,R1_Rank,0.14949610230161647,1,0.11600442734664518,2,0.04868767865502603,-0.0635748892050725,0.08617657545195154,-0.06729373865929664,-4.348125075351074,0.19516969751892965,0.0,False,
2,4,Jerry Rice,3,7,R1_Rank,0.1477229100439818,2,0.11367792727715537,3,0.03675564724466742,0.07778168670677323,0.025246454747283577,-0.028519511298918068,-1.47644545757398,0.31531401084130883,0.0,False,
2,4,Lisa Rinna,5,7,R1_Rank,0.1464760417105867,5,0.09626551441868059,6,0.028279234996908906,0.033187879524956984,0.021596509325051923,-0.022397811661441964,-1.733165304238453,-0.11660992471763176,0.0,False,
2,4,Master P,6,7,R1_Rank,0.11625841985535608,7,0.3859351288020822,1,-0.20276717156685176,0.02801971101377028,-0.21856347319956845,-0.029763959355753822,-1.1029319494676642,0.6071494881931823,0.0,True,True
2,4,Stacy Keibler,7,7,R1_Rank,0.14609634677278283,6,0.09768880942922888,5,0.025683671191741645,0.0057459551311700085,0.029864803832300713,-0.02133303563681646,-1.4954936529172436,-0.012469665623176862,0.0,False,
2,4,Tia Carrere,9,7,R1_Rank,0.14698504745005486,3,0.10732035605584002,4,0.03174822130351701,0.049275841138834514,0.007960573327673809,-0.0010783398344740291,-4.348125075351074,-2.7135511899763407,0.0,False,
2,5,Drew Lachey,0,6,R1_Rank,0.17395330744332008,3,0.10196106010914806,5,0.04762398075426748,0.0291419070530895,0.07064483677396036,-0.06604293547443298,-3.9639827390985194,0.3841423362525549,0.0,False,
2,5,George Hamilton,1,6,R1_Rank,0.17518209135428323,1,0.12133078985986102,3,0.0546630205585836,-0.0635748892050725,0.07931676078289296,-0.07683964777078608,-2.664699758707653,1.6834253166434214,0.0,False,
2,5,Jerry Rice,3,6,R1_Rank,0.1747385494038861,2,0.1359502150056857,2,0.05212791895966026,0.07778168670677323,0.026111533281668414,-0.02528282302380863,-1.0021520223868765,0.47429343518710354,0.0,False,
2,5,Lisa Rinna,5,6,R1_Rank,0.17306421130145982,4,0.11560314006423839,4,0.042499754804274446,0.033187879524956984,0.02944321408661251,-0.02716378810736548,-1.4790760941382968,0.25408921010015617,0.0,False,
2,5,Stacy Keibler,7,6,R1_Rank,0.17072110061647294,5,0.10019400602249486,6,0.02886830002105764,0.0057459551311700085,0.017002802235207358,-0.023968942952627907,-1.212447430774301,0.2830462221429426,0.0,False,
2,5,Tia Carrere,9,6,R1_Rank,0.1323407398805779,6,0.4249607889385719,1,-0.22578297509784342,0.049275841138834514,-0.20433862506118133,-0.06604293547443298,-3.9639827390985194,0.3841423362525549,0.0,True,True
2,6,Drew Lachey,0,5,R1_Rank,0.2098585555054583,2,0.11642074267447873,5,0.05318214029582172,0.0291419070530895,0.07220259250242879,-0.05389385001537411,-4.373658377028015,-0.40967563792949546,0.0,False,
2,6,George Hamilton,1,5,R1_Rank,0.1619245647219071,5,0.4531173628543804,1,-0.20612104135701398,-0.0635748892050725,-0.21652909079402138,-0.024316402037211825,-4.373658377028015,-1.708958618320362,0.0,True,True
2,6,Jerry Rice,3,5,R1_Rank,0.21164689459262298,1,0.16501089062545685,2,0.06166767621197168,0.07778168670677323,0.03420397124411534,-0.015093874218830398,-0.9289758912126456,0.07317613117423094,0.0,False,
2,6,Lisa Rinna,5,5,R1_Rank,0.20960452273253125,3,0.14184137194509158,3,0.051970911860407504,0.033187879524956984,0.040411782307291325,-0.01885080824927321,-1.7833912191705217,-0.3043151250322249,0.0,False,
2,6,Stacy Keibler,7,5,R1_Rank,0.20696546244748032,4,0.1236096319005925,4,0.03930031298881306,0.0057459551311700085,0.043744375080751415,-0.020227420734931015,-0.8873031946139881,0.32514423616031285,0.0,False,
2,7,Drew Lachey,0,4,R1_Rank,0.26637747710622856,2,0.14758989678104498,4,0.0701476812578942,0.0291419070530895,0.11934171455571572,-0.06368664674845961,-4.317488105902977,0.05617027112503781,0.0,False,
2,7,Jerry Rice,3,4,R1_Rank,0.2692404011295994,1,0.21793814520371263,2,0.08083795656312598,0.07778168670677323,0.06394148829275449,-0.00897502707791068,-1.4648566832492749,-0.5358807920366293,0.0,False,
2,7,Lisa Rinna,5,4,R1_Rank,0.20242277194264818,4,0.47770503776716033,1,-0.2044082677544918,0.033187879524956984,-0.18585826577193043,-0.032210198792085656,-1.0093811546543947,0.774010064516127,0.0,True,True
2,7,Stacy Keibler,7,4,R1_Rank,0.26195934982152386,3,0.15676692024808214,3,0.05342262993347163,0.0057459551311700085,0.06589546343368899,-0.012398071824744044,-0.9387635874508348,-0.05146039283684667,0.0,False,
2,8,Drew Lachey,0,3,R1_Rank,0.32078180069141576,3,0.42954714748241934,1,-0.03798814450166352,0.0291419070530895,0.0,-0.07951051529336561,-2.259356357410927,2.05813174849205,0.0,False,
2,8,Jerry Rice,3,3,R1_Rank,0.3430686638945944,1,0.28141526642446374,3,0.02918132553999415,0.07778168670677323,0.0,-0.02576580228753826,-0.9122827102914716,0.5525739729578033,0.0,False,
2,8,Stacy Keibler,7,3,R1_Rank,0.3361495354139898,2,0.28903758609311686,2,0.008806818961669374,0.0057459551311700085,0.0,-0.01550982345531193,-0.7052685408537065,0.23349504659712828,0.0,False,
3,1,Emmitt Smith,0,11,R2_Percent,0.19479967457010958,1,0.033066192735783886,11,1.1711757612115943,1.19062008967139,0.028115809818812103,-0.06421715675046058,-4.442651247990317,0.0,0.0,False,
3,1,Harry Hamlin,1,11,R2_Percent,0.02150332334788285,9,0.13784454622761777,2,-1.0325884619024217,-0.9102936374774317,-0.07473468614638201,-0.06421715675046058,-4.442651247990317,0.0,0.0,False,
3,1,Jerry Springer,2,11,R2_Percent,0.08015176254340416,6,0.09491135960097173,6,0.2831259099632326,0.2033082790440546,0.08028298640112762,-0.017122373953802318,-1.1845547181419112,0.0,0.0,False,
3,1,Joey Lawrence,3,11,R2_Percent,0.14844973587053123,4,0.05025712034195903,9,0.8994504625486991,0.8284380426135283,0.07849564149666241,-0.024140240033344265,-1.6700625337192851,0.0,0.0,False,
3,1,Mario Lopez,4,11,R2_Percent,0.18235345115478346,2,0.03376264400387291,10,1.1051508836575832,1.107187768433855,0.025484795178333925,-0.04417869842645817,-3.0563568932454257,0.0,0.0,False,
3,1,Monique Coleman,5,11,R2_Percent,0.11799416517330524,5,0.06623249130050643,7,0.6698392161484419,0.6261223924691302,0.09127696195791962,-0.06421715675046058,-4.442651247990317,0.0,0.0,False,
3,1,Sara Evans,6,11,R2_Percent,0.16427043031575428,3,0.05479050304541728,8,1.0007180757027394,0.9602504652753605,0.0780085195593437,-0.05419792760381748,-3.749504071680371,0.0,0.0,False,
3,1,Shanna Moakler,7,11,R2_Percent,0.017662326664174943,10,0.1370115361623642,3,-1.229362025224667,-1.1027354751303862,-0.10233034150472767,-0.04095322706140584,-2.833213342356216,0.0,0.0,False,
3,1,Tucker Carlson,8,11,R2_Percent,0.015422953776263128,11,0.16925355033029887,1,-1.3649390547390248,-1.2363199456374756,-0.12573903823052734,-0.01953708934287432,-1.3516088027456368,0.0,0.0,True,True
3,1,Vivica A. Fox,9,11,R2_Percent,0.02525305310848714,8,0.11408939483402492,4,-0.8718488958114656,-0.7702133211312299,-0.05407543640162786,-0.06421715675046058,-4.442651247990317,0.0,0.0,False,
3,1,Willa Ford,10,11,R2_Percent,0.032139123475303906,7,0.10878066141718298,5,-0.6307218715547122,-0.5842879822414865,-0.024773082721235632,-0.0383178250638426,-2.650891785845595,0.0,0.0,False,
3,2,Emmitt Smith,0,10,R2_Percent,0.19536939248372082,1,0.04416382206401737,10,1.0661923746033564,1.19062008967139,0.05031141483732063,-0.07027562001498938,-3.713572062506747,0.7290791854835699,0.0,False,
3,2,Harry Hamlin,1,10,R2_Percent,0.018677659783987187,9,0.16415225682488732,1,-1.2813715667046697,-0.9102936374774317,-0.10089927767712985,-0.07027562001498938,-3.713572062506747,0.7290791854835699,0.0,False,
3,2,Jerry Springer,2,10,R2_Percent,0.0835918859835421,6,0.11125060176239863,5,0.21724674533966776,0.2033082790440546,0.045085147001558884,-0.018792730733076884,-0.9835429587357614,0.2010117594061498,0.0,False,
3,2,Joey Lawrence,3,10,R2_Percent,0.16141088453704033,4,0.048060418372472526,9,0.8752534794061554,0.8284380426135283,0.07449932499150144,-0.00715919372537447,-3.713572062506747,-2.043509528787462,0.0,False,
3,2,Mario Lopez,4,10,R2_Percent,0.18471522169967636,2,0.05203329407829075,8,1.0101155844825367,1.107187768433855,0.045293948375506654,-0.054055758915021374,-1.867745375513679,1.1886115177317467,0.0,False,
3,2,Monique Coleman,5,10,R2_Percent,0.12029677119497567,5,0.06990987159190803,6,0.5812620705834717,0.6261223924691302,0.07126878295255444,-0.07027562001498938,-3.713572062506747,0.7290791854835699,0.0,False,
3,2,Sara Evans,6,10,R2_Percent,0.16819057586259945,3,0.05833646879630524,7,0.916398004187341,0.9602504652753605,0.06527250322763894,-0.06025639088662772,-3.0204248839968018,0.7290791876835692,0.0,False,
3,2,Shanna Moakler,7,10,R2_Percent,0.015323230620420219,10,0.16302776130173552,2,-1.479329694339693,-1.1027354751303862,-0.1268490293343028,-0.04582255861026096,-2.247234996944089,0.5859783454121272,0.0,True,False
3,2,Vivica A. Fox,9,10,R2_Percent,0.022449898814901153,8,0.14612123459738682,3,-1.0974136053807062,-0.7702133211312299,-0.0761922637660975,-0.07027562001498938,-3.713572062506747,0.7290791854835699,0.0,False,
3,2,Willa Ford,10,10,R2_Percent,0.02997447901913677,7,0.14294427061059786,4,-0.8083533921774602,-0.5842879822414865,-0.04779024000020629,-0.04676685347368685,-1.6341305244144109,1.016761261431184,0.0,False,
3,3,Emmitt Smith,0,9,R2_Percent,0.20004961233879232,1,0.0610947560416225,7,0.9484469926025973,1.19062008967139,0.0679207525821029,-0.06513101049631415,-2.3353749147272516,1.3781971477794954,0.0,False,
3,3,Harry Hamlin,1,9,R2_Percent,0.016160459444239907,9,0.19727099668598708,1,-1.5675509212329493,-0.9102936374774317,-0.12980555216911024,-0.053611255702715924,-3.721669272747142,-0.008097210240395114,0.0,True,True
3,3,Jerry Springer,2,9,R2_Percent,0.08332942386957584,6,0.1281530363098549,4,0.07268330965138511,0.2033082790440546,-0.0017179282265222951,-0.012340298085099757,-1.209363652839496,-0.22582069410373462,0.0,False,
3,3,Joey Lawrence,3,9,R2_Percent,0.1657199785800044,4,0.07008361082558576,6,0.7601810830778695,0.8284380426135283,0.08582714017036071,-0.06802535085404761,-1.9870682207041337,1.7265038418026133,0.0,False,
3,3,Mario Lopez,4,9,R2_Percent,0.19135399510370074,2,0.05869251919879798,9,0.9040066852908168,1.107187768433855,0.04765959369689926,-0.031262244241849785,-1.3545456623301086,0.5131997131835704,0.0,False,
3,3,Monique Coleman,5,9,R2_Percent,0.12220906475595,5,0.08012810362331117,5,0.4556148187813916,0.6261223924691302,0.05423241981125524,-0.053611255702715924,-3.721669272747142,-0.008097210240395114,0.0,False,
3,3,Sara Evans,6,9,R2_Percent,0.17329607395961844,3,0.06015843983127991,8,0.8048831369981329,0.9602504652753605,0.05841819745723017,-0.04359202652413401,-3.0285220942538635,-0.008097210257061782,0.0,False,
3,3,Vivica A. Fox,9,9,R2_Percent,0.019880224964906323,8,0.16266607801937294,3,-1.3603928875706162,-0.7702133211312299,-0.10344384121033327,-0.053611255702715924,-3.721669272747142,-0.008097210240395114,0.0,False,
3,3,Willa Ford,10,9,R2_Percent,0.028001166983212002,7,0.18175245946418778,2,-1.0178722175986274,-0.5842879822414865,-0.07909252648138974,-0.01707064823432142,-2.422386291532033,-0.7882557671176222,0.0,False,
3,4,Emmitt Smith,0,8,R2_Percent,0.2111982000199309,1,0.06199430867047679,7,0.8357013810497744,1.19062008967139,0.07319978879327275,-0.024108407771609965,-3.4965075581967833,-1.1611326434695317,0.0,False,
3,4,Jerry Springer,2,8,R2_Percent,0.07698956156761863,6,0.16827593518792155,3,-0.17342579950596532,0.2033082790440546,-0.05783313224686803,-0.018401295242297645,-1.0986122883984129,0.11075136444108313,0.0,False,
3,4,Joey Lawrence,3,8,R2_Percent,0.17502406503784473,4,0.07170140468458613,6,0.6478278308581205,0.8284380426135283,0.07819480735071829,-0.01617940132852143,-3.4965075581967833,-1.5094393374926496,0.0,False,
3,4,Mario Lopez,4,8,R2_Percent,0.1990448231047075,2,0.056622246139701286,8,0.7764343929804693,1.107187768433855,0.05679944788921652,-0.01972514703740757,-1.33702331172418,0.01752235060592855,0.0,False,
3,4,Monique Coleman,5,8,R2_Percent,0.11973842611376453,5,0.11673495653273988,4,0.2682139330999852,0.6261223924691302,0.03526664413799238,-0.05566662093654971,-3.4965075581967833,0.22516171455035883,0.0,False,
3,4,Sara Evans,6,8,R2_Percent,0.17674645514783688,3,0.09048859496043604,5,0.6576206007217835,0.9602504652753605,0.06496166087007255,-0.0441323458340833,-2.985681935550793,0.042840158703070674,0.0,False,
3,4,Vivica A. Fox,9,8,R2_Percent,0.016990911341588994,8,0.23766828513274413,1,-1.6844170739862019,-0.7702133211312299,-0.13159645594866717,-0.05566662093654971,-3.4965075581967833,0.22516171455035883,0.0,True,True
3,4,Willa Ford,10,8,R2_Percent,0.02426755766670797,7,0.19651426869139407,2,-1.3279552652179654,-0.5842879822414865,-0.11902319137671588,-0.0430151455350246,-1.4596256337618303,0.9627606577702028,0.0,False,
3,5,Emmitt Smith,0,7,R2_Percent,0.22432128631685358,1,0.06829002754913038,7,0.6780956862591627,1.19062008967139,0.09878114363116777,-0.048873418233156565,-3.6971782528126536,-0.20067069461587028,0.0,False,
3,5,Jerry Springer,2,7,R2_Percent,0.066619588053677,6,0.22807690468890573,2,-0.5359850026416221,0.2033082790440546,-0.13690095410888706,-0.01971675267587959,-0.6369074621216122,0.46170482627680065,0.0,False,
3,5,Joey Lawrence,3,7,R2_Percent,0.18099380239198876,3,0.09948743181882778,5,0.46347913788662654,0.8284380426135283,0.08459808288167331,-0.048873418233156565,-3.6971782528126536,-0.20067069461587028,0.0,False,
3,5,Mario Lopez,4,7,R2_Percent,0.21680253908243313,2,0.07193697138353053,6,0.6440033292670233,1.107187768433855,0.09187593189468406,-0.015052323110765294,-1.8513515657634454,-0.5143282540392653,0.0,False,
3,5,Monique Coleman,5,7,R2_Percent,0.1133837198070368,5,0.14714307170163055,3,-0.00420583518926157,0.6261223924691302,-0.016248358736395345,-0.048873418233156565,-3.6971782528126536,-0.20067069461587028,0.0,False,
3,5,Sara Evans,6,7,R2_Percent,0.17676932884358032,4,0.10643054943712549,4,0.43986200389801255,0.9602504652753605,0.036527174595742944,-0.04300463696760842,-3.004031074269375,-0.018349138718582125,0.0,False,
3,5,Willa Ford,10,7,R2_Percent,0.02110973550443037,7,0.27863504342084955,1,-1.6852493194799416,-0.5842879822414865,-0.1583613051338618,-0.019430916774971933,-1.6602963290153816,-0.2006706952535513,0.0,True,True
3,6,Emmitt Smith,0,5,R2_Percent,0.3008635127443151,1,0.06520311869850082,4,0.5555655769026382,1.19062008967139,0.1417267861178126,-0.0583534479454573,-3.1060803284745977,0.5910979243380559,0.0,False,
3,6,Jerry Springer,2,5,R2_Percent,0.06511591066571584,5,0.5023343787273279,1,-0.9749222161562421,0.2033082790440546,-0.24306682468432478,-0.006306953255546869,-0.9858167942798399,-0.3489093321582277,0.0,False,
3,6,Joey Lawrence,3,5,R2_Percent,0.21951541624269588,3,0.12139415045953651,3,0.24033132452456896,0.8284380426135283,0.06392692095189613,-0.07053833736585052,-1.639743261476042,2.0574349913366117,0.0,False,
3,6,Mario Lopez,4,5,R2_Percent,0.29277574966826486,2,0.0578324278682226,5,0.5283158175096636,1.107187768433855,0.12703137792487168,-0.03326021177198497,-1.0691984031121082,0.7821531626513372,0.0,False,
3,6,Monique Coleman,5,5,R2_Percent,0.12172941067900833,4,0.25323592424641217,2,-0.3492905027806288,0.6261223924691302,-0.08931622040446911,-0.0583534479454573,-3.1060803284745977,0.5910979243380559,0.0,False,
3,7,Emmitt Smith,0,5,R2_Percent,0.31812819667407666,1,0.05742172769543603,5,0.6807006327098927,1.19062008967139,0.15252365149195787,-0.04418473483172068,-3.191847149909962,-0.08576682143536418,0.0,False,
3,7,Jerry Springer,2,5,R2_Percent,0.04868612608202438,5,0.49115429174852215,1,-1.1963596989071168,0.2033082790440546,-0.26128050170016753,-0.01609209779334509,-0.7640989164746552,0.2217178778051847,0.0,True,True
3,7,Joey Lawrence,3,5,R2_Percent,0.21734728854911603,3,0.11532849922723606,3,0.2997426792839262,0.8284380426135283,0.06898736004290612,-0.02298928373059439,-1.7255100830652526,-0.08576682158921045,0.0,False,
3,7,Mario Lopez,4,5,R2_Percent,0.3129904898217542,2,0.0610444101664538,4,0.6644190030937583,1.107187768433855,0.13693617267526434,-0.013580847042454937,-1.2947271670424139,-0.22552876393030563,0.0,False,
3,7,Monique Coleman,5,5,R2_Percent,0.10284789887302878,4,0.27505107116235195,2,-0.44850261618046044,0.6261223924691302,-0.09634831177316572,-0.04418473483172068,-3.191847149909962,-0.08576682143536418,0.0,False,
3,8,Emmitt Smith,0,4,R2_Percent,0.36421877265393354,1,0.07882350821981257,3,0.548585917588748,1.19062008967139,0.18914184195068792,-0.05248663673808469,-2.4277482347853065,0.7640989151246553,0.0,False,
3,8,Joey Lawrence,3,4,R2_Percent,0.2036605192533563,3,0.23941713388828703,2,-0.03271430693087618,0.8284380426135283,-0.03374879310481026,-0.03129118564877036,-0.9614111669405974,0.7640989161246552,0.0,False,
3,8,Mario Lopez,4,4,R2_Percent,0.3583505508631176,2,0.07463378686298779,4,0.5323429063795861,1.107187768433855,0.1642062061709048,-0.022673786037662905,-0.8183103232578729,0.47641684378454097,0.0,False,
3,8,Monique Coleman,5,4,R2_Percent,0.07377015722959253,4,0.6071255710289126,1,-1.0482145170374582,0.6261223924691302,-0.3191456516237085,-0.05248663673808469,-2.4277482347853065,0.7640989151246553,0.0,True,True
3,9,Emmitt Smith,0,3,R2_Percent,0.42970857678994606,1,0.10745632302115993,3,0.3692859948007908,1.19062008967139,0.18811374815232107,-0.03509235369631738,-2.4277482347853065,0.0,0.0,False,
3,9,Joey Lawrence,3,3,R2_Percent,0.14258097263939357,3,0.7835913230493871,1,-0.7339111883535507,0.8284380426135283,-0.3707673962142902,-0.013896902584238622,-0.9614111669405974,0.0,0.0,True,True
3,9,Mario Lopez,4,3,R2_Percent,0.42771045057066037,2,0.10895235392945302,2,0.3646251935527602,1.107187768433855,0.18278845346473546,-0.013343469853892865,-0.6359887665016961,0.18232155675617678,0.0,False,
3,10,Emmitt Smith,0,2,R2_Percent,0.4930318651109209,2,0.5240896268469941,1,-0.013937172115630114,1.19062008967139,0.0,-0.048118271759648445,-0.8602012650129717,1.567546969772335,0.0,False,
3,10,Mario Lopez,4,2,R2_Percent,0.5069681348890792,1,0.475910373153006,2,0.01393717211563017,1.107187768433855,0.0,-0.009907181732439775,-0.5500463367267078,0.08594242977498834,0.0,False,
4,1,Apolo Anton Ohno,0,11,R2_Percent,0.1845624986528352,1,0.038699808415759325,9,1.0802682176912306,1.1121868679395779,0.03946189187598964,-0.075380291432926,-5.214935739208986,0.0,0.0,False,
4,1,Billy Ray Cyrus,1,11,R2_Percent,0.11584948073032166,5,0.08145263618767926,7,0.6145718340958941,0.5573952628056348,0.08323450959433315,-0.03005768761266285,-2.0794415408798357,0.0,0.0,False,
4,1,Clyde Drexler,2,11,R2_Percent,0.032160656074730225,8,0.13141270705530084,3,-0.6669760900773443,-0.5656027440056288,-0.029992803947378473,-0.075380291432926,-5.214935739208986,0.0,0.0,False,
4,1,Heather Mills,3,11,R2_Percent,0.03296831074191497,7,0.12218957838536898,5,-0.6421731149599772,-0.5950283755962336,-0.025860343022129428,-0.025284145650203208,-1.749199854234259,0.0,0.0,False,
4,1,Ian Ziering,4,11,R2_Percent,0.13169262790196642,4,0.055794320553663526,8,0.7427506962220942,0.6868559032324836,0.080747475794582,-0.02885243211356039,-1.996059932004785,0.0,0.0,False,
4,1,Joey Fatone,5,11,R2_Percent,0.18171404436282393,2,0.0356865601153285,11,1.0647143321381882,1.0666314506057062,0.03354486290354071,-0.039461730679647554,-2.730029106287652,0.0,0.0,False,
4,1,John Ratzenberger,6,11,R2_Percent,0.08104324116400975,6,0.09060464846833016,6,0.2572629192470483,0.23283154168402143,0.05873636622614916,-0.038304737971711356,-2.6499863987320644,0.0,0.0,False,
4,1,Laila Ali,7,11,R2_Percent,0.18124931148662884,3,0.03702450959442238,10,1.0621535605194303,1.0499185098728918,0.032643136734964905,-0.024407835397015444,-1.6885752324516479,0.0,0.0,False,
4,1,Leeza Gibbons,8,11,R2_Percent,0.02280833987434438,9,0.14498744273267314,1,-1.010593681473454,-0.8724093922144943,-0.06680374713462262,-0.075380291432926,-5.214935739208986,0.0,0.0,False,
4,1,Paulina Porizkova,9,11,R2_Percent,0.016759894245691773,11,0.13217661599328354,2,-1.318731149402573,-1.1770603039137746,-0.11359269131529118,-0.0320779034820963,-2.2192034831349945,0.0,0.0,False,
4,1,Shandi Finnessey,10,11,R2_Percent,0.019191594764732808,10,0.12997117249819015,4,-1.1832475240005376,-1.0644118394525348,-0.09213520969465526,-0.03070022416193658,-2.123893303414306,0.0,0.0,False,
4,2,Apolo Anton Ohno,0,11,R2_Percent,0.17614992578744712,3,0.03986842395990202,10,1.0757937268222388,1.1121868679395779,0.042154337636069204,-0.08893695163379739,-3.5835189350505545,1.6314168041584316,0.0,False,
4,2,Billy Ray Cyrus,1,11,R2_Percent,0.12126345396163249,5,0.06712738404608919,7,0.702423727508488,0.5573952628056348,0.08993763464790823,-0.037974037286892026,-1.1267831652349647,0.952658375644871,0.0,False,
4,2,Clyde Drexler,2,11,R2_Percent,0.02863471265282383,8,0.13869452711571512,3,-0.7409220456899636,-0.5656027440056288,-0.03232174047719329,-0.08893695163379739,-3.5835189350505545,1.6314168041584316,0.0,False,
4,2,Heather Mills,3,11,R2_Percent,0.03109814025559166,7,0.1150962590796156,5,-0.6583937381201598,-0.5950283755962336,-0.027854802270277007,-0.03177107198458915,-0.9685591601070392,0.7806406941272198,0.0,False,
4,2,Ian Ziering,4,11,R2_Percent,0.14057054838572847,4,0.05709701545884029,8,0.8501677298319461,0.6868559032324836,0.08709742810289828,-0.015661050099932683,-3.5835189350505545,-1.5874590030457696,0.0,False,
4,2,Joey Fatone,5,11,R2_Percent,0.18201209421525938,2,0.04050831487975766,9,1.1085313799394192,1.0666314506057062,0.03604015541410236,-0.03236944649822575,-3.5835189350505545,-0.8534898287629025,0.0,False,
4,2,John Ratzenberger,6,11,R2_Percent,0.08340959551450622,6,0.08722796379486995,6,0.32822160021550023,0.23283154168402143,0.06325822310425133,-0.030547319175319967,-3.5835189350505545,-0.9335325363184901,0.0,False,
4,2,Laila Ali,7,11,R2_Percent,0.1856011844000949,1,0.036304535237728315,11,1.1280584451360154,1.0499185098728918,0.03543962499139858,-0.008661333454388832,-3.5835189350505545,-1.8949437025989067,0.0,False,
4,2,Leeza Gibbons,8,11,R2_Percent,0.019569696505343657,9,0.13567609806833697,4,-1.1215594835322384,-0.8724093922144943,-0.07199402872358261,-0.08893695163379739,-3.5835189350505545,1.6314168041584316,0.0,False,
4,2,Paulina Porizkova,9,11,R2_Percent,0.014523176348650805,11,0.14049757458120732,2,-1.419796014394748,-1.1770603039137746,-0.12239003953750321,-0.028891230336509355,-2.602689684163828,-0.3834862010288336,0.0,True,False
4,2,Shandi Finnessey,10,11,R2_Percent,0.017167471972921348,10,0.14190190377793765,1,-1.2525253277164978,-1.0644118394525348,-0.09927769783870503,-0.018571105068559114,-3.5835189350505545,-1.4596256316362486,0.0,False,
4,3,Apolo Anton Ohno,0,10,R2_Percent,0.18085241581664857,3,0.04847969065028986,9,0.9818716000717074,1.1121868679395779,0.053606814592961086,-0.05408726727967518,-3.308106955850615,0.2754119791999394,0.0,False,
4,3,Billy Ray Cyrus,1,10,R2_Percent,0.13004633021422468,5,0.07341911106251597,6,0.6520810568675934,0.5573952628056348,0.06967088961467065,-0.0134994080350892,-1.4622802677066702,-0.3354971024717055,0.0,False,
4,3,Clyde Drexler,2,10,R2_Percent,0.026459168325186418,8,0.17620889684860327,1,-0.9402069895667732,-0.5656027440056288,-0.061766437570478484,-0.05408726727967518,-3.308106955850615,0.2754119791999394,0.0,False,
4,3,Heather Mills,3,10,R2_Percent,0.030015510514683492,7,0.13337065967702105,4,-0.8140954511498044,-0.5950283755962336,-0.05202551585896698,-0.012178027980936104,-1.1878434220958574,-0.21928426198881812,0.0,False,
4,3,Ian Ziering,4,10,R2_Percent,0.1434660353770499,4,0.06083114433969772,7,0.7502886035561231,0.6868559032324836,0.07645381057397699,-0.06850136244058751,-1.5735059026546652,2.0100130323958894,0.0,False,
4,3,Joey Fatone,5,10,R2_Percent,0.18451069929721686,2,0.04579110975018758,10,1.0018977362092494,1.0666314506057062,0.04653676709906565,-0.05408726727967518,-3.308106955850615,0.2754119791999394,0.0,False,
4,3,John Ratzenberger,6,10,R2_Percent,0.0830613361014448,6,0.10490361937436561,5,0.20376960769182348,0.23283154168402143,0.032572692124674105,-0.05408726727967518,-3.308106955850615,0.2754119791999394,0.0,False,
4,3,Laila Ali,7,10,R2_Percent,0.1890865660760479,1,0.04879610467762805,8,1.0263952154054174,1.0499185098728918,0.05411848356047866,-0.05408726727967518,-3.308106955850615,0.2754119791999394,0.0,False,
4,3,Leeza Gibbons,8,10,R2_Percent,0.0175776625164089,9,0.14535759549119953,3,-1.349180795605653,-0.8724093922144943,-0.09542274205806817,-0.05408726727967518,-3.308106955850615,0.2754119791999394,0.0,False,
4,3,Shandi Finnessey,10,10,R2_Percent,0.014924275761088403,10,0.1628420681284912,2,-1.512820583479684,-1.0644118394525348,-0.12369864475062811,-0.05408726727967518,-3.308106955850615,0.2754119791999394,0.0,True,False
4,4,Apolo Anton Ohno,0,9,R2_Percent,0.18690200903854862,2,0.04567377292737529,8,0.8704574289577693,1.1121868679395779,0.06393625616319447,-0.046336470489717396,-3.4863551867459996,-0.17824823089538455,0.0,False,
4,4,Billy Ray Cyrus,1,9,R2_Percent,0.13337444149479288,5,0.07936098933988846,5,0.5330334874167865,0.5573952628056348,0.04742225216138262,-0.02124323428385726,-1.4494732622820612,0.012807005424608997,0.0,False,
4,4,Clyde Drexler,2,9,R2_Percent,0.023634921855683607,8,0.2110028678629565,2,-1.1974016767726052,-0.5656027440056288,-0.099446696586508,-0.046336470489717396,-3.4863551867459996,-0.17824823089538455,0.0,False,
4,4,Heather Mills,3,9,R2_Percent,0.027839392075581462,7,0.1531515108826316,3,-1.0336750358537043,-0.5950283755962336,-0.08063246975974664,-0.016328240275486513,-1.289130612313484,-0.10128719021762667,0.0,False,
4,4,Ian Ziering,4,9,R2_Percent,0.1530103247579957,4,0.062108214208552344,6,0.6703783664781279,0.6868559032324836,0.0699136345697375,-0.006849250855443044,-3.4863551867459996,-1.9128492840913345,0.0,False,
4,4,Joey Fatone,5,9,R2_Percent,0.18659830263832755,3,0.04255460377947434,9,0.8688311573983514,1.0666314506057062,0.06189844657215896,-0.06122553757986811,-1.6945957202401667,1.6135112356104484,0.0,False,
4,4,John Ratzenberger,6,9,R2_Percent,0.07922959180298629,6,0.1384848542187212,4,0.012222828196816943,0.23283154168402143,-0.008900462682586572,-0.046336470489717396,-3.4863551867459996,-0.17824823089538455,0.0,False,
4,4,Laila Ali,7,9,R2_Percent,0.19410894933021125,1,0.05213046359219247,7,0.9082925611978874,1.0499185098728918,0.06494275368269849,-0.046336470489717396,-3.4863551867459996,-0.17824823089538455,0.0,False,
4,4,Leeza Gibbons,8,9,R2_Percent,0.01530206700587264,9,0.21553272318820785,1,-1.63213911701943,-0.8724093922144943,-0.1191980454829356,-0.05971049164864248,-1.8769172769252327,1.4311896789253824,0.0,True,True
4,5,Apolo Anton Ohno,0,8,R2_Percent,0.19604048070300828,3,0.044330185447988286,8,0.7416878622381327,1.1121868679395779,0.08574650650523472,-0.0511018312480603,-3.4011973787954886,0.08515780795051109,0.0,False,
4,5,Billy Ray Cyrus,1,8,R2_Percent,0.13215204104320327,5,0.11499086430017022,4,0.34731977596236185,0.5573952628056348,0.01851133932533368,-0.025148208852756093,-0.9444616084313275,0.5050116538507337,0.0,False,
4,5,Clyde Drexler,2,8,R2_Percent,0.020265349293861982,8,0.29187485138109254,1,-1.5277208136224611,-0.5656027440056288,-0.14390983136101354,-0.0511018312480603,-3.4011973787954886,0.08515780795051109,0.0,True,True
4,5,Heather Mills,3,8,R2_Percent,0.025064819276172476,7,0.20614675326142018,2,-1.315168069383246,-0.5950283755962336,-0.1142585992665357,-0.0180092193436852,-1.364315454099666,-0.07518484178618201,0.0,False,
4,5,Ian Ziering,4,8,R2_Percent,0.15458277782612798,4,0.07477104303542315,5,0.5040964218033145,0.6868559032324836,0.06446483358820329,-0.0511018312480603,-3.4011973787954886,0.08515780795051109,0.0,False,
4,5,Joey Fatone,5,8,R2_Percent,0.20405565021949076,1,0.05104886174052826,6,0.7817594419698003,1.0666314506057062,0.08982130850780286,-0.010313432408253081,-3.4011973787954886,-1.7066016585553219,0.0,False,
4,5,John Ratzenberger,6,8,R2_Percent,0.07058309902997435,6,0.16928238703985543,3,-0.2798425845357191,0.23283154168402143,-0.07602746882730793,-0.0511018312480603,-3.4011973787954886,0.08515780795051109,0.0,False,
4,5,Laila Ali,7,8,R2_Percent,0.19725578260816093,2,0.04755505379352182,7,0.747867965567817,1.0499185098728918,0.0757186093959407,-0.06551592640714773,-1.666596325819147,1.8197588609268527,0.0,False,
4,6,Apolo Anton Ohno,0,7,R2_Percent,0.2087842858744432,3,0.06409200129238975,5,0.6127379501629898,1.1121868679395779,0.11880606022916598,-0.06658255663781487,-1.3049487212066164,2.0962486575888724,0.0,False,
4,6,Billy Ray Cyrus,1,7,R2_Percent,0.1235474844996737,5,0.15370676007291825,3,0.08806192825528,0.5573952628056348,-0.055364867125863006,-0.01116012062137949,-1.2443240997372402,-0.2998624913059127,0.0,False,
4,6,Heather Mills,3,7,R2_Percent,0.021729467338692382,7,0.2866259191336132,1,-1.6498943625389553,-0.5950283755962336,-0.1602578633790758,-0.01848865208404086,-1.512588085892553,-0.14827263179288686,0.0,True,True
4,6,Ian Ziering,4,7,R2_Percent,0.1536546287738567,4,0.11045492094799941,4,0.30614376977137503,0.6868559032324836,0.043660843754043485,-0.04691235932187235,-3.6720723318049,-0.27087495300941145,0.0,False,
4,6,Joey Fatone,5,7,R2_Percent,0.21861586715300693,1,0.06236427281854652,6,0.6587525146462899,1.0666314506057062,0.11124876906809243,-0.04691235932187235,-3.6720723318049,-0.27087495300941145,0.0,False,
4,6,John Ratzenberger,6,7,R2_Percent,0.05857063508924914,6,0.26140375231339946,2,-0.6583301804968078,0.23283154168402143,-0.16064636240423086,-0.04691235932187235,-3.6720723318049,-0.27087495300941145,0.0,False,
4,6,Laila Ali,7,7,R2_Percent,0.21509763127107787,2,0.06135237342113336,7,0.642528380199828,1.0499185098728918,0.10260517349118305,-0.021839234845297595,-1.9374712795971856,-0.2708749537780386,0.0,False,
4,7,Apolo Anton Ohno,0,6,R2_Percent,0.24013150314580495,1,0.07491388223916824,4,0.5249108856524631,1.1121868679395779,0.15174207312449028,-0.0005678179388330581,-3.506557893976648,-2.2016091727700315,0.0,False,
4,7,Billy Ray Cyrus,1,6,R2_Percent,0.10180290167923275,5,0.2791672113625345,2,-0.3332372099695371,0.5573952628056348,-0.15564087389483008,-0.024486942322776466,-0.46203545942782837,0.7822886403094118,0.0,False,
4,7,Ian Ziering,4,6,R2_Percent,0.1393007135881781,4,0.1505125070414282,3,-0.019640813960595416,0.6868559032324836,-0.0061546792716046525,-0.07207291129663249,-1.3862943607498908,2.2857779710550092,0.0,False,
4,7,Joey Fatone,5,6,R2_Percent,0.23617927328003724,3,0.06883550332783063,5,0.5083153317883623,1.0666314506057062,0.14961634339949648,-0.05445405866315016,-3.506557893976648,0.16551443782825181,0.0,False,
4,7,John Ratzenberger,6,6,R2_Percent,0.042588101477556865,6,0.359530251747823,1,-1.2047009111820102,0.23283154168402143,-0.2811405301160655,-0.05445405866315016,-3.506557893976648,0.16551443782825181,0.0,True,True
4,7,Laila Ali,7,6,R2_Percent,0.23999750682919024,2,0.0670406442812154,6,0.5243527176713175,1.0499185098728918,0.1424258654430208,-0.014966839051372437,-3.506557893976648,-1.5690866143794626,0.0,False,
4,8,Apolo Anton Ohno,0,5,R2_Percent,0.26888618629106603,1,0.07290113755462642,5,0.42006986249679434,1.1121868679395779,0.1569691168233442,-0.052645008209437745,-3.27083556115292,0.23572233282372812,0.0,False,
4,8,Billy Ray Cyrus,1,5,R2_Percent,0.071407937946837,5,0.4961768576350057,1,-0.9058092893915841,0.5573952628056348,-0.3779091207783049,-0.007356420163855473,-0.3804638057437925,0.08157165368403585,0.0,True,True
4,8,Ian Ziering,4,5,R2_Percent,0.12569495323816907,4,0.2659149253001609,2,-0.3403603627521677,0.6868559032324836,-0.11576656330923152,-0.004378398625170601,-3.27083556115292,-1.8845412004030293,0.0,False,
4,8,Joey Fatone,5,5,R2_Percent,0.2673615404272959,2,0.08002653984681124,4,0.4143834981690594,1.0666314506057062,0.16996503236412888,-0.052645008209437745,-3.27083556115292,0.23572233282372812,0.0,False,
4,8,Laila Ali,7,5,R2_Percent,0.26664938209663197,3,0.08498053966339567,3,0.4117162914778979,1.0499185098728918,0.16753061054964818,-0.0665553281267634,-1.596859129783332,1.909698764193316,0.0,False,
4,9,Apolo Anton Ohno,0,4,R2_Percent,0.3049374479162581,2,0.1314364038179365,2,0.3151793777162206,1.1121868679395779,0.13561057817281902,-0.06293898136027096,-1.3862943607198905,1.8845412004330295,1.0,False,
4,9,Ian Ziering,4,4,R2_Percent,0.08694259882014792,4,0.6116455892515001,1,-0.9396791718333654,0.6868559032324836,-0.38296358997006297,-0.06293898136027096,-1.3862943607198905,1.8845412004330295,1.0,True,True
4,9,Joey Fatone,5,4,R2_Percent,0.30108748598363716,3,0.1311008263582603,3,0.30247358456800066,1.0666314506057062,0.13146394568876352,-0.06293898136027096,-1.3862943607198905,1.8845412004330295,1.0,False,
4,9,Laila Ali,7,4,R2_Percent,0.3070324672799567,1,0.12581718057230307,4,0.3220262095491442,1.0499185098728918,0.11658871976615229,-0.02483184722340345,-1.3862943607198905,0.21056476906344157,1.0,False,
4,10,Apolo Anton Ohno,0,3,R2_Percent,0.3332632247366834,2,0.3188126244193257,3,-0.00020742271297680137,1.1121868679395779,0.0,-0.02551662251553862,-0.727048732026144,0.6592456286937466,0.0,False,
4,10,Joey Fatone,5,3,R2_Percent,0.33238270026682454,3,0.3383674448386228,2,-0.0028530484138917234,1.0666314506057062,0.0,-0.01308944926051853,-2.2225423842993552,-0.8362480235794647,0.0,False,
4,10,Laila Ali,7,3,R2_Percent,0.334354074996492,1,0.3428199307420515,1,0.0030604711268685247,1.0499185098728918,0.0,-0.02411541050844848,-0.8956714444556029,0.49062291626428767,0.0,False,
5,1,Albert Reed,0,12,R2_Percent,0.01642905684942592,11,0.1190259482001703,4,-1.202937357504654,-1.0909601782586722,-0.10305622965533105,-0.019105573946704917,-1.3217558396073195,0.0,0.0,False,
5,1,Cameron Mathison,1,12,R2_Percent,0.1120064296641796,5,0.061435387022353155,8,0.7165673936307876,0.6710640851403835,0.09772664618156289,-0.062407962047212946,-4.31748810603631,0.0,0.0,False,
5,1,Floyd Mayweather Jr. ,2,12,R2_Percent,0.023865553468817653,9,0.12256694873216978,3,-0.829552741889711,-0.7267274282572717,-0.0506019759412805,-0.062407962047212946,-4.31748810603631,0.0,0.0,False,
5,1,Helio Castroneves,3,12,R2_Percent,0.17780737985754264,3,0.0349868793244049,12,1.17871194499636,1.1856066705113844,0.045328612176134195,-0.062407962047212946,-4.31748810603631,0.0,0.0,False,
5,1,Jane Seymour,4,12,R2_Percent,0.06612324902923036,6,0.07784386739233877,7,0.1895315263862517,0.15459689045715616,0.05387481472240133,-0.02912480314935994,-2.0149030197922646,0.0,0.0,False,
5,1,Jennie Garth,5,12,R2_Percent,0.13669078634947948,4,0.05178914453961434,9,0.9157324572100726,0.836465929921675,0.09682902676132026,-0.027747123828976834,-1.9195928400561217,0.0,0.0,False,
5,1,Josie Maran,6,12,R2_Percent,0.014458107804929328,12,0.13804806121207994,1,-1.3307335327615097,-1.1870402615747144,-0.12152762102500418,-0.03235027451784526,-2.2380465709189745,0.0,0.0,True,True
5,1,Marie Osmond,7,12,R2_Percent,0.18629289905743,1,0.036743254262050516,10,1.2253312775149243,1.2172019706656338,0.044472542031792815,-0.04652785953855656,-3.218875822368201,0.0,0.0,False,
5,1,Mark Cuban,8,12,R2_Percent,0.03032872751844197,8,0.10811133799985166,5,-0.5898935174639273,-0.5476397767937701,-0.023313561876851453,-0.02912480314935994,-2.0149030197922646,0.0,0.0,False,
5,1,Mel B,9,12,R2_Percent,0.18159327093222372,2,0.03501234723914794,11,1.1997805274102524,1.206668982269398,0.045334882832013264,-0.062407962047212946,-4.31748810603631,0.0,0.0,False,
5,1,Sabrina Bryan,10,12,R2_Percent,0.034521950532922785,7,0.09179189671944347,6,-0.46039351468354806,-0.4186998422833754,-0.009508793043857246,-0.04236950371236952,-2.9311937505414196,0.0,0.0,False,
5,1,Wayne Newton,11,12,R2_Percent,0.019882588935376637,10,0.12264492735637515,2,-1.0121444628452987,-0.9076089372550981,-0.07557611759966024,-0.039144032346594464,-2.7080501996022104,0.0,0.0,False,
5,2,Albert Reed,0,11,R2_Percent,0.014659647010703448,11,0.13709466484490915,2,-1.4132069132908407,-1.0909601782586722,-0.1240859568241573,-0.01771624518487452,-1.4889485150130986,-0.1671926754057791,0.0,True,False
5,2,Cameron Mathison,1,11,R2_Percent,0.11569957548222233,5,0.06813680691660533,7,0.6526914340050749,0.6710640851403835,0.08097456221145868,-0.06503578621579342,-4.00125413369552,0.31623397234079054,0.0,False,
5,2,Floyd Mayweather Jr. ,2,11,R2_Percent,0.021332642276743807,9,0.1309083330042882,4,-1.0380671301734388,-0.7267274282572717,-0.07435180333225425,-0.06503578621579342,-4.00125413369552,0.31623397234079054,0.0,False,
5,2,Helio Castroneves,3,11,R2_Percent,0.17789764158341478,3,0.037214171558274146,10,1.0829028065421027,1.1856066705113844,0.05745069075154054,-0.07722067561551882,-2.534917069184144,1.7825710368521666,0.0,False,
5,2,Jane Seymour,4,11,R2_Percent,0.06763341186630742,6,0.09502265483902259,6,0.11579658825811441,0.15459689045715616,0.03282605924142923,-0.027507795858626945,-2.2094946690230204,-0.19459164923075578,0.0,False,
5,2,Jennie Garth,5,11,R2_Percent,0.14791020828864915,4,0.054523588218605284,8,0.8982998578316762,0.836465929921675,0.0880647257290915,-0.023249753891695014,-2.4608090969721803,-0.5412162569160586,0.0,False,
5,2,Marie Osmond,7,11,R2_Percent,0.19170960436440831,1,0.03690467573427331,11,1.1576762187480192,1.2172019706656338,0.0537379889359875,-0.04427132550663337,-3.4904285119161957,-0.27155268954799494,0.0,False,
5,2,Mark Cuban,8,11,R2_Percent,0.028653751877100873,8,0.13578325977760558,3,-0.7430211409051661,-0.5476397767937701,-0.045919333648311675,-0.03371695817328251,-1.4622802674091733,0.5526227523830913,0.0,False,
5,2,Mel B,9,11,R2_Percent,0.1839230955971678,2,0.04009659928353358,9,1.11621218046616,1.206668982269398,0.0575070446990786,-0.06503578621579342,-4.00125413369552,0.31623397234079054,0.0,False,
5,2,Sabrina Bryan,10,11,R2_Percent,0.03284639657730404,7,0.10452827193493507,5,-0.6064634853815706,-0.4186998422833754,-0.028263997510083818,-0.04427428540347829,-2.701971153450107,0.22922259709131243,0.0,False,
5,2,Wayne Newton,11,11,R2_Percent,0.017734025075977905,10,0.15978697388794774,1,-1.2228204161001315,-0.9076089372550981,-0.09793619783726357,-0.04373618736524691,-2.1554274478533295,0.5526227517488809,0.0,False,
5,3,Cameron Mathison,1,10,R2_Percent,0.11620415006615047,5,0.07897407278453314,6,0.5437120021087467,0.6710640851403835,0.058831870403925846,-0.06220080596243877,-3.4760986866225583,0.5251554470729616,0.0,False,
5,3,Floyd Mayweather Jr. ,2,10,R2_Percent,0.01869198955359822,9,0.1643120728294667,2,-1.283541490558476,-0.7267274282572717,-0.09877303202994418,-0.06220080596243877,-3.4760986866225583,0.5251554470729616,0.0,False,
5,3,Helio Castroneves,3,10,R2_Percent,0.18631137634079642,3,0.04723119780625581,8,1.0157827838480955,1.1856066705113844,0.073419275917194,-0.04100535491281804,-2.009761620393234,0.52515544879091,0.0,False,
5,3,Jane Seymour,4,10,R2_Percent,0.06554464765259575,6,0.09986839856461273,5,-0.028905002547459438,0.15459689045715616,0.0005195793670305453,-0.041082604485580376,-1.1089750753899,1.1005195936331205,0.0,False,
5,3,Jennie Garth,5,10,R2_Percent,0.15609260427252422,4,0.05494053804413906,7,0.8388128917338494,0.836465929921675,0.0790363182058198,-0.02713343909583346,-3.4760986866225583,-1.015289589650378,0.0,False,
5,3,Marie Osmond,7,10,R2_Percent,0.1966509584547149,1,0.0414963136693604,10,1.0697938162512355,1.2172019706656338,0.07109479914037291,-0.056332024719943696,-2.7829515076792797,0.7074770042369161,0.0,False,
5,3,Mark Cuban,8,10,R2_Percent,0.026533604494689875,8,0.16020576708644343,3,-0.9332245327471758,-0.5476397767937701,-0.07601893596172547,-0.021328463194098767,-1.4392167621296343,0.02306350527953893,0.0,False,
5,3,Mel B,9,10,R2_Percent,0.18749204429750732,2,0.042949638560332216,9,1.0220998575706766,1.206668982269398,0.06850489857416778,-0.06220080596243877,-3.4760986866225583,0.5251554470729616,0.0,False,
5,3,Sabrina Bryan,10,10,R2_Percent,0.030834082217632695,7,0.12698080408752996,4,-0.7830159128315429,-0.4186998422833754,-0.0505241758275037,-0.032623357987587656,-3.4760986866225583,-0.7741275331724511,0.0,False,
5,3,Wayne Newton,11,10,R2_Percent,0.015644542649790056,10,0.1830411965673266,1,-1.4615144128279487,-0.9076089372550981,-0.12614041857885022,-0.028332039723526624,-2.4952694355066654,-0.33984198765333584,0.0,True,True
5,4,Cameron Mathison,1,9,R2_Percent,0.1137038972783992,5,0.09151092450345812,5,0.3914207841175654,0.6710640851403835,0.02690515562262549,-0.05016070797505244,-3.4863551867459996,-0.01025650012344137,0.0,False,
5,4,Floyd Mayweather Jr. ,2,9,R2_Percent,0.016153982189877496,9,0.20229894011459776,1,-1.5600102984077573,-0.7267274282572717,-0.12821765885596992,-0.05016070797505244,-3.4863551867459996,-0.01025650012344137,0.0,True,True
5,4,Helio Castroneves,3,9,R2_Percent,0.19643923392414642,2,0.05162284829775949,8,0.9381762484614483,1.1856066705113844,0.0800382252109338,-0.03166943456247319,-1.6945957202401667,0.3151659001530671,0.0,False,
5,4,Jane Seymour,4,9,R2_Percent,0.0628614083611354,6,0.1339997613208436,4,-0.2012444570609826,0.15459689045715616,-0.03379560866675489,-0.013554099441579783,-1.406913647924497,-0.2979385725345971,0.0,False,
5,4,Jennie Garth,5,9,R2_Percent,0.15752314470470383,4,0.06757563309731184,6,0.7173955050692147,0.836465929921675,0.07416538529800461,-0.0572015384517727,-2.63905732836832,0.8370413582542384,0.0,False,
5,4,Marie Osmond,7,9,R2_Percent,0.20742782365943707,1,0.04927903717563548,9,0.9926065484689516,1.2172019706656338,0.08902967453769418,-0.03862643286245283,-2.975529564086676,-0.19257805640739623,0.0,False,
5,4,Mark Cuban,8,9,R2_Percent,0.02366648231266831,8,0.1978153468889841,2,-1.178117094169059,-0.5476397767937701,-0.11181963730622879,-0.022644419188789813,-1.2176716483218883,0.221545113807746,0.0,False,
5,4,Mel B,9,9,R2_Percent,0.19477657321688158,3,0.05378744912878591,7,0.9296762303765501,1.206668982269398,0.08264992695724589,-0.05016070797505244,-3.4863551867459996,-0.01025650012344137,0.0,False,
5,4,Sabrina Bryan,10,9,R2_Percent,0.027447454352750655,7,0.1521100594726236,3,-1.029903466855931,-0.4186998422833754,-0.07900593167692167,-0.05592058537115908,-2.7932080078193877,0.6828906788031706,0.0,False,
5,5,Cameron Mathison,1,8,R2_Percent,0.10654650184990141,5,0.11781259025021162,4,0.16504756361192852,0.6710640851403835,-0.01125784239863547,-0.05147961205524268,-3.3557350047303593,0.1306201820156403,0.0,False,
5,5,Helio Castroneves,3,8,R2_Percent,0.2100232222598607,2,0.06390481781770144,6,0.8436841434659283,1.1856066705113844,0.09553002005803689,-0.024065234377019667,-1.7462970945895921,-0.051701374349425455,0.0,False,
5,5,Jane Seymour,4,8,R2_Percent,0.05673284475750772,6,0.16629858103965844,3,-0.46518064768832235,0.15459689045715616,-0.08547862300013447,-0.020312312443139892,-1.4098248581321888,-0.0029112102076918056,0.0,False,
5,5,Jennie Garth,5,8,R2_Percent,0.1591975679809521,4,0.08473625200214711,5,0.5666120334644451,0.836465929921675,0.062373729954055046,-0.03795122915375374,-2.6625878256037474,-0.02353049723542755,0.0,False,
5,5,Marie Osmond,7,8,R2_Percent,0.2203356511373174,1,0.06378898925817397,7,0.8916181073346201,1.2172019706656338,0.11070962849160049,-0.04409578486615197,-2.8449093819110356,0.1306201821756403,0.0,False,
5,5,Mark Cuban,8,8,R2_Percent,0.0203839915848878,8,0.25446482081751093,1,-1.4887840967672137,-0.5476397767937701,-0.15391597111082989,-0.018394889627218296,-1.1221427858185031,0.09552886250338521,0.0,True,True
5,5,Mel B,9,8,R2_Percent,0.20267394171994918,3,0.05457730177958955,8,0.8080645259706807,1.206668982269398,0.09369466112761866,-0.05147961205524268,-3.3557350047303593,0.1306201820156403,0.0,False,
5,5,Sabrina Bryan,10,8,R2_Percent,0.02410627870962373,7,0.19441664703500702,2,-1.321061629392067,-0.4186998422833754,-0.11146790246153697,-0.03994533694435203,-2.8449093819110356,-0.05170137409164788,0.0,False,
5,6,Cameron Mathison,1,7,R2_Percent,0.0952599307475981,5,0.16782129184871047,3,-0.12631978783314973,0.6710640851403835,-0.07031287568349794,-0.050216695304760986,-3.1498829510764876,0.2058520536538717,0.0,False,
5,6,Helio Castroneves,3,7,R2_Percent,0.22872294694556572,2,0.05938638227572649,7,0.749582376220383,1.1856066705113844,0.10213868093518384,-0.01357874438897956,-3.1498829510764876,-1.4035858564868955,0.0,False,
5,6,Jane Seymour,4,7,R2_Percent,0.048507361225505294,6,0.26027384155824707,2,-0.8012134919507703,0.15459689045715616,-0.15054708903860714,-0.02284511533405654,-1.1130010258009548,0.296823832331234,0.0,False,
5,6,Jennie Garth,5,7,R2_Percent,0.15588720074096538,4,0.10215589495912926,4,0.36620361731088447,0.836465929921675,0.033403593681551574,-0.045957343524451646,-1.7635885917065968,0.8989992338971506,0.0,False,
5,6,Marie Osmond,7,7,R2_Percent,0.2338334549031685,1,0.06947124949163236,5,0.7716800745511938,1.2172019706656338,0.11865902324446957,-0.05475805682223765,-1.2039728040211741,1.6409365778898615,0.0,False,
5,6,Mel B,9,7,R2_Percent,0.2171921589202983,3,0.05955909037403083,6,0.6978534304502724,1.206668982269398,0.11858304206441148,-0.050216695304760986,-3.1498829510764876,0.2058520536538717,0.0,False,
5,6,Sabrina Bryan,10,7,R2_Percent,0.020596946516898883,7,0.28133224949252345,1,-1.6577862187488133,-0.4186998422833754,-0.15161291425220777,-0.04283286811380072,-2.6390573280438305,0.20585205386720506,0.0,True,True
5,7,Cameron Mathison,1,6,R2_Percent,0.07738042456614223,5,0.26057825936679246,2,-0.5644494447475623,0.6710640851403835,-0.16712464067359922,-0.042082510570218695,-3.564826801929492,-0.41494385085300456,0.0,False,
5,7,Helio Castroneves,3,6,R2_Percent,0.24271183976685543,2,0.0811825817628007,5,0.5786916143163499,1.1856066705113844,0.1405664014522949,-0.056496605725656374,-1.830225749392366,1.3196572016841217,0.0,False,
5,7,Jane Seymour,4,6,R2_Percent,0.03741451432052039,6,0.3512958678376039,1,-1.2911245682013603,0.15459689045715616,-0.2531467974129926,-0.019257321357384206,-0.7316134611987662,0.3813875646021886,0.0,True,True
5,7,Jennie Garth,5,6,R2_Percent,0.1482923991534567,4,0.15260695206727184,3,0.08600271387741804,0.836465929921675,-0.010142265604528869,-0.01756512785000095,-2.7175289437041936,-0.9539403519975969,0.0,False,
5,7,Marie Osmond,7,6,R2_Percent,0.25905497385318565,1,0.07250192035812711,6,0.6438570126628722,1.2172019706656338,0.13503480877968402,-0.008581670293550458,-2.2655438202780194,-1.0615710162568452,0.0,False,
5,7,Mel B,9,6,R2_Percent,0.23514584833983967,3,0.08183441860740402,4,0.5470226720922826,1.206668982269398,0.15538137302031013,-0.056496605725656374,-1.830225749392366,1.3196572016841217,0.0,False,
5,8,Cameron Mathison,1,5,R2_Percent,0.05494022004792493,5,0.444945259747978,1,-1.1259740051470977,0.6710640851403835,-0.32263806813908247,-0.05270555439253229,-3.4231762851946987,0.14165051673479345,0.0,True,True
5,8,Helio Castroneves,3,5,R2_Percent,0.271951832135942,2,0.08464451522882503,5,0.47340527183168507,1.1856066705113844,0.13940709332693293,-0.013218334773255687,-3.4231762851946987,-1.5929505358023328,0.0,False,
5,8,Jennie Garth,5,5,R2_Percent,0.12404149294261484,4,0.28318758088661206,2,-0.3116035609098803,0.836465929921675,-0.12449677123545116,-0.05197787938647131,-1.189584066461414,1.5279448772427797,0.0,False,
5,8,Marie Osmond,7,5,R2_Percent,0.2852777960004281,1,0.09527160419006848,3,0.5212437372964371,1.2172019706656338,0.1552854752218,-0.04400472941438121,-0.9108706643068722,1.3546731559711471,0.0,False,
5,8,Mel B,9,5,R2_Percent,0.26378865887309016,3,0.09195103994651636,4,0.44292855692885574,1.206668982269398,0.15296974836119398,-0.029388354947924286,-1.4772661387679569,0.35295961062440906,0.0,False,
5,9,Helio Castroneves,3,4,R2_Percent,0.2945224392981756,3,0.13530239041315645,2,0.28203908460390065,1.1856066705113844,0.13600901197818327,-0.06542818528283093,-1.5040773963262741,1.9190988888684246,0.0,False,
5,9,Jennie Garth,5,4,R2_Percent,0.08641477191113302,4,0.6058740360350843,1,-0.9441574777561803,0.836465929921675,-0.3874320133389953,-0.01458171176546243,-1.5040773963262741,-0.3144933298648602,0.0,True,True
5,9,Marie Osmond,7,4,R2_Percent,0.3209777646601675,1,0.12681582752854162,4,0.3680557416134184,1.2172019706656338,0.12183790819959608,-0.011908475759049221,-1.0622446442436633,-0.15137397993679103,0.0,False,
5,9,Mel B,9,4,R2_Percent,0.29808502413052385,2,0.13200774602321763,3,0.2940626515388613,1.206668982269398,0.13002308374044136,-0.02065566078070904,-1.5612358100809285,-0.08396967131297162,0.0,False,
5,10,Helio Castroneves,3,3,R2_Percent,0.3204623122446649,3,0.3160931494395932,2,-0.038392552951897085,1.1856066705113844,0.0,-0.0283507646712199,-0.7086513668769202,0.7954260294493539,0.0,False,
5,10,Marie Osmond,7,3,R2_Percent,0.35427323970878516,1,0.38690537207379816,1,0.06191124708636225,1.2172019706656338,0.0,-0.010142247473564176,-1.6894806195813548,-0.6272359753376915,0.0,False,
5,10,Mel B,9,3,R2_Percent,0.32526444804654997,2,0.2970014784866088,3,-0.023518694134465057,1.206668982269398,0.0,-0.02615176673870994,-1.129864831878075,0.4313709782028534,0.0,False,
6,1,Adam Carolla,0,12,R2_Percent,0.02313859033545647,9,0.12883240783013483,3,-0.8636692706544109,-0.7924272961819347,-0.057433714599061984,-0.024261200507289853,-1.6784307833853374,0.0,0.0,False,
6,1,Cristian de la Fuente,1,12,R2_Percent,0.1982968773862625,1,0.0323183858240991,11,1.2845942168717253,1.2962939749090339,0.050274492475694134,-0.0724271911468783,-5.010635279096256,0.0,0.0,False,
6,1,Jason Taylor,2,12,R2_Percent,0.17747176299780473,2,0.0362798227685411,10,1.173640442945571,1.1586311659275335,0.03883676609178365,-0.0342804297076218,-2.3715779634095684,0.0,0.0,False,
6,1,Kristi Yamaguchi,3,12,R2_Percent,0.17406585604359412,3,0.03221560464176224,12,1.154262639004509,1.1413143802896735,0.037846955721258166,-0.03535163764029815,-2.445685935480873,0.0,0.0,False,
6,1,Mario,4,12,R2_Percent,0.09143326081815396,5,0.06215684543709506,8,0.510438244569111,0.43543997539353874,0.08013919023423523,-0.015593861692538626,-1.0788096610778122,0.0,0.0,False,
6,1,Marissa Jaret Winokur,5,12,R2_Percent,0.15084008393782775,4,0.04888372068501724,9,1.0110491572467368,0.9695793486972173,0.10344405906252235,-0.0724271911468783,-5.010635279096256,0.0,0.0,False,
6,1,Marlee Matlin,6,12,R2_Percent,0.04359247453689439,7,0.09162008551656357,6,-0.23028653851987624,-0.22200825298659135,0.01113500576864487,-0.02986623193580542,-2.0661963141403414,0.0,0.0,False,
6,1,Monica Seles,7,12,R2_Percent,0.015360995648304421,12,0.13595583681621015,1,-1.2733395251406572,-1.134841985698137,-0.10828349389864785,-0.04066698617774782,-2.8134107150933696,0.0,0.0,False,
6,1,Penn Jillette,8,12,R2_Percent,0.016735058466962268,11,0.1308885917686445,2,-1.1876652432617756,-1.0281622044910632,-0.09752878825770968,-0.0724271911468783,-5.010635279096256,0.0,0.0,False,
6,1,Priscilla Presley,9,12,R2_Percent,0.028040043682324857,8,0.09638162309775739,5,-0.6715374515898592,-0.6009905332813287,-0.031836597409418195,-0.04916326153298795,-3.401197378662155,0.0,0.0,False,
6,1,Shannon Elizabeth,10,12,R2_Percent,0.06114814059204398,6,0.08348343993258132,7,0.10812838273278662,0.09433057425626064,0.04764452674286048,-0.04429965890021017,-3.064725142898085,0.0,0.0,False,
6,1,Steve Guttenberg,11,12,R2_Percent,0.019876855554370455,10,0.12098363568159363,4,-1.015615054203861,-0.8792494539362185,-0.0743913497546396,-0.0724271911468783,-5.010635279096256,0.0,0.0,False,
6,2,Adam Carolla,0,12,R2_Percent,0.0213577396335571,9,0.11850868392243268,4,-0.9006176065022067,-0.7924272961819347,-0.06190545267856171,-0.024709013608745334,-1.6245406800699336,0.05389010331540378,0.0,False,
6,2,Cristian de la Fuente,1,12,R2_Percent,0.19513024500360024,1,0.034661466838410024,10,1.3116354661021736,1.2962939749090339,0.05378453240132588,-0.07211905182999967,-5.047716953500502,-0.03708167440424592,0.0,False,
6,2,Jason Taylor,2,12,R2_Percent,0.1796947630672102,2,0.03194336773877208,12,1.22922785812713,1.1586311659275335,0.04212334692574118,-0.029987159631172978,-2.8882327178791805,-0.5166547544696121,0.0,False,
6,2,Kristi Yamaguchi,3,12,R2_Percent,0.17690905982008026,3,0.03256507777209537,11,1.2136040216175739,1.1413143802896735,0.04099082043479279,-0.025249174022419076,-3.6614226040556113,-1.2157366685747384,0.0,False,
6,2,Mario,4,12,R2_Percent,0.09760983711632495,5,0.057909557636432886,8,0.6189464858707402,0.43543997539353874,0.08663819235295665,-0.017258624377774374,-0.8784710983796821,0.2003385626981301,0.0,False,
6,2,Marissa Jaret Winokur,5,12,R2_Percent,0.1541642438591054,4,0.04479837145679066,9,1.0759867600567714,0.9695793486972173,0.1112766475934097,-0.08788363801737055,-3.150596981796287,1.860038297299969,0.0,False,
6,2,Marlee Matlin,6,12,R2_Percent,0.043063563468871614,7,0.08913648843608063,6,-0.19935454818770237,-0.22200825298659135,0.011991538923289429,-0.02618878032664336,-2.5087430965167874,-0.44254678237644596,0.0,False,
6,2,Monica Seles,7,12,R2_Percent,0.013306550723178228,12,0.139546082280309,1,-1.3737753430464188,-1.134841985698137,-0.11667761394040228,-0.03827048765111646,-3.1018068177880456,-0.28839610269467597,0.0,True,True
6,2,Penn Jillette,8,12,R2_Percent,0.014198992964417722,11,0.13141636846227908,3,-1.3088607485019403,-1.0281622044910632,-0.10510230506317747,-0.07211905182999967,-5.047716953500502,-0.03708167440424592,0.0,True,False
6,2,Priscilla Presley,9,12,R2_Percent,0.025860188151204475,8,0.10885125160564597,5,-0.7093271435163931,-0.6009905332813287,-0.03430578586191602,-0.053099953679210186,-2.9274534310390776,0.4737439476230776,0.0,False,
6,2,Shannon Elizabeth,10,12,R2_Percent,0.0614432025673953,6,0.07849142191516423,7,0.15608142000571248,0.09433057425626064,0.051369914023823966,-0.04695539796756066,-2.7451318745164563,0.3195932683816287,0.0,False,
6,2,Steve Guttenberg,11,12,R2_Percent,0.017261613625054472,10,0.13217186193558733,2,-1.1135466220254406,-0.8792494539362185,-0.08017118110379995,-0.07211905182999967,-5.047716953500502,-0.03708167440424592,0.0,False,
6,3,Adam Carolla,0,10,R2_Percent,0.019518437210401873,9,0.1619441819985017,2,-1.2447137851639993,-0.7924272961819347,-0.10444213220790385,-0.02277007431941418,-1.7102426109811177,-0.08570193091118417,0.0,False,
6,3,Cristian de la Fuente,1,10,R2_Percent,0.1992878799567939,1,0.04134394770800657,10,1.0786771103064428,1.2962939749090339,0.06783778056919271,-0.07501098198351579,-4.801285052725797,0.2464319007747049,0.0,False,
6,3,Jason Taylor,2,10,R2_Percent,0.1885746602220788,2,0.04731158277549504,8,1.0234207019182138,1.1586311659275335,0.06598101087228901,-0.04202155522711571,-2.8553749140990554,0.03285780378012504,0.0,False,
6,3,Kristi Yamaguchi,3,10,R2_Percent,0.181346110096319,3,0.044052297461760294,9,0.9843341137942615,1.1413143802896735,0.06201622659687443,-0.06139753576965176,-2.641800814096784,1.0196217899588271,0.0,False,
6,3,Mario,4,10,R2_Percent,0.10271164910306645,5,0.09106644701732668,6,0.41585223696280593,0.43543997539353874,0.04938085984224227,-0.014572690102660539,-0.652873281260614,0.22559781711906812,0.0,False,
6,3,Marissa Jaret Winokur,5,10,R2_Percent,0.16762434053183234,4,0.061751532726209014,7,0.9056521054053049,0.9695793486972173,0.09383643742883988,-0.03182411036411397,-4.801285052725797,-1.65068807092951,0.0,False,
6,3,Marlee Matlin,6,10,R2_Percent,0.041696805509675944,7,0.13890450339790106,3,-0.4856487826136324,-0.22200825298659135,-0.035728695409627656,-0.02425349726552193,-3.953987199433832,-1.4452441029170444,0.0,False,
6,3,Priscilla Presley,9,10,R2_Percent,0.023758659073127988,8,0.1351203579966226,4,-1.048126245415677,-0.6009905332813287,-0.07723653212138808,-0.04468913940018607,-2.641800814096784,0.2856526169422935,0.0,False,
6,3,Shannon Elizabeth,10,10,R2_Percent,0.06063371165426507,6,0.11124155930211274,5,-0.11122226567726486,0.09433057425626064,0.00018404259498032565,-0.03835851092808901,-2.9041650781315824,-0.15903320361512607,0.0,False,
6,3,Steve Guttenberg,11,10,R2_Percent,0.014847746642438596,10,0.1672635896160644,1,-1.518225189516456,-0.8792494539362185,-0.12187034334731102,-0.07501098198351579,-4.801285052725797,0.2464319007747049,0.0,True,True
6,4,Adam Carolla,0,9,R2_Percent,0.017155216793936584,9,0.21579289248406403,1,-1.510255115880965,-0.7924272961819347,-0.13415742378211587,-0.022079315420507645,-2.0281482464971976,-0.31790563551607987,0.0,True,True
6,4,Cristian de la Fuente,1,9,R2_Percent,0.20599370205840553,1,0.047104085217609226,7,0.9752881663171897,1.2962939749090339,0.09276690535204661,-0.06994195132587631,-4.736198436959408,0.06508661576638897,0.0,False,
6,4,Jason Taylor,2,9,R2_Percent,0.19655119925468606,2,0.04585282504300559,9,0.928365523900957,1.1586311659275335,0.07929756734927122,-0.042200988589166155,-2.7437682821601106,0.11160663193894482,0.0,False,
6,4,Kristi Yamaguchi,3,9,R2_Percent,0.1936482223952445,3,0.04678320165897665,8,0.9134857969735857,1.1413143802896735,0.08051730390842055,-0.020782504391155254,-4.736198436959408,-2.094397622862624,0.0,False,
6,4,Mario,4,9,R2_Percent,0.10252048673212857,5,0.1024995679180843,5,0.2775052196913262,0.43543997539353874,0.012498543993508224,-0.010362517000084587,-0.5415059121814169,0.11136736907919709,0.0,False,
6,4,Marissa Jaret Winokur,5,9,R2_Percent,0.1697760933660354,4,0.06435906950532727,6,0.7819230415946488,0.9695793486972173,0.08350101347833476,-0.06994195132587631,-4.736198436959408,0.06508661576638897,0.0,False,
6,4,Marlee Matlin,6,9,R2_Percent,0.036775066876776084,7,0.16154592053127323,3,-0.7477373444480637,-0.22200825298659135,-0.07516322337412563,-0.06402771224724856,-3.1267605336453075,0.8272266657885243,0.0,False,
6,4,Priscilla Presley,9,9,R2_Percent,0.02121440370468763,8,0.19132434578011365,2,-1.2978770584639285,-0.6009905332813287,-0.10312255370342957,-0.03695252450646851,-2.7902882976755228,-0.14848748357873864,0.0,False,
6,4,Shannon Elizabeth,10,9,R2_Percent,0.05636560881809951,6,0.12473809186154604,4,-0.3206982296847496,0.09433057425626064,-0.03623132983263723,-0.04616145326307466,-2.4008235314714033,0.5033415466601792,0.0,False,
6,5,Cristian de la Fuente,1,8,R2_Percent,0.21792793596154156,1,0.05772006061150648,6,0.8720167917562893,1.2962939749090339,0.11088854065561346,-0.07030241750228247,-4.51451580856108,0.22168262839832842,0.0,False,
6,5,Jason Taylor,2,8,R2_Percent,0.21198533100434622,2,0.05222227675946093,8,0.8443694315032402,1.1586311659275335,0.09949606574233101,-0.033096305525950304,-3.533686561132687,-0.7899182789725763,0.0,False,
6,5,Kristi Yamaguchi,3,8,R2_Percent,0.19887614646810833,3,0.053282676435600244,7,0.7805346040096179,1.1413143802896735,0.09871939362984322,-0.08109912977526756,-3.215232830982334,1.5209656059770742,0.0,False,
6,5,Mario,4,8,R2_Percent,0.09815980864876743,5,0.11479343024065097,4,0.07444920362074625,0.43543997539353874,-0.03765453839634113,-0.009793765495497552,-0.3048604088751794,0.23664550330623746,0.0,False,
6,5,Marissa Jaret Winokur,5,8,R2_Percent,0.17073246151191657,4,0.07723662560900957,5,0.6279501313512508,0.9695793486972173,0.06979560940332677,-0.07030241750228247,-4.51451580856108,0.22168262839832842,0.0,False,
6,5,Marlee Matlin,6,8,R2_Percent,0.03247750592207173,7,0.21575604069664897,2,-1.0315999231675108,-0.22200825298659135,-0.12109211329989701,-0.03366446674190627,-4.51451580856108,-1.3877552749157722,0.0,False,
6,5,Priscilla Presley,9,8,R2_Percent,0.018509211543642476,8,0.24619085959873457,1,-1.59387911795849,-0.6009905332813287,-0.14042337294646495,-0.03880557293975735,-2.974070774718693,-0.1837824770431702,0.0,True,True
6,5,Shannon Elizabeth,10,8,R2_Percent,0.051331598939605684,6,0.18279803004838818,3,-0.5738411211151436,0.09433057425626064,-0.07978747869948485,-0.03627281675657199,-2.211930723787034,0.18889280768436922,0.0,False,
6,6,Cristian de la Fuente,1,7,R2_Percent,0.23327828812053802,1,0.05916827835407585,7,0.7552631435989061,1.2962939749090339,0.12596940655402356,-0.06253829122426847,-4.841558951380392,-0.32704314281931257,0.0,False,
6,6,Jason Taylor,2,7,R2_Percent,0.22619572068349006,2,0.0697362554421644,5,0.7244316783252392,1.1586311659275335,0.12694511000240502,-0.05877084900062926,-2.6079667412185357,0.9257198199141512,0.0,False,
6,6,Kristi Yamaguchi,3,7,R2_Percent,0.21400686597191323,3,0.06024438528934194,6,0.669039131597205,1.1413143802896735,0.12239551066547694,-0.04913086341641379,-2.8956488131822216,0.31958401780011236,0.0,False,
6,6,Mario,4,7,R2_Percent,0.08926986983987403,5,0.15422638612595224,3,-0.20530493975068947,0.43543997539353874,-0.09332020942062721,-0.0016890177374414535,-0.6319035551753496,-0.3270431463001702,0.0,False,
6,6,Marissa Jaret Winokur,5,7,R2_Percent,0.16791364722797994,4,0.09665265862760586,4,0.4264808757713855,0.9695793486972173,0.0472090640671423,-0.06253829122426847,-4.841558951380392,-0.32704314281931257,0.0,False,
6,6,Marlee Matlin,6,7,R2_Percent,0.025804711422240254,7,0.3131457816500237,1,-1.4464118783699447,-0.22200825298659135,-0.1804466688189463,-0.0819446648371508,-2.5061840470364736,2.008331761524606,0.0,True,True
6,6,Shannon Elizabeth,10,7,R2_Percent,0.043530896733964465,6,0.24682625451083595,2,-0.9234980111721018,0.09433057425626064,-0.14847917854102463,-0.03856696116297137,-1.4183826751443886,0.7935480486426454,0.0,False,
6,7,Cristian de la Fuente,1,6,R2_Percent,0.2533427066097322,1,0.08583995509751478,4,0.6315547095464124,1.2962939749090339,0.14935858634761798,-0.06937211366532234,-4.915102853716909,-0.07354390233651653,0.0,False,
6,7,Jason Taylor,2,6,R2_Percent,0.24506800431662557,2,0.07430667749042798,6,0.5983473065123286,1.1586311659275335,0.1281544553536001,-0.042846102959797565,-1.988363464374274,0.6196032768442616,0.0,False,
6,7,Kristi Yamaguchi,3,6,R2_Percent,0.23525247889974163,3,0.08132989236988908,5,0.5574708815529791,1.1413143802896735,0.14367991978507666,-0.046599024883169714,-2.324835701131916,0.5708131120503057,0.0,False,
6,7,Mario,4,6,R2_Percent,0.07454468562735711,5,0.26446922065949535,2,-0.5917896815048733,0.43543997539353874,-0.17968039078508977,-0.010294421883132406,-0.4922542380325055,0.13964931714284406,0.0,False,
6,7,Marissa Jaret Winokur,5,6,R2_Percent,0.15676847129446694,4,0.1464050560562715,3,0.15158157761304983,0.9695793486972173,-0.0019812633199760396,-0.06937211366532234,-4.915102853716909,-0.07354390233651653,0.0,False,
6,7,Shannon Elizabeth,10,6,R2_Percent,0.03502365325207643,6,0.34764919832640145,1,-1.3471647937198967,0.09433057425626064,-0.2384149491442637,-0.015912968208976332,-1.9706638874662579,-0.5522812123218692,0.0,True,True
6,8,Cristian de la Fuente,1,5,R2_Percent,0.27058295324317866,2,0.08905380712662327,5,0.46117745806674876,1.2962939749090339,0.14135958926586645,-0.08239313754416827,-3.5496173834262907,1.365485470290618,0.0,False,
6,8,Jason Taylor,2,5,R2_Percent,0.2775633013000024,1,0.09659431277795229,4,0.4866477604248673,1.1586311659275335,0.15085952525959884,-0.025688750759531795,-2.355694917279311,-0.3673314529050369,0.0,False,
6,8,Kristi Yamaguchi,3,5,R2_Percent,0.2639883603438602,3,0.0981703928908048,3,0.4365037530270946,1.1413143802896735,0.14994450104459223,-0.035738917539638974,-2.0680128448638935,0.25682285626802237,0.0,False,
6,8,Mario,4,5,R2_Percent,0.05479466456092454,5,0.4396899336877588,1,-1.1358084323536006,0.43543997539353874,-0.3320753223382769,-0.008719258889046034,-0.29924289474383525,0.19301134328867026,0.0,True,True
6,8,Marissa Jaret Winokur,5,5,R2_Percent,0.13307072055203428,4,0.2764915535168609,2,-0.24852053916510994,0.9695793486972173,-0.10941314842244793,-0.0723884287252464,-4.753590179532226,0.1615126741846824,0.0,False,
6,9,Cristian de la Fuente,1,4,R2_Percent,0.3028486007159123,2,0.12582330772969785,2,0.303021225714919,1.2962939749090339,0.13140944172915414,-0.060390196261975615,-2.456735771683209,1.0928816117430817,0.0,False,
6,9,Jason Taylor,2,4,R2_Percent,0.3079694957067672,1,0.1253233000449286,3,0.3197889508409612,1.1586311659275335,0.12522734247665795,-0.05115598810605465,-0.29725152332342614,2.058443393955885,0.0,False,
6,9,Kristi Yamaguchi,3,4,R2_Percent,0.2995984900030092,3,0.12470056311494054,4,0.2922314242722593,1.1413143802896735,0.1209547439352346,-0.026662300318664373,-2.456735771683209,-0.38872292681931553,0.0,False,
6,9,Marissa Jaret Winokur,5,4,R2_Percent,0.08958341357431131,4,0.624152829110433,1,-0.9150416008281395,0.9695793486972173,-0.377143793989517,-0.08779796137657223,-2.456735771683209,2.2968544078490174,0.0,True,True
6,10,Cristian de la Fuente,1,3,R2_Percent,0.33125196185424943,2,0.40000605861572935,1,-0.005951819755579735,1.2962939749090339,0.0,-0.037981444448977796,-2.1594842485251675,0.2972515231580415,0.0,False,
6,10,Jason Taylor,2,3,R2_Percent,0.3444380577138588,1,0.2975302910086202,3,0.03308315122671651,1.1586311659275335,0.0,-0.004586583583942385,-0.2623642643259526,0.034887258997473525,0.0,False,
6,10,Kristi Yamaguchi,3,3,R2_Percent,0.32430998043189163,3,0.30246365037565043,2,-0.027131331471136666,1.1413143802896735,0.0,-0.037981444448977796,-2.1594842485251675,0.2972515231580415,0.0,False,
7,1,Brooke Burke,0,13,R2_Percent,0.1543468469289098,3,0.035440778803399235,12,1.078357088637869,1.0726227653461586,0.03281287484430274,-0.037798438927768546,-2.6149597766695316,0.0,0.0,False,
7,1,Cloris Leachman,1,13,R2_Percent,0.043354854477716614,8,0.09647461989451411,5,-0.19142655374623915,-0.18429898052001303,0.020948249052642035,-0.03879570965404429,-2.683952648058864,0.0,0.0,False,
7,1,Cody Linley,2,13,R2_Percent,0.12556557895618128,4,0.048272020289943394,10,0.8719829295366406,0.7998447454127791,0.0924229778469819,-0.031004681098296613,-2.1449561479362957,0.0,0.0,False,
7,1,Jeffrey Ross,3,13,R2_Percent,0.013564429261677436,13,0.1323237947361522,1,-1.3533943631483714,-1.1669664644408204,-0.12020531506324861,-0.0769424710194786,-5.3230099586384085,0.0,0.0,True,True
7,1,Kim Kardashian,4,13,R2_Percent,0.01697456017790494,11,0.10811267150032577,3,-1.1291294709232365,-1.0264486874865164,-0.09539774856196738,-0.0180029222499287,-1.2454725348852311,0.0,0.0,False,
7,1,Lance Bass,5,13,R2_Percent,0.16064878762828855,2,0.03684177107409273,11,1.1183753048270664,1.0998030316376768,0.04223389769793574,-0.034381511883722286,-2.3785709988930206,0.0,0.0,False,
7,1,Maurice Greene,6,13,R2_Percent,0.10365041965176751,5,0.0577402507237727,8,0.6801786535708503,0.6499726115043569,0.09642862571079577,-0.0769424710194786,-5.3230099586384085,0.0,0.0,False,
7,1,Misty May-Treanor,7,13,R2_Percent,0.0978295764175827,6,0.057687720241419896,9,0.6223817146381018,0.584299706040564,0.05666428478439699,-0.029302163562035372,-2.0271731123748196,0.0,0.0,False,
7,1,Rocco DiSpirito,8,13,R2_Percent,0.021902265961451197,10,0.10739728819476238,4,-0.8742551340120863,-0.7925721015312676,-0.054604480928226395,-0.037798438927768546,-2.6149597766695316,0.0,0.0,False,
7,1,Susan Lucci,9,13,R2_Percent,0.05575603710217432,7,0.08266715037986566,7,0.06014045926420071,0.05156277473714594,0.048900936629286185,-0.05104313947740754,-3.5312505064936865,0.0,0.0,False,
7,1,Ted McGinley,10,13,R2_Percent,0.01460534117724628,12,0.10989967940830182,2,-1.2794579381701623,-1.127860569435537,-0.11543247245526839,-0.04688478365453303,-3.2435684348960723,0.0,0.0,True,False
7,1,Toni Braxton,11,13,R2_Percent,0.024484743177939392,9,0.0919616795201074,6,-0.7627950378970783,-0.6870850647417558,-0.03954507687596552,-0.04688478365453303,-3.2435684348960723,0.0,0.0,False,
7,1,Warren Sapp,12,13,R2_Percent,0.16731655908115997,1,0.03518057523334264,13,1.1590423474224454,1.1603162104291225,0.03489103327267983,-0.04688478365453303,-3.2435684348960723,0.0,0.0,False,
7,2,Brooke Burke,0,11,R2_Percent,0.16078874022720768,3,0.044500778078164174,10,0.8867467150155113,1.0726227653461586,0.04911182578376747,-0.04156011353909396,-2.162277546550792,0.4526822301187394,0.0,False,
7,2,Cloris Leachman,1,11,R2_Percent,0.04182766051334233,8,0.13435165219253378,3,-0.4597867603652035,-0.18429898052001303,-0.030750079223078968,-0.0393748157161059,-2.6142626693296935,0.06968997872917049,0.0,False,
7,2,Cody Linley,2,11,R2_Percent,0.13551675871485888,4,0.05822467428503805,8,0.7157506974094519,0.7998447454127791,0.07592911163291333,-0.028214474866144656,-2.4807312774115995,-0.33577512947530375,0.0,False,
7,2,Kim Kardashian,4,11,R2_Percent,0.015267102859299553,11,0.15165799378535,1,-1.4676442422012492,-1.0264486874865164,-0.12790663222912502,-0.019257989958360658,-1.0944369170004586,0.1510356178847725,0.0,True,True
7,2,Lance Bass,5,11,R2_Percent,0.1689226998518074,2,0.047677728349184885,9,0.9360965971434654,1.0998030316376768,0.05498280014830803,-0.03717437327040202,-2.042476346493186,0.3360946523998347,0.0,False,
7,2,Maurice Greene,6,11,R2_Percent,0.10528572987437326,5,0.07641018285467721,6,0.46333327537958646,0.6499726115043569,0.06311665981733496,-0.07903662297416772,-5.0709984278690925,0.25201153076931604,0.0,False,
7,2,Misty May-Treanor,7,11,R2_Percent,0.10145178740081445,6,0.07370160681709872,7,0.4262390688409845,0.584299706040564,0.022733045918479702,-0.01738276764620729,-3.461560528181659,-1.4343874158068393,0.0,False,
7,2,Rocco DiSpirito,8,11,R2_Percent,0.020060232331082613,10,0.15137675853780388,2,-1.1946052515395333,-0.7925721015312676,-0.09096368015591921,-0.036523278628875805,-2.768413349215047,-0.15345357254551528,0.0,False,
7,2,Susan Lucci,9,11,R2_Percent,0.054646166048906625,7,0.10189062760026148,5,-0.19246555829368125,0.05156277473714594,0.0007737596113651502,-0.054012810646064155,-3.1738784564765443,0.35737205001714223,0.0,False,
7,2,Toni Braxton,11,11,R2_Percent,0.022551480357544406,9,0.1195053484453538,4,-1.0775439042363186,-0.6870850647417558,-0.07034963693678131,-0.05110567711760468,-2.735623526475712,0.5079449084203604,0.0,False,
7,2,Warren Sapp,12,11,R2_Percent,0.17368164182076282,1,0.040702649054534065,11,0.9638793628469862,1.1603162104291225,0.053451803669467404,-0.049957682817734876,-2.873773864695836,0.3697945702002361,0.0,False,
7,3,Brooke Burke,0,9,R2_Percent,0.1875247039003901,3,0.04551223470364937,9,0.8398376257710753,1.0726227653461586,0.06124775391012456,-0.03256406518832807,-2.004750648327659,0.15752689822313304,0.0,False,
7,3,Cloris Leachman,1,9,R2_Percent,0.04293074919812173,7,0.18787413476501927,2,-0.6344846313900487,-0.18429898052001303,-0.0687244667331358,-0.036837670795804904,-2.7286694868280326,-0.11440681749833903,0.0,False,
7,3,Cody Linley,2,9,R2_Percent,0.15708045587719197,4,0.07166805232160622,6,0.6626851668071624,0.7998447454127791,0.07016366584722203,-0.040302435322069424,-1.9459101480614356,0.5348211293501639,0.0,False,
7,3,Lance Bass,5,9,R2_Percent,0.19658524657432064,2,0.052663185371627654,7,0.8870231969442546,1.0998030316376768,0.06263984583139003,-0.034523018755874435,-1.4408151997401444,0.6016611467530415,0.0,False,
7,3,Maurice Greene,6,9,R2_Percent,0.11474316224490212,5,0.08654687332075232,5,0.34862329378949214,0.6499726115043569,0.039681359114639284,-0.07885356190371001,-4.402645913701788,0.6683525141673048,0.0,False,
7,3,Rocco DiSpirito,8,9,R2_Percent,0.01997615064126861,9,0.1916213697307055,1,-1.3995338710341867,-0.7925721015312676,-0.11847470868808943,-0.026436504644409442,-4.402645913701788,-1.6342325644867408,0.0,False,
7,3,Susan Lucci,9,9,R2_Percent,0.05765711403643734,6,0.14259566251971473,4,-0.3395593255355489,0.05156277473714594,-0.027839618600970218,-0.04785157967386979,-2.9363088512673343,0.23756960520921,0.0,False,
7,3,Toni Braxton,11,9,R2_Percent,0.022671052715869826,8,0.17544581594273606,3,-1.272984065136396,-0.6870850647417558,-0.09161906368582756,-0.042969694898854625,-2.3232043791677848,0.41241914730792706,0.0,False,
7,3,Warren Sapp,12,9,R2_Percent,0.2008313648114975,1,0.046072671324188845,8,0.9083926097841952,1.1603162104291225,0.0730738118483254,-0.053728753593607154,-1.4069136479061297,1.4668602167897065,0.0,False,
7,4,Brooke Burke,0,9,R2_Percent,0.1893926647633775,3,0.0488645234271892,7,0.9034057155805892,1.0726227653461586,0.06606612725170204,-0.032967180533808364,-1.524696683508793,0.4800539648188662,0.0,False,
7,4,Cloris Leachman,1,9,R2_Percent,0.03777528360303007,7,0.15989655504194467,3,-0.7087617197896758,-0.18429898052001303,-0.0740780192382539,-0.04633317907048694,-1.8993901328181015,0.829279354009931,0.0,False,
7,4,Cody Linley,2,9,R2_Percent,0.15957608657223865,4,0.06652845511866735,6,0.7321041046709065,0.7998447454127791,0.07574244971609392,-0.029902279063213327,-1.7323360481738161,0.21357409988761944,0.0,False,
7,4,Lance Bass,5,9,R2_Percent,0.20191035510454552,2,0.04481013985488062,9,0.9674070766762581,1.0998030316376768,0.06758013024448394,-0.01622389544350096,-1.9947003124601534,-0.5538851127200091,0.0,False,
7,4,Maurice Greene,6,9,R2_Percent,0.10985420448408684,5,0.10395356030356172,5,0.35873733726227797,0.6499726115043569,0.042588177375214635,-0.06788372340344664,-3.8918202932310346,0.5108256204707531,0.0,False,
7,4,Rocco DiSpirito,8,9,R2_Percent,0.0163020381331956,9,0.2126099823627904,1,-1.5491265967689964,-0.7925721015312676,-0.12761998541969122,-0.07940347819226676,-2.505525935786144,1.8971199779156436,0.0,True,True
7,4,Susan Lucci,9,9,R2_Percent,0.05256538868448726,6,0.13482969917369866,4,-0.3783588422517856,0.05156277473714594,-0.03000435234404425,-0.05067340314871521,-1.9459101483757215,0.9903987028916128,0.0,False,
7,4,Toni Braxton,11,9,R2_Percent,0.020003728572174313,8,0.18081941325019363,2,-1.344498050824311,-0.6870850647417558,-0.09873018276384792,-0.028696846214388567,-2.9109910431568085,-0.5877866639890237,0.0,False,
7,4,Warren Sapp,12,9,R2_Percent,0.2126202500828644,1,0.04768767146707359,8,1.0190909754447368,1.1603162104291225,0.07853774490545583,0.0003124406234366467,-3.8918202932310346,-2.484906645324905,0.0,False,
7,5,Brooke Burke,0,8,R2_Percent,0.20011353564171275,3,0.05246940053417589,8,0.7952740025840304,1.0726227653461586,0.08180269654835588,-0.023189109626560837,-1.3862943607198905,0.1384023227889024,0.0,False,
7,5,Cloris Leachman,1,8,R2_Percent,0.03350402983185561,7,0.2207384863607485,2,-0.9919451560196835,-0.18429898052001303,-0.11971851618973563,-0.02231713093268702,-2.5176964714387333,-0.6183063386206318,0.0,False,
7,5,Cody Linley,2,8,R2_Percent,0.163505751520268,4,0.0700371469987068,5,0.5932372861083386,0.7998447454127791,0.06226055960311927,-0.027070114854763495,-1.488077054990432,0.24425899318338407,0.0,False,
7,5,Lance Bass,5,8,R2_Percent,0.2136351170110139,2,0.06346869311044927,6,0.8606586179509647,1.0998030316376768,0.09247047129450894,-0.02982045681839098,-1.8758425858063386,0.11885772665381489,0.0,False,
7,5,Maurice Greene,6,8,R2_Percent,0.10331543783727727,5,0.11005746720452289,4,0.134175930489163,0.6499726115043569,-0.008939250450007154,-0.05766897665400542,-3.7216692727713356,0.170151020459699,0.0,False,
7,5,Susan Lucci,9,8,R2_Percent,0.04842653291393278,6,0.1921422825300538,3,-0.6235630168876843,0.05156277473714594,-0.07474353593932959,-0.022500613800785045,-2.623056986858782,-0.6771468384830603,0.0,False,
7,5,Toni Braxton,11,8,R2_Percent,0.017190418961008938,8,0.23850183874954456,1,-1.6592586896383175,-0.6870850647417558,-0.13168171620455105,-0.05151096931870513,-1.7757591272588795,1.135231915897929,0.0,True,True
7,5,Warren Sapp,12,8,R2_Percent,0.22030917628293092,1,0.05258468451179826,7,0.8914210254131886,1.1603162104291225,0.09876129902673968,-0.05766897665400542,-3.7216692727713356,0.170151020459699,0.0,False,
7,6,Brooke Burke,0,7,R2_Percent,0.21572060274005483,3,0.05854544691624078,5,0.6733963487014355,1.0726227653461586,0.1076435065111717,-0.02010574417527516,-1.3781971504983648,0.008097210221525764,0.0,False,
7,6,Cloris Leachman,1,7,R2_Percent,0.02746517891613786,7,0.34660075528282425,1,-1.3876687347431556,-0.18429898052001303,-0.1818940396654192,-0.042625124848962685,-1.7676619170388899,0.7500345543998435,0.0,True,True
7,6,Cody Linley,2,7,R2_Percent,0.16598145654892082,4,0.09403994327769513,4,0.41128835873130387,0.7998447454127791,0.05414079144948606,-0.021576981701605758,-1.4799798447692518,0.008097210221180262,0.0,False,
7,6,Lance Bass,5,7,R2_Percent,0.22649524250462819,2,0.05203933753214642,7,0.7221362244590495,1.0998030316376768,0.09700928343112046,-0.023363415934375357,-2.327277704535027,-0.45143511872868824,0.0,False,
7,6,Maurice Greene,6,7,R2_Percent,0.09267745065147093,5,0.1702805750842844,3,-0.1714625236605237,0.6499726115043569,-0.0595417224883295,-0.05386286991523289,-3.7135720625799173,0.008097210191418291,0.0,False,
7,6,Susan Lucci,9,7,R2_Percent,0.04094861295583757,6,0.2233845435929085,2,-0.9882697777757633,0.05156277473714594,-0.14358015249043368,-0.040373332487745224,-2.327277704535027,0.29577928232375506,0.0,False,
7,6,Warren Sapp,12,7,R2_Percent,0.23071145568294985,1,0.055109398313900534,6,0.7405801042876534,1.1603162104291225,0.12695681418625873,-0.0677731898226561,-2.039595632401996,1.6820736403693397,0.0,False,
7,7,Brooke Burke,0,6,R2_Percent,0.2342211092021851,3,0.06625948447386035,6,0.5599057902026193,1.0726227653461586,0.11881212650714502,-0.02100477786527807,-1.2478246863928188,0.13037246410554593,0.0,False,
7,7,Cody Linley,2,6,R2_Percent,0.16021527494924367,4,0.16113524003986082,3,0.18015858920698072,0.7998447454127791,0.0011711799127210672,-0.02023420479768037,-1.6193882426530604,-0.13940839788380854,0.0,False,
7,7,Lance Bass,5,6,R2_Percent,0.24081260646318964,2,0.08010418983549678,5,0.5876592743581668,1.0998030316376768,0.12230630326977414,-0.04393185141585025,-1.088759992142949,1.2385177123920779,0.0,False,
7,7,Maurice Greene,6,6,R2_Percent,0.0752954669895537,5,0.2518006397253276,2,-0.5749398564761646,0.6499726115043569,-0.1672859188005474,-0.055316092020503,-3.516508224727275,0.19706383785264237,0.0,False,
7,7,Susan Lucci,9,6,R2_Percent,0.03286673117645924,6,0.3540006641593575,1,-1.4038988544168955,0.05156277473714594,-0.2209727980721992,-0.029517756250685288,-2.823361045850663,-0.49608334131563625,0.0,True,True
7,7,Warren Sapp,12,6,R2_Percent,0.2565888112193687,1,0.08669978176609706,4,0.6511150571252935,1.1603162104291225,0.14669316557817155,-0.026338147595204826,-2.41789593830361,-0.3783003059016141,0.0,False,
7,8,Brooke Burke,0,5,R2_Percent,0.2653101304324715,2,0.08891944243534698,4,0.4407637844749712,1.0726227653461586,0.16226639762906284,-0.016239960987681386,-1.4640720619631151,-0.21624737557029627,0.0,False,
7,8,Cody Linley,2,5,R2_Percent,0.13599397503801683,4,0.26308941422150134,2,-0.2275250771949938,0.7998447454127791,-0.12775378237565718,-0.02246919110945599,-1.7323360480921834,-0.11294780543912308,0.0,False,
7,8,Lance Bass,5,5,R2_Percent,0.26423528628316245,3,0.10260086727404627,3,0.4367042813937986,1.0998030316376768,0.13344776532641053,-0.01919301225247203,-0.6729444729852015,0.4158155191577474,0.0,False,
7,8,Maurice Greene,6,5,R2_Percent,0.05432971824865232,5,0.4629303055009292,1,-1.1450642861344624,0.6499726115043569,-0.3085625040329918,-0.047711296155637614,-3.891820293149402,-0.37531206842212717,0.0,True,True
7,8,Warren Sapp,12,5,R2_Percent,0.28013088999769714,1,0.08245997056817628,5,0.49512129746068634,1.1603162104291225,0.14125921164312535,-0.03183119359865612,-2.793208007747959,-0.37531206944434903,0.0,False,
7,9,Brooke Burke,0,4,R2_Percent,0.3047130365256653,2,0.13173894612311554,2,0.30292308595161643,1.0726227653461586,0.15388540709243423,-0.022698982501324468,-1.279196225085942,0.18487583687717302,0.0,False,
7,9,Cody Linley,2,4,R2_Percent,0.09294615663658665,4,0.6323468372146449,1,-0.884427019321542,0.7998447454127791,-0.3857135394320453,-0.030660127972150737,-1.0560526741248573,0.6762833739673262,0.0,True,True
7,9,Lance Bass,5,4,R2_Percent,0.2918715904361952,3,0.10931935496650466,4,0.25986656285057497,1.0998030316376768,0.08647736247770374,0.00346103565526161,-2.26002547752996,-1.5870810045447588,0.0,False,
7,9,Warren Sapp,12,4,R2_Percent,0.31046921640155295,1,0.12659486169573478,3,0.3216373705193505,1.1603162104291225,0.14583334190959493,-0.0526921928476854,-1.3109449234524375,1.4822630842955216,0.0,False,
7,10,Brooke Burke,0,3,R2_Percent,0.3370312817012401,2,0.2809040708525678,3,0.011690345889378562,1.0726227653461586,0.0,-0.02062241819496272,-1.0226263813524468,0.25656984373349534,0.0,False,
7,10,Lance Bass,5,3,R2_Percent,0.31711527556298336,3,0.3951797802596524,1,-0.0492200511109408,1.0998030316376768,0.0,-0.04353725983828149,-0.9520088141740811,1.308016663355879,0.0,False,
7,10,Warren Sapp,12,3,R2_Percent,0.34585344273577656,1,0.3239161488877798,2,0.037529705221562126,1.1603162104291225,0.0,-0.018467691725157387,-1.3689026181646458,-0.05795769471220824,0.0,False,
8,1,Belinda Carlisle,0,13,R2_Percent,0.015236390421047142,13,0.1115899590124597,2,-1.2458261660257235,-1.097110456930734,-0.10394991610065726,-0.05086577906520054,-3.5189804139435386,0.0,0.0,False,
8,1,Chuck Wicks,1,13,R2_Percent,0.06961409458059975,6,0.07032540535342563,8,0.2734542159618663,0.24207403545165715,0.06026587095613464,-0.03498567651679375,-2.420368127525429,0.0,0.0,False,
8,1,David Alan Grier,2,13,R2_Percent,0.02465534394483129,9,0.09876117434207726,5,-0.764519169332132,-0.647770650170011,-0.041925038885054285,-0.08092346634793506,-5.5984219319983755,0.0,0.0,False,
8,1,Denise Richards,3,13,R2_Percent,0.01698203399125086,12,0.10715499121182556,3,-1.1373568780385523,-1.0153006309352384,-0.08818599354490679,-0.03997023962927546,-2.7652086133539235,0.0,0.0,False,
8,1,Gilles Marini,4,13,R2_Percent,0.16512733206149016,3,0.032405196685460914,12,1.1372040465311024,1.1424414507323268,0.03366751543651505,-0.045004905708607754,-3.1135153069603745,0.0,0.0,False,
8,1,Holly Madison,5,13,R2_Percent,0.020957550172004992,10,0.10424744898122017,4,-0.9270138677033315,-0.8453947257147494,-0.06523672332549713,-0.022482404733953267,-1.5553706906901403,0.0,0.0,False,
8,1,Lawrence Taylor,6,13,R2_Percent,0.05564417844963201,7,0.08680825342397722,7,0.049464622961621345,0.04476526704877643,0.037743402188571126,-0.039144032346594464,-2.7080501996022104,0.0,0.0,False,
8,1,Lil' Kim,7,13,R2_Percent,0.08950672540024153,5,0.059561463085831365,9,0.5248009273759957,0.48628201170411545,0.07519563467075713,-0.042776705069745125,-2.9593646274545446,0.0,0.0,False,
8,1,Melissa Rycroft,8,13,R2_Percent,0.16761674252601275,2,0.032771812345227504,11,1.1521672395802567,1.1411016647866477,0.026467638696620475,-0.021502049973879545,-1.4875480943824406,0.0,0.0,False,
8,1,Shawn Johnson,9,13,R2_Percent,0.16999042313627116,1,0.03223793573051805,13,1.1662292617524803,1.1693791672286753,0.035755014161544585,-0.045004905708607754,-3.1135153069603745,0.0,0.0,False,
8,1,Steve Wozniak,10,13,R2_Percent,0.01943743041604685,11,0.12146962447071065,1,-1.0023122291672009,-0.8887017138381391,-0.06884472233472932,-0.05086577906520054,-3.5189804139435386,0.0,0.0,False,
8,1,Steve-O,11,13,R2_Percent,0.042637275425661494,8,0.09231700756380032,6,-0.2167839585491079,-0.18439373970303602,0.010673056616047815,-0.04916326153298795,-3.401197378662155,0.0,0.0,False,
8,1,Ty Murray,12,13,R2_Percent,0.14259447947491,4,0.05034972779346557,10,0.9904919546527249,0.9282134493172339,0.08842876091071862,-0.032250241646095884,-2.231126128080866,0.0,0.0,False,
8,2,Belinda Carlisle,0,13,R2_Percent,0.013023970592248624,13,0.11357671048149848,1,-1.3595824977425102,-1.097110456930734,-0.11202015447543405,-0.05143030360772683,-3.4510451842194763,0.0679352297240623,0.0,True,True
8,2,Chuck Wicks,1,13,R2_Percent,0.07119525045158646,6,0.07207694552689392,8,0.33905206001829297,0.24207403545165715,0.06496717012501052,-0.036086499814985316,-2.287894376581712,0.13247375094371705,0.0,False,
8,2,David Alan Grier,2,13,R2_Percent,0.02172939221467308,9,0.10976615304727938,3,-0.847708225029188,-0.647770650170011,-0.04518615891056024,-0.08539360184735363,-5.060483084040244,0.5379388479581317,0.0,False,
8,2,Denise Richards,3,13,R2_Percent,0.014837727039838244,12,0.1037094393168037,6,-1.2292009874569976,-1.0153006309352384,-0.095015532451986,-0.04460173458724852,-2.207851669176285,0.5573569441776387,0.0,False,
8,2,Gilles Marini,4,13,R2_Percent,0.16288341686968089,3,0.03183317490900014,12,1.1666606619426336,1.1424414507323268,0.03620666146936655,-0.046105729005639425,-2.9810415561562404,0.13247375080413404,0.0,False,
8,2,Holly Madison,5,13,R2_Percent,0.019086277765076175,10,0.10891086956097895,4,-0.9774044138032982,-0.8453947257147494,-0.07032354923725935,-0.024926426700407924,-1.2612555880964962,0.29411510259364415,0.0,False,
8,2,Lawrence Taylor,6,13,R2_Percent,0.0565731489497159,7,0.07975130250895919,7,0.10916042343009419,0.04476526704877643,0.04065202991898344,-0.01959591124204741,-5.060483084040244,-2.3524328844380333,0.0,False,
8,2,Lil' Kim,7,13,R2_Percent,0.09194589291112211,5,0.05773211217880514,9,0.5948262344730644,0.48628201170411545,0.08106936124856484,-0.04724684065584226,-2.421425769065461,0.5379388583890838,0.0,False,
8,2,Melissa Rycroft,8,13,R2_Percent,0.16900161770054947,1,0.031320887665479503,13,1.2035342380358833,1.1411016647866477,0.02870254944109092,-0.015516509810223861,-2.207851669176285,-0.7203035747938442,0.0,False,
8,2,Shawn Johnson,9,13,R2_Percent,0.1678014935857932,2,0.033275215341150646,11,1.1964076459475552,1.1693791672286753,0.0386513996902933,-0.04767828206145847,-2.7917995568230283,0.3217157501373462,0.0,False,
8,2,Steve Wozniak,10,13,R2_Percent,0.017103824009916245,11,0.11333626795396129,2,-1.0870719842151078,-0.8887017138381391,-0.07419786898707231,-0.057726479758728355,-2.693359484165918,0.8256209297776205,0.0,False,
8,2,Steve-O,11,13,R2_Percent,0.0407071012942105,8,0.10410180235186682,5,-0.21997149283188297,-0.18439373970303602,0.0115242273338796,-0.05602396222800749,-2.5755764487050206,0.8256209299571347,0.0,False,
8,2,Ty Murray,12,13,R2_Percent,0.1541108866155889,4,0.04060911915732293,10,1.1112983372314613,0.9282134493172339,0.09505461458372919,-0.008739002371654675,-5.060483084040244,-2.8293569559593776,0.0,False,
8,3,Chuck Wicks,1,12,R2_Percent,0.07287916951592695,6,0.07348359317605505,7,0.27369363754439757,0.24207403545165715,0.04558875394940316,-0.03543763954652645,-2.00306856209853,0.28482581448318234,0.0,False,
8,3,David Alan Grier,2,12,R2_Percent,0.019569887632080417,9,0.10340958764525195,5,-1.0411171805705095,-0.647770650170011,-0.06428312752662968,-0.07501078089738138,-4.836281894295922,0.22420118974432146,0.0,False,
8,3,Denise Richards,3,12,R2_Percent,0.013303752554514423,12,0.13428928639140342,2,-1.4270630777286366,-1.0153006309352384,-0.11217770426723163,-0.03257543822937281,-2.1282317049537123,0.07961996422257256,0.0,True,False
8,3,Gilles Marini,4,12,R2_Percent,0.16689373209051833,3,0.03438260715306391,10,1.10224805496618,1.1424414507323268,0.04886604900201249,-0.043011813289109406,-2.9904552144607495,-0.00941365830450902,0.0,False,
8,3,Holly Madison,5,12,R2_Percent,0.017706910087463255,10,0.12675877402635374,3,-1.1411542563013295,-0.8453947257147494,-0.0893585918911645,-0.015381605561032373,-1.6041608549119117,-0.34290526681541555,0.0,False,
8,3,Lawrence Taylor,6,12,R2_Percent,0.05358368298414428,7,0.0911317466733353,6,-0.03386462032296374,0.04476526704877643,0.02003655655475002,-0.08989984792290072,-3.0445224355678673,2.0159606484723764,0.0,False,
8,3,Lil' Kim,7,12,R2_Percent,0.09623992483288936,5,0.0592005351871586,8,0.5517350705116287,0.48628201170411545,0.06906252946932029,-0.03581074493979513,-2.3239762821684566,0.09744948689700417,0.0,False,
8,3,Melissa Rycroft,8,12,R2_Percent,0.17360014404781332,1,0.03282351763965128,12,1.1416454118780661,1.1411016647866477,0.042301967516302705,-0.031170456778336995,-2.2973080345797516,-0.0894563654034668,0.0,False,
8,3,Shawn Johnson,9,12,R2_Percent,0.17240750352109685,2,0.03309551696860273,11,1.1347516610703798,1.1693791672286753,0.04945838738841068,-0.040645105570686825,-2.7568403636410865,0.03495919318194174,0.0,False,
8,3,Steve Wozniak,10,12,R2_Percent,0.015497429872256217,11,0.15575304351821614,1,-1.2744350246330718,-0.8887017138381391,-0.09287662101587515,-0.040258438913277066,-2.533696812641877,0.15966267152404123,0.0,False,
8,3,Steve-O,11,12,R2_Percent,0.039485285784634186,8,0.11513133257144495,4,-0.3391811293904352,-0.18439373970303602,-0.014634263514739591,-0.038617248197758344,-2.4085336701302236,0.167042778574797,0.0,False,
8,3,Ty Murray,12,12,R2_Percent,0.15883257707666232,4,0.04054045904946301,9,1.0527414529762946,0.9282134493172339,0.09816793206898537,-0.07501078089738138,-4.836281894295922,0.22420118974432146,0.0,False,
8,4,Chuck Wicks,1,11,R2_Percent,0.07321545166433173,6,0.0867790108111143,6,0.17150250210294107,0.24207403545165715,0.024055809284712234,-0.026518044186826094,-2.296181654793141,-0.29311309269461105,0.0,False,
8,4,David Alan Grier,2,11,R2_Percent,0.017489889371438673,9,0.12760791607667674,4,-1.260281021134861,-0.647770650170011,-0.08190621796823097,-0.06814999486065525,-5.047716953474806,-0.21143505917888383,0.0,False,
8,4,Gilles Marini,4,11,R2_Percent,0.17139656647145016,3,0.03499642558806864,10,1.0220759888089164,1.1424414507323268,0.06068705039959733,-0.04630475871672059,-2.6199687320140095,0.37048648244674,0.0,False,
8,4,Holly Madison,5,11,R2_Percent,0.015886864104625018,10,0.15318013372290146,2,-1.3564113740702248,-0.8453947257147494,-0.11187273360905735,-0.027245047507047673,-1.1158913360119183,0.4882695188999935,0.0,True,False
8,4,Lawrence Taylor,6,11,R2_Percent,0.05259301492539805,7,0.10905402272278333,5,-0.15932067006847686,0.04476526704877643,-0.006309667692354752,-0.027361596197904778,-5.047716953474806,-2.003194517906939,0.0,False,
8,4,Lil' Kim,7,11,R2_Percent,0.09913674554279787,5,0.0628677723753612,7,0.47459618027153205,0.48628201170411545,0.05512057275446537,-0.030092665811825757,-2.745131874490761,-0.42115559232230426,0.0,False,
8,4,Melissa Rycroft,8,11,R2_Percent,0.18056819675205146,1,0.033797113219702066,11,1.074204542858566,1.1411016647866477,0.056957105333027405,-0.02690826927101158,-3.055286802273994,-0.7579787676942424,0.0,False,
8,4,Shawn Johnson,9,11,R2_Percent,0.17680972333806236,2,0.038890722464398474,9,1.0531701600484484,1.1693791672286753,0.06388742025583385,-0.05051350883339499,-1.47350042271777,1.2833399409233166,0.0,False,
8,4,Steve Wozniak,10,11,R2_Percent,0.013827059852243695,11,0.17420640278567986,1,-1.495276453851742,-0.8887017138381391,-0.11817265523810445,-0.033012569648913345,-2.9682754254158037,-0.43457861277392684,0.0,True,True
8,4,Steve-O,11,11,R2_Percent,0.038004109325441494,8,0.13525552724581436,3,-0.4842096908760056,-0.18439373970303602,-0.04584769622794389,-0.012883668826941586,-5.047716953474806,-2.6391832833445825,0.0,False,
8,4,Ty Murray,12,11,R2_Percent,0.16107237865215948,4,0.04336495298749941,8,0.9599498359109057,0.9282134493172339,0.10351152007427164,-0.0898796478022808,-2.432757189622348,2.403524704673574,0.0,False,
8,5,Chuck Wicks,1,9,R2_Percent,0.06862193556345364,6,0.1295078901363405,4,-0.18234400475879547,0.24207403545165715,-0.04738581461063181,-0.035819553415501,-1.9798116999295168,0.31636995486362407,0.0,False,
8,5,David Alan Grier,2,9,R2_Percent,0.015151014362492688,9,0.1937732482790712,2,-1.6928887644443753,-0.647770650170011,-0.12141191333805597,-0.07960452527745875,-4.248495235006502,0.7992217184683037,0.0,True,False
8,5,Gilles Marini,4,9,R2_Percent,0.18308593780245572,3,0.0481343638334666,9,0.7989993993108047,1.1424414507323268,0.09081801832994228,-0.04684141013476402,-1.540445040437625,1.0795236915763844,0.0,False,
8,5,Lawrence Taylor,6,9,R2_Percent,0.045861068668051494,7,0.16735021071598458,3,-0.5853396687842838,0.04476526704877643,-0.08539382119789311,-0.07960452527745875,-4.248495235006502,0.7992217184683037,0.0,False,
8,5,Lil' Kim,7,9,R2_Percent,0.09713615149025487,5,0.09631115623068934,5,0.1651573691770828,0.48628201170411545,0.0128068243894885,-0.04736144054397396,-1.8207470057349207,0.9243848687558402,0.0,False,
8,5,Melissa Rycroft,8,9,R2_Percent,0.1917995682992318,1,0.051702349887892844,7,0.8454946628823625,1.1411016647866477,0.09372362457951895,-0.05152760308163544,-2.169053699451666,0.8862331028223283,0.0,False,
8,5,Shawn Johnson,9,9,R2_Percent,0.19141357019897262,2,0.050160295329080305,8,0.8434801274083705,1.1693791672286753,0.07992041003305676,-0.022257748326214435,-1.3581234837214484,0.11537693899632151,0.0,False,
8,5,Steve-O,11,9,R2_Percent,0.03196975473121978,8,0.19678496054973474,1,-0.9461659575777845,-0.18439373970303602,-0.12822899151486034,-0.07960452527745875,-4.248495235006502,0.7992217184683037,0.0,False,
8,5,Ty Murray,12,9,R2_Percent,0.17496099888386737,4,0.06627552503773995,6,0.7536068367866189,0.9282134493172339,0.10512047301216798,-0.03345045472743814,-2.6390573281724015,-0.20630013855005336,0.0,False,
8,6,Chuck Wicks,1,8,R2_Percent,0.0591820973906194,6,0.16607777642700447,3,-0.48843444542785397,0.24207403545165715,-0.09901081012902226,-0.03277598977347264,-1.4793847835029756,0.5004269164265411,0.0,False,
8,6,Gilles Marini,4,8,R2_Percent,0.19750185694894443,3,0.057038989249759274,6,0.7166944539293424,1.1424414507323268,0.11952683046103427,-0.021693345774672586,-1.6094379119341002,-0.06899287149647515,0.0,False,
8,6,Lawrence Taylor,6,8,R2_Percent,0.037347726993495776,7,0.20048571443543092,2,-0.9487814798483187,0.04476526704877643,-0.1412674588164715,-0.06269164440120782,-4.094344556222101,0.15415067878440158,0.0,False,
8,6,Lil' Kim,7,8,R2_Percent,0.09035324020013047,5,0.11113599567895255,4,-0.065326653488192,0.48628201170411545,-0.021641978390925645,-0.02709551555164065,-1.727220947496734,0.09352605823818672,0.0,False,
8,6,Melissa Rycroft,8,8,R2_Percent,0.2042958631133626,1,0.05243222136502319,8,0.7505157198997818,1.1411016647866477,0.11733462546660733,-0.02872834582813017,-2.4849066485880003,-0.31585294913633444,0.0,False,
8,6,Shawn Johnson,9,8,R2_Percent,0.20394206543204957,2,0.05455293430819386,7,0.748782427889655,1.1693791672286753,0.10512322323254236,-0.01841841702429653,-1.504077396576274,-0.1459539128548255,0.0,False,
8,6,Steve-O,11,8,R2_Percent,0.02499143844339747,8,0.27299560458585465,1,-1.3505202286902622,-0.18439373970303602,-0.1816626007828643,-0.07269635325270388,-2.890371756196165,1.3581234788103376,0.0,True,True
8,6,Ty Murray,12,8,R2_Percent,0.18238571147800028,4,0.08528076394978103,5,0.6370702057358478,0.9282134493172339,0.10182106446205694,-0.026053693560700794,-4.094344556222101,-1.4552872280496993,0.0,False,
8,7,Chuck Wicks,1,7,R2_Percent,0.04942994497017891,6,0.21628946633907262,2,-0.8208145957541766,0.24207403545165715,-0.17074565091390934,-0.01863001168467172,-1.8108076635487493,-0.3314228800457737,0.0,False,
8,7,Gilles Marini,4,7,R2_Percent,0.21936322852787066,3,0.06673638171303266,5,0.6693579238636931,1.1424414507323268,0.1304028099263909,-0.012775021043700579,-2.8716796231173456,-1.2622417111832454,0.0,False,
8,7,Lawrence Taylor,6,7,R2_Percent,0.029472803222857908,7,0.3119462277292342,1,-1.3379030963215361,0.04476526704877643,-0.2048572235271895,-0.06021333676429663,-3.970291908252122,0.12405264796997884,0.0,True,True
8,7,Lil' Kim,7,7,R2_Percent,0.08126501402241157,5,0.1802512888299144,3,-0.3236554176777251,0.48628201170411545,-0.07163887013611375,-0.030794637763530277,-1.025852934106734,0.70136801339,0.0,False,
8,7,Melissa Rycroft,8,7,R2_Percent,0.222499784440548,2,0.0605220179300051,7,0.6835551230147788,1.1411016647866477,0.13802298544017227,-0.03748570580489927,-2.2963154790492,0.18859116953880006,0.0,False,
8,7,Shawn Johnson,9,7,R2_Percent,0.22265610489173673,1,0.06279938245764595,6,0.6842574408380863,1.1693791672286753,0.12031617552231012,-0.01950573772613736,-1.7730673356270135,-0.26898993905073953,0.0,False,
8,7,Ty Murray,12,7,R2_Percent,0.1753131199243961,4,0.10145523500109517,4,0.4452026220368799,0.9282134493172339,0.059179072709166766,-0.076383356923058,-2.0243817637396657,2.069962792482435,0.0,False,
8,8,Chuck Wicks,1,6,R2_Percent,0.03814450382980449,6,0.3497534250422096,1,-1.266877449096033,0.24207403545165715,-0.25830479357867475,-0.023552187504896453,-2.1263985239968943,-0.315590860448145,0.0,True,True
8,8,Gilles Marini,4,6,R2_Percent,0.23447246642734224,3,0.08227014423994614,6,0.5490790379598675,1.1424414507323268,0.13683238248023383,-0.0504065200504763,-1.8009761237182491,1.0707034993990965,0.0,False,
8,8,Lil' Kim,7,6,R2_Percent,0.06774129857288416,5,0.25507055630982417,2,-0.692563111914172,0.48628201170411545,-0.17104708014866996,-0.015428141719788983,-0.9536782636770772,0.07217467042965675,0.0,False,
8,8,Melissa Rycroft,8,6,R2_Percent,0.2471645292441379,1,0.09199993229310126,4,0.601795096098122,1.1411016647866477,0.15928057462530956,-0.033216323385132154,-2.2934526083397806,0.002862870709419596,0.0,False,
8,8,Shawn Johnson,9,6,R2_Percent,0.24338721920541287,2,0.08266996451048834,5,0.5863945406705194,1.1693791672286753,0.13503917653749678,-0.02706475041630684,-1.6003054284116536,0.1727619072153599,0.0,False,
8,8,Ty Murray,12,6,R2_Percent,0.16908998272041822,4,0.13823597760443054,3,0.2221718862816963,0.9282134493172339,-0.0008121143106454826,-0.016229192640842716,-3.5927355899185263,-1.5683538261788605,0.0,False,
8,9,Gilles Marini,4,5,R2_Percent,0.2621697857182898,3,0.09454319181342873,3,0.43274716085936193,1.1424414507323268,0.13709350960687722,-0.023313144747638515,-2.1282317050306965,-0.32725558131244736,0.0,False,
8,9,Lil' Kim,7,5,R2_Percent,0.05153568782685206,5,0.45043823554928136,1,-1.193970634918819,0.48628201170411545,-0.3041241760767438,-0.009358527541295495,-1.4863778190430386,-0.5326995553659614,0.0,True,True
8,9,Melissa Rycroft,8,5,R2_Percent,0.2713853244661866,2,0.08643330436764965,5,0.46729450238157233,1.1411016647866477,0.13740009296450492,-0.037893407865957275,-1.7227665972525321,0.5706860110872485,0.0,False,
8,9,Shawn Johnson,9,5,R2_Percent,0.2724773002062565,1,0.08803487910583199,4,0.4713101385290277,1.1693791672286753,0.13452060843299207,-0.018744988971914473,-2.1282317050306965,-0.5279262766190429,0.0,False,
8,9,Ty Murray,12,5,R2_Percent,0.14243190178241508,4,0.28055038916380826,2,-0.1773811668511425,0.9282134493172339,-0.10432926372068846,-0.07323073327851345,-1.0296194169725867,2.5631161729459393,0.0,False,
8,10,Gilles Marini,4,4,R2_Percent,0.2905621215173135,3,0.11641402791736316,4,0.24496275792191247,1.1424414507323268,0.11903217316122905,-0.029406949258361546,-2.2914117914182675,-0.16318008638757098,0.0,False,
8,10,Melissa Rycroft,8,4,R2_Percent,0.3063096815265133,1,0.12226218988903818,2,0.2977419823846199,1.1411016647866477,0.1411607536030614,-0.03071777123617081,-1.0229004666342743,0.6998661306182579,0.0,False,
8,10,Shawn Johnson,9,4,R2_Percent,0.3043574167973926,2,0.12007066280980161,3,0.29134808500418896,1.1693791672286753,0.13390135232908942,-0.035616111570052816,-1.5441973901611459,0.5840343148695506,0.0,False,
8,10,Ty Murray,12,4,R2_Percent,0.09877078015878056,4,0.641253119383797,1,-0.8340528253107212,0.9282134493172339,-0.39366829206401005,-0.014120652567146223,-1.1213405394155225,-0.09172112244293573,0.0,True,True
8,11,Gilles Marini,4,3,R2_Percent,0.3179240522734781,3,0.37416342100054795,1,-0.04677311385753624,1.1424414507323268,0.0,-0.04315482626817074,-1.0840134889225324,1.207398302495735,0.0,False,
8,11,Melissa Rycroft,8,3,R2_Percent,0.3432813300859156,1,0.3266114856305365,2,0.029964676529533885,1.1411016647866477,0.0,-0.0152966719886879,-0.9614111668693304,0.06148929976494388,0.0,False,
8,11,Shawn Johnson,9,3,R2_Percent,0.3387946176406062,2,0.29922509336891556,3,0.016808437328002246,1.1693791672286753,0.0,-0.024557289110521456,-1.275068725719109,0.269128664442037,0.0,False,
9,1,Aaron Carter,0,16,R2_Percent,0.08410701107944991,6,0.04431647645680806,12,0.7152071975190906,0.6631006672098043,0.08674946514010906,-0.03687799217600468,-2.55128171745052,0.0,0.0,False,
9,1,Ashley Hamiliton,1,16,R2_Percent,0.01279871537392264,15,0.09059001773595853,2,-1.167537927494652,-1.0176011957967925,-0.10439825742613755,-0.04777353161690387,-3.305053518384253,0.0,0.0,True,False
9,1,Chuck Liddell,2,16,R2_Percent,0.017189303594768193,12,0.08349870845751248,5,-0.8725954256271602,-0.7882262526310696,-0.057936272647608845,-0.02866795769366374,-1.9832976804002669,0.0,0.0,False,
9,1,Debi Mazar,3,16,R2_Percent,0.016023582731372856,13,0.08417495798010133,4,-0.9428211741757749,-0.8215673822596354,-0.06892155983117099,-0.05456728943015041,-3.7750571459949884,0.0,0.0,False,
9,1,Donny Osmond,4,16,R2_Percent,0.15587720996206517,2,0.027905490646820862,15,1.3321858497122092,1.339087535404532,0.04056694376548463,-0.049703686802989304,-3.4385849106194897,0.0,0.0,False,
9,1,Joanna Krupa,5,16,R2_Percent,0.10876850223944755,4,0.03611190412577753,13,0.9723390590611486,0.9216265923771785,0.09625094095569213,-0.04777353161690387,-3.305053518384253,0.0,0.0,False,
9,1,Kathy Ireland,6,16,R2_Percent,0.014399153384274232,14,0.08807830867281709,3,-1.049713319876527,-0.9205581038965938,-0.08684221307152894,-0.044548060253586104,-3.081909967615043,0.0,0.0,False,
9,1,Kelly Osbourne,7,16,R2_Percent,0.15683379822205232,1,0.0272529728355343,16,1.3383039026029204,1.3415644490517433,0.046436283644990556,-0.05193188743899541,-3.5927355899277007,0.0,0.0,False,
9,1,Louie Vito,8,16,R2_Percent,0.023971020077757223,10,0.0731630897965199,8,-0.5400371279951639,-0.4848627515981801,-0.017724976124743927,-0.039684457617421794,-2.7454377316166876,0.0,0.0,False,
9,1,Macy Gray,9,16,R2_Percent,0.012032195591615332,16,0.09107178341911185,1,-1.2292967089439566,-1.067734856630085,-0.10922962022890312,-0.05456728943015041,-3.7750571459949884,0.0,0.0,True,True
9,1,Mark Dacascos,10,16,R2_Percent,0.03718526792914952,8,0.06453238789355793,9,-0.10097007254022422,-0.08321288244340477,0.023178133493080698,-0.04317038093508211,-2.9865997880089004,0.0,0.0,False,
9,1,Melissa Joan Hart,11,16,R2_Percent,0.027571746086159084,9,0.07510613560680827,7,-0.4000911761098145,-0.36393884393285786,-0.007650953168536314,-0.030736436353602244,-2.1263985239291454,0.0,0.0,False,
9,1,Michael Irvin,12,16,R2_Percent,0.07851448287007692,7,0.057490323715151594,10,0.6464003709600534,0.585748833297284,0.08329204330237538,-0.024875562984787828,-1.7209334161004681,0.0,0.0,False,
9,1,Mya,13,16,R2_Percent,0.141600474538549,3,0.03028247455999111,14,1.236126800543557,1.2257337923679847,0.04198153508246071,-0.03382358425207015,-2.339972624027571,0.0,0.0,False,
9,1,Natalie Coughlin,14,16,R2_Percent,0.01917182374465437,11,0.07563351393784651,6,-0.7634410440891809,-0.6474805446256043,-0.04036433784335129,-0.07783121896540723,-5.38449504098909,0.0,0.0,False,
9,1,Tom DeLay,15,16,R2_Percent,0.09395571257468588,5,0.05079145415968245,11,0.8259407964534747,0.7935683984410777,0.07468540092080123,-0.044548060253586104,-3.081909967615043,0.0,0.0,False,
9,2,Aaron Carter,0,14,R2_Percent,0.08891633864917121,6,0.050636396432827295,10,0.614876934362386,0.6631006672098043,0.07064253098499362,-0.03945222134586547,-2.2414974001305534,0.30978431731996636,0.0,False,
9,2,Chuck Liddell,2,14,R2_Percent,0.015948999571500783,12,0.10127727993403651,2,-1.103422873626787,-0.7882262526310696,-0.08133740405367398,-0.027803336539573204,-2.0873467204376865,-0.10404904003741966,0.0,False,
9,2,Debi Mazar,3,14,R2_Percent,0.014320617449648394,13,0.09771526948908237,3,-1.2111186995054126,-0.8215673822596354,-0.09206572307320628,-0.05720284541382359,-3.457892722283287,0.3171644237117013,0.0,False,
9,2,Donny Osmond,4,14,R2_Percent,0.1605804340411559,2,0.03232551910844212,14,1.2059759856113181,1.339087535404532,0.05525233388788595,-0.05419350914721223,-2.898276935681793,0.5403079749376967,0.0,False,
9,2,Joanna Krupa,5,14,R2_Percent,0.11646356231527351,4,0.04934356161354495,11,0.8847594761565287,0.9216265923771785,0.09299028588768926,-0.049149746360194535,-3.1394389920136163,0.16561452637063656,0.0,False,
9,2,Kathy Ireland,6,14,R2_Percent,0.012755786453033997,14,0.10600579833580775,1,-1.326833969996459,-0.9205581038965938,-0.1107327661023585,-0.04792827057270215,-2.675133384409012,0.4067765832060313,0.0,True,True
9,2,Kelly Osbourne,7,14,R2_Percent,0.16146155102778328,1,0.03700214916071304,12,1.2114480620866288,1.3415644490517433,0.06383554786932909,-0.06316033435876953,-2.2414974001305534,1.3512381897971473,0.0,False,
9,2,Louie Vito,8,14,R2_Percent,0.023044466032461613,10,0.09642489696882255,4,-0.735393322842594,-0.4848627515981801,-0.04019226105118672,-0.03137357209188453,-3.7455747936142347,-1.0001370619975471,0.0,False,
9,2,Mark Dacascos,10,14,R2_Percent,0.036663427646687854,8,0.08371807616517268,7,-0.2710392417867058,-0.08321288244340477,-0.0009593140382582559,-0.04262336837377775,-3.052427615170956,-0.06582782716205582,0.0,False,
9,2,Melissa Joan Hart,11,14,R2_Percent,0.026741650066921953,9,0.09398934883971424,6,-0.5865967005175291,-0.36393884393285786,-0.033652879518215315,-0.027691634653852826,-2.4928118281426763,-0.3664133042135309,0.0,False,
9,2,Michael Irvin,12,14,R2_Percent,0.08321454850974856,7,0.06210811071396401,8,0.5486032163360551,0.585748833297284,0.046635273171716105,-0.012296137696135648,-3.2347491714915773,-1.5138157553911091,0.0,False,
9,2,Mya,13,14,R2_Percent,0.14713854350063665,3,0.03384520263003531,13,1.11855563762299,1.2257337923679847,0.04885168155376196,-0.037907972705477466,-1.8484548122016868,0.49151781182588405,0.0,False,
9,2,Natalie Coughlin,14,14,R2_Percent,0.017017967781844702,11,0.09590837400255785,5,-1.0385492638560527,-0.6474805446256043,-0.06135327929719187,-0.09434457122776005,-3.3972681005322936,1.9872269404567962,0.0,False,
9,2,Tom DeLay,15,14,R2_Percent,0.09573210695413148,5,0.059700016605279245,9,0.6887347599556337,0.7935683984410777,0.04213564964976655,-0.04924307195601841,-2.5169093794483337,0.5650005881667095,0.0,False,
9,3,Aaron Carter,0,13,R2_Percent,0.09171833658297847,6,0.06159623719940878,9,0.5740309767522114,0.6631006672098043,0.06515376751542773,-0.03243890923847309,-2.2368337144366492,0.004663685693904185,0.0,False,
9,3,Chuck Liddell,2,13,R2_Percent,0.01426414597928353,12,0.11719413055086593,2,-1.2869422306431173,-0.7882262526310696,-0.09768842063802387,-0.03150706436542377,-1.9266787863825068,0.16066793405517976,0.0,False,
9,3,Debi Mazar,3,13,R2_Percent,0.012535168863829547,13,0.1186046383581194,1,-1.416153142351276,-0.8215673822596354,-0.10771425092346114,-0.048354006708617274,-3.653899731172157,-0.1960070088888699,0.0,True,True
9,3,Donny Osmond,4,13,R2_Percent,0.16557923477273293,2,0.036948099275030954,12,1.1647584949469498,1.339087535404532,0.06902924285019613,-0.04280257681901006,-2.7889022960993683,0.10937463958242466,0.0,False,
9,3,Joanna Krupa,5,13,R2_Percent,0.12084727458177241,4,0.04772238237685183,10,0.8498362095632133,0.9216265923771785,0.08729907014267377,-0.047843210801852075,-2.8429695172266616,0.29646947478695473,0.0,False,
9,3,Kelly Osbourne,7,13,R2_Percent,0.168992029003094,1,0.03706670701355067,11,1.1851602028912969,1.3415644490517433,0.07081109617150502,-0.02943897983058307,-2.597847059523387,-0.3563496593928335,0.0,False,
9,3,Louie Vito,8,13,R2_Percent,0.021047847801254727,10,0.10317547186190648,4,-0.8978930325766558,-0.4848627515981801,-0.05676378889328509,-0.04675248516109941,-4.634728977871384,-0.8891541842571491,0.0,False,
9,3,Mark Dacascos,10,13,R2_Percent,0.03521417066368145,8,0.098696184070404,5,-0.3832427679923008,-0.08321288244340477,-0.017728510054838165,-0.030973378591529384,-4.634728977871384,-1.5823013627004276,0.0,False,
9,3,Melissa Joan Hart,11,13,R2_Percent,0.024654701108997278,9,0.1033677809485972,3,-0.7397237485913046,-0.36393884393285786,-0.05121533259677014,-0.04091988916541297,-1.9046998798960504,0.5881119482466259,0.0,False,
9,3,Michael Irvin,12,13,R2_Percent,0.08261710789488234,7,0.0791478876384981,7,0.46952543119527157,0.585748833297284,0.030405099715443536,-0.03512382651454341,-4.634728977871384,-1.3999798063798066,0.0,False,
9,3,Mya,13,13,R2_Percent,0.1516896423476238,3,0.03462942875812045,13,1.077145261558726,1.2257337923679847,0.059544389839105163,-0.031641957793540176,-1.2560044621237867,0.5924503500779001,0.0,False,
9,3,Natalie Coughlin,14,13,R2_Percent,0.01540022369868022,11,0.09134009303828702,6,-1.210309310054866,-0.6474805446256043,-0.07592927737943837,-0.046973921212926144,-3.653899731172157,-0.2566316306398635,0.0,False,
9,3,Tom DeLay,15,13,R2_Percent,0.09544011670118929,5,0.07051095891035929,8,0.6138076553018517,0.7935683984410777,0.024857000647932302,-0.030302361207373885,-3.248434624476493,-0.7315252450281591,0.0,False,
9,4,Aaron Carter,0,11,R2_Percent,0.10253307058253823,5,0.08198487129286296,7,0.5529169561092141,0.6631006672098043,0.052702842456095536,-0.03410964511742961,-2.0230002297716583,0.21383348466499097,0.0,False,
9,4,Chuck Liddell,2,11,R2_Percent,0.013979285541502177,11,0.15569255611076466,1,-1.4396918005202026,-0.7882262526310696,-0.11592617278728015,-0.026633568295620656,-2.073010650551448,-0.14633186416894106,0.0,True,True
9,4,Donny Osmond,4,11,R2_Percent,0.19208108677849714,2,0.037163977570737854,10,1.1806491795823335,1.339087535404532,0.08353118557468893,-0.034076713259049665,-3.5393477166953025,-0.7504454205959341,0.0,False,
9,4,Joanna Krupa,5,11,R2_Percent,0.13883895825424508,4,0.05073249409956238,8,0.8560462574930179,0.9216265923771785,0.08775476884429441,-0.04059242867217107,-2.903358951537397,-0.060389434310735624,0.0,False,
9,4,Kelly Osbourne,7,11,R2_Percent,0.19573352423530732,1,0.03728756619812498,9,1.1994857336864924,1.3415644490517433,0.08554374837477657,-0.0363628445842656,-2.740840022321975,-0.14299296279858797,0.0,False,
9,4,Louie Vito,8,11,R2_Percent,0.02019638584911313,9,0.1534625940344874,2,-1.0717647602232288,-0.4848627515981801,-0.07398442584403019,-0.08352332193222012,-2.645529842754014,1.98919913511737,0.0,False,
9,4,Mark Dacascos,10,11,R2_Percent,0.03528940283817962,7,0.1164497178432678,4,-0.5136857142769381,-0.08321288244340477,-0.03896990074248382,-0.06696673226965029,-4.637959998474523,-0.0032310206031391786,0.0,False,
9,4,Melissa Joan Hart,11,11,R2_Percent,0.02504596263207721,8,0.10529648199138711,5,-0.8565557880928085,-0.36393884393285786,-0.0702793126960189,-0.027505001709895827,-1.9079309005303493,-0.00323102063429892,0.0,False,
9,4,Michael Irvin,12,11,R2_Percent,0.08386285382890762,6,0.09878161184595692,6,0.3519143417735087,0.585748833297284,0.002444630478783429,-0.08230508421644964,-2.7921333167305784,1.8425956611408054,0.0,False,
9,4,Mya,13,11,R2_Percent,0.1772987744209972,3,0.03671752336461501,11,1.1005678703352937,1.2257337923679847,0.07658288887537257,-0.017741739515234802,-1.3057554982636048,-0.04975103613981813,0.0,False,
9,4,Natalie Coughlin,14,11,R2_Percent,0.015140695038635283,10,0.126430605648233,3,-1.3598822758666815,-0.6474805446256043,-0.08935942125633749,-0.0546434136703987,-3.43398720148192,0.2199125296902369,0.0,False,
9,5,Aaron Carter,0,10,R2_Percent,0.10003790336682691,5,0.08689949269458834,6,0.42451918020695967,0.6631006672098043,0.018313520986769232,-0.029521965605288646,-1.9892904439530399,0.03370978581861839,0.0,False,
9,5,Donny Osmond,4,10,R2_Percent,0.19972072450132375,2,0.037789153205948924,10,1.1158900455767806,1.339087535404532,0.1041464593415345,-0.05519328888289066,-3.0540011796909856,0.48534653700431685,0.0,False,
9,5,Joanna Krupa,5,10,R2_Percent,0.14230690356437392,4,0.06486241669347978,7,0.7769560504405719,0.9216265923771785,0.08593402855392852,-0.044620972560397355,-2.58399755120275,0.319361400334647,0.0,False,
9,5,Kelly Osbourne,7,10,R2_Percent,0.20646995296841963,1,0.04160776657922348,9,1.1491249279735458,1.3415644490517433,0.10643037316900086,-0.04190006750797072,-2.466214515631089,0.27462550669088603,0.0,False,
9,5,Louie Vito,8,10,R2_Percent,0.017951355121005843,9,0.16238068254878893,2,-1.293364361343089,-0.4848627515981801,-0.10173437899082938,-0.03702620707744571,-2.791636915689648,-0.14610707293563419,0.0,False,
9,5,Mark Dacascos,10,10,R2_Percent,0.031050729079517163,7,0.13228094141140012,4,-0.7454076787086599,-0.08321288244340477,-0.06741344841772864,-0.07019787216479983,-4.257973978970255,0.37998601950426814,0.0,False,
9,5,Melissa Joan Hart,11,10,R2_Percent,0.022554213320808536,8,0.15285661122944602,3,-1.0651080756438356,-0.36393884393285786,-0.09094329352448247,-0.027976193636399777,-1.860078712596127,0.04785218793422241,0.0,False,
9,5,Michael Irvin,12,10,R2_Percent,0.07774690789003019,6,0.11047359394295649,5,0.17242881273106497,0.585748833297284,-0.04302728961666119,-0.028178663508990662,-4.257973978970255,-1.4658406622396765,0.0,False,
9,5,Mya,13,10,R2_Percent,0.18888640776313836,3,0.043128226558212995,8,1.0601158496159115,1.2257337923679847,0.09696659443062516,-0.021308838995678904,-1.0127808524461526,0.29297464581745225,0.0,False,
9,5,Natalie Coughlin,14,10,R2_Percent,0.01327490242455573,10,0.1677211151359549,1,-1.59515475084925,-0.6474805446256043,-0.1086816264234445,-0.0527948158753102,-3.0540011796909856,0.37998602179093455,0.0,True,True
9,6,Aaron Carter,0,9,R2_Percent,0.09292672215754513,5,0.09417721475326947,5,0.22791349479001333,0.6631006672098043,-0.017062803224588557,-0.030098446116307485,-1.8275689212364652,0.1617215227165747,0.0,False,
9,6,Donny Osmond,4,9,R2_Percent,0.2128442768676098,2,0.04332041232402041,9,1.0566630498208158,1.339087535404532,0.13678845004055018,-0.045462503563635674,-2.895409549990946,0.1585916297000396,0.0,False,
9,6,Joanna Krupa,5,9,R2_Percent,0.14270387184620972,4,0.06161447970910702,6,0.6568739028937982,0.9216265923771785,0.07161529358240783,-0.03548617718552709,-2.808398173242983,-0.2244006220402328,0.0,False,
9,6,Kelly Osbourne,7,9,R2_Percent,0.22152657397164666,1,0.04785769654659365,7,1.0966448010825691,1.3415644490517433,0.13237097523568211,-0.03208186998275162,-2.895409549990946,-0.4291950343598572,0.0,False,
9,6,Louie Vito,8,9,R2_Percent,0.015367254880221868,9,0.20466549565111533,1,-1.5716588148491475,-0.4848627515981801,-0.12970309453006187,-0.040212970804791116,-2.808398173242983,-0.016761257553334907,0.0,True,True
9,6,Mark Dacascos,10,9,R2_Percent,0.026557763307818217,7,0.1530909678335215,3,-1.0245756457363338,-0.08321288244340477,-0.09817376853884308,-0.06207355646237773,-4.194692529387874,0.06328144958238102,0.0,False,
9,6,Melissa Joan Hart,11,9,R2_Percent,0.01955342905585111,8,0.1988226068596195,2,-1.3307470836634283,-0.36393884393285786,-0.12116326068665975,-0.02836343926278538,-1.6823869117775245,0.17769180081860236,0.0,True,False
9,6,Michael Irvin,12,9,R2_Percent,0.06562848695717977,6,0.15244795265657868,4,-0.11988789990462798,0.585748833297284,-0.09338964416502854,-0.06207355646237773,-4.194692529387874,0.06328144958238102,0.0,False,
9,6,Mya,13,9,R2_Percent,0.20289162095591787,3,0.04400317366617449,8,1.0087741955663407,1.2257337923679847,0.11863274067817713,-0.015272512416787941,-0.9365959977445967,0.07618485470155589,0.0,False,
9,7,Aaron Carter,0,7,R2_Percent,0.08051534112092423,5,0.1684443322054311,3,-0.2808261746662341,0.6631006672098043,-0.11102755596204435,-0.026027366672363036,-1.8744511844980725,-0.04688226326160727,0.0,False,
9,7,Donny Osmond,4,7,R2_Percent,0.23906317490941845,2,0.05735353137662244,6,0.807453933302605,1.339087535404532,0.17938113653143395,-0.04589806928120246,-2.408533669943949,0.486875880046997,0.0,False,
9,7,Joanna Krupa,5,7,R2_Percent,0.13802233570494746,4,0.1087719084303363,4,0.2581416111300601,0.9216265923771785,0.039902707380793365,-0.05466946004739963,-1.114612629659533,1.6937855435834501,0.0,False,
9,7,Kelly Osbourne,7,7,R2_Percent,0.2424054212279207,1,0.056042339547855195,7,0.8213377048819506,1.3415644490517433,0.1537563920222049,-0.043668863539096596,-2.6767976563322935,0.21861189365865252,0.0,False,
9,7,Mark Dacascos,10,7,R2_Percent,0.021787575003046563,7,0.30800500859411634,1,-1.5879340605439367,-0.08321288244340477,-0.16708513082780568,-0.061061422100233805,-4.143134720202643,0.051557809185230674,0.0,True,True
9,7,Michael Irvin,12,7,R2_Percent,0.0486237934071385,6,0.23640938370888379,2,-0.7851609264831212,0.585748833297284,-0.2520143159435334,-0.061061422100233805,-4.143134720202643,0.051557809185230674,0.0,True,False
9,7,Mya,13,7,R2_Percent,0.22958235862660395,3,0.06497349613675495,5,0.766987912378676,1.2257337923679847,0.15768195908151086,-0.012058933851974912,-1.114612629659533,-0.17801663191493622,0.0,False,
9,8,Aaron Carter,0,5,R2_Percent,0.05815101731851851,5,0.44849406501397265,1,-1.0763163921706034,0.6631006672098043,-0.34002703928833555,-0.03056426049675707,-1.4569119277856732,0.4175392567123992,0.0,True,True
9,8,Donny Osmond,4,5,R2_Percent,0.2825901642216012,1,0.09490441763451724,3,0.5046378993385449,1.339087535404532,0.18558440462667744,-0.033793403435730285,-2.531426664219322,-0.12289299427537292,0.0,False,
9,8,Joanna Krupa,5,5,R2_Percent,0.12214362017236682,4,0.2732185757198582,2,-0.334162198824553,0.9216265923771785,-0.1352452700505179,-0.011952160781805051,-1.6151359328851667,-0.5005233032256338,0.0,False,
9,8,Kelly Osbourne,7,5,R2_Percent,0.27919658208985043,2,0.09462690139051882,4,0.4925563633030433,1.3415644490517433,0.16654790635445121,-0.039900282554110426,-2.531426664219322,0.14537099211297155,0.0,False,
9,8,Mya,13,5,R2_Percent,0.257918616197663,3,0.08875604024113311,5,0.4132843283535682,1.2257337923679847,0.12410156497566957,-0.01794613103535351,-0.8938178759026519,0.22079475375688096,0.0,False,
9,9,Donny Osmond,4,4,R2_Percent,0.31822664351628466,1,0.1381850519169886,2,0.36361682046475086,1.339087535404532,0.1488806771037037,-0.04348657320664895,-1.7016083715377912,0.8298182926815307,0.0,False,
9,9,Joanna Krupa,5,4,R2_Percent,0.08453480759726711,4,0.5984081046143117,1,-0.9619836501407425,0.9216265923771785,-0.3853048030037938,-0.02646139360610194,-1.240262805489668,0.3748731273954986,0.0,True,True
9,9,Kelly Osbourne,7,4,R2_Percent,0.31084655872100675,2,0.1333762950048352,3,0.3401523861944199,1.3415644490517433,0.13039728081435356,-0.037435095827541724,-2.4298468712846226,0.10157979293469932,0.0,False,
9,9,Mya,13,4,R2_Percent,0.2863919901654414,3,0.13003054846386447,4,0.25821444348157163,1.2257337923679847,0.10646040964961173,-0.013529871849003203,-0.8204089599733793,0.07340891592927268,0.0,False,
9,10,Donny Osmond,4,3,R2_Percent,0.34823380748420985,1,0.26186298135071456,3,0.04448586692463802,1.339087535404532,0.0,-0.025414237469090214,-1.6031682988357763,0.09844007270201494,0.0,False,
9,10,Kelly Osbourne,7,3,R2_Percent,0.33502233086755356,2,0.3938101105974215,1,0.0058089410702005795,1.3415644490517433,0.0,-0.04249595351779808,-1.542543677373937,0.8873031939106857,0.0,False,
9,10,Mya,13,3,R2_Percent,0.3167438616482366,3,0.34432690805186394,2,-0.05029480799483854,1.2257337923679847,0.0,-0.014219593397855813,-0.5363047088394042,0.2841042511339751,0.0,False,
10,1,Aiden Turner,0,11,R2_Percent,0.023386028904501123,9,0.14364390587211814,2,-0.9793900956121885,-0.874896815243798,-0.0670334537793557,-0.04445938088182033,-3.075774979060861,0.0,0.0,False,
10,1,Buzz Aldrin,1,11,R2_Percent,0.02017565892241882,10,0.15181456839054516,1,-1.1270520103384984,-1.011564663645559,-0.0863442317606452,-0.036142669225079735,-2.5004108351052157,0.0,0.0,False,
10,1,Chad Ochocinco,2,11,R2_Percent,0.14761143545063032,4,0.05506009697124278,8,0.8630545008139312,0.798743335281633,0.09175176292891675,-0.03444015168940404,-2.382627799584249,0.0,0.0,False,
10,1,Erin Andrews,3,11,R2_Percent,0.1902347090092634,1,0.037120369133980945,9,1.1167297360631105,1.1063682862406292,0.03862825450213515,-0.035266358972439335,-2.439786213360472,0.0,0.0,False,
10,1,Evan Lysacek,4,11,R2_Percent,0.1816209052062281,2,0.03687573245756823,10,1.070392692012035,1.0579307525508237,0.03574418102652363,-0.030281795858097635,-2.094945727403301,0.0,0.0,False,
10,1,Jake Pavelka,5,11,R2_Percent,0.037587304221393815,7,0.11033599535609885,5,-0.5048625446124414,-0.468929911625781,-0.013807384130085934,-0.02912480314935994,-2.0149030197922646,0.0,0.0,False,
10,1,Kate Gosselin,6,11,R2_Percent,0.03166289748241095,8,0.13123069905326332,4,-0.6763833153271763,-0.6166615492480905,-0.03380412251446392,-0.03291719785740749,-2.277267284034756,0.0,0.0,False,
10,1,Nicole Scherzinger,7,11,R2_Percent,0.17772166019288374,3,0.03545693015072374,11,1.0486897353409588,1.0396882106487972,0.03491916825678363,-0.03291719785740749,-2.277267284034756,0.0,0.0,False,
10,1,Niecy Nash,8,11,R2_Percent,0.11901200150206916,5,0.06710921746368562,7,0.6476954566806618,0.5893739346508351,0.08576211942644517,-0.03444015168940404,-2.382627799584249,0.0,0.0,False,
10,1,Pamela Anderson,9,11,R2_Percent,0.05441964211839982,6,0.09500688973222741,6,-0.1348037272587705,-0.12742110515559316,0.025918848658465877,-0.04030102505442873,-2.7880929071507463,0.0,0.0,False,
10,1,Shannen Doherty,10,11,R2_Percent,0.01656775698980068,11,0.13634559541854588,3,-1.3240704277616224,-1.1823531005945205,-0.11164132777195646,-0.03707555368793093,-2.5649493561615366,0.0,0.0,False,
10,2,Aiden Turner,0,11,R2_Percent,0.020838006394095228,9,0.13059257679328867,4,-1.0544116264625365,-0.874896815243798,-0.0722520051939663,-0.04327024913950646,-3.218875822338201,-0.14310084327733996,0.0,False,
10,2,Buzz Aldrin,1,11,R2_Percent,0.017820789316006284,10,0.16618951386103922,1,-1.2108244614110848,-1.011564663645559,-0.0930386871377359,-0.03202667361449091,-2.995732271613991,-0.49532143650877547,0.0,False,
10,2,Chad Ochocinco,2,11,R2_Percent,0.15558785005987535,4,0.05648796770488853,8,0.9560203479471219,0.798743335281633,0.09885822943108227,-0.03422976712128288,-2.407945607560761,-0.025317807976512174,0.0,False,
10,2,Erin Andrews,3,11,R2_Percent,0.18992785564999717,1,0.03573893166182761,10,1.1554541166478933,1.1063682862406292,0.041652771599126864,-0.035153165528649666,-2.4534079818183967,-0.01362176845792451,0.0,False,
10,2,Evan Lysacek,4,11,R2_Percent,0.1813346012255587,2,0.03675409714278597,9,1.1091537739157837,1.0579307525508237,0.03861333749144649,-0.03192567764981659,-1.8971199842392148,0.1978257431640864,0.0,False,
10,2,Jake Pavelka,5,11,R2_Percent,0.03590181130929645,7,0.11402235027261465,5,-0.5104024277809092,-0.468929911625781,-0.01488034554059916,-0.026220069113176037,-2.3644604954555377,-0.3495574756632731,0.0,False,
10,2,Kate Gosselin,6,11,R2_Percent,0.029472408038479066,8,0.1395114268929521,2,-0.7077356713694396,-0.6166615492480905,-0.03643438807309041,-0.03219264436743407,-2.3644604954555377,-0.08719321142078185,0.0,False,
10,2,Nicole Scherzinger,7,11,R2_Percent,0.17708082432269145,3,0.033377214843529304,11,1.0854160866391405,1.0396882106487972,0.03759459944665462,-0.03319101315007718,-2.2443161837579946,0.03295110027676129,0.0,False,
10,2,Niecy Nash,8,11,R2_Percent,0.12480218627154176,5,0.059727249769169766,7,0.7355397976830236,0.5893739346508351,0.0923263875939132,-0.033251019943212286,-2.5257286433282555,-0.14310084374400667,0.0,False,
10,2,Pamela Anderson,9,11,R2_Percent,0.0530336382053088,6,0.09510143889387439,6,-0.12026378095531212,-0.12742110515559316,0.02792720045643478,-0.04689059188807212,-1.995100392383732,0.7929925147670143,0.0,False,
10,2,Shannen Doherty,10,11,R2_Percent,0.014200029207149837,11,0.13249723216402973,3,-1.4379461548536805,-1.1823531005945205,-0.1203050316642924,-0.03675362722052764,-2.6036901847168865,-0.03874082855534988,0.0,True,False
10,3,Aiden Turner,0,10,R2_Percent,0.018665035308956662,9,0.1494379499562617,3,-1.2803650412473169,-0.874896815243798,-0.09632429512204256,-0.0313306532124688,-5.047716953455534,-1.8288411311173336,0.0,False,
10,3,Buzz Aldrin,1,10,R2_Percent,0.015436709717565496,10,0.19399380204550593,1,-1.4702686246388281,-1.011564663645559,-0.12240720216990512,-0.040161235323425526,-3.3737405325942795,-0.3780082609802884,0.0,True,True
10,3,Chad Ochocinco,2,10,R2_Percent,0.16273918358827708,4,0.05514401959385317,7,0.8851317732607838,0.798743335281633,0.08421817374554609,-0.03254047914102445,-2.680593353399959,-0.27264774583919804,0.0,False,
10,3,Erin Andrews,3,10,R2_Percent,0.19212737118998235,1,0.04062300233902046,9,1.0511414983630964,1.1063682862406292,0.05724998807086892,-0.04679213878544315,-1.0900834521082445,1.3633245297101522,0.0,False,
10,3,Evan Lysacek,4,10,R2_Percent,0.18610602023846567,2,0.03823456165207832,10,1.019299467274021,1.0579307525508237,0.05161099093863664,-0.02654083301524969,-2.003194530557508,-0.10607454631829305,0.0,False,
10,3,Jake Pavelka,5,10,R2_Percent,0.03350510896170539,7,0.13033493035615243,4,-0.6953191118095502,-0.468929911625781,-0.0419265414123584,-0.0347449287609524,-2.296181654773869,0.06827884068166856,0.0,False,
10,3,Kate Gosselin,6,10,R2_Percent,0.02686446400594367,8,0.16743206608427919,2,-0.9162126727391339,-0.6166615492480905,-0.06806257315444005,-0.035743297543661554,-2.1760373430683777,0.18842315238716,0.0,False,
10,3,Nicole Scherzinger,7,10,R2_Percent,0.18175651964559592,3,0.043645336108352556,8,0.9956509419406246,1.0396882106487972,0.0562251797202291,-0.03146181692581157,-2.3621396224834132,-0.11782343872541867,0.0,False,
10,3,Niecy Nash,8,10,R2_Percent,0.13079390226024207,5,0.06648056790088762,6,0.6666057737986913,0.5893739346508351,0.07751235892589597,-0.02468073624685469,-3.949104675165202,-1.4233760318369466,0.0,False,
10,3,Pamela Anderson,9,10,R2_Percent,0.052005685083265675,6,0.11467376396360858,5,-0.25566400420238833,-0.12742110515559316,0.0019465746521246214,-0.025597522204411742,-2.38512914114326,-0.39002874875952775,0.0,False,
10,4,Aiden Turner,0,9,R2_Percent,0.01571749924603544,9,0.2089194665619457,1,-1.5806123393102294,-0.874896815243798,-0.12315349764109197,-0.0741468538277751,-4.905274764916207,0.14244218853932722,0.0,True,True
10,4,Chad Ochocinco,2,9,R2_Percent,0.1659564255194583,4,0.06017129307503047,6,0.7763382244119197,0.798743335281633,0.07528520900763577,-0.0456906879902182,-1.8450039832480825,0.8355893701518766,0.0,False,
10,4,Erin Andrews,3,9,R2_Percent,0.20512331278351334,1,0.05037186075644958,7,0.9882242914519774,1.1063682862406292,0.07144564307714335,-0.006178977898162678,-2.242686950681452,-1.1526034985732077,0.0,False,
10,4,Evan Lysacek,4,9,R2_Percent,0.19402568289715905,2,0.042681198760859455,9,0.9326035037533396,1.0579307525508237,0.06964914993602006,-0.026965439222386305,-2.242686950681452,-0.23949242012394434,0.0,False,
10,4,Jake Pavelka,5,9,R2_Percent,0.030436920117974522,7,0.1718875998492156,3,-0.91973068351975,-0.468929911625781,-0.0736725167309482,-0.03488842669436828,-2.091864060646171,0.20431759412769823,0.0,False,
10,4,Kate Gosselin,6,9,R2_Percent,0.023678278308854512,8,0.20144466936955902,2,-1.1708289317947531,-0.6166615492480905,-0.10612408510726297,-0.0379132862591405,-1.3987168807912254,0.7773204622771523,0.0,False,
10,4,Nicole Scherzinger,7,9,R2_Percent,0.1868892394973872,3,0.04654604587666039,8,0.8951291066058051,1.0396882106487972,0.06434406035654013,-0.035875753894497986,-2.1537394642997905,0.20840015818362279,0.0,False,
10,4,Niecy Nash,8,9,R2_Percent,0.12943340453986063,5,0.0899387395691174,5,0.5277794655943703,0.5893739346508351,0.056189979884531435,-0.05728800423686747,-3.924445520216981,0.02465915494822113,0.0,False,
10,4,Pamela Anderson,9,9,R2_Percent,0.048739237089757144,6,0.12803912618116248,4,-0.44890263719267975,-0.12742110515559316,-0.033916897499624565,-0.03639909738661396,-2.1537394642997905,0.23138967684346934,0.0,False,
10,5,Chad Ochocinco,2,8,R2_Percent,0.17110054238211622,4,0.08558696390207646,5,0.6408344122418901,0.798743335281633,0.06870816489094143,-0.025023054070390002,-2.0430738967097546,-0.19806991346167213,0.0,False,
10,5,Erin Andrews,3,8,R2_Percent,0.21439926504827353,1,0.054051297649477546,6,0.8664230626215961,1.1063682862406292,0.08204171247920071,-0.031552559775048124,-2.3467563102665023,-0.10406935958505015,0.0,False,
10,5,Evan Lysacek,4,8,R2_Percent,0.20546375228148728,2,0.047076579981641165,7,0.8238526918307836,1.0579307525508237,0.09483835794135585,-0.03181638341238705,-2.315007611921075,-0.072320661239623,0.0,False,
10,5,Jake Pavelka,5,8,R2_Percent,0.026816764175542206,7,0.19017192943028324,2,-1.2123897177294143,-0.468929911625781,-0.11569981179286845,-0.02863868963712132,-2.2842359533162533,-0.19237189267008237,0.0,False,
10,5,Kate Gosselin,6,8,R2_Percent,0.02048043881201038,8,0.27362374726344657,1,-1.48194671231323,-0.6166615492480905,-0.14952361375500314,-0.02072179735869753,-1.3380922590107058,0.06062462178051953,0.0,True,True
10,5,Nicole Scherzinger,7,8,R2_Percent,0.19562065701817485,3,0.04652038347708802,8,0.7747604218792208,1.0396882106487972,0.08101630459496918,-0.03099796950169506,-2.169825602514922,-0.016086138215131385,0.0,False,
10,5,Niecy Nash,8,8,R2_Percent,0.1219725022179388,5,0.12023864878416601,4,0.30237868904981036,0.5893739346508351,0.012191514617075686,-0.06122718855646939,-3.3828482399298174,0.5415972802871636,0.0,False,
10,5,Pamela Anderson,9,8,R2_Percent,0.044146078064456785,6,0.18273044951182094,3,-0.7139128475806562,-0.12742110515559316,-0.07338720051019033,-0.03398427637652662,-1.8104516014124297,0.3432878628873608,0.0,False,
10,6,Chad Ochocinco,2,7,R2_Percent,0.16915985882983775,4,0.09311107597567644,4,0.4489453479833665,0.798743335281633,0.0264876137818803,-0.02898172804246152,-2.1092945039648336,-0.06622060725507906,0.0,False,
10,6,Erin Andrews,3,7,R2_Percent,0.2271452387282916,1,0.05644296889470306,7,0.7436908009870558,1.1063682862406292,0.09689445578897185,-0.0361429583365287,-2.0794415411335123,0.26731476913299,0.0,False,
10,6,Evan Lysacek,4,7,R2_Percent,0.22333114853509597,2,0.07306721470994484,5,0.7267568109061139,1.0579307525508237,0.12474273572584099,-0.03793209447259388,-1.7771606693925481,0.537846942528527,0.0,False,
10,6,Jake Pavelka,5,7,R2_Percent,0.02275387836509259,7,0.312783222974102,1,-1.5571632216304685,-0.468929911625781,-0.15998563413646283,-0.03758525454320009,-1.7346010547809987,0.5496348985352546,0.0,True,True
10,6,Nicole Scherzinger,7,7,R2_Percent,0.21120346394048894,3,0.05898765275279669,6,0.6709231228467206,1.0396882106487972,0.10971348094558289,-0.03186715950056301,-2.1092945039648336,0.0605310985500882,0.0,False,
10,6,Niecy Nash,8,7,R2_Percent,0.10798275897282515,5,0.16778061248876416,3,7.274515576524698e-05,0.5893739346508351,-0.06325100072436103,-0.058961410852270205,-2.171814860925249,1.2110333790045686,0.0,False,
10,6,Pamela Anderson,9,7,R2_Percent,0.03842365262836792,6,0.2378272522040127,2,-1.0332256062485532,-0.12742110515559316,-0.1341748135904885,-0.026624871134993143,-1.7556544637540081,0.054797137658421535,0.0,False,
10,7,Chad Ochocinco,2,6,R2_Percent,0.15944142162321204,4,0.1447197722575133,3,0.16569655433866154,0.798743335281633,-0.012511288130726146,-0.03127357232038056,-2.0149030197922646,0.09439148417256904,0.0,False,
10,7,Erin Andrews,3,6,R2_Percent,0.24786504880887641,1,0.08025380256561895,5,0.6069044021501104,1.1063682862406292,0.1330086128726218,-0.031259120988795255,-1.9348603121379588,0.14458122899555348,0.0,False,
10,7,Evan Lysacek,4,6,R2_Percent,0.24169058166253166,2,0.07834878726583713,6,0.581678282015629,1.0579307525508237,0.1253713251346074,-0.029643950403583565,-1.3011365526163183,0.4760241167762298,0.0,False,
10,7,Nicole Scherzinger,7,6,R2_Percent,0.2315331933990542,3,0.08405365764090601,4,0.538743209382541,1.0396882106487972,0.1393176440092079,-0.03340031379788858,-1.758969645856677,0.3503248581081566,0.0,False,
10,7,Niecy Nash,8,6,R2_Percent,0.08836015222591304,5,0.2530027498938794,2,-0.4245589365358683,0.5893739346508351,-0.17548840653370412,-0.026936935760907856,-2.7080501996022104,-0.5362353386769616,0.0,False,
10,7,Pamela Anderson,9,6,R2_Percent,0.03110960228041258,6,0.3596212303762451,1,-1.4684635113510733,-0.12742110515559316,-0.20879571120648702,-0.027041752444123192,-1.5553706904269824,0.20028377332702574,0.0,True,True
10,8,Chad Ochocinco,2,5,R2_Percent,0.1372797908838416,4,0.2694028422427425,2,-0.23910651755187354,0.798743335281633,-0.11125180448642238,-0.030050111257085135,-1.9035508745293852,0.1113521452628794,0.0,False,
10,8,Erin Andrews,3,5,R2_Percent,0.27360370767963954,1,0.0842764275208873,4,0.4505531071089204,1.1063682862406292,0.15223339371055725,-0.035458110685912515,-1.033472986032855,0.9013873261051037,0.0,False,
10,8,Evan Lysacek,4,5,R2_Percent,0.2701336436956035,2,0.0863245123138427,3,0.43778918317989857,1.0579307525508237,0.14851609123005652,-0.017606095127910597,-1.4457177813222062,-0.14458122870588785,0.0,False,
10,8,Nicole Scherzinger,7,5,R2_Percent,0.2572374260474694,3,0.08009787025686876,5,0.38887186517293715,1.0396882106487972,0.14949053238705373,-0.026342021607381094,-1.6486586252693047,0.1103110205873723,0.0,False,
10,8,Niecy Nash,8,5,R2_Percent,0.06174543169344603,5,0.4798983476656587,1,-1.0381076379098828,0.5893739346508351,-0.3382690434537274,-0.0392235520602756,-2.69848074848084,0.00956945112137042,0.0,True,True
10,9,Chad Ochocinco,2,4,R2_Percent,0.09381758902964463,4,0.6284697840677662,1,-0.8766555199902981,0.798743335281633,-0.39128342437926855,-0.030614835004721744,-1.5305439695425125,0.3730069049868727,0.0,True,True
10,9,Erin Andrews,3,4,R2_Percent,0.3129530976314535,1,0.12205737651211805,3,0.3280454567580105,1.1063682862406292,0.13024557255871375,-0.009574667473224704,-1.6789639746613376,-0.6454909886284825,0.0,False,
10,9,Evan Lysacek,4,4,R2_Percent,0.3012274317186021,2,0.12075637461980754,4,0.28985769181063553,1.0579307525508237,0.1214743578051486,-0.023656803402759025,-1.113650165575459,0.33206761574674726,0.0,False,
10,9,Nicole Scherzinger,7,4,R2_Percent,0.2920018816202997,3,0.1287164648003083,2,0.25875237142165214,1.0396882106487972,0.14002837183430952,-0.026609115212768767,-1.314320861197206,0.3343377640720988,0.0,False,
10,10,Erin Andrews,3,3,R2_Percent,0.3437063329632593,1,0.3247776409473056,2,0.03097694759826869,1.1063682862406292,0.0,-0.02692859647651065,-1.358895386604524,0.3200685880568137,0.0,False,
10,10,Evan Lysacek,4,3,R2_Percent,0.33361742467105227,2,0.3515146686093556,1,0.0011842394141772794,1.0579307525508237,0.0,-0.01779498447119581,-0.909370288745386,0.20427987683007298,0.0,False,
10,10,Nicole Scherzinger,7,3,R2_Percent,0.3226762423656885,3,0.32370769044333875,3,-0.032161187012446024,1.0396882106487972,0.0,-0.02096192824706711,-1.0779930011672447,0.2363278600299612,0.0,False,
11,1,Audrina Patridge,0,12,R2_Percent,0.034682907063012657,7,0.10167389939537648,6,-0.4553703137337022,-0.42044087538022634,-0.006707773152808167,-0.03185437285830747,-2.203739257451531,0.0,0.0,False,
11,1,Brandy,1,12,R2_Percent,0.12232132506437088,4,0.04907836943890456,9,0.8050341068523981,0.7393636674357971,0.09154294350171384,-0.02950521174275271,-2.041220328089638,0.0,0.0,False,
11,1,Bristol Palin,2,12,R2_Percent,0.19655101369495465,1,0.03419890601488275,10,1.2793047218159128,1.273879645114607,0.046472436536731936,-0.04468006749306605,-3.091042451158316,0.0,0.0,False,
11,1,David Hasselhoff,3,12,R2_Percent,0.014260254537628789,12,0.13229282403586376,1,-1.3441410228888466,-1.180578417271974,-0.12028704514323785,-0.04690826813127478,-3.2451931306189077,0.0,0.0,True,True
11,1,Florence Henderson,4,12,R2_Percent,0.03074663830163386,8,0.1077152003556392,5,-0.5758366227271081,-0.5051747011780747,-0.021525487721094357,-0.0527691414855789,-3.6506582374437384,0.0,0.0,False,
11,1,Jennifer Grey,5,12,R2_Percent,0.1754457927019549,3,0.032961378256634755,11,1.165712834222263,1.1662720954379724,0.0404880986197167,-0.04468006749306605,-3.091042451158316,0.0,0.0,False,
11,1,Kurt Warner,6,12,R2_Percent,0.116985812039948,5,0.05752783317630468,8,0.7604353753494982,0.6931880718235239,0.09934664210186973,-0.03573204623353526,-2.4720032437674773,0.0,0.0,False,
11,1,Kyle Massey,7,12,R2_Percent,0.18387379097634832,2,0.03205653397440099,12,1.2126323161731078,1.2032215924993053,0.04392477763651585,-0.03814676162035314,-2.6390573282152587,0.0,0.0,False,
11,1,Margaret Cho,8,12,R2_Percent,0.01982869339090846,10,0.12729236884154307,2,-1.0144872376424836,-0.9152587923540976,-0.07658141257224273,-0.02627974037378316,-1.8180767769294284,0.0,0.0,False,
11,1,Michael Bolton,9,12,R2_Percent,0.01693065280741114,11,0.1259716710203558,3,-1.1724915328684606,-1.0381483700287204,-0.09692847572659301,-0.041047394770787254,-2.8397280233662987,0.0,0.0,False,
11,1,Rick Fox,10,12,R2_Percent,0.06438490136016874,6,0.07555017464308755,7,0.16326186721405453,0.159935623253956,0.05246267778803761,-0.0527691414855789,-3.6506582374437384,0.0,0.0,False,
11,1,The Situation,11,12,R2_Percent,0.023988218061659492,9,0.12368084084700638,4,-0.8240544917666327,-0.7523992073440585,-0.052117620505582496,-0.023170371574631587,-1.6029653974317086,0.0,0.0,False,
11,2,Audrina Patridge,0,11,R2_Percent,0.03312753475554424,7,0.10697998224304764,5,-0.5958717679075132,-0.42044087538022634,-0.029379676920730773,-0.028451724092465547,-2.613216097100182,-0.4094768396486512,0.0,False,
11,2,Brandy,1,11,R2_Percent,0.12984994296893715,4,0.058322252471642515,8,0.7701429286929866,0.7393636674357971,0.08523742259506199,-0.030209743358186457,-1.9564365613322756,0.08478376675736254,0.0,False,
11,2,Bristol Palin,2,11,R2_Percent,0.20038785168661258,1,0.03469447671631498,11,1.2040181768385256,1.273879645114607,0.057661015194459986,-0.04736973032062663,-2.7673667766643453,0.3236756744939706,0.0,False,
11,2,Florence Henderson,4,11,R2_Percent,0.02823590119333558,8,0.12542790179727034,4,-0.7556423099965255,-0.5051747011780747,-0.04469603972283795,-0.05501432689340412,-3.380471248280882,0.27018698916285633,0.0,False,
11,2,Jennifer Grey,5,11,R2_Percent,0.17737288558225683,3,0.038214453225961106,9,1.082017644593311,1.1662720954379724,0.05263976151030856,-0.05118832751812816,-2.307834447609151,0.7832080035491651,0.0,False,
11,2,Kurt Warner,6,11,R2_Percent,0.12358582393827361,5,0.06090582373718526,7,0.7206992751813869,0.6931880718235239,0.0842391641691147,-0.033942784742896075,-2.687324069074783,-0.21532082530730579,0.0,False,
11,2,Kyle Massey,7,11,R2_Percent,0.18949770841779895,2,0.03740991389280736,10,1.1481403614588859,1.2032215924993053,0.058453606721361503,-0.03708054262055389,-2.7673667766643453,-0.12830944844908654,0.0,False,
11,2,Margaret Cho,8,11,R2_Percent,0.01788727792715611,10,0.1390244180585634,2,-1.212146840376713,-0.9152587923540976,-0.10025253745282099,-0.01937012822541297,-2.6495837411848138,-0.8315069642553854,0.0,False,
11,2,Michael Bolton,9,11,R2_Percent,0.014719435115738698,11,0.17147400887715494,1,-1.407067832933524,-1.0381483700287204,-0.11936216373519655,-0.03970741818628845,-3.0009816274796224,-0.16125360411332368,0.0,True,True
11,2,Rick Fox,10,11,R2_Percent,0.06337962480981695,6,0.09238185269603516,6,0.05290586434319754,0.159935623253956,0.03231412654985287,-0.057243532632607216,-3.1122072622418586,0.5384509752018798,0.0,False,
11,2,The Situation,11,11,R2_Percent,0.021956013604529194,9,0.13516491628401728,3,-1.007195499894018,-0.7523992073440585,-0.07682206593293117,-0.026295199093507436,-1.226921737057077,0.37604366037463155,0.0,False,
11,3,Audrina Patridge,0,10,R2_Percent,0.030414583765331973,7,0.12497545333157321,4,-0.7900875188316349,-0.42044087538022634,-0.0532512873367801,-0.040064748402738506,-2.3374539176042606,0.2757621794959215,0.0,False,
11,3,Brandy,1,10,R2_Percent,0.13429523517867348,4,0.06484029618207342,7,0.6950308826288027,0.7393636674357971,0.07082100464616733,-0.03017469882235291,-1.7283898546949246,0.22804670663735105,0.0,False,
11,3,Bristol Palin,2,10,R2_Percent,0.20862355446788616,1,0.04533856364147411,9,1.1355217117708976,1.273879645114607,0.07697837530858197,-0.03696823633018488,-3.1323837911130883,-0.365017014448743,0.0,False,
11,3,Florence Henderson,4,10,R2_Percent,0.02557447769879498,8,0.15593992305028276,3,-0.9634148520387015,-0.5051747011780747,-0.07176458430181545,-0.04051507285157041,-4.385146754197742,-1.0046755059168602,0.0,False,
11,3,Jennifer Grey,5,10,R2_Percent,0.18343494423877396,3,0.046150186117473485,8,1.0068503359924816,1.1662720954379724,0.06362758309808403,-0.031325385463737615,-2.552565296980432,-0.24473084937128142,0.0,False,
11,3,Kurt Warner,6,10,R2_Percent,0.1264136740570595,5,0.07065258562127825,6,0.6345499153594542,0.6931880718235239,0.06748349694829876,-0.03810998739442079,-2.775708847883642,-0.08838477880885875,0.0,False,
11,3,Kyle Massey,7,10,R2_Percent,0.19514861935331845,2,0.0439106804700329,10,1.0687516774710109,1.2032215924993053,0.07196930288812543,-0.04178638107596746,-2.552565296980432,0.21480147968391305,0.0,False,
11,3,Margaret Cho,8,10,R2_Percent,0.015445059570632537,10,0.17807108538413258,1,-1.4677205580176624,-0.9152587923540976,-0.1253828409882024,-0.038042853445538406,-2.6803986683206804,-0.030814927135866643,0.0,True,True
11,3,Rick Fox,10,10,R2_Percent,0.060953698288568815,6,0.1077075926719459,5,-0.09489520982982154,0.159935623253956,0.0028456756011442236,-0.04481833648301285,-3.1323837911130883,-0.02017652887122967,0.0,False,
11,3,The Situation,11,10,R2_Percent,0.019696153380960167,9,0.16241363352973337,2,-1.2245863845048268,-0.7523992073440585,-0.10325502270183395,-0.0189548837706038,-1.0800932406607366,0.14682849639634044,0.0,False,
11,4,Audrina Patridge,0,9,R2_Percent,0.02748871375201836,7,0.1475376664181844,3,-1.0192881819858937,-0.42044087538022634,-0.08061692009317688,-0.03356953297119857,-2.3636453486644546,-0.02619143106019406,0.0,False,
11,4,Brandy,1,9,R2_Percent,0.1368303981377705,4,0.06660820835695515,6,0.5856784957131327,0.7393636674357971,0.055016265753691854,-0.02591369365676036,-1.6164309473936878,0.11195890730123681,0.0,False,
11,4,Bristol Palin,2,9,R2_Percent,0.2172761297357211,1,0.052009792739748956,7,1.0481053384760164,1.273879645114607,0.09047152281420912,-0.046207993986025,-3.0204248839950596,0.1119589071180287,0.0,False,
11,4,Florence Henderson,4,9,R2_Percent,0.02185314576767467,8,0.18974710449862042,2,-1.2487188111606886,-0.5051747011780747,-0.10474298383483414,-0.07193044086364324,-3.3568971199677007,1.0282496342300416,0.0,False,
11,4,Jennifer Grey,5,9,R2_Percent,0.19104219658322427,3,0.03921570337088886,9,0.9194306347658261,1.1662720954379724,0.07374718589854375,-0.03100475575146842,-3.261586940233376,-0.7090216432529437,0.0,False,
11,4,Kurt Warner,6,9,R2_Percent,0.12533277645846566,5,0.09453638217455602,5,0.49790871816129934,0.6931880718235239,0.045204656600531655,-0.04442167972299786,-2.2582848331129246,0.5174240147707172,0.0,False,
11,4,Kyle Massey,7,9,R2_Percent,0.2062274439294308,2,0.04809877802185869,8,0.9959159630677761,1.2032215924993053,0.08748282793147555,-0.02835848595840071,-3.5800406703394105,-1.0274753733589783,0.0,False,
11,4,Rick Fox,10,9,R2_Percent,0.05666136942677011,6,0.13803675810679922,4,-0.29597103009157266,0.159935623253956,-0.03286142469734824,-0.04492704090453095,-3.1745755635520796,-0.042191772438991304,0.0,False,
11,4,The Situation,11,9,R2_Percent,0.01728782620892452,9,0.2242096063123884,1,-1.4830611269458958,-0.7523992073440585,-0.13364713828551572,-0.017202033809142522,-0.8887975911076071,0.1912956495531295,0.0,True,True
11,5,Audrina Patridge,0,8,R2_Percent,0.02435564072576347,7,0.21411612567999294,2,-1.2932622669006535,-0.42044087538022634,-0.11308864522506516,-0.0388196515913352,-1.8035939262918645,0.5600514223725901,0.0,False,
11,5,Brandy,1,8,R2_Percent,0.13831165299148132,4,0.08358898444409736,5,0.44348375233295245,0.7393636674357971,0.03966424798391847,-0.027716691440586437,-1.0927471689057011,0.5236837784879866,0.0,False,
11,5,Bristol Palin,2,8,R2_Percent,0.2294281655864555,1,0.06265231762027601,7,0.9495642349398963,1.273879645114607,0.09780192971337082,-0.047395173300536275,-2.5708490783461913,0.44957580564886834,0.0,False,
11,5,Florence Henderson,4,8,R2_Percent,0.018687199561711467,8,0.2402742851849153,1,-1.5581869675277507,-0.5051747011780747,-0.14277383661817497,-0.055054774946809555,-2.5708490783461913,0.7860480416215094,0.0,True,True
11,5,Jennifer Grey,5,8,R2_Percent,0.20145999676380802,3,0.05826438064839656,8,0.8195650928666925,1.1662720954379724,0.1044345304482532,-0.05687022294453865,-2.0912759985055502,1.1703109417278257,0.0,False,
11,5,Kurt Warner,6,8,R2_Percent,0.12096510963608978,5,0.10563625467280068,4,0.3094764123167453,0.6931880718235239,-0.004537447416228116,-0.032749660379151016,-2.2454266781978878,0.012858154915036835,0.0,False,
11,5,Kyle Massey,7,8,R2_Percent,0.21610680601070018,2,0.06367165914474614,6,0.8897470161606489,1.2032215924993053,0.1028560238260268,-0.05874633555332119,-2.737903162603763,0.8421375077356474,0.0,False,
11,5,Rick Fox,10,8,R2_Percent,0.05068542872399031,6,0.17179599260477513,3,-0.5603872741885312,0.159935623253956,-0.08420212620139016,-0.04784862729488604,-2.9385738578133886,0.23600170573869095,0.0,False,
11,6,Audrina Patridge,0,7,R2_Percent,0.020819996842020076,7,0.25985090393564914,1,-1.6375088514975171,-0.42044087538022634,-0.15826165995215213,-0.025652437213627557,-1.853891249670186,-0.05029732337832149,0.0,True,True
11,6,Brandy,1,7,R2_Percent,0.1362223016677552,4,0.10229458340559891,4,0.2408653593609313,0.7393636674357971,0.015705490402508227,-0.01641941881292521,-1.017643225869824,0.07510394303587709,0.0,False,
11,6,Bristol Palin,2,7,R2_Percent,0.24293699804179553,1,0.06387086418224444,7,0.8193793794030364,1.273879645114607,0.10821849135970917,-0.03854782455725535,-2.403937586159715,0.16691149218647627,0.0,False,
11,6,Jennifer Grey,5,7,R2_Percent,0.21902959509264208,3,0.07288317481449612,5,0.7157840950913715,1.1662720954379724,0.12405602389329219,-0.029594943335451013,-2.1675488083810985,-0.0762728098755483,0.0,False,
11,6,Kurt Warner,6,7,R2_Percent,0.1097633349105294,5,0.19616073306605,3,0.02490378417185543,0.6931880718235239,-0.05546661847273277,-0.03353033133747904,-2.1162555139346004,0.12917116426328734,0.0,False,
11,6,Kyle Massey,7,7,R2_Percent,0.22865539160153184,2,0.06594536636823757,6,0.7587932669728649,1.2032215924993053,0.11146032182870914,-0.04177740376954235,-2.47293045749619,0.264972705107573,0.0,False,
11,6,Rick Fox,10,7,R2_Percent,0.04257238184372593,6,0.2389943742277238,2,-0.9222170335025426,0.159935623253956,-0.14544426509535133,-0.04506460646036786,-2.627081137197258,0.31149272061613065,0.0,False,
11,7,Brandy,1,6,R2_Percent,0.12873369553788777,4,0.17035226088029778,3,-0.04144994839938884,0.7393636674357971,-0.017775147041389137,-0.016244813274260136,-0.8329091226833648,0.18473410318645922,0.0,False,
11,7,Bristol Palin,2,6,R2_Percent,0.26500309283286355,1,0.07576912299356713,6,0.680545653660312,1.273879645114607,0.1477260755842177,-0.03509413993245432,-2.3623043266893133,0.04163325947040164,0.0,False,
11,7,Jennifer Grey,5,6,R2_Percent,0.23841180179040686,3,0.07975358640109845,5,0.5748035947950823,1.1662720954379724,0.14221258062208478,-0.03143831255062832,-2.1546649620956844,0.012883846285414169,0.0,False,
11,7,Kurt Warner,6,6,R2_Percent,0.08676129867028279,5,0.2393868950224145,2,-0.43603518894142107,0.6931880718235239,-0.1912377277418822,-0.03363996177645277,-1.7491998542125198,0.36705565972208065,0.0,False,
11,7,Kyle Massey,7,6,R2_Percent,0.24769809132244824,2,0.08261958850286093,4,0.6130147875386691,1.2032215924993053,0.14480307805717726,-0.03839015443304087,-2.1546649620956844,0.31826549540050575,0.0,False,
11,7,Rick Fox,10,6,R2_Percent,0.03339201984611086,6,0.3521185461997613,1,-1.3908788986532532,0.159935623253956,-0.2253040182577081,-0.037118177930978546,-2.7300291062659126,-0.10294796906865455,0.0,True,True
11,8,Brandy,1,5,R2_Percent,0.10961823822130264,4,0.26222740812711054,2,-0.4366702435786374,0.7393636674357971,-0.13453836337820713,-0.01284717178724464,-0.7357067947492121,0.09720232793415273,0.0,False,
11,8,Bristol Palin,2,5,R2_Percent,0.2952685176629303,1,0.09422692725374678,3,0.5542111603210489,1.273879645114607,0.17195544529284407,-0.03694618511415858,-2.0253743196834635,0.33693000700584985,0.0,False,
11,8,Jennifer Grey,5,5,R2_Percent,0.26221413631834933,3,0.09122346822598454,4,0.4354874727568075,1.1662720954379724,0.15559968011360506,-0.033437629209225384,-1.8787708455877603,0.27589411650792406,0.0,False,
11,8,Kurt Warner,6,5,R2_Percent,0.060844139018170366,5,0.4648492666043174,1,-1.0253585151006395,0.6931880718235239,-0.3436042944939241,-0.022989205831319297,-2.0253743196834635,-0.2761744654709437,0.0,True,True
11,8,Kyle Massey,7,5,R2_Percent,0.2720549687792475,2,0.08747292978884066,5,0.47233012560142046,1.2032215924993053,0.15113948414734382,-0.030255060655676836,-2.261763097492957,-0.10709813539727264,0.0,False,
11,9,Brandy,1,4,R2_Percent,0.08004038905048402,4,0.6152247038881882,1,-1.0064871708767076,0.7393636674357971,-0.35389536518202175,-0.010558693632656244,-0.7448191908864659,-0.009112396137253786,0.0,True,True
11,9,Bristol Palin,2,4,R2_Percent,0.32743820410649255,1,0.12539818670583702,4,0.40228080623886087,1.273879645114607,0.11816661268110613,-0.031850324383426686,-1.7155981077392968,0.3097762119441667,0.0,False,
11,9,Jennifer Grey,5,4,R2_Percent,0.2917078415805167,3,0.12983832630165001,2,0.286734217577871,1.1662720954379724,0.11651250356227362,-0.027820098521461716,-1.7989797165465216,0.07979112904123875,0.0,False,
11,9,Kyle Massey,7,4,R2_Percent,0.30081356526250685,2,0.12953878310432473,3,0.31747214705997584,1.2032215924993053,0.11981156519799432,-0.03723158226473773,-1.7155981077392968,0.5461649897536602,0.0,False,
11,10,Bristol Palin,2,3,R2_Percent,0.35395651904061526,1,0.3406952742380247,2,0.061039582412386606,1.273879645114607,0.0,-0.03456066365012302,-0.5408064558177448,1.174791651921552,0.0,False,
11,10,Jennifer Grey,5,3,R2_Percent,0.31834263853069356,3,0.30373386346189235,3,-0.045006213236705284,1.1662720954379724,0.0,-0.02563192440899087,-1.8437192076870192,-0.04473949114049769,0.0,False,
11,10,Kyle Massey,7,3,R2_Percent,0.3277008424286912,2,0.3555708623000829,1,-0.016033369175681433,1.2032215924993053,0.0,-0.02784458927426749,-1.349022965813644,0.3665751419256529,0.0,False,
12,1,Chelsea Kane,0,11,R2_Percent,0.18319534941913826,3,0.03817306885297423,9,1.0980691523560828,1.0813023224078036,0.045247258057286764,-0.0301360330200713,-2.0848616083448275,0.0,0.0,False,
12,1,Chris Jericho,1,11,R2_Percent,0.03594293100929442,7,0.11305917850540662,5,-0.5305514834186076,-0.4810513133708681,-0.0166503649541486,-0.0345054100046547,-2.3871424799338734,0.0,0.0,False,
12,1,Hines Ward,2,11,R2_Percent,0.1916480030875452,2,0.03600440991954468,10,1.1431764578975292,1.1561392525640912,0.040801779045733885,-0.0554201786233596,-3.834061459333434,0.0,0.0,False,
12,1,Kendra Wilkinson,3,11,R2_Percent,0.064515297582998,6,0.09593112375761227,6,0.0544184532153378,0.03290610389994492,0.04351671792525377,-0.02365997352092474,-1.6368368861083258,0.0,0.0,False,
12,1,Kirstie Alley,4,11,R2_Percent,0.1975679861748424,1,0.03232438005665778,11,1.1735988446079637,1.175963962699602,0.0413802264460084,-0.04540094944871054,-3.1409142810859887,0.0,0.0,False,
12,1,Mike Catherwood,5,11,R2_Percent,0.01665604512188857,11,0.15789593823072431,1,-1.2997106933789753,-1.1437809779082164,-0.11025421574617497,-0.04733110463564777,-3.2744456733801544,0.0,0.0,False,
12,1,Petra Nemcova,6,11,R2_Percent,0.02716493744977888,8,0.12422312844203179,4,-0.8105568368975788,-0.7266909498826027,-0.04598141583904161,-0.03954007608699838,-2.7354491737486577,0.0,0.0,False,
12,1,Ralph Macchio,7,11,R2_Percent,0.1478757173875174,4,0.044090465793204636,8,0.8838882593021061,0.8379043105637712,0.08650382191147131,-0.04217547808420026,-2.9177707302342792,0.0,0.0,False,
12,1,Romeo,8,11,R2_Percent,0.09329459369433947,5,0.07602496883899983,7,0.4232782464810847,0.3717291523717643,0.07032799134947135,-0.02043450215121479,-1.4136933348968939,0.0,0.0,False,
12,1,Sugar Ray Leonard,9,11,R2_Percent,0.022739570446517202,9,0.1324399055118254,3,-0.9883773159260165,-0.8713667333122633,-0.06647148025928243,-0.052194707265534615,-3.6109179089442245,0.0,0.0,False,
12,1,Wendy Williams,10,11,R2_Percent,0.01939956862614025,10,0.1498334320910185,2,-1.1472330842389258,-1.0267515493048385,-0.08845793712357905,-0.033679202721572175,-2.3299840661543825,0.0,0.0,False,
12,2,Chelsea Kane,0,11,R2_Percent,0.18740203700837543,3,0.042910471442400705,9,1.160446044772032,1.0813023224078036,0.04898400819147734,-0.02179004758961289,-3.0892226144306854,-1.0043610060858579,0.0,False,
12,2,Chris Jericho,1,11,R2_Percent,0.034196553402931464,7,0.10553665668780715,5,-0.5406853335170474,-0.4810513133708681,-0.017941024544103703,-0.03215067877890498,-2.6705122800206054,-0.28336980008673196,0.0,False,
12,2,Hines Ward,2,11,R2_Percent,0.18869848875082895,2,0.03623296939414207,11,1.1673402487876576,1.1561392525640912,0.043630123243794776,-0.05679145592394318,-3.66904110784677,0.16502035148666394,0.0,False,
12,2,Kendra Wilkinson,3,11,R2_Percent,0.06580416226811454,6,0.09639817840421581,6,0.11387289786986524,0.03290610389994492,0.04694052816337113,-0.022327073149127522,-1.7972389344446291,-0.16040204833630334,0.0,False,
12,2,Kirstie Alley,4,11,R2_Percent,0.19510270780788014,1,0.03815894675096978,10,1.2007159317944023,1.175963962699602,0.04457796945212518,-0.05402238181824677,-2.1034058213937707,1.037508459692218,0.0,False,
12,2,Mike Catherwood,5,11,R2_Percent,0.014243064820208371,11,0.14683929822118091,1,-1.416540085850896,-1.1437809779082164,-0.11879060742758303,-0.04566550384572479,-3.4748850941104346,-0.2004394207302802,0.0,True,True
12,2,Petra Nemcova,6,11,R2_Percent,0.024828064161825036,8,0.13216615795392767,4,-0.8608355620144047,-0.7266909498826027,-0.049560638132091,-0.043152189288684986,-2.3007652554060516,0.4346839183426061,0.0,False,
12,2,Ralph Macchio,7,11,R2_Percent,0.15453298257296236,4,0.04893293593853213,8,0.9675973581758257,0.8379043105637712,0.09316970722411656,-0.04253827742327291,-2.87411123523103,0.04365949500324939,0.0,False,
12,2,Romeo,8,11,R2_Percent,0.09795483442421431,5,0.06788924746717939,7,0.5116963043984321,0.3717291523717643,0.07595260363368986,-0.0202112138115679,-1.4405639906539187,-0.026870655757024853,0.0,False,
12,2,Sugar Ray Leonard,9,11,R2_Percent,0.02009455054830389,9,0.14101255671927124,3,-1.0723615335087657,-0.8713667333122633,-0.07163719760053677,-0.05716938969932562,-3.012261573417223,0.5986563355270014,0.0,False,
12,2,Wendy Williams,10,11,R2_Percent,0.017142554234355557,10,0.14392258102037306,2,-1.2312462709071017,-1.0267515493048385,-0.09531613167284014,-0.033769526943576704,-2.319114393873945,0.010869672280437559,0.0,False,
12,3,Chelsea Kane,0,10,R2_Percent,0.18839730588692774,3,0.04445221469421555,8,1.0503863200342813,1.0813023224078036,0.053001035157608005,-0.05012825785135269,-2.4304184633355668,0.6588041510951186,0.0,False,
12,3,Chris Jericho,1,10,R2_Percent,0.031916117836398056,7,0.14003162294113888,3,-0.7250555985241416,-0.4810513133708681,-0.04084095157843787,-0.040596552040654356,-2.4304184633355668,0.2400938166850386,0.0,False,
12,3,Hines Ward,2,10,R2_Percent,0.19141294674516096,2,0.040808027592548576,10,1.0662663770354195,1.1561392525640912,0.05949375129711651,-0.05253078819648767,-3.7297014444355248,-0.06066033658875458,0.0,False,
12,3,Kendra Wilkinson,3,10,R2_Percent,0.06505727283065006,6,0.10436311616052207,5,-0.012898739634098003,0.03290610389994492,0.015253540727666383,-0.028961313312536742,-1.438289655672563,0.35894927877206606,0.0,False,
12,3,Kirstie Alley,4,10,R2_Percent,0.2035811332604325,1,0.042692277046605484,9,1.1278978726251596,1.175963962699602,0.057330012709344784,-0.021134810893563883,-3.2188758223362006,-1.1154700009424299,0.0,False,
12,3,Petra Nemcova,6,10,R2_Percent,0.022826941822199433,8,0.13102964383098167,4,-1.0602252448230531,-0.7266909498826027,-0.07566195499386366,-0.026163886417145947,-3.1543373014173794,-0.8535720460113279,0.0,False,
12,3,Ralph Macchio,7,10,R2_Percent,0.16264328889796412,4,0.056672598932374266,7,0.903392649023222,0.8379043105637712,0.09104965191343482,-0.03867948717139979,-3.2188758223362006,-0.34476458710517077,0.0,False,
12,3,Romeo,8,10,R2_Percent,0.10118217814228231,5,0.08956015771660616,6,0.42875589398908037,0.3717291523717643,0.05734633341277202,-0.022971561159231914,-1.1819938973360302,0.2585700933178885,0.0,False,
12,3,Sugar Ray Leonard,9,10,R2_Percent,0.017951073596315315,9,0.15930730095016887,2,-1.3005168185171057,-0.8713667333122633,-0.09695329728584093,-0.03845508981565056,-3.624340929294365,-0.612079355877142,0.0,False,
12,3,Wendy Williams,10,10,R2_Percent,0.01503174098166941,10,0.1910830401348385,1,-1.4780027112087648,-1.0267515493048385,-0.12006599400066166,-0.03419573801578048,-2.238046571136975,0.08106782273697011,0.0,True,True
12,4,Chelsea Kane,0,9,R2_Percent,0.1953203929305368,3,0.04761530046771451,9,0.950325056452159,1.0813023224078036,0.06418191713981956,-0.033810071565530675,-2.5893739081132017,-0.1589554447776349,0.0,False,
12,4,Chris Jericho,1,9,R2_Percent,0.029192447692017877,7,0.166244698644925,3,-0.9504061593297284,-0.4810513133708681,-0.07349774745571551,-0.03677394995423816,-2.232698964788398,0.19771949854716864,0.0,False,
12,4,Hines Ward,2,9,R2_Percent,0.19739682496617011,2,0.04853942294506152,8,0.960899848139064,1.1561392525640912,0.07783021955023661,-0.057011823694796224,-3.3566290593309898,0.373072385104535,0.0,False,
12,4,Kendra Wilkinson,3,9,R2_Percent,0.06274259186234754,6,0.15590686779792767,4,-0.18527568139442946,0.03290610389994492,-0.020346616488235294,-0.02267004341190996,-1.2120482179364642,0.22624143773609884,0.0,False,
12,4,Kirstie Alley,4,9,R2_Percent,0.20971686093848765,1,0.04929868563300289,7,1.021442145256815,1.175963962699602,0.0728658667961797,-0.05012424822298208,-2.7860842019904672,0.4327916203457334,0.0,False,
12,4,Petra Nemcova,6,9,R2_Percent,0.020284266163920376,8,0.17681459331944976,2,-1.314470674754165,-0.7266909498826027,-0.1005146090482949,-0.045103113577535575,-3.2135282159959577,-0.05919091457857828,0.0,False,
12,4,Ralph Macchio,7,9,R2_Percent,0.1683948617427011,4,0.05932660101898713,6,0.8019953946596048,0.8379043105637712,0.08406968899650796,-0.04808734272025122,-3.0312066596164473,0.1876691627197533,0.0,False,
12,4,Romeo,8,9,R2_Percent,0.10138389944253222,5,0.10087943439282224,5,0.2945981014653879,0.3717291523717643,0.019741896353802083,-0.01712979533060532,-1.1766462909841928,0.005347606351837397,0.0,False,
12,4,Sugar Ray Leonard,9,9,R2_Percent,0.01556785426128635,9,0.19537439578010926,1,-1.579108030494708,-0.8713667333122633,-0.12442000636940861,-0.0524331701477407,-3.6189933229607885,0.005347606333576671,0.0,True,True
12,5,Chelsea Kane,0,8,R2_Percent,0.20280818501691983,3,0.05828356031892631,6,0.8236534601567493,1.0813023224078036,0.08421968299849043,-0.04166601181155131,-2.079441541041998,0.5099323670712037,0.0,False,
12,5,Chris Jericho,1,8,R2_Percent,0.02577330838938186,7,0.19840839426662674,2,-1.239267772938421,-0.4810513133708681,-0.11167833072251887,-0.03234008116328676,-2.2246235504599756,0.008075414328422514,0.0,False,
12,5,Hines Ward,2,8,R2_Percent,0.20710821683178882,2,0.054592564634822684,8,0.8446342724972302,1.1561392525640912,0.0965894629716453,-0.04826023064913169,-3.387774358361906,-0.03114529903091645,0.0,False,
12,5,Kendra Wilkinson,3,8,R2_Percent,0.05682732406461839,6,0.18458655504848745,3,-0.4485899032580887,0.03290610389994492,-0.08550712837090664,-0.014865417036200972,-1.5314763705500303,-0.31942815261356605,0.0,False,
12,5,Kirstie Alley,4,8,R2_Percent,0.22025015588402264,1,0.05749125040457494,7,0.906156801785688,1.175963962699602,0.09088481202975404,-0.03864140940931433,-2.982309251140409,-0.19622504914994154,0.0,False,
12,5,Petra Nemcova,6,8,R2_Percent,0.01739070377139337,8,0.2425004180306188,1,-1.6326713733521494,-0.7266909498826027,-0.132982464461994,-0.04890823128868612,-2.917770730188671,0.2957574858072869,0.0,True,True
12,5,Ralph Macchio,7,8,R2_Percent,0.17366944993065828,4,0.08223818706169668,5,0.6685466086391378,0.8379043105637712,0.08347887939144166,-0.04085217232484728,-3.387774358361906,-0.3565676987454589,0.0,False,
12,5,Romeo,8,8,R2_Percent,0.0961726561112167,5,0.12189907023424629,4,0.07753790646985331,0.3717291523717643,-0.0252452182343374,-0.018709777410380962,-0.9718605827458575,0.2047857082383353,0.0,False,
12,6,Chelsea Kane,0,7,R2_Percent,0.21681530799613608,3,0.06456716448910069,6,0.694171845802544,1.0813023224078036,0.10322721477866703,-0.026557510470492474,-2.500655005603498,-0.4212134645615002,0.0,False,
12,6,Chris Jericho,1,7,R2_Percent,0.02196366854242238,7,0.3131401147303798,1,-1.595484371753576,-0.4810513133708681,-0.15482274674907603,-0.03131132990821518,-2.326301618693768,-0.10167806823379255,0.0,True,True
12,6,Hines Ward,2,7,R2_Percent,0.2215519309962216,2,0.064934084216269,5,0.715782983347428,1.1561392525640912,0.12359504570159975,-0.05017566160921171,-3.242592349091923,0.14518200926998315,0.0,False,
12,6,Kendra Wilkinson,3,7,R2_Percent,0.04757307062943076,6,0.2337186387508973,2,-0.8226071720433377,0.03290610389994492,-0.1605231529951923,-0.023472281259391096,-1.3707901741026391,0.16068619644739113,0.0,False,
12,6,Kirstie Alley,4,7,R2_Percent,0.2330296492643718,1,0.06232694124017334,7,0.7662916654232532,1.175963962699602,0.11290746321781928,-0.04749735680185621,-2.454134990069471,0.5281742610709377,0.0,False,
12,6,Ralph Macchio,7,7,R2_Percent,0.17245053726580462,4,0.10235633324954721,4,0.46523642475688454,0.8379043105637712,0.05850316701515579,-0.04930014242827084,-3.347952864365305,0.03982149399660129,0.0,False,
12,6,Romeo,8,7,R2_Percent,0.08661583530561277,5,0.15895672332363273,3,-0.22339137553319588,0.3717291523717643,-0.08277250095426512,-0.01463855291555265,-0.9007865450622883,0.07107403768356924,0.0,False,
12,7,Chelsea Kane,0,6,R2_Percent,0.23251854789364418,3,0.08508323510492324,4,0.5405383010706741,1.0813023224078036,0.12442378057342916,-0.03634660152467798,-2.476538398873282,0.024116606730216095,0.0,False,
12,7,Hines Ward,2,6,R2_Percent,0.24067117855877349,2,0.07751787472962415,6,0.5749999008616612,1.1561392525640912,0.1445689258814867,-0.047476511422696537,-3.1696855783932274,0.07290677069869567,0.0,False,
12,7,Kendra Wilkinson,3,6,R2_Percent,0.036890621827977074,6,0.34805362886598085,1,-1.3004743289201408,0.03290610389994492,-0.25001372172947056,-0.019892406644844037,-1.3613968092677324,0.009393364834906714,0.0,True,True
12,7,Kirstie Alley,4,6,R2_Percent,0.25556086451703275,1,0.07806986414565144,5,0.635028901900874,1.175963962699602,0.14053159405186802,-0.03170790261762829,-2.90732131445189,-0.4531863243824188,0.0,False,
12,7,Ralph Macchio,7,6,R2_Percent,0.16232048728363063,4,0.13330805110429075,3,0.18114100084538315,0.8379043105637712,0.007656878606886968,-0.04899946525053579,-3.2750460936866093,0.07290677067869566,0.0,False,
12,7,Romeo,8,6,R2_Percent,0.07203829991894195,5,0.2779673460495294,2,-0.6312337757584516,0.3717291523717643,-0.1659637837865122,-0.015154781293164284,-0.6439569360945719,0.25682960896771634,0.0,False,
12,8,Chelsea Kane,0,5,R2_Percent,0.2523494284123751,3,0.1024167596057082,3,0.38839159235293585,1.0813023224078036,0.11352294825638129,-0.036674412932589176,-2.3710222535153513,0.10551614535793075,0.0,False,
12,8,Hines Ward,2,5,R2_Percent,0.26648798822513264,2,0.09537640454798381,4,0.44290601489233017,1.1561392525640912,0.15109586641784067,-0.05710378490000826,-1.8114064660388571,1.3582791123543703,0.0,False,
12,8,Kirstie Alley,4,5,R2_Percent,0.2842065213855535,1,0.08664680508541345,5,0.5072780064936149,1.175963962699602,0.1461979225991083,-0.04496589834933118,-2.5533438100451393,0.3539775044067506,0.0,False,
12,8,Ralph Macchio,7,5,R2_Percent,0.14340822414966656,4,0.2765528744178897,2,-0.1767278777373822,0.8379043105637712,-0.08574937531455039,-0.051482680246587094,-2.776487361150599,0.49855873253601013,0.0,False,
12,8,Romeo,8,5,R2_Percent,0.053547837827272106,5,0.43900715634300486,1,-1.161847736001499,0.3717291523717643,-0.32446533927503424,-0.010457486907035511,-0.5056509677845611,0.13830596831001085,0.0,True,True
12,9,Chelsea Kane,0,4,R2_Percent,0.26964659561679993,3,0.0989731850866112,4,0.17078924729177636,1.0813023224078036,0.07988960075194236,-0.04369780714040101,-1.2367626268044822,1.134259626710869,0.0,False,
12,9,Hines Ward,2,4,R2_Percent,0.30507395469590576,2,0.11357822847701164,3,0.2942312724089443,1.1561392525640912,0.13429989692980823,-0.030644855196564354,-1.27450295473562,0.5369035113032372,0.0,False,
12,9,Kirstie Alley,4,4,R2_Percent,0.32560054441266884,1,0.11758089895635994,2,0.35934835693696476,1.175963962699602,0.15375648986970142,-0.0461464653993702,-1.4415570394176673,1.111786770627472,0.0,False,
12,9,Ralph Macchio,7,4,R2_Percent,0.0996789052746254,4,0.6698676874800172,1,-0.8243688766376854,0.8379043105637712,-0.36747007537739584,-0.04955868050392076,-1.6422277347404246,1.1342596264101745,0.0,True,True
12,10,Chelsea Kane,0,3,R2_Percent,0.30050701682573905,3,0.3968856476150233,1,-0.10091026758266652,1.0813023224078036,0.0,-0.020945497340702602,-0.8675005675766279,0.3692620592278544,0.0,False,
12,10,Hines Ward,2,3,R2_Percent,0.34020747025029624,2,0.30155054134910947,3,0.023174266341431937,1.1561392525640912,0.0,-0.016800709743404828,-1.4696759696906807,-0.1951730149550608,0.0,False,
12,10,Kirstie Alley,4,3,R2_Percent,0.3592855129239648,1,0.3015638110358672,2,0.07773600124123448,1.175963962699602,0.0,-0.024092481297597126,-1.0498221240372492,0.39173491538041816,0.0,False,
13,1,Carson Kressley,0,12,R2_Percent,0.030884331854596388,8,0.11132794809669741,4,-0.5907228610559567,-0.5261758705402955,-0.02331286092367377,-0.03762107851520018,-2.602689684094384,0.0,0.0,False,
13,1,Chaz Bono,1,12,R2_Percent,0.049280517038916054,7,0.09802145778173905,6,-0.12344304560825652,-0.12035052758971498,0.026419864838578375,-0.02589933178033257,-1.791759468628055,0.0,0.0,False,
13,1,Chynna Phillips,2,12,R2_Percent,0.022190935014629817,9,0.10080597494285859,5,-0.9212879838261895,-0.810468062968531,-0.05956656207710923,-0.04764030770376188,-3.295836863304329,0.0,0.0,False,
13,1,David Arquette,3,12,R2_Percent,0.06742696185292991,6,0.08374136929686903,7,0.19007310878053477,0.1762507303728255,0.05698666318862155,-0.03955123370412494,-2.7362210765260495,0.0,0.0,False,
13,1,Elisabetta Canalis,4,12,R2_Percent,0.016742719349712113,11,0.13085755197520874,2,-1.2030083585518703,-1.059375171425358,-0.1004689023456,-0.03955123370412494,-2.7362210765260495,0.0,0.0,False,
13,1,Hope Solo,5,12,R2_Percent,0.13622947395480975,4,0.04727520832118672,9,0.8933689156819629,0.8318253663454822,0.0918821394770468,-0.026725539063778826,-1.8489178824327095,0.0,0.0,False,
13,1,J.R. Martinez,6,12,R2_Percent,0.17602551749687897,2,0.03476901247871135,12,1.1496571136668483,1.1604172046219756,0.03240419382578478,-0.03955123370412494,-2.7362210765260495,0.0,0.0,False,
13,1,Kristin Cavallari,7,12,R2_Percent,0.018931045902196988,10,0.11345623027182987,3,-1.080168641904137,-0.9581351171457214,-0.08079939516642808,-0.03762107851520018,-2.602689684094384,0.0,0.0,False,
13,1,Metta World Peace (Ron),8,12,R2_Percent,0.014414386788016025,12,0.13729170677871466,1,-1.352745066307289,-1.1601773433587164,-0.12127590586895531,-0.06767876600282995,-4.68213121632422,0.0,0.0,True,True
13,1,Nancy Grace,9,12,R2_Percent,0.11872248273019052,5,0.06258743120383163,8,0.755816835045563,0.7121381834067984,0.09909036624152578,-0.051798663525973884,-3.58351893485611,0.0,0.0,False,
13,1,Ricki Lake,10,12,R2_Percent,0.17147997771377374,3,0.03824277790831575,11,1.1234946551261678,1.1246264553130607,0.03687685803780189,-0.034395607147907376,-2.379546133050174,0.0,0.0,False,
13,1,Rob Kardashian,11,12,R2_Percent,0.1776716503033499,1,0.04162333094403719,10,1.1589653289526225,1.1466200787250174,0.04185763308472502,-0.02589933178033257,-1.791759468628055,0.0,0.0,False,
13,2,Carson Kressley,0,11,R2_Percent,0.02876102768915317,8,0.13427965823354468,2,-0.7566469211189122,-0.5261758705402955,-0.04661925419869519,-0.03638420907259203,-2.7515353115071974,-0.14884562741281337,0.0,False,
13,2,Chaz Bono,1,11,R2_Percent,0.048530312317082734,7,0.12080273782599107,5,-0.23347958767090263,-0.12035052758971498,0.0007618279559236942,-0.023449622314469537,-2.086559008389186,-0.29479953976113116,0.0,False,
13,2,Chynna Phillips,2,11,R2_Percent,0.019767776215046415,9,0.13019920414991498,3,-1.131615038558065,-0.810468062968531,-0.07729642201186443,-0.053444268741494654,-2.5973846319037484,0.6984522314005805,0.0,False,
13,2,David Arquette,3,11,R2_Percent,0.06733173946543979,6,0.1028252972210742,6,0.09396355053352773,0.1762507303728255,0.03316293515185483,-0.04070492937432035,-2.5973846319037484,0.13883644462230116,0.0,False,
13,2,Elisabetta Canalis,4,11,R2_Percent,0.014495763493510326,11,0.13503658533562168,1,-1.4418117527396823,-1.059375171425358,-0.12313618710198572,-0.03844522911640117,-2.8693183470302475,-0.13309727050419795,0.0,True,True
13,2,Hope Solo,5,11,R2_Percent,0.14574648292698208,4,0.0579398034228434,8,0.8662005074642136,0.8318253663454822,0.09185954262771366,-0.02702179987998764,-1.8132656740852813,0.035652208347428216,0.0,False,
13,2,J.R. Martinez,6,11,R2_Percent,0.17852324690290347,2,0.04207755747236375,10,1.0690506408759965,1.1604172046219756,0.047650663640633126,-0.04146088179608462,-2.5064128537713137,0.22980822275473578,0.0,False,
13,2,Kristin Cavallari,7,11,R2_Percent,0.01671566768943451,10,0.12891527628063726,4,-1.2993217220157367,-0.9581351171457214,-0.10062119992266372,-0.03975352136166575,-2.346070203921255,0.25661948017312897,0.0,False,
13,2,Nancy Grace,9,11,R2_Percent,0.12262718507053044,5,0.0639001335672625,7,0.6934805502403898,0.7121381834067984,0.08221047511702496,-0.05382787837465418,-3.3393219752559826,0.24419695960012744,0.0,False,
13,2,Ricki Lake,10,11,R2_Percent,0.17489761432407344,3,0.041828288715000224,11,1.0485325550891975,1.1246264553130607,0.046222965209818966,-0.03369503645927138,-2.463853239447083,-0.08430710639690897,0.0,False,
13,2,Rob Kardashian,11,11,R2_Percent,0.1826031839058435,1,0.042195457775746265,9,1.0916472178999732,1.1466200787250174,0.04590744102415932,-0.024764423698571028,-1.9283350033340132,-0.1365755347059583,0.0,False,
13,3,Carson Kressley,0,10,R2_Percent,0.026068584564404418,8,0.15054363012148075,3,-0.9708060170321227,-0.5261758705402955,-0.07525590824643513,-0.03771375661034615,-2.9992973376434744,-0.24776202613627696,0.0,False,
13,3,Chaz Bono,1,10,R2_Percent,0.04587200675399247,7,0.15189724718903783,2,-0.4056818934715802,-0.12035052758971498,-0.03483770111116753,-0.027720003143868053,-2.3802581301965917,-0.29369912180740565,0.0,False,
13,3,Chynna Phillips,2,10,R2_Percent,0.01760264292151313,9,0.14623926459192088,4,-1.3634878930828198,-0.810468062968531,-0.0996432342164261,-0.03757391517545267,-2.5938322302757864,0.0035524016279619985,0.0,False,
13,3,David Arquette,3,10,R2_Percent,0.06476360602949692,6,0.11186614260555981,5,-0.06079313961345604,0.1762507303728255,-0.0015599553755521098,-0.041329797005416946,-2.1418471070193092,0.4555375248844391,0.0,False,
13,3,Hope Solo,5,10,R2_Percent,0.15387967998262406,4,0.06037994270179681,7,0.8046340483783067,0.8318253663454822,0.08399019499512139,-0.025283519955245738,-1.9247826017037284,-0.11151692761844711,0.0,False,
13,3,J.R. Martinez,6,10,R2_Percent,0.18489074857309823,2,0.0459558076010776,10,0.9882281525342949,1.1604172046219756,0.061242955517558643,-0.030852728324712624,-3.1534480172076376,-0.6470351634363238,0.0,False,
13,3,Kristin Cavallari,7,10,R2_Percent,0.014638782837319569,10,0.15824521928146984,1,-1.5478625842986742,-0.9581351171457214,-0.12202741287973452,-0.033301715702793916,-2.4194788433851038,-0.07340863946384868,0.0,True,True
13,3,Nancy Grace,9,10,R2_Percent,0.12370273065646177,5,0.08121163448836317,6,0.5863444041365162,0.7121381834067984,0.06848597459713385,-0.059170305322213554,-2.027436756203891,1.3118852190520918,0.0,False,
13,3,Ricki Lake,10,10,R2_Percent,0.18005251357814026,3,0.046153012772646884,9,0.9617116005943322,1.1246264553130607,0.06002639291659827,-0.03453414795503511,-2.5938322302757864,-0.12997899082870346,0.0,False,
13,3,Rob Kardashian,11,10,R2_Percent,0.1885287041029492,1,0.04750809864664645,8,1.0077133218552028,1.1466200787250174,0.059617837196626854,-0.02971664048599464,-1.7065290360619982,0.22180596727201496,0.0,False,
13,4,Carson Kressley,0,9,R2_Percent,0.022812205110540995,8,0.19457266467896994,2,-1.246080126875375,-0.5261758705402955,-0.10644341957557302,-0.046182868477522364,-2.658859955582262,0.34043738206121255,0.0,False,
13,4,Chaz Bono,1,9,R2_Percent,0.04126560801398796,7,0.1656716465298775,3,-0.653346414162134,-0.12035052758971498,-0.08289634269225343,-0.03064195582417812,-2.8332133424150396,-0.4529552122184479,0.0,False,
13,4,Chynna Phillips,2,9,R2_Percent,0.015475045696409659,9,0.19803974051406376,1,-1.6341470599887855,-0.810468062968531,-0.12368691192691555,-0.03213453808326894,-3.2386784496017755,-0.6448462193259892,0.0,True,True
13,4,David Arquette,3,9,R2_Percent,0.06069532973207049,6,0.13555075333596175,4,-0.26750907653149575,0.1762507303728255,-0.03965082667080976,-0.02945949413609012,-2.3223877190433346,-0.18054061202402538,0.0,False,
13,4,Hope Solo,5,9,R2_Percent,0.15924043779754357,4,0.06631042190176246,6,0.6970394159488114,0.8318253663454822,0.07995798143735187,-0.03482590514941799,-1.0819452360293247,0.8428373656744037,0.0,False,
13,4,J.R. Martinez,6,9,R2_Percent,0.19053281311077339,2,0.04997889442090862,8,0.8764485955612217,1.1604172046219756,0.07985202641436558,-0.0493528017704561,-2.699681950003017,0.4537660672046204,0.0,False,
13,4,Nancy Grace,9,9,R2_Percent,0.1250762673560642,5,0.09276533499700165,5,0.45554785861846603,0.7121381834067984,0.03921020626748841,-0.02438492187099648,-2.619639242405442,-0.5922024862015514,0.0,False,
13,4,Ricki Lake,10,9,R2_Percent,0.18672330055560873,3,0.04646209831899017,9,0.8562520134061758,1.1246264553130607,0.07791951369692787,-0.04043205959760626,-2.2401496209094454,0.353682609366341,0.0,False,
13,4,Rob Kardashian,11,9,R2_Percent,0.198178992627001,1,0.05064844530246396,7,0.9157947940231158,1.1466200787250174,0.07575623681997634,-0.022997800771882113,-1.9074438674240763,-0.2009148313620781,0.0,False,
13,5,Carson Kressley,0,8,R2_Percent,0.019489149606810276,8,0.2574455637447219,1,-1.5704093057945512,-0.5261758705402955,-0.1458586955131443,-0.033272844609271476,-3.279836522030699,-0.6209765664484372,0.0,True,True
13,5,Chaz Bono,1,8,R2_Percent,0.03478405003297397,7,0.21515557880586558,2,-0.9911082367511795,-0.12035052758971498,-0.1340062142620289,-0.04509013823214333,-2.3353749146708003,0.49783842774423936,0.0,False,
13,5,David Arquette,3,8,R2_Percent,0.05367919260033843,6,0.16294125490283534,3,-0.557241734506402,0.1762507303728255,-0.09030021241743315,-0.03433699874084579,-2.2300143990663073,0.09237331997702736,0.0,False,
13,5,Hope Solo,5,8,R2_Percent,0.165436051743705,4,0.07801375988413944,5,0.5683175397703408,0.8318253663454822,0.07218221376034736,-0.013545286054466251,-1.333926375314161,-0.25198113928483634,0.0,False,
13,5,J.R. Martinez,6,8,R2_Percent,0.2009684409470952,2,0.052656556459813826,8,0.7628806994388153,1.1604172046219756,0.10020744538698546,-0.03716601279323674,-2.923161578846252,-0.22347962884323502,0.0,False,
13,5,Nancy Grace,9,8,R2_Percent,0.11907572993297462,5,0.11573370033584181,4,0.23949249061580624,0.7121381834067984,-0.002129389760169605,-0.03534388546937514,-2.923161578846252,-0.30352233644080995,0.0,False,
13,5,Ricki Lake,10,8,R2_Percent,0.19829637269664058,3,0.06214718467473144,6,0.749495557280253,1.1246264553130607,0.10460280361635119,-0.03362628090424613,-2.0902524568189746,0.1498971640904707,0.0,False,
13,5,Rob Kardashian,11,8,R2_Percent,0.20827101243946192,1,0.05590640119205058,7,0.7985729899469176,1.1466200787250174,0.09555410834418784,-0.032337299183721024,-1.333926375314161,0.5735174921099153,0.0,False,
13,6,Chaz Bono,1,7,R2_Percent,0.028192313893881316,7,0.314149464585274,1,-1.3866554007699974,-0.12035052758971498,-0.19685390450768497,-0.03328811278820261,-2.391816225561582,-0.056441310890781526,0.0,True,True
13,6,David Arquette,3,7,R2_Percent,0.045063884323278104,6,0.23660396747365905,2,-0.9176236499630432,0.1762507303728255,-0.151013804016052,-0.03407220832491474,-2.0088239736988096,0.22119042536749767,0.0,False,
13,6,Hope Solo,5,7,R2_Percent,0.1674395044209477,4,0.11496781451632931,4,0.39491733378314425,0.8318253663454822,0.05305146432394812,-0.017290650136124262,-1.5735059029527285,-0.2395795276385675,0.0,False,
13,6,J.R. Martinez,6,7,R2_Percent,0.21546264957698869,2,0.056667112521794405,7,0.6470827900847216,1.1604172046219756,0.1285200477557388,-0.044814480012705764,-2.614959776602458,0.308201802243794,0.0,False,
13,6,Nancy Grace,9,7,R2_Percent,0.10588608120116495,5,0.14898405423069117,3,-0.06334097405663422,0.7121381834067984,-0.0654426057674958,-0.04329943408201565,-2.7972813332230797,0.12588024562317246,0.0,False,
13,6,Ricki Lake,10,7,R2_Percent,0.21236961581532018,3,0.0578930022871043,6,0.6326234428088577,1.1246264553130607,0.11434441917201088,-0.03009860269589327,-2.1041341533331344,-0.013881696514159714,0.0,False,
13,6,Rob Kardashian,11,7,R2_Percent,0.22558595076841903,1,0.07073458438514775,5,0.6929964581129513,1.1466200787250174,0.11815290696944968,-0.02065996243064548,-1.168040794711231,0.16588558060293002,0.0,False,
13,7,David Arquette,3,6,R2_Percent,0.03550933981415767,6,0.3546314288306037,1,-1.3534358476223216,0.1762507303728255,-0.23872613625914132,-0.02998115992016977,-1.8951950557782309,0.11362891792057872,0.0,True,True
13,7,Hope Solo,5,6,R2_Percent,0.157175206530494,4,0.1423591444051229,3,0.1341295454271895,0.8318253663454822,-0.023569087981065398,-0.022775565986537794,-1.5697726555668938,0.0037332473858346926,0.0,False,
13,7,J.R. Martinez,6,6,R2_Percent,0.23998447803961465,2,0.0841482484339082,4,0.5573426435582873,1.1604172046219756,0.1599198257200134,-0.04072380162044835,-2.2629198356462834,0.35203994095617475,0.0,False,
13,7,Nancy Grace,9,6,R2_Percent,0.08750723838996255,5,0.2656352802481463,2,-0.4515100884584533,0.7121381834067984,-0.15813210047423495,-0.0399898913303063,-2.8507064998795135,-0.05342516665643382,0.0,False,
13,7,Ricki Lake,10,6,R2_Percent,0.2340052257999224,3,0.07793478794476133,5,0.5321118447293784,1.1246264553130607,0.14211246637034775,-0.03215084267786701,-1.8951950557782309,0.20893909755490347,0.0,False,
13,7,Rob Kardashian,11,6,R2_Percent,0.2458185114258488,1,0.07529111013745758,6,0.5813619023659194,1.1466200787250174,0.11896810116048127,-0.017363977515951375,-1.1102403263655005,0.057800468345730494,0.0,False,
13,8,Hope Solo,5,5,R2_Percent,0.1348417898758894,4,0.23903767807958567,2,-0.2554425215351248,0.8318253663454822,-0.12396727662967093,-0.022035058290076084,-1.6486586250304587,-0.07888596946356485,0.0,False,
13,8,J.R. Martinez,6,5,R2_Percent,0.2685537329874995,2,0.07652810720633417,5,0.4335063309004424,1.1604172046219756,0.1606570617261381,-0.03410563217656932,-2.0949457273888785,0.16797410825740489,0.0,False,
13,8,Nancy Grace,9,5,R2_Percent,0.06176734107286548,5,0.49078107097681417,1,-1.0361699227105614,0.7121381834067984,-0.3329382884406032,-0.04172638836002974,-2.7880929069488234,0.06261359293069013,0.0,True,True
13,8,Ricki Lake,10,5,R2_Percent,0.2618435274297692,3,0.09926789321250652,3,0.4082024159165358,1.1246264553130607,0.15700824984145434,-0.02976903081295293,-1.6094379118187156,0.28575714395951524,0.0,False,
13,8,Rob Kardashian,11,5,R2_Percent,0.2729936086339765,1,0.09438525052475949,4,0.4499036974287081,1.1466200787250174,0.13978037047980552,-0.01812594352086045,-0.860201265091643,0.25003906127385755,0.0,False,
13,9,Hope Solo,5,4,R2_Percent,0.09648747092124609,4,0.6710894712007479,1,-0.8533231372059418,0.8318253663454822,-0.3573259581850201,-0.02506930101106253,-1.4996230460903224,0.1490355789401363,0.0,True,True
13,9,J.R. Martinez,6,4,R2_Percent,0.3122656856792364,1,0.12290588616692066,2,0.32111807999643593,1.1604172046219756,0.16322943049562125,-0.03416651354925094,-1.6274564175445707,0.4674893098443078,0.0,False,
13,9,Ricki Lake,10,4,R2_Percent,0.2890458388464935,3,0.10468260710589179,3,0.2438489853518805,1.1246264553130607,0.10058100549912102,-0.02272763102219289,-1.6739764331097666,-0.06453852129105098,0.0,False,
13,9,Rob Kardashian,11,4,R2_Percent,0.30220100455302407,2,0.10132203552643967,4,0.28835607185762535,1.1466200787250174,0.09389735658607272,-0.011818126130634196,-0.9343092369664436,-0.07410797187480067,0.0,False,
13,10,J.R. Martinez,6,3,R2_Percent,0.34407565593701855,1,0.3083952372767861,3,0.032238530255842834,1.1604172046219756,0.0,-0.025753995148794208,-1.3591433716086252,0.2683130459359455,0.0,False,
13,10,Ricki Lake,10,3,R2_Percent,0.3187517573428201,3,0.37250695214059876,1,-0.044210423296145274,1.1246264553130607,0.0,-0.02792260923190272,-1.225611978965799,0.44836445414396753,0.0,False,
13,10,Rob Kardashian,11,3,R2_Percent,0.3371725867201615,2,0.3190978105826151,2,0.01197189304030244,1.1466200787250174,0.0,-0.014625153904993015,-0.7995275840084065,0.13478165295803712,0.0,False,
14,1,Donald Driver,0,12,R2_Percent,0.18602903679022573,1,0.038451334806569974,10,1.1928406299352812,1.192914036492992,0.037977022889716605,-0.03398840579019106,-2.351375256113478,0.0,0.0,False,
14,1,Gavin DeGraw,1,12,R2_Percent,0.024076743582375684,9,0.12098465873357361,2,-0.8518157653634241,-0.7705955776731197,-0.05083982632718382,-0.026318337705883946,-1.82074700548366,0.0,0.0,False,
14,1,Gladys Knight,2,12,R2_Percent,0.032916681936069656,8,0.10538399961184933,5,-0.539082564375541,-0.47074347129592037,-0.017043963075688104,-0.04723310634669602,-3.2676659864126325,0.0,0.0,False,
14,1,Jack Wagner,3,12,R2_Percent,0.017869813214670804,11,0.1169479387412683,3,-1.1499492667051117,-1.0225053836715559,-0.08939345358612816,-0.03398840579019106,-2.351375256113478,0.0,0.0,False,
14,1,Jaleel White,4,12,R2_Percent,0.039080487979883664,7,0.09351067534203077,6,-0.3674388295815437,-0.3324925084914211,0.003104108357304984,-0.03398840579019106,-2.351375256113478,0.0,0.0,False,
14,1,Katherine Jenkins,5,12,R2_Percent,0.18494309645272972,2,0.03408192725903742,12,1.1869860476526668,1.1942837207811903,0.038136583515202584,-0.041372232986489565,-2.8622008791794684,0.0,0.0,False,
14,1,Maria Menounos,6,12,R2_Percent,0.12818763789468834,4,0.057376323885809745,9,0.8204329681893503,0.7705381106262349,0.08115152917935449,-0.027194647959002626,-1.881371627261492,0.0,0.0,False,
14,1,Martina Navratilova,7,12,R2_Percent,0.015962840601256564,12,0.1279716264921171,1,-1.2627985846496292,-1.1056694974824917,-0.10583395716320501,-0.04723310634669602,-3.2676659864126325,0.0,0.0,False,
14,1,Melissa Gilbert,8,12,R2_Percent,0.07685556381549441,6,0.08396972769565661,7,0.30886572237470494,0.2899979834600207,0.06430199555841033,-0.041372232986489565,-2.8622008791794684,0.0,0.0,False,
14,1,Roshon Fegan,9,12,R2_Percent,0.09224197348639124,5,0.06990272054097728,8,0.4913531274884431,0.4604336970974069,0.06517746513066641,-0.030196011082393684,-2.089010991888294,0.0,0.0,False,
14,1,Sherri Sheperd,10,12,R2_Percent,0.0208725532899121,10,0.11454309870407552,4,-0.9946270871704698,-0.8567046470395454,-0.06658885182467139,-0.06727156464901639,-4.653960339657523,0.0,0.0,False,
14,1,William Levy,11,12,R2_Percent,0.18096357095630217,3,0.03687596818703437,11,1.1652336022052734,1.1665689953809502,0.039940507639151954,-0.03721387715759227,-2.5745188071651874,0.0,0.0,False,
14,2,Donald Driver,0,12,R2_Percent,0.18699688083353097,1,0.03447238923165965,11,1.238923914698115,1.192914036492992,0.040867345378331366,-0.030825482037251422,-2.7320034406633797,-0.38062818454990177,0.0,False,
14,2,Gavin DeGraw,1,12,R2_Percent,0.022222029758202415,9,0.11645465120117804,3,-0.891083893689344,-0.7705955776731197,-0.05479647420034329,-0.026360171426805207,-1.8157127098474064,0.005034295636253683,0.0,False,
14,2,Gladys Knight,2,12,R2_Percent,0.03061279942668442,8,0.11568697156906407,4,-0.5707498185621329,-0.47074347129592037,-0.01836597876490218,-0.05426163520181848,-2.4218485127237828,0.8458174736888497,0.0,False,
14,2,Jack Wagner,3,12,R2_Percent,0.015838322923199734,11,0.12171405999327453,2,-1.2297355172623732,-1.0225053836715559,-0.09632246552073753,-0.02868298748389575,-2.9898325494093294,-0.6384572932958514,0.0,False,
14,2,Jaleel White,4,12,R2_Percent,0.037786632607411844,7,0.10190877216260287,6,-0.3602126166252815,-0.3324925084914211,0.0033557399032294382,-0.034683743972215776,-2.2676978327717623,0.08367742334171568,0.0,False,
14,2,Katherine Jenkins,5,12,R2_Percent,0.1847656581554098,2,0.033253203638507464,12,1.2269202874634508,1.1942837207811903,0.04078957391178679,-0.03741730579855127,-3.3381392429079373,-0.47593836372846887,0.0,False,
14,2,Maria Menounos,6,12,R2_Percent,0.13575320781340938,4,0.04789543324016945,9,0.9186705668534474,0.7705381106262349,0.08762458309917644,-0.021827902828031213,-2.527209028256424,-0.6458374009949319,0.0,False,
14,2,Martina Navratilova,7,12,R2_Percent,0.013573947664344029,12,0.1370350142271412,1,-1.3840156792895921,-1.1056694974824917,-0.11404117777125734,-0.054534110319149,-2.389058689969394,0.8786072964432385,0.0,True,True
14,2,Melissa Gilbert,8,12,R2_Percent,0.07834802852026065,6,0.08103302701156871,7,0.36899278402994273,0.2899979834600207,0.06929277735304033,-0.04384231781189669,-2.564949356152661,0.29725152302680735,0.0,False,
14,2,Roshon Fegan,9,12,R2_Percent,0.09545480317865526,5,0.06169142496499283,8,0.5664848483336538,0.4604336970974069,0.07026877451359746,-0.028945261564145418,-2.2395269561176057,-0.15051596422931146,0.0,False,
14,2,Sherri Sheperd,10,12,R2_Percent,0.018266501175665806,10,0.1136843590753226,5,-1.0870991764642688,-0.8567046470395454,-0.07176038275815534,-0.06668594975199843,-4.724433595577828,-0.07047325592030518,0.0,False,
14,2,William Levy,11,12,R2_Percent,0.18038118794322577,3,0.03517069368451872,10,1.2029043005143831,1.1665689953809502,0.043203440606806934,-0.041665097169316226,-2.0388562605988887,0.5356625465662987,0.0,False,
14,3,Donald Driver,0,11,R2_Percent,0.19169403240029986,1,0.03938028514140407,9,1.1647827571070368,1.192914036492992,0.054314199953881794,-0.03729874932504264,-2.9957322717039907,-0.26372883104061096,0.0,False,
14,3,Gavin DeGraw,1,11,R2_Percent,0.020431589873554364,9,0.13533531351059613,3,-1.0740355362332676,-0.7705955776731197,-0.07615844856253808,-0.02763374562146223,-1.6486586249404587,0.16705408490694773,0.0,False,
14,3,Gladys Knight,2,11,R2_Percent,0.029015361745801084,8,0.1275309888711961,4,-0.723292357461864,-0.47074347129592037,-0.04305717665974481,-0.028850069325168787,-3.1627863558356886,-0.7409378431119058,0.0,False,
14,3,Jack Wagner,3,11,R2_Percent,0.013872796894920015,11,0.14161889502539127,1,-1.4611878978939878,-1.0225053836715559,-0.11676327574794043,-0.041779907205781626,-3.1627863558356886,-0.17295380642635916,0.0,True,True
14,3,Jaleel White,4,11,R2_Percent,0.03619406653599639,7,0.11838866159353685,5,-0.5022225650191646,-0.3324925084914211,-0.019892156689323686,-0.036273856314042244,-1.847109563506248,0.4205882692655143,0.0,False,
14,3,Katherine Jenkins,5,11,R2_Percent,0.18713076307279455,2,0.03773933226000182,11,1.140689877678623,1.1942837207811903,0.05624879631689876,-0.05228622248415161,-2.852631428253061,0.48550781465487614,0.0,False,
14,3,Maria Menounos,6,11,R2_Percent,0.14189535772099426,4,0.05422481045356703,8,0.8639721059152092,0.7705381106262349,0.08367487460267296,-0.03985820370711628,-2.1266944257970066,0.4005146024594173,0.0,False,
14,3,Melissa Gilbert,8,11,R2_Percent,0.0790177804087439,6,0.0902301405633476,6,0.2785551330368994,0.2899979834600207,0.042351446285567015,-0.039255734233028486,-2.302585092028661,0.26236426412400027,0.0,False,
14,3,Roshon Fegan,9,11,R2_Percent,0.09795923887013536,5,0.07721422862247734,7,0.4934336996800346,0.4604336970974069,0.05489527563481458,-0.032463494368027805,-2.2284771200205435,0.011049836097062116,0.0,False,
14,3,Sherri Sheperd,10,11,R2_Percent,0.01598202017337734,10,0.13956698529165898,2,-1.319653411363531,-0.8567046470395454,-0.09084375178980968,-0.07047041440427464,-4.462069333753829,0.26236426182399963,0.0,False,
14,3,William Levy,11,11,R2_Percent,0.18680699230338302,3,0.038770358666822824,10,1.1389581945540124,1.1665689953809502,0.05525452018142948,-0.028741126982200636,-2.1266944257970066,-0.08783816519811793,0.0,False,
14,4,Donald Driver,0,10,R2_Percent,0.19707021930921542,1,0.03970241985441058,10,1.0767329420901615,1.192914036492992,0.06993190862509181,-0.04164431382023945,-3.19526595682153,-0.19953368511753933,0.0,False,
14,4,Gavin DeGraw,1,10,R2_Percent,0.01836198532517398,9,0.15397490338824577,3,-1.296544653805246,-0.7705955776731197,-0.10049494805441804,-0.025514345624876672,-1.4460661040293,0.20259252091115876,0.0,False,
14,4,Gladys Knight,2,10,R2_Percent,0.026310531114926084,8,0.15931483509676084,2,-0.9368578846742908,-0.47074347129592037,-0.07034206541011362,-0.04305664119645094,-3.482948028459422,-0.3201616726237333,0.0,False,
14,4,Jaleel White,4,10,R2_Percent,0.033746947531976816,7,0.142598057292701,4,-0.6879371965997344,-0.3324925084914211,-0.048013170844044266,-0.031567063465740605,-1.2613320007811049,0.5857775627251431,0.0,False,
14,4,Katherine Jenkins,5,10,R2_Percent,0.1937141423455233,3,0.04442170158114258,9,1.0595564130094928,1.1942837207811903,0.07465026363650505,-0.04128104377196275,-2.8469592632126277,0.005672165040433441,0.0,False,
14,4,Maria Menounos,6,10,R2_Percent,0.14737392159925744,4,0.05768444464241187,7,0.7861458751070773,0.7705381106262349,0.07753796370665093,-0.030267302102148678,-2.183665046696838,-0.05697062089983129,0.0,False,
14,4,Melissa Gilbert,8,10,R2_Percent,0.07757942391359426,6,0.10529094761330639,5,0.14447506994548964,0.2899979834600207,0.009990186593864617,-0.026530341836372224,-3.115223249412737,-0.8126381573840762,0.0,False,
14,4,Roshon Fegan,9,10,R2_Percent,0.09725721667271581,5,0.08159550880840884,6,0.3705320208458151,0.4604336970974069,0.027778652373071817,-0.029938058223813853,-2.502118777482418,-0.2736416574618743,0.0,False,
14,4,Sherri Sheperd,10,10,R2_Percent,0.013814617408302822,10,0.16862057451138587,1,-1.5810999022730594,-0.8567046470395454,-0.11293530146104425,-0.06350489946933623,-4.58156031061642,-0.11949097686259158,0.0,True,True
14,4,William Levy,11,10,R2_Percent,0.19477099477931398,2,0.046796607211226304,8,1.064997316354294,1.1665689953809502,0.07188933378138956,-0.029475298662687943,-2.278975226412375,-0.15228080061536842,0.0,False,
14,5,Donald Driver,0,9,R2_Percent,0.20546933433261375,1,0.04510781469321169,7,0.9753888909546854,1.192914036492992,0.09678666934376741,-0.05293267752296445,-2.3834371886401056,0.8118287681814245,0.0,False,
14,5,Gavin DeGraw,1,9,R2_Percent,0.016268506133876617,9,0.21387124772976884,1,-1.5606768073893669,-0.7705955776731197,-0.12730676613333106,-0.021153502452584176,-1.415853162797979,0.03021294123132101,0.0,True,True
14,5,Gladys Knight,2,9,R2_Percent,0.022976066433337244,8,0.18610065663216663,2,-1.2154548229029452,-0.47074347129592037,-0.10446566366656657,-0.05414795533132077,-3.025291073884079,0.45765695457534283,0.0,False,
14,5,Jaleel White,4,9,R2_Percent,0.031193121425662666,7,0.16528101037055926,3,-0.9097103038048924,-0.3324925084914211,-0.08296635644922871,-0.010849036415738821,-2.149822337631846,-0.8884903368507411,0.0,False,
14,5,Katherine Jenkins,5,9,R2_Percent,0.20319343231396203,3,0.04307840414021979,8,0.9642504867047429,1.1942837207811903,0.09213139349781073,-0.04357563900699092,-2.555287445373344,0.29167181783928386,0.0,False,
14,5,Maria Menounos,6,9,R2_Percent,0.15203701267715664,4,0.06528647306543914,6,0.6742160884711735,0.7705381106262349,0.07309479213020276,-0.030330384724298744,-2.3321438942041337,-0.14847884750729579,0.0,False,
14,5,Melissa Gilbert,8,9,R2_Percent,0.07137063260943731,6,0.13731924823776387,4,-0.08202143044355117,0.2899979834600207,-0.03187592107370143,-0.05153678448116386,-2.3321438942041337,0.7830793552086033,0.0,False,
14,5,Roshon Fegan,9,9,R2_Percent,0.09311886833913001,5,0.10122692847918731,5,0.18396892400607162,0.4604336970974069,-0.0003766183581331152,-0.039094851141053245,-2.149822337631846,0.3522964398505719,0.0,False,
14,5,William Levy,11,9,R2_Percent,0.2043730257348238,2,0.04272821665168343,9,0.9700389744040822,1.1665689953809502,0.08495384785972564,-0.03366145380465161,-2.192381951969845,0.08659327444253018,0.0,False,
14,6,Donald Driver,0,8,R2_Percent,0.22019309586525546,1,0.050702272357089476,6,0.8930850500525785,1.192914036492992,0.11946907452598382,-0.034014099561493503,-2.436116484416783,-0.05267929577667729,0.0,False,
14,6,Gladys Knight,2,8,R2_Percent,0.01943777534088914,8,0.2659511521903524,1,-1.5342014645305726,-0.47074347129592037,-0.14314510321821736,-0.045829544080240155,-2.7725887207522812,0.2527023531317978,0.0,True,True
14,6,Jaleel White,4,8,R2_Percent,0.026828817497844784,7,0.17830810978673164,2,-1.2119432302294344,-0.3324925084914211,-0.12457086794066839,-0.035821182688630375,-1.5786662532949982,0.5711560843368477,0.0,False,
14,6,Katherine Jenkins,5,8,R2_Percent,0.21762826413480593,2,0.045133172029500686,8,0.8813685770547951,1.1942837207811903,0.11823028197475992,-0.03425465602986839,-2.87794923613233,-0.32266179075898593,0.0,False,
14,6,Maria Menounos,6,8,R2_Percent,0.1510836448572197,4,0.0910546537428033,5,0.516413803081518,0.7705381106262349,0.05938459107734732,-0.04069467310896964,-1.4916548763457724,0.8404890178583613,0.0,False,
14,6,Melissa Gilbert,8,8,R2_Percent,0.06255700119459402,6,0.16801019352626909,3,-0.36534165959824777,0.2899979834600207,-0.09512813730626792,-0.03156548341326361,-2.5902671641249935,-0.25812326992085977,0.0,False,
14,6,Roshon Fegan,9,8,R2_Percent,0.08495255884839345,5,0.15182103517340564,4,-0.05932685033561866,0.4604336970974069,-0.045943852729622786,-0.03384004750450308,-1.8170772765709986,0.33274506106084734,0.0,False,
14,6,William Levy,11,8,R2_Percent,0.21731884226099762,3,0.04901941119384775,7,0.8799457745049818,1.1665689953809502,0.11180714906953666,-0.03262871269685733,-2.079441540842336,0.11294041112750897,0.0,False,
14,7,Donald Driver,0,7,R2_Percent,0.23791231537350507,1,0.05991782446797457,6,0.8021104786707762,1.192914036492992,0.14771701130826187,-0.04004589810125046,-1.8545603698195008,0.5815561145972821,0.0,False,
14,7,Jaleel White,4,7,R2_Percent,0.022522360442475665,7,0.27619067782593326,1,-1.5552830911519622,-0.3324925084914211,-0.16593275691709616,-0.020526524733303825,-1.8545603698195008,-0.2758941165245026,0.0,True,True
14,7,Katherine Jenkins,5,7,R2_Percent,0.23623012866184043,2,0.059487107612146636,7,0.7950147470360638,1.1942837207811903,0.1580835815711542,-0.04673466047639977,-2.2600254776082207,0.6179237585241091,0.0,False,
14,7,Maria Menounos,6,7,R2_Percent,0.14571559802129283,4,0.10516378944842673,4,0.3118650588949839,0.7705381106262349,0.015935986967336523,-0.01854575956200159,-1.8545603698195008,-0.36290549347372836,0.0,False,
14,7,Melissa Gilbert,8,7,R2_Percent,0.05050770875716477,6,0.24539333160800975,2,-0.7476657310275243,0.2899979834600207,-0.17062429646377547,-0.03867069360366137,-2.4423470343105085,0.147920129814485,0.0,False,
14,7,Roshon Fegan,9,7,R2_Percent,0.0716705739173389,5,0.19289614343347267,3,-0.39771144656571966,0.4604336970974069,-0.12835148427769938,-0.027234770980892664,-1.7004096900835124,0.11666758648748621,0.0,False,
14,7,William Levy,11,7,R2_Percent,0.23544131482638242,3,0.060951125604036385,5,0.7916699841433825,1.1665689953809502,0.14324783932503993,-0.03192639315282612,-1.8545603698195008,0.2248811710228351,0.0,False,
14,8,Donald Driver,0,6,R2_Percent,0.2614859640401746,1,0.06732308378441816,5,0.7095339486443066,1.192914036492992,0.17796666789936905,-0.02732895905630359,-1.791759468628055,0.06280090119144588,0.0,False,
14,8,Katherine Jenkins,5,6,R2_Percent,0.26131525365427516,2,0.06740265580128449,4,0.7088808882221467,1.1942837207811903,0.18966023019927694,-0.03318983242354788,-2.1972245765362195,0.0628009010720012,0.0,False,
14,8,Maria Menounos,6,6,R2_Percent,0.12948503647288537,4,0.17507528659248336,3,0.006718667369865872,0.7705381106262349,-0.03710301886826587,-0.029719524171738586,-1.504077396276274,0.3504829735432269,0.0,False,
14,8,Melissa Gilbert,8,6,R2_Percent,0.03667705044421762,6,0.3471407136036956,1,-1.2546954276558786,0.2899979834600207,-0.27308520067059494,-0.03734028035525034,-2.1972245765362195,0.24512245777428898,0.0,True,True
14,8,Roshon Fegan,9,6,R2_Percent,0.05434685397435319,5,0.27634733496081815,2,-0.861459931286236,0.4604336970974069,-0.2279985452155635,-0.026210370446567842,-1.504077396276274,0.1963322938072385,0.0,True,False
14,8,William Levy,11,6,R2_Percent,0.25668984141409396,3,0.0667109252573003,6,0.6910218547057955,1.1665689953809502,0.17104108324696468,-0.02732895905630359,-1.791759468628055,0.06280090119144588,0.0,False,
14,9,Donald Driver,0,4,R2_Percent,0.3052491691502133,2,0.13801759805572505,4,0.3127414049922056,1.192914036492992,0.13704601909370484,-0.02926864407239549,-1.3862943606823905,0.40546510794566437,0.0,False,
14,9,Katherine Jenkins,5,4,R2_Percent,0.30620047842433595,1,0.1412997721088326,2,0.31585305955109,1.1942837207811903,0.14804090289556224,-0.03664456337272351,-1.6094379120091005,0.587786664527119,0.0,False,
14,9,Maria Menounos,6,4,R2_Percent,0.08865418021987866,4,0.5817017230487247,1,-0.9236438005192398,0.7705381106262349,-0.4201925079904886,-0.025807322112510855,-1.0147308043895629,0.48934659188671104,0.0,True,True
14,9,William Levy,11,4,R2_Percent,0.2998961722055721,3,0.13898090678671757,3,0.2950493359759444,1.1665689953809502,0.1360398881413057,-0.026878078956821996,-1.6739764330508382,0.1177830355772167,0.0,False,
14,10,Donald Driver,0,3,R2_Percent,0.3355999428098929,2,0.3307866668487846,2,0.006840556767970962,1.192914036492992,0.0,-0.024386517878851724,-0.8630462171026806,0.52324814357971,0.0,False,
14,10,Katherine Jenkins,5,3,R2_Percent,0.33635739202899223,1,0.3206685018296925,3,0.009095014009953828,1.1942837207811903,0.0,-0.025118196141888927,-1.3862943607667657,0.22314355124233476,0.0,False,
14,10,William Levy,11,3,R2_Percent,0.3280426651611148,3,0.3485448313215228,1,-0.01593557077792479,1.1665689953809502,0.0,-0.02884707961933107,-1.1143606453158619,0.5596157877349763,0.0,False,
15,1,Apolo Anton Ohno,0,13,R2_Percent,0.13560856501435584,4,0.04571088080163003,10,0.9928318255949381,0.9814670839373003,0.0906070258855621,-0.07079676701020847,-4.897839786550912,0.0,0.0,False,
15,1,Bristol Palin,1,13,R2_Percent,0.02310163123449484,9,0.10599600593387705,3,-0.7770374804928518,-0.686865215325243,-0.04684854175921349,-0.034878206190679335,-2.4129331490462445,0.0,0.0,False,
15,1,Drew Lachey,2,13,R2_Percent,0.017082045896281112,11,0.10510955651991936,4,-1.0789127473976639,-0.9467173881208715,-0.08108060731535989,-0.042669234743716755,-2.9519296489813125,0.0,0.0,False,
15,1,Emmitt Smith,3,13,R2_Percent,0.1002982365100213,5,0.05482273925877899,9,0.691207400920705,0.6375677907828897,0.0947351329050076,-0.032650005549476425,-2.25878246937851,0.0,0.0,False,
15,1,Gilles Marini,4,13,R2_Percent,0.06501449289066542,6,0.0708642899192212,8,0.2576695008514762,0.2452322480832436,0.0635520047296653,-0.042669234743716755,-2.9519296489813125,0.0,0.0,False,
15,1,Helio Castroneves,5,13,R2_Percent,0.018617886830077705,10,0.10399843215307508,5,-0.9928179355854501,-0.8729688182039899,-0.07388999197463444,-0.03751360818910987,-2.595254705616866,0.0,0.0,False,
15,1,Joey Fatone,6,13,R2_Percent,0.015489369607860582,12,0.10896747767794804,2,-1.1767867548552007,-1.0319439098370748,-0.09736076577988977,-0.0390365620205202,-2.700615221125803,0.0,0.0,False,
15,1,Kelly Monaco,7,13,R2_Percent,0.17709878141414218,1,0.034735221418732594,13,1.259766952247407,1.2755909986404355,0.0375189062073012,-0.0448974353826138,-3.106080328489523,0.0,0.0,False,
15,1,Kirstie Alley,8,13,R2_Percent,0.05695926429980313,7,0.08491353757886663,7,0.12539563919610006,0.10042606680472393,0.0641349399685854,-0.030719850359493383,-2.12525107687363,0.0,0.0,False,
15,1,Melissa Rycroft,9,13,R2_Percent,0.17645212518843745,2,0.03533032270428882,12,1.2561088824490874,1.2702809150999415,0.036942719310578506,-0.042669234743716755,-2.9519296489813125,0.0,0.0,False,
15,1,Pamela Anderson,10,13,R2_Percent,0.013752780940096722,13,0.1203802628119175,1,-1.2956996578876696,-1.1434659933051772,-0.11767144769454606,-0.026116699670230736,-1.8067973459835045,0.0,0.0,True,True
15,1,Sabrina Bryan,11,13,R2_Percent,0.03119689528128553,8,0.09297296190858624,6,-0.4766221320905309,-0.41532880753070284,-0.007950371959498326,-0.0448974353826138,-3.106080328489523,0.0,0.0,False,
15,1,Shawn Johnson,12,13,R2_Percent,0.16932792489247828,3,0.03619831131315835,11,1.2148965070496531,1.2157393786248958,0.03744618574900212,-0.029843540106528812,-2.0646264551064597,0.0,0.0,False,
15,2,Apolo Anton Ohno,0,12,R2_Percent,0.13937548915671366,4,0.049129289670838405,9,0.9377678800029992,0.9814670839373003,0.08736033080665255,-0.07342496930297168,-4.581560310514032,0.3162794760368799,0.0,False,
15,2,Bristol Palin,1,12,R2_Percent,0.021283720114870175,9,0.13091683982390356,1,-0.94146130522704,-0.686865215325243,-0.06621318611886726,-0.036527661335076414,-2.2144367052022065,0.19849644384403797,0.0,False,
15,2,Drew Lachey,2,12,R2_Percent,0.015129440749701645,11,0.12203746329792953,3,-1.2827612077398536,-0.9467173881208715,-0.09878644145049598,-0.04640704909343593,-2.502118777380029,0.4498108716012834,0.0,False,
15,2,Emmitt Smith,3,12,R2_Percent,0.10680975107367438,5,0.06471147888086573,8,0.6716454526964581,0.6375677907828897,0.08550201576744654,-0.033018507611459434,-2.2144367052022065,0.044345764176303426,0.0,False,
15,2,Gilles Marini,4,12,R2_Percent,0.06592358136854769,6,0.0796499154987388,7,0.18909244128880393,0.2452322480832436,0.047245797696221885,-0.04674626952185007,-2.4612967829486077,0.49063286603270484,0.0,False,
15,2,Helio Castroneves,5,12,R2_Percent,0.01680978832810883,10,0.11912403914067453,4,-1.1774424165306434,-0.8729688182039899,-0.09188709149979185,-0.03319280136400748,-3.115223249310348,-0.5199685436934822,0.0,False,
15,2,Joey Fatone,6,12,R2_Percent,0.013527340267049963,12,0.1233978810922572,2,-1.3946909294017744,-1.0319439098370748,-0.11587752141283833,-0.0442830079836239,-2.069254695782962,0.6313605253428412,0.0,True,False
15,2,Kelly Monaco,7,12,R2_Percent,0.17942027968844065,1,0.03964796147305044,10,1.1903272131277387,1.2755909986404355,0.04679361854205815,-0.04919316032203406,-2.5891301543041285,0.5169501741853946,0.0,False,
15,2,Kirstie Alley,8,12,R2_Percent,0.058256651667813054,7,0.09402043969891746,6,0.06545450579873656,0.10042606680472393,0.04247245371850496,-0.0324339731169568,-1.9189724928064082,0.20627858406722188,0.0,False,
15,2,Melissa Rycroft,9,12,R2_Percent,0.17935115296851942,2,0.0382029001320618,11,1.1899418607028551,1.2702809150999415,0.04500869673863931,-0.04401648398055157,-2.7898008494248656,0.16212879955644688,0.0,False,
15,2,Sabrina Bryan,11,12,R2_Percent,0.02964144136331283,8,0.10110532097709703,5,-0.6102303436126115,-0.41532880753070284,-0.0256880137847379,-0.04415632541388704,-3.195265956719141,-0.08918562822961773,0.0,False,
15,2,Shawn Johnson,12,12,R2_Percent,0.1744713632532478,3,0.038056470313665464,12,1.1623568488943317,1.2157393786248958,0.044178674549620836,-0.02859865489388491,-2.2144367052022065,-0.14981025009574678,0.0,False,
15,3,Apolo Anton Ohno,0,11,R2_Percent,0.1426567562712019,4,0.05635613092389923,8,0.8615669885138436,0.9814670839373003,0.08509180969541352,-0.06715430771105388,-4.469732206390188,0.11182810412384381,0.0,False,
15,3,Bristol Palin,1,11,R2_Percent,0.019104109748979407,9,0.14277864879093247,2,-1.1489709685877885,-0.686865215325243,-0.09013329464984475,-0.03843431815726031,-1.4412101181626684,0.7732265870395381,0.0,False,
15,3,Drew Lachey,2,11,R2_Percent,0.013264662636547582,11,0.1432177476345787,1,-1.5137708959329623,-0.9467173881208715,-0.11844923327652902,-0.039487185332125835,-2.1026086001419046,0.39951017723812443,0.0,True,True
15,3,Emmitt Smith,3,11,R2_Percent,0.11070361686772164,5,0.07118190983926441,7,0.6079820612810893,0.6375677907828897,0.06875371675996983,-0.0326744407494843,-2.1343572984935815,0.08007940670862501,0.0,False,
15,3,Gilles Marini,4,11,R2_Percent,0.06580176058323135,6,0.09591817829693158,6,0.08777214395914364,0.2452322480832436,0.026573963097621212,-0.03465228449130047,-2.5726122288776403,-0.11131544592903264,0.0,False,
15,3,Helio Castroneves,5,11,R2_Percent,0.014886539989299718,10,0.13642944412124428,3,-1.3984170023419729,-0.8729688182039899,-0.1118525314898746,-0.0337739673227298,-4.469732206390188,-1.3545089570798399,0.0,True,False
15,3,Kelly Monaco,7,11,R2_Percent,0.18466792887653954,1,0.0405954254600943,11,1.119684782529089,1.2755909986404355,0.05620906697730498,-0.03570807309920143,-2.79575577997685,-0.20662562567272147,0.0,False,
15,3,Kirstie Alley,8,11,R2_Percent,0.05799302207311234,7,0.10509499018057716,5,-0.03855175637380885,0.10042606680472393,0.015863583910641896,-0.02510257535426641,-2.2361399927164274,-0.31716749991001914,0.0,False,
15,3,Melissa Rycroft,9,11,R2_Percent,0.18424417679207164,2,0.040714633544349836,10,1.1173874750440618,1.2702809150999415,0.05682955799637311,-0.03788566375948364,-3.0834378518202974,-0.2936370023954318,0.0,False,
15,3,Sabrina Bryan,11,11,R2_Percent,0.02751636403180464,8,0.12501259330496414,4,-0.7840935671991682,-0.41532880753070284,-0.04501903098316926,-0.045600803477890625,-3.265759408277585,-0.07049345155844433,0.0,False,
15,3,Shawn Johnson,12,11,R2_Percent,0.17916106212949015,3,0.042700297903163764,9,1.0894107391084737,1.2157393786248958,0.056265821865886245,-0.03577127792308006,-1.7616820134390891,0.45275469176311733,0.0,False,
15,4,Apolo Anton Ohno,0,9,R2_Percent,0.14499604432643157,4,0.07900332627377349,6,0.5682714448865503,0.9814670839373003,0.06234266441688658,-0.06672874013705218,-4.214593683597159,0.25513852279302895,0.0,False,
15,4,Bristol Palin,1,9,R2_Percent,0.017104635626258816,9,0.2019968553116405,1,-1.5690855006290727,-0.686865215325243,-0.13676275179946468,-0.01910021328845261,-1.6496443323817758,-0.20843421421910735,0.0,True,True
15,4,Emmitt Smith,3,9,R2_Percent,0.1103905844549188,5,0.09718934432585298,5,0.29558982781699294,0.6375677907828897,0.01599652241039304,-0.03297161447166215,-1.879218773924208,0.25513852456937336,0.0,False,
15,4,Gilles Marini,4,9,R2_Percent,0.062164355114368734,6,0.12584319293870763,4,-0.2786532500769695,0.2452322480832436,-0.04134212208359182,-0.03888022035718465,-2.368766998849705,0.2038452300279352,0.0,False,
15,4,Kelly Monaco,7,9,R2_Percent,0.1977411236260063,1,0.051415907301514324,8,0.8785237021387855,1.2755909986404355,0.08657625181467582,-0.04142231397252244,-2.674148647895248,0.12160713208160212,0.0,False,
15,4,Kirstie Alley,8,9,R2_Percent,0.05403448056177378,7,0.16332770396706242,3,-0.41881264494137804,0.10042606680472393,-0.05619487030738389,-0.036531211205768306,-1.7296870400119362,0.5064529527044912,0.0,False,
15,4,Melissa Rycroft,9,9,R2_Percent,0.1960996446712237,2,0.05256588620509408,7,0.8701879045686816,1.2702809150999415,0.08668795217495348,-0.04735541644206538,-2.7482566200857828,0.33518123173451464,0.0,False,
15,4,Sabrina Bryan,11,9,R2_Percent,0.024772422884801713,8,0.1776587216210408,2,-1.1987039626441098,-0.41532880753070284,-0.09518290428840144,-0.0484501646423812,-3.11598139944016,0.14977800883742498,0.0,False,
15,4,Shawn Johnson,12,9,R2_Percent,0.19269670873421677,3,0.05099906205531388,9,0.8526824788805201,1.2157393786248958,0.07811356997673642,-0.026395576157094123,-1.6496443323817758,0.11203768105731338,0.0,False,
15,5,Apolo Anton Ohno,0,8,R2_Percent,0.1420954055914864,4,0.09668804378646924,5,0.38434348752896785,0.9814670839373003,0.03905200632637402,-0.061340428243558336,-4.164077893798261,0.05051578979889815,0.0,False,
15,5,Emmitt Smith,3,8,R2_Percent,0.10440624393384713,5,0.12647777115432343,4,0.0761342666245676,0.6375677907828897,-0.024092598928801518,-0.02859178050812277,-1.7073421265731477,0.17187664735106045,0.0,False,
15,5,Gilles Marini,4,8,R2_Percent,0.05556042953734434,6,0.17596333659361268,3,-0.5546839659210541,0.2452322480832436,-0.085766174571291,-0.03660085170163666,-2.084636357747592,0.28413064110211295,0.0,False,
15,5,Kelly Monaco,7,8,R2_Percent,0.211093759027255,1,0.06483758999223602,6,0.7801471755277436,1.2755909986404355,0.11010458444422506,-0.04567943505987236,-1.8287029838242352,0.8454456640710126,0.0,False,
15,5,Kirstie Alley,8,8,R2_Percent,0.04735290976689073,7,0.19821191312839592,2,-0.7145269447767968,0.10042606680472393,-0.11676888696909639,-0.024946895402850656,-1.7363296640100132,-0.006642623998077024,0.0,False,
15,5,Melissa Rycroft,9,8,R2_Percent,0.21051645462574153,2,0.0602224170274584,8,0.7774086044797812,1.2702809150999415,0.10776915232633799,-0.03796479665167636,-2.9601050940756584,-0.2118484739898756,0.0,False,
15,5,Sabrina Bryan,11,8,R2_Percent,0.02131917160502361,8,0.2161724859944006,1,-1.5125484715873494,-0.41532880753070284,-0.13175070471695283,-0.04712784835153132,-2.8647949142558793,0.2511864851842809,0.0,False,
15,5,Shawn Johnson,12,8,R2_Percent,0.20765562591241127,3,0.06142644232310381,7,0.7637258481241397,1.2157393786248958,0.1017496978124179,-0.02545400637446415,-1.4560276987004954,0.19361663368128035,0.0,False,
15,6,Apolo Anton Ohno,0,8,R2_Percent,0.13578661014266644,4,0.0947329085786479,5,0.395098943357984,0.9814670839373003,0.04191781927365036,-0.06027702527760517,-4.153661132954261,0.010416760843999562,0.0,False,
15,6,Emmitt Smith,3,8,R2_Percent,0.09641279737186996,5,0.13847273781647665,4,0.05265327855361274,0.6375677907828897,-0.02600296196128634,-0.02402101138962603,-1.7865375245611868,-0.0791953979880391,0.0,False,
15,6,Gilles Marini,4,8,R2_Percent,0.0483428083584245,6,0.18729409815798898,3,-0.6376681975302385,0.2452322480832436,-0.09245749221425177,-0.03425378464205061,-1.5887117813696483,0.49592457637794385,0.0,False,
15,6,Kelly Monaco,7,8,R2_Percent,0.22445545781525578,1,0.05622507881601222,7,0.8976916142568366,1.2755909986404355,0.11863450602322648,-0.02287811216011172,-2.2565411534300472,-0.427838169605812,0.0,False,
15,6,Kirstie Alley,8,8,R2_Percent,0.04036061099921826,7,0.19793002754935,2,-0.8181313329695508,0.10042606680472393,-0.12578537012622684,-0.022629551727198178,-2.0333976023968376,-0.29706793838682444,0.0,False,
15,6,Melissa Rycroft,9,8,R2_Percent,0.21831902844563975,3,0.054341074690513594,8,0.869971759178879,1.2702809150999415,0.11601455168645919,-0.04505414947464964,-2.687324069135194,0.2727810249404645,0.0,False,
15,6,Sabrina Bryan,11,8,R2_Percent,0.017921899879929173,8,0.21414128981406436,1,-1.6299622450598537,-0.41532880753070284,-0.1418589691964535,-0.04070428616812139,-2.9496883331849926,-0.08489341892911328,0.0,True,True
15,6,Shawn Johnson,12,8,R2_Percent,0.21840078698699603,2,0.05686278457694621,6,0.8703461802123301,1.2157393786248958,0.10980232431281184,-0.021840632800850888,-1.3604531296926972,0.09557456900779826,0.0,False,
15,7,Apolo Anton Ohno,0,7,R2_Percent,0.12620618901331343,4,0.13367270910946646,4,0.14181344116267589,0.9814670839373003,0.005516907753518798,-0.057477099573106774,-4.462069333603829,-0.3084082006495672,0.0,False,
15,7,Emmitt Smith,3,7,R2_Percent,0.08357910743691015,5,0.17199556824692738,3,-0.2703099712359402,0.6375677907828897,-0.09801643620244352,-0.023516760864038273,-2.064174068684246,-0.27763654412305905,0.0,False,
15,7,Gilles Marini,4,7,R2_Percent,0.040683276989599795,6,0.2381465425697528,2,-0.9902864258160313,0.2452322480832436,-0.15823397026694236,-0.014425818820231133,-2.6162426504563747,-1.0275308690867264,0.0,False,
15,7,Kelly Monaco,7,7,R2_Percent,0.24398258790100213,1,0.054306864562406236,5,0.8009933126335302,1.2755909986404355,0.1501086387600914,-0.030460247910468877,-2.5161591919770863,-0.259618038547039,0.0,False,
15,7,Kirstie Alley,8,7,R2_Percent,0.032228555937117646,7,0.29549448744299683,1,-1.223250659157949,0.10042606680472393,-0.18866496491998055,-0.03906521227254264,-0.869333748562672,1.1640638538341657,0.0,False,
15,7,Melissa Rycroft,9,7,R2_Percent,0.2362628606007279,3,0.05257762189159093,7,0.7688414522455589,1.2702809150999415,0.15049909859334715,-0.036897466972351196,-2.9216242993947747,-0.2343002302595809,0.0,False,
15,7,Shawn Johnson,12,7,R2_Percent,0.2370574221213289,2,0.053806206176859356,6,0.7721988501681558,1.2157393786248958,0.13946403850287956,-0.018922416980222845,-1.4498077665029985,-0.08935463681030131,0.0,False,
15,8,Apolo Anton Ohno,0,7,R2_Percent,0.11383811431713224,4,0.13536428160481837,4,0.1189181901009121,0.9814670839373003,0.005927875722129143,-0.06505974582090424,-4.394449146523056,0.06762018708077289,0.0,False,
15,8,Emmitt Smith,3,7,R2_Percent,0.07017209586979274,5,0.18453500094940753,3,-0.3649084619400346,0.6375677907828897,-0.10560784999869761,-0.030143202937515153,-2.027325539700814,0.036848528983431716,0.0,False,
15,8,Gilles Marini,4,7,R2_Percent,0.03255888709718649,6,0.23755230836726826,2,-1.1328088387291828,0.2452322480832436,-0.1703325447268837,-0.036950857013561475,-2.7204727195951346,-0.10423006913875987,0.0,True,False
15,8,Kelly Monaco,7,7,R2_Percent,0.25753759261147857,1,0.05174986812037629,7,0.93530650095484,1.2755909986404355,0.16169974974793463,-0.03731878303958351,-2.402018988873759,0.1141402031033274,0.0,False,
15,8,Kirstie Alley,8,7,R2_Percent,0.02572615180397066,7,0.28396244419586036,1,-1.3683511447788108,0.10042606680472393,-0.20286029673762015,-0.01335347629549297,-0.7745625718683926,0.09477117669427937,0.0,True,True
15,8,Melissa Rycroft,9,7,R2_Percent,0.2487554503033319,3,0.051899917743370654,6,0.9006110873482974,1.2702809150999415,0.16208057629662798,-0.04217726839442804,-2.928112084037321,-0.006487784642546401,0.0,False,
15,8,Shawn Johnson,12,7,R2_Percent,0.2514117079971073,2,0.054936179018898426,5,0.9112326670439787,1.2157393786248958,0.15032995580682712,-0.0189905123458556,-1.6863989529808459,-0.23659118647784738,0.0,False,
15,9,Apolo Anton Ohno,0,5,R2_Percent,0.08769633241122557,4,0.3161629645366661,2,-0.6000185017254253,0.9814670839373003,-0.2154925902551769,-0.0685287967714181,-3.7917368351127916,0.6027123114102642,0.0,True,False
15,9,Emmitt Smith,3,5,R2_Percent,0.05007692846264525,5,0.44391292922200853,1,-1.1603381882207187,0.6375677907828897,-0.331936185745496,-0.03866081291413141,-0.9013650814036642,1.1259604582971499,0.0,True,True
15,9,Kelly Monaco,7,5,R2_Percent,0.2960118858605652,1,0.08051261383496597,4,0.6165010279354857,1.2755909986404355,0.19308427080370155,-0.03934226241559251,-1.8458266898574787,0.5561922990162802,0.0,False,
15,9,Melissa Rycroft,9,5,R2_Percent,0.28315394709328895,2,0.08109261303221148,3,0.572092151883375,1.2702809150999415,0.19096993886308375,-0.0490587762590815,-2.1177604052057037,0.8103516788316174,0.0,False,
15,9,Shawn Johnson,12,5,R2_Percent,0.2830609061722751,3,0.07831887937414786,5,0.5717635101272831,1.2157393786248958,0.16385195413127104,-0.02819563279590164,-1.226787481743563,0.45961147123728296,0.0,False,
15,10,Kelly Monaco,7,3,R2_Percent,0.34291696730687077,1,0.31207643016983233,3,0.028557306927119108,1.2755909986404355,0.0,-0.0302177407219492,-1.4201959123472963,0.4256307775101824,0.0,False,
15,10,Melissa Rycroft,9,3,R2_Percent,0.3270123507708728,3,0.34230672201684287,2,-0.018933092985226718,1.2702809150999415,0.0,-0.03611655918581835,-1.455287232213985,0.6624731729917188,0.0,False,
15,10,Shawn Johnson,12,3,R2_Percent,0.3300706819222564,2,0.34561684781332475,1,-0.009624213941892168,1.2157393786248958,0.0,-0.022572685122574078,-0.644357016200037,0.5824304655435258,0.0,False,
16,1,Alexandra Raisman,0,12,R2_Percent,0.16772605733294269,1,0.03950430369614666,12,1.0154840715383597,0.9750507513979351,0.04535824514616898,-0.035303374849967296,-2.4423470342192046,0.0,0.0,False,
16,1,Andy Dick,1,12,R2_Percent,0.04348457530094268,8,0.10531700276108664,5,-0.33444168142865044,-0.3256117211404328,0.002888722544432985,-0.04209713267687352,-2.91235066277494,0.0,0.0,False,
16,1,D. L. Hughley,2,12,R2_Percent,0.024149023790488035,10,0.1400292607502318,1,-0.9226040093307432,-0.8203750431978215,-0.05722712454421857,-0.075380291432926,-5.214935739208986,0.0,0.0,False,
16,1,Dorothy Hamill,3,12,R2_Percent,0.059605357193945094,7,0.08347604671414013,7,-0.019102510021919792,-6.465787547905793e-13,6.310768255019345e-14,-0.049480959865559226,-3.423176285314264,0.0,0.0,False,
16,1,Ingo Rademacher,4,12,R2_Percent,0.1051263482153492,5,0.06278963348769567,8,0.5483149772311599,0.48431187904266515,0.07192938631598313,-0.038304737971711356,-2.6499863987320644,0.0,0.0,False,
16,1,Jacoby Jones,5,12,R2_Percent,0.16393927691580226,2,0.04179718846711876,10,0.9926481306933291,0.9579332855029039,0.04505584870412499,-0.04071945335792274,-2.817040483137888,0.0,0.0,False,
16,1,Kellie Pickler,6,12,R2_Percent,0.1574922807173991,3,0.04240316823181985,9,0.9525284798883081,0.9195650696640355,0.04204669105969732,-0.039461730679647554,-2.730029106287652,0.0,0.0,False,
16,1,Lisa Vanderpump,7,12,R2_Percent,0.01954720338287151,11,0.12058983330292433,3,-1.1340157391288492,-1.0391422264661834,-0.08315482983001525,-0.04209713267687352,-2.91235066277494,0.0,0.0,False,
16,1,Sean Lowe,8,12,R2_Percent,0.06061211446956399,6,0.08806070654089847,6,-0.002353184023325631,-0.051426884304769556,0.03351537202628734,-0.014820121589066317,-1.0252810153037721,0.0,0.0,False,
16,1,Victor Ortiz,9,12,R2_Percent,0.028071030432869022,9,0.11368297521295223,4,-0.7721098667577747,-0.7238462093547092,-0.04140857720798332,-0.03723353003930504,-2.5758784266794414,0.0,0.0,False,
16,1,Wynonna Judd,10,12,R2_Percent,0.017467722839532806,12,0.12233756094808242,2,-1.2464931971152249,-1.1261755391093091,-0.09857974599178633,-0.052116361858352424,-3.605497841494885,0.0,0.0,False,
16,1,Zendaya,11,12,R2_Percent,0.15277900940829361,4,0.040012319886902986,11,0.9221445284553312,0.8842242218794328,0.03961976021377174,-0.0320779034820963,-2.2192034831349945,0.0,0.0,False,
16,2,Alexandra Raisman,0,12,R2_Percent,0.17320487912385685,1,0.035779258664525616,12,1.0860042287060951,0.9750507513979351,0.0489735400266418,-0.015838931487013347,-4.7847100879064275,-2.342363053687223,0.0,False,
16,2,Andy Dick,1,12,R2_Percent,0.0419384531385192,8,0.09939611259111353,6,-0.3322677954178017,-0.3256117211404328,0.003115284806757659,-0.04187665229195207,-2.938883407537921,-0.026532744762981064,0.0,False,
16,2,D. L. Hughley,2,12,R2_Percent,0.021176956387681366,10,0.12853608410735773,1,-1.0155573098263193,-0.8203750431978215,-0.0616631361059424,-0.0789553575653458,-4.7847100879064275,0.43022565130255863,0.0,False,
16,2,Dorothy Hamill,3,12,R2_Percent,0.05683067375535137,7,0.10332297650624257,5,-0.028394726619560676,-6.465787547905793e-13,6.305884704597723e-14,-0.05096766683818371,-3.2442650562902307,0.17891122902403334,0.0,False,
16,2,Ingo Rademacher,4,12,R2_Percent,0.10965085921952375,5,0.0622134630407502,8,0.6288303733660373,0.48431187904266515,0.07757880108251712,-0.03275061446504505,-3.3183730283950514,-0.668386629662987,0.0,False,
16,2,Jacoby Jones,5,12,R2_Percent,0.1653794386318389,2,0.03885652773429767,9,1.0397715243878913,0.9579332855029039,0.0485834804327194,-0.039257684628728015,-2.9929506286505942,-0.17591014551270634,0.0,False,
16,2,Kellie Pickler,6,12,R2_Percent,0.15792663174506774,3,0.03757615090115483,11,0.9936596316499096,0.9195650696640355,0.04526540251622364,-0.042058049685220006,-2.417586484588352,0.3124426216992999,0.0,False,
16,2,Lisa Vanderpump,7,12,R2_Percent,0.01717961750426172,11,0.12485482934563022,3,-1.2247472851909698,-1.0391422264661834,-0.08959878285968478,-0.04826795332593402,-2.169750320717384,0.742600342057556,0.0,False,
16,2,Sean Lowe,8,12,R2_Percent,0.06186836647449388,6,0.08659190405941576,7,0.056538069162058016,-0.051426884304769556,0.036080452762491354,-0.013952158739378483,-1.1297321970391492,-0.10445118173537704,0.0,False,
16,2,Victor Ortiz,9,12,R2_Percent,0.025999259932202496,9,0.11746300744376482,4,-0.8104028640162141,-0.7238462093547092,-0.04463039324456428,-0.03743928393120709,-2.5511178771195713,0.02476054955987017,0.0,False,
16,2,Wynonna Judd,10,12,R2_Percent,0.014991910063536534,12,0.12675926282454808,2,-1.3609602109721328,-1.1261755391093091,-0.10622912815555867,-0.05720647396235552,-2.9929506286505942,0.6125472128442908,0.0,False,
16,2,Zendaya,11,12,R2_Percent,0.15385295402366628,4,0.03865042278119883,10,0.9675263647710073,0.8842242218794328,0.04259266097740125,-0.034777450481719444,-1.8943383413121144,0.32486514182288007,0.0,False,
16,3,Alexandra Raisman,0,11,R2_Percent,0.17895175275582967,1,0.04067069218112373,9,1.0910285454234314,0.9750507513979351,0.05247892212494592,-0.07876703529215813,-3.6287755262244668,1.1559345616819607,0.0,False,
16,3,Andy Dick,1,11,R2_Percent,0.043140203991920804,7,0.1206015776624577,4,-0.3316323168560479,-0.3256117211404328,0.003356302922592007,-0.04250770406168923,-2.935628347547855,0.0032550599900660337,0.0,False,
16,3,D. L. Hughley,2,11,R2_Percent,0.02004137175695917,9,0.15008725228569395,2,-1.098288961588515,-0.8203750431978215,-0.066465090603337,-0.06963784565166574,-4.727387807359244,0.0573222805471838,0.0,False,
16,3,Ingo Rademacher,4,11,R2_Percent,0.12042845635538559,5,0.06467370356459541,7,0.6949681670068936,0.48431187904266515,0.0835061318860968,-0.046262214122533014,-3.523415011043307,-0.20504198264825568,0.0,False,
16,3,Jacoby Jones,5,11,R2_Percent,0.1775658773190472,2,0.03759112789499673,11,1.0832539934771535,0.9579332855029039,0.05229558561682425,-0.042223468082421826,-3.117949903965143,-0.1249992753145488,0.0,False,
16,3,Kellie Pickler,6,11,R2_Percent,0.17037180495546358,3,0.040690198091650295,8,1.0418954504195845,0.9195650696640355,0.04887128071111514,-0.034603790296572526,-2.4587042761374307,-0.041117791549078575,0.0,False,
16,3,Lisa Vanderpump,7,11,R2_Percent,0.016402575385164004,10,0.13284331461309642,3,-1.2986493282265132,-1.0391422264661834,-0.09654757835594262,-0.030035655836738222,-2.3294925448336,-0.1597422241162163,0.0,False,
16,3,Sean Lowe,8,11,R2_Percent,0.06708415177162143,6,0.09354803044714938,6,0.10986014146986073,-0.051426884304769556,0.03895124112015629,-0.01715693916012776,-1.030209561533091,0.09952263550605811,0.0,False,
16,3,Victor Ortiz,9,11,R2_Percent,0.02569740734798539,8,0.11744425857812392,5,-0.8496975809976295,-0.7238462093547092,-0.04810275749782908,-0.036736139077434705,-2.567903567963563,-0.01678569084399184,0.0,False,
16,3,Wynonna Judd,10,11,R2_Percent,0.01394642494087636,11,0.16123071853513965,1,-1.4608644876253687,-1.1261755391093091,-0.114478989158301,-0.04165015480681369,-3.1869427752192374,-0.19399214656864316,0.0,True,True
16,3,Zendaya,11,11,R2_Percent,0.1663699734197469,4,0.0406191261459727,10,1.0181263774971507,0.8842242218794328,0.04616642888202256,-0.02887128494277939,-1.7151262427622385,0.17921209854987596,0.0,False,
16,4,Alexandra Raisman,0,10,R2_Percent,0.1836915421213951,1,0.04147842456977401,10,0.9957089593293342,0.9750507513979351,0.06128911461949032,-0.044147574960821265,-4.628235448682497,-0.9994599224580298,0.0,False,
16,4,Andy Dick,1,10,R2_Percent,0.0408023266454778,7,0.13418951274934993,4,-0.5088098846234165,-0.3256117211404328,-0.029800312722774745,-0.04370682033343864,-2.7824087668543416,0.15321958069351327,0.0,False,
16,4,D. L. Hughley,2,10,R2_Percent,0.01768982756957734,9,0.157461647270764,3,-1.344559229246661,-0.8203750431978215,-0.09303445557268908,-0.06915686707335149,-4.628235448682497,0.0991523586767471,0.0,False,
16,4,Ingo Rademacher,4,10,R2_Percent,0.12243587218538707,5,0.07170790826990592,6,0.5900384105185386,0.48431187904266515,0.06425304790453855,-0.049899544427810485,-3.6474062019416036,-0.12399119089829647,0.0,False,
16,4,Jacoby Jones,5,10,R2_Percent,0.18245874557411842,2,0.04589594727547916,8,0.9889751057882656,0.9579332855029039,0.06671271742085952,-0.047857268258653246,-2.7824087668543416,0.33554113711080147,0.0,False,
16,4,Kellie Pickler,6,10,R2_Percent,0.17498257682825574,3,0.04543700196595764,9,0.9471374179535053,0.9195650696640355,0.05740204647877103,-0.03924121250077322,-2.013275679886949,0.4454285962504816,0.0,False,
16,4,Lisa Vanderpump,7,10,R2_Percent,0.014613116433423886,10,0.1764688643208374,1,-1.5356294787738842,-1.0391422264661834,-0.1187463814269692,-0.03282850629049157,-2.4310108804425736,-0.1015183356089735,0.0,True,True
16,4,Sean Lowe,8,10,R2_Percent,0.06709398197494779,6,0.11537835738906195,5,-0.011454637484242969,-0.051426884304769556,0.008203205424445175,-0.013792065881512949,-1.1624995557963118,-0.13228999426322074,0.0,False,
16,4,Victor Ortiz,9,10,R2_Percent,0.02363508744834584,8,0.16578904748699064,2,-1.0548166258425675,-0.7238462093547092,-0.07095179340239847,-0.039131318634965356,-2.325650364898451,0.2422532030651121,0.0,False,
16,4,Zendaya,11,10,R2_Percent,0.17259692321907127,4,0.0461932887018793,7,0.9334099623811285,0.8842242218794328,0.054651817835356185,-0.025615553062449566,-1.6159738830712842,0.09915235969095426,0.0,False,
16,5,Alexandra Raisman,0,9,R2_Percent,0.18686760763005464,2,0.05178375282180666,6,0.8695679777159914,0.9750507513979351,0.07886898756439241,-0.06884242418826643,-4.394449146658858,0.23378630202363837,0.0,False,
16,5,Andy Dick,1,9,R2_Percent,0.03736658808637263,7,0.18370247012930552,3,-0.7400554693579202,-0.3256117211404328,-0.06717927101630042,-0.042587801770650316,-2.497329168607977,0.28507959824636453,0.0,False,
16,5,D. L. Hughley,2,9,R2_Percent,0.015349040580341419,9,0.21393445329963962,1,-1.6297794386435804,-0.8203750431978215,-0.11946929242483753,-0.06884242418826643,-4.394449146658858,0.23378630202363837,0.0,True,True
16,5,Ingo Rademacher,4,9,R2_Percent,0.12074236626622002,5,0.09341647411966464,5,0.43282666339284137,0.48431187904266515,0.04072905002193199,-0.05564358641999631,-3.2958368633907487,0.3515693385508549,0.0,False,
16,5,Jacoby Jones,5,9,R2_Percent,0.19056338806096584,1,0.048832454356507154,8,0.8891524771319842,0.9579332855029039,0.07671703916448754,-0.03962392338134631,-2.8540041120045667,-0.07159534515022514,0.0,False,
16,5,Kellie Pickler,6,9,R2_Percent,0.1834873606133928,3,0.04961286849417062,7,0.851313377817232,0.9195650696640355,0.06743567329973223,-0.02659396456175484,-2.3150076120665224,-0.3017319321795733,0.0,False,
16,5,Sean Lowe,8,9,R2_Percent,0.06387281701925042,6,0.12536846221813036,4,-0.20393853569805093,-0.051426884304769556,-0.036265400323794536,-0.01865926446104745,-0.9391845514653747,0.2233150043309371,0.0,False,
16,5,Victor Ortiz,9,9,R2_Percent,0.021261696798687172,8,0.18594155646306357,2,-1.3039252262935395,-0.7238462093547092,-0.104233716358833,-0.03404421941080999,-2.2741856176267676,0.051464747271683375,0.0,False,
16,5,Zendaya,11,9,R2_Percent,0.18048913494471508,4,0.04740750809771182,9,0.8348381739350422,0.8842242218794328,0.06330004053332958,-0.023648709932476832,-1.5810384373128223,0.03493544575846186,0.0,False,
16,6,Alexandra Raisman,0,8,R2_Percent,0.19198751565395375,3,0.06071366629170301,7,0.7217250549720876,0.9750507513979351,0.09012842000859955,-0.06501496352594781,-4.2145936836119375,0.17985546304692068,0.0,False,
16,6,Andy Dick,1,8,R2_Percent,0.032776192039009534,7,0.21551568223898246,2,-1.0460028929435443,-0.3256117211404328,-0.12062467358446421,-0.0346287996215792,-2.6741486479100263,-0.17681947930204922,0.0,False,
16,6,Ingo Rademacher,4,8,R2_Percent,0.11476561923068147,5,0.11565806004756238,4,0.2071866626718907,0.48431187904266515,-0.003027235740463263,-0.045765548746418035,-3.5214465064353253,-0.22560964304457665,0.0,False,
16,6,Jacoby Jones,5,8,R2_Percent,0.20030981963829292,1,0.06517410701975039,5,0.7641599738186131,0.9579332855029039,0.09393008306792948,-0.043321617842101014,-2.60515577659117,0.2488483354133968,0.0,False,
16,6,Kellie Pickler,6,8,R2_Percent,0.19269505734527312,2,0.05823952584772832,8,0.7254036333057525,0.9195650696640355,0.08229606083980072,-0.032566710899940454,-2.422834220022771,-0.10782660795624865,0.0,False,
16,6,Sean Lowe,8,8,R2_Percent,0.058285885627644175,6,0.17096421336123338,3,-0.47034532727147227,-0.051426884304769556,-0.0844261494019624,-0.012412966147227474,-1.079099474155251,-0.13991492268987638,0.0,False,
16,6,Victor Ortiz,9,8,R2_Percent,0.01851878946525992,8,0.251326260494981,1,-1.6169194288711086,-0.7238462093547092,-0.14020724705748047,-0.03402798621700693,-2.1351521478529345,0.13903346977383313,0.0,True,True
16,6,Zendaya,11,8,R2_Percent,0.19066112099988525,4,0.06240848469805897,6,0.7147923243177813,0.8842242218794328,0.08194012800381387,-0.02498750418777392,-1.3242219321065132,0.25681650520630916,0.0,False,
16,7,Alexandra Raisman,0,7,R2_Percent,0.20015118976410368,4,0.06080157790765172,7,0.5654806655444639,0.9750507513979351,0.10327526327187335,-0.06173725546330958,-4.116323462802108,0.09827022080982939,0.0,False,
16,7,Andy Dick,1,7,R2_Percent,0.027228472934861955,7,0.3536349424924231,1,-1.4293291393730347,-0.3256117211404328,-0.1791547138854811,-0.04004390975982458,-2.5068855552746743,0.167263092635352,0.0,True,True
16,7,Ingo Rademacher,4,7,R2_Percent,0.10255717240071878,5,0.15542613154963414,3,-0.1031719416422024,0.48431187904266515,-0.06257307411701017,-0.051718026306770505,-3.4231762853088292,0.09827022112649608,0.0,False,
16,7,Jacoby Jones,5,7,R2_Percent,0.21165689808542978,1,0.06776414199994342,4,0.6213741941434072,0.9579332855029039,0.09927608371563107,-0.039988371688852845,-2.324563998685164,0.2805917779060061,0.0,False,
16,7,Kellie Pickler,6,7,R2_Percent,0.20463516596556772,2,0.0659837019908382,5,0.5876363511742806,0.9195650696640355,0.10056545160440193,-0.03628720866608822,-2.270496777521321,0.15233744250144987,0.0,False,
16,7,Sean Lowe,8,7,R2_Percent,0.049747415129342214,6,0.23257167921665717,2,-0.8266338591830695,-0.051426884304769556,-0.1532204557794954,-0.01721759600286521,-0.8842024172066935,0.19489705694855763,0.0,False,
16,7,Zendaya,11,7,R2_Percent,0.204023685719976,3,0.06381782484285221,6,0.5846437293361547,0.8842242218794328,0.09248296220315748,-0.018804125520788154,-1.364788155289237,-0.04056622318272374,0.0,False,
16,8,Alexandra Raisman,0,6,R2_Percent,0.21073387880892433,4,0.08957289953812504,3,0.40506467468998,0.9750507513979351,0.11482290913527683,-0.0696363999618428,-2.8965256216717017,1.2197978411304065,0.0,False,
16,8,Ingo Rademacher,4,6,R2_Percent,0.08495205052568677,5,0.2555469743321409,2,-0.5034444390267382,0.48431187904266515,-0.16276160933721218,-0.044728103740906265,-3.995137906717589,-0.57196162140876,0.0,False,
16,8,Jacoby Jones,5,6,R2_Percent,0.2249980768085332,1,0.0887078485064867,4,0.4705604297664475,0.9579332855029039,0.09669438503430595,-0.03664478408340999,-1.9582559841377085,0.3663080145474553,0.0,False,
16,8,Kellie Pickler,6,6,R2_Percent,0.2195409182149384,3,0.08617337358239299,5,0.44600720581599873,0.9195650696640355,0.10246996186585133,-0.03290209669496204,-2.260536855745169,0.009959921776152125,0.0,False,
16,8,Sean Lowe,8,6,R2_Percent,0.039581793994406166,6,0.399752755011586,1,-1.2671621599557215,-0.051426884304769556,-0.24904305951284247,-0.012228998191952714,-0.9506154741687695,-0.066413056962076,0.0,True,True
16,8,Zendaya,11,6,R2_Percent,0.22019328164751095,2,0.08024614902926831,6,0.44897428871003375,0.8842242218794328,0.09876800964841528,-0.02090956258671446,-1.2225491895715581,0.1422389657176788,0.0,False,
16,9,Alexandra Raisman,0,5,R2_Percent,0.2274164917744154,4,0.12845062515595995,3,0.23958878060939565,0.9750507513979351,0.08767646509856626,-0.037225407267553474,-3.455264599776291,-0.5587389781045893,0.0,False,
16,9,Ingo Rademacher,4,5,R2_Percent,0.06033550324115428,5,0.4966946671752081,1,-1.0872736139978207,0.48431187904266515,-0.3300104133367637,-0.06799457686564006,-2.762117420799679,1.2330204859179101,0.0,True,True
16,9,Jacoby Jones,5,5,R2_Percent,0.23854251933788642,2,0.11893262125673136,5,0.2873532513132109,0.9579332855029039,0.06895285544821846,-0.030280320621008258,-1.7206635469372038,0.2375924372005047,0.0,False,
16,9,Kellie Pickler,6,5,R2_Percent,0.23388515176994132,3,0.12587907054896294,4,0.26763586920003735,0.9195650696640355,0.08214037387329821,-0.03763654697630419,-1.6635051331871247,0.5970317225580444,0.0,False,
16,9,Zendaya,11,5,R2_Percent,0.2398203338766025,1,0.13004301586313763,2,0.2926957128751769,0.8842242218794328,0.092018454074613,-0.022661557971510045,-0.622051258700467,0.6004979308710912,0.0,False,
16,10,Alexandra Raisman,0,4,R2_Percent,0.23784021358232574,4,0.27519596504336696,1,-0.049357266005095074,0.9750507513979351,0.0,-0.04977166059546188,-3.4760986866225583,-0.020834086846267308,0.0,False,
16,10,Jacoby Jones,5,4,R2_Percent,0.2550284071596437,2,0.259224898562753,2,0.020418596876923545,0.9579332855029039,0.0,-0.023085148851892254,-1.9356536481444573,-0.21499010120725348,0.0,False,
16,10,Kellie Pickler,6,4,R2_Percent,0.24852994931015826,3,0.24089789063792744,3,-0.005392984065469508,0.9195650696640355,0.0,-0.02783544701734926,-1.2074151481685618,0.4560899850185629,0.0,False,
16,10,Zendaya,11,4,R2_Percent,0.2586014299478724,1,0.22468124575595264,4,0.0343316531936409,0.8842242218794328,0.0,-0.008818433552042315,-0.6428853456094796,-0.020834086909012672,0.0,False,
17,1,Amber Riley,0,12,R2_Percent,0.16277001621916543,3,0.03695529788503892,12,1.0417861897396963,1.010160082416484,0.047635931735749155,-0.03829351102569331,-2.649209699664991,0.0,0.0,False,
17,1,Bill Engvall,1,12,R2_Percent,0.1796690583918394,1,0.04193166513940352,9,1.140564522857841,1.1128801665675567,0.04592238134292285,-0.04052171166579491,-2.8033603792565347,0.0,0.0,False,
17,1,Bill Nye,2,12,R2_Percent,0.01849864137491082,11,0.14250708911408247,1,-1.132854781114911,-1.0354293664289027,-0.08920661882952018,-0.030502482469644498,-2.11021319952159,0.0,0.0,False,
17,1,Brant Daugherty,3,12,R2_Percent,0.044681813496239065,7,0.09577274771018049,6,-0.2509855093849989,-0.2531050811644376,0.014496723467172965,-0.03466083830089068,-2.3978952716983706,0.0,0.0,False,
17,1,Christina Milian,4,12,R2_Percent,0.02319563065264533,9,0.11112476606314335,4,-0.9065881443108911,-0.8316438873307161,-0.05670623192753641,-0.04052171166579491,-2.8033603792565347,0.0,0.0,False,
17,1,Corbin Bleu,5,12,R2_Percent,0.15705578313664437,4,0.04169319731801777,10,1.0060489775363042,0.9718297142875699,0.04369578178442846,-0.03176020514885048,-2.1972245764362195,0.0,0.0,False,
17,1,Elizabeth Berkley Lauren,6,12,R2_Percent,0.07187200316162948,6,0.07517165073240123,7,0.22433473179731073,0.17881673091733083,0.054994519415674,-0.03176020514885048,-2.1972245764362195,0.0,0.0,False,
17,1,Jack Osbourne,7,12,R2_Percent,0.1663375045617591,2,0.04017086427714642,11,1.0634668129861882,1.033901785782055,0.04780305225677184,-0.04052171166579491,-2.8033603792565347,0.0,0.0,False,
17,1,Keyshawn Johnson,8,12,R2_Percent,0.016119541657664178,12,0.1335886451337137,2,-1.2705197677815216,-1.1459550653622157,-0.10855487800676913,-0.03829351102569331,-2.649209699664991,0.0,0.0,False,
17,1,Leah Remini,9,12,R2_Percent,0.10453790454417482,5,0.06502869491951882,8,0.5989976572391869,0.5208065019426937,0.08054907778410193,-0.02464160910076522,-1.7047480916884252,0.0,0.0,False,
17,1,"Nicole ""Snooki"" Polizzi",10,12,R2_Percent,0.03379388592174756,8,0.10051314026067226,5,-0.5302721750710925,-0.47436708831509206,-0.01176773003360778,-0.06642104333554909,-4.59511984023459,0.0,0.0,False,
17,1,Valerie Harper,11,12,R2_Percent,0.021468216881580477,10,0.11554224144668103,3,-0.9839785144931119,-0.894343109171007,-0.06876197827257774,-0.043157113662683606,-2.9856819357204896,0.0,0.0,False,
17,2,Amber Riley,0,12,R2_Percent,0.16378111948007534,3,0.040554709418347254,9,1.088588444835767,1.010160082416484,0.05133366136664792,-0.038570883901100396,-2.615830477699409,0.033379221965582406,0.0,False,
17,2,Bill Engvall,1,12,R2_Percent,0.18060198564561095,1,0.03902876541052767,12,1.186353181387701,1.1128801665675567,0.04939870238985417,-0.037933547497474615,-3.1148216428387747,-0.31146126358224,0.0,False,
17,2,Bill Nye,2,12,R2_Percent,0.01634439167986614,11,0.13495572937219538,1,-1.216057632272506,-1.0354293664289027,-0.09611504315334037,-0.03042619573383793,-2.119393592102443,-0.009180392580853347,0.0,False,
17,2,Brant Daugherty,3,12,R2_Percent,0.04390536722814382,7,0.09540734255782511,6,-0.22790588132007203,-0.2531050811644376,0.015617395382457116,-0.028703361843727494,-3.1148216428387747,-0.7169263711404041,0.0,False,
17,2,Christina Milian,4,12,R2_Percent,0.020986509171090725,9,0.10613560134338487,5,-0.9660626433914443,-0.8316438873307161,-0.06111694705403248,-0.040076042050330364,-2.8569925341529854,-0.05363215489645068,0.0,False,
17,2,Corbin Bleu,5,12,R2_Percent,0.15892241231733034,4,0.039815058749963834,10,1.0584736560255608,0.9718297142875699,0.04714534894153967,-0.028573296169331373,-2.5807391578651093,-0.38351458142888983,0.0,False,
17,2,Elizabeth Berkley Lauren,6,12,R2_Percent,0.07409153165058653,6,0.07349761452429346,7,0.295358788802947,0.17881673091733083,0.05922643653507862,-0.021240865716556805,-3.4631283362270886,-1.265903759790869,0.0,False,
17,2,Jack Osbourne,7,12,R2_Percent,0.16717099968321253,2,0.039614505695806886,11,1.1090747844860185,1.033901785782055,0.05149602315174563,-0.040076042050330364,-2.8569925341529854,-0.05363215489645068,0.0,False,
17,2,Keyshawn Johnson,8,12,R2_Percent,0.013843250765156214,12,0.13378582139771905,2,-1.3821446497656527,-1.1459550653622157,-0.11698261206747186,-0.03993620061741663,-2.4515274265796694,0.19768227308532182,0.0,True,False
17,2,Leah Remini,9,12,R2_Percent,0.11017264613531898,5,0.058768157343685984,8,0.6921061914692201,0.5208065019426937,0.08686834822555312,-0.0244440100445438,-1.7285272833203547,-0.02377919163192943,0.0,False,
17,2,"Nicole ""Snooki"" Polizzi",10,12,R2_Percent,0.031281377941582734,8,0.1125670087475796,4,-0.5669194877024596,-0.47436708831509206,-0.012686068976839616,-0.06430785111919406,-4.8494226877719795,-0.25430284753738963,0.0,False,
17,2,Valerie Harper,11,12,R2_Percent,0.018898408302025556,10,0.12586968543867078,3,-1.07086475255508,-0.894343109171007,-0.0741081027524499,-0.05555520771621368,-1.49368769239162,1.4919942433288695,0.0,False,
17,3,Amber Riley,0,11,R2_Percent,0.16858326720736452,3,0.04587482589079498,9,1.0152597854821992,1.010160082416484,0.056188761365689954,-0.039952243034532355,-2.3581549430782,0.25767553462120896,0.0,False,
17,3,Bill Engvall,1,11,R2_Percent,0.1845029552480056,1,0.0410897589415221,11,1.1054954713041942,1.1128801665675567,0.05686590398341852,-0.048515497896210666,-2.694627179276556,0.4201944635622188,0.0,False,
17,3,Bill Nye,2,11,R2_Percent,0.01449926090783635,11,0.1655376143205308,1,-1.4380723333984105,-1.0354293664289027,-0.11896474186373587,-0.03215131304702243,-1.9369414783340393,0.18245211376840387,0.0,True,True
17,3,Brant Daugherty,3,11,R2_Percent,0.04227056870811934,7,0.10134603958479789,5,-0.3680789409859202,-0.2531050811644376,-0.007116985490458578,-0.04732636615213044,-2.8377280227664596,0.2770936200723151,0.0,False,
17,3,Christina Milian,4,11,R2_Percent,0.01903850436094516,9,0.12229456498363016,3,-1.165706535846029,-0.8316438873307161,-0.07958685177958583,-0.04582873146554959,-2.3116349275368138,0.5453576066161716,0.0,False,
17,3,Corbin Bleu,5,11,R2_Percent,0.16243268699135688,4,0.04534068371817851,10,0.9780936723994145,0.9718297142875699,0.05293453537906046,-0.043157361215892434,-1.8763168568837807,0.7044223009813286,0.0,False,
17,3,Elizabeth Berkley Lauren,6,11,R2_Percent,0.07457887911703245,6,0.08556291982704253,6,0.19968733571511377,0.17881673091733083,0.03971052044253013,-0.04307048319340072,-4.304065085790656,-0.8409367495635673,0.0,False,
17,3,Jack Osbourne,7,11,R2_Percent,0.1716122669791065,2,0.04742873794741748,8,1.0330676607386227,1.033901785782055,0.05793397986392501,-0.04461049374925426,-2.458238401576536,0.3987541325764492,0.0,False,
17,3,Leah Remini,9,11,R2_Percent,0.11624215298960056,5,0.06589714841037794,7,0.6435055313719595,0.5208065019426937,0.07410425960950756,-0.02644782465365273,-1.5525297794636008,0.17599750385675383,0.0,False,
17,3,"Nicole ""Snooki"" Polizzi",10,11,R2_Percent,0.028711794464136988,8,0.11752288564351612,4,-0.754862014368002,-0.47436708831509206,-0.036068807603813556,-0.07462869621094073,-4.304065085790656,0.5453576019813235,0.0,False,
17,3,Valerie Harper,11,11,R2_Percent,0.01752766302649557,10,0.16210482073219162,2,-1.2483896324131427,-0.894343109171007,-0.09590816625232698,-0.010422161441807198,-2.8377280227664596,-1.3440403303748396,0.0,False,
17,4,Amber Riley,0,10,R2_Percent,0.1744089159781416,3,0.04754853907888081,10,0.9327526788976427,1.010160082416484,0.060033815194042196,-0.03245366316238507,-2.5546399865108276,-0.19648504343262774,0.0,False,
17,4,Bill Engvall,1,10,R2_Percent,0.19138133453345582,1,0.05037466248112567,8,1.0256179985412133,1.1128801665675567,0.06942347741213445,-0.04011326481379662,-2.5546399865108276,0.13998719276572835,0.0,False,
17,4,Brant Daugherty,3,10,R2_Percent,0.03992508038600044,7,0.14366760978082715,4,-0.541645247474107,-0.2531050811644376,-0.031337477614443505,-0.04079356636868066,-2.8647949142558793,-0.027066891489419653,0.0,False,
17,4,Christina Milian,4,10,R2_Percent,0.017089505228152314,9,0.15414987744829145,2,-1.390185409246491,-0.8316438873307161,-0.1003947362819774,-0.03843549160218043,-1.7073421265731477,0.6042928009636661,0.0,False,
17,4,Corbin Bleu,5,10,R2_Percent,0.16874293323193143,4,0.04944976469868442,9,0.8997264967333177,0.9718297142875699,0.05753369525212763,-0.02572972097831474,-2.0438143632995036,-0.16749750641572292,0.0,False,
17,4,Elizabeth Berkley Lauren,6,10,R2_Percent,0.07127725071926119,6,0.09706483243623665,5,0.03792725726409871,0.17881673091733083,0.012840759546869035,-0.0633771945091453,-4.164077893798261,0.13998719199239495,0.0,False,
17,4,Jack Osbourne,7,10,R2_Percent,0.17555547391935647,2,0.05149099898090611,7,0.9393051286700217,1.033901785782055,0.05918504319557274,-0.043287883353653696,-1.525020570156812,0.9332178314197241,0.0,False,
17,4,Leah Remini,9,10,R2_Percent,0.12016837551382187,5,0.07554002228124045,6,0.5602439335995106,0.5208065019426937,0.0562133836487985,-0.020914009775236407,-1.7363296640100132,-0.18379988454641238,0.0,False,
17,4,"Nicole ""Snooki"" Polizzi",10,10,R2_Percent,0.02608384556765191,8,0.14484848706087727,3,-0.9673337760625856,-0.47436708831509206,-0.059586056805597795,-0.0633771945091453,-4.164077893798261,0.13998719199239495,0.0,False,
17,4,Valerie Harper,11,10,R2_Percent,0.015367284922227133,10,0.18586520575293003,1,-1.4964090609226208,-0.894343109171007,-0.12380917405856207,-0.0400015629283537,-2.9601050940756584,-0.12237707130919873,0.0,True,True
17,5,Amber Riley,0,9,R2_Percent,0.1794741775037591,3,0.06199341629093199,6,0.8214108017892238,1.010160082416484,0.07063171219367069,-0.04548510275671492,-1.5246966834883848,1.0299433030224427,0.0,False,
17,5,Bill Engvall,1,9,R2_Percent,0.19957176658705877,1,0.05721701542373203,9,0.9275533660349481,1.1128801665675567,0.07571355599291332,-0.03799979485139967,-2.4254832282633534,0.1291567582474742,0.0,False,
17,5,Brant Daugherty,3,9,R2_Percent,0.03630251663916567,7,0.1621093777734284,3,-0.776733470102487,-0.2531050811644376,-0.07093295809713267,-0.04288011719792654,-2.6878474924146905,0.17694742184118883,0.0,False,
17,5,Christina Milian,4,9,R2_Percent,0.015338235212347107,9,0.18197882294640677,1,-1.6382717933792814,-0.8316438873307161,-0.12582943429070456,-0.020436965015303902,-2.217843863682705,-0.5105017371095575,0.0,True,True
17,5,Corbin Bleu,5,9,R2_Percent,0.17486536197333588,4,0.06034205004629078,7,0.7953957797889489,0.9718297142875699,0.06467098052699527,-0.03213101358600063,-1.7323360481534078,0.3114783151460958,0.0,False,
17,5,Elizabeth Berkley Lauren,6,9,R2_Percent,0.06622203182246948,6,0.13573246185511492,4,-0.17560732331184478,0.17881673091733083,-0.019167488805146765,-0.06245285629887897,-3.8918202932106265,0.2722576005876345,0.0,False,
17,5,Jack Osbourne,7,9,R2_Percent,0.18487155040940104,2,0.0579879710038222,8,0.8510407239409598,1.033901785782055,0.06273571480806962,-0.015750218336156134,-2.2823823846965263,-0.7573618145397143,0.0,False,
17,5,Leah Remini,9,9,R2_Percent,0.12016805576683663,5,0.10512834354535293,5,0.4202706898967903,0.5208065019426937,0.03097330579793811,-0.026038715388345905,-1.623136756250883,0.11319290775913027,0.0,False,
17,5,"Nicole ""Snooki"" Polizzi",10,9,R2_Percent,0.023186304085626393,8,0.17751054111492004,2,-1.2250587746572574,-0.47436708831509206,-0.08872711061797035,-0.06245285629887897,-3.8918202932106265,0.2722576005876345,0.0,False,
17,6,Amber Riley,0,8,R2_Percent,0.19003255300821992,3,0.06503334924477516,8,0.7048611798199637,1.010160082416484,0.07766095008157331,-0.01669708315508297,-2.167548808417243,-0.6428521249288581,0.0,False,
17,6,Bill Engvall,1,8,R2_Percent,0.21077206301065549,1,0.07159544824351094,7,0.8084430701849444,1.1128801665675567,0.09269932337690924,-0.03404952080482372,-2.5470384297431994,-0.121555201479846,0.0,False,
17,6,Brant Daugherty,3,8,R2_Percent,0.031933719206080145,7,0.20010258006902468,2,-1.0786717293537404,-0.2531050811644376,-0.11256710179763184,-0.03598764915595347,-3.0325462445249,-0.3446987521102094,0.0,False,
17,6,Corbin Bleu,5,8,R2_Percent,0.1820915939725329,4,0.0798079682582707,5,0.6621756147803481,0.9718297142875699,0.07430575034485805,-0.02912503439362378,-1.2407867771510117,0.4915492710023961,0.0,False,
17,6,Elizabeth Berkley Lauren,6,8,R2_Percent,0.05895754022028054,6,0.1610778139425429,3,-0.4655166817424159,0.17881673091733083,-0.06908872528785243,-0.05524497187906927,-4.013375494203293,-0.12155520099266681,0.0,False,
17,6,Jack Osbourne,7,8,R2_Percent,0.1924050484920166,2,0.07431119022694942,6,0.717268568163704,1.033901785782055,0.0766829543061953,-0.03251734089806381,-2.339399065189955,-0.05701668049342867,0.0,False,
17,6,Leah Remini,9,8,R2_Percent,0.11366446754962897,5,0.12435687980002293,4,0.19091663207039072,0.5208065019426937,-0.017564150390805514,-0.027920126873591924,-1.0866360971945868,0.5365006590562962,0.0,False,
17,6,"Nicole ""Snooki"" Polizzi",10,8,R2_Percent,0.020143014540585615,8,0.22371477021490344,1,-1.5394766539231948,-0.47436708831509206,-0.12215062564804799,-0.05524497187906927,-4.013375494203293,-0.12155520099266681,0.0,False,
17,7,Amber Riley,0,8,R2_Percent,0.1945049087939511,3,0.0627488382513497,7,0.7796208832378773,1.010160082416484,0.08368756184419165,-0.032562848494990096,-2.0193376168656467,0.14821119155159623,0.0,False,
17,7,Bill Engvall,1,8,R2_Percent,0.21759667181041945,1,0.06155512590784744,8,0.8918067023586136,1.1128801665675567,0.09980332527275394,-0.0400125850353519,-2.1624384604673454,0.38459996927585394,0.0,False,
17,7,Brant Daugherty,3,8,R2_Percent,0.027221239134723213,7,0.20600755906323465,2,-1.1868389983792518,-0.2531050811644376,-0.12128136718125936,-0.04800919827607963,-2.5301632401294154,0.5023830043954844,0.0,False,
17,7,Corbin Bleu,5,8,R2_Percent,0.18906320511789765,4,0.06515665071335239,5,0.7512448602500934,0.9718297142875699,0.08013802054870622,-0.015017582326314368,-1.5918936022572578,-0.35110682510624613,0.0,False,
17,7,Elizabeth Berkley Lauren,6,8,R2_Percent,0.0513046439373172,6,0.1827511207180346,3,-0.5530552443438458,0.17881673091733083,-0.07439491796055402,-0.06120803608721435,-3.6287755262864136,0.38459996791687967,0.0,False,
17,7,Jack Osbourne,7,8,R2_Percent,0.19611500706207535,2,0.06402275080289027,6,0.7878647403554386,1.033901785782055,0.08261940219548967,-0.03647492315958674,-2.0193376168656467,0.3200614483243083,0.0,False,
17,7,Leah Remini,9,8,R2_Percent,0.10713005958225506,5,0.12614808460714208,4,0.18320708892477627,0.5208065019426937,-0.01886380160605187,-0.014252653321294629,-1.2616519155370887,-0.1750158183425019,0.0,False,
17,7,"Nicole ""Snooki"" Polizzi",10,8,R2_Percent,0.017064264561361047,8,0.23160986993614902,1,-1.6538500324037015,-0.47436708831509206,-0.13154909433361747,-0.06120803608721435,-3.6287755262864136,0.38459996791687967,0.0,True,True
17,8,Amber Riley,0,7,R2_Percent,0.20380220657915732,3,0.07709204268581661,4,0.6274910467831012,1.010160082416484,0.09642040618493705,-0.03018266240807393,-1.8997481066921094,0.11958951017353736,0.0,False,
17,8,Bill Engvall,1,7,R2_Percent,0.23234054722613523,1,0.0730894937042835,6,0.7585452702379025,1.1128801665675567,0.116690837876282,-0.030902628700640915,-2.2051297558805096,-0.04269129541316419,0.0,False,
17,8,Brant Daugherty,3,7,R2_Percent,0.022917447307155957,7,0.27941177013857255,1,-1.557760389515633,-0.2531050811644376,-0.1685996542181888,-0.034623411596119195,-2.7647455430820034,-0.23458230295258797,0.0,True,True
17,8,Corbin Bleu,5,7,R2_Percent,0.197504875191145,4,0.07492562725347225,5,0.5961043674223574,0.9718297142875699,0.08819204150087874,-0.024247685837591577,-1.4429897043888507,0.1489038978684072,0.0,False,
17,8,Elizabeth Berkley Lauren,6,7,R2_Percent,0.04306191453477116,6,0.2612229497223601,2,-0.9270199481540662,0.17881673091733083,-0.14023879432992634,-0.051482261317979776,-3.7455747935728962,-0.1167992672864826,0.0,False,
17,8,Jack Osbourne,7,7,R2_Percent,0.2047940657559609,2,0.07124024015168408,7,0.6323460158182856,1.033901785782055,0.09274647663707128,-0.0310143305849476,-1.7996646481461545,0.21967296871949227,0.0,False,
17,8,Leah Remini,9,7,R2_Percent,0.09557894340567429,5,0.16301787634381065,3,-0.12970636259194718,0.5208065019426937,-0.08499396227252594,-0.017266217903907605,-1.3784511832464879,-0.11679926770939919,0.0,False,
17,9,Amber Riley,0,6,R2_Percent,0.21397963717317292,3,0.10770018415122375,3,0.4539603332572873,1.010160082416484,0.09434016850549043,-0.026785079472618666,-1.981001468135118,-0.08125336144300865,0.0,False,
17,9,Bill Engvall,1,6,R2_Percent,0.2488143286672832,1,0.10313224868462319,4,0.6047864264723597,1.1128801665675567,0.12360929434577382,-0.03424069660085802,-1.9203768462400066,0.28475290964050304,0.0,False,
17,9,Corbin Bleu,5,6,R2_Percent,0.20778778655144908,4,0.09639244399381135,6,0.42459677807991564,0.9718297142875699,0.09050022388946552,-0.020421677654239842,-1.4954936525313016,-0.05250394814245096,0.0,False,
17,9,Elizabeth Berkley Lauren,6,6,R2_Percent,0.03342933435559964,6,0.3365845451859247,1,-1.4024867351954402,0.17881673091733083,-0.23159543608730357,-0.05489396833636658,-3.6549778985026227,0.09059689507027358,0.0,True,True
17,9,Jack Osbourne,7,6,R2_Percent,0.2177659340447884,2,0.0982240327725329,5,0.4715002650804327,1.033901785782055,0.10227627681969248,-0.023397123668389305,-2.1145328605221407,-0.3148682123759863,0.0,False,
17,9,Leah Remini,9,6,R2_Percent,0.07822297920770678,5,0.2579665452118842,2,-0.5523570676945553,0.5208065019426937,-0.1783324114540668,-0.02253219129302634,-1.064710736883463,0.3137404463630249,0.0,False,
17,10,Amber Riley,0,5,R2_Percent,0.22258304626430425,3,0.11925748377505872,5,0.22606507585319957,1.010160082416484,0.060106330359892206,-0.025449830313150013,-2.3642786607679174,-0.38327719263279936,0.0,False,
17,10,Bill Engvall,1,5,R2_Percent,0.26633867886812174,1,0.12827144194195905,4,0.4055335299876748,1.1128801665675567,0.09537656222649496,-0.02861138450138338,-1.817734954991235,0.10264189124877166,0.0,False,
17,10,Corbin Bleu,5,5,R2_Percent,0.221438918022683,4,0.13009731162695537,3,0.22091158856729487,0.9718297142875699,0.08137186317804217,-0.02185918439810641,-1.4663370682831707,0.029156584248130946,0.0,False,
17,10,Jack Osbourne,7,5,R2_Percent,0.2316133878869255,2,0.13123119010049544,2,0.2658343523498563,1.033901785782055,0.08854595151758222,-0.032106980380298175,-1.9289605899175581,0.1855722706045826,0.0,False,
17,10,Leah Remini,9,5,R2_Percent,0.05802596895796548,5,0.4911425725555314,1,-1.1183445467580255,0.5208065019426937,-0.32476625730597375,-0.01591970371685049,-1.0009738189877357,0.06373691789572722,0.0,True,True
17,11,Amber Riley,0,4,R2_Percent,0.23475501847240582,4,0.23558526280108194,4,-0.06015837862887213,1.010160082416484,0.0,-0.040447455861586726,-1.6094379119041005,0.7548407488638169,0.0,False,
17,11,Bill Engvall,1,4,R2_Percent,0.28214715264953044,1,0.24145062219650434,3,0.12372787831167015,1.1128801665675567,0.0,-0.030499488191024042,-1.3093333196333918,0.5084016353578431,0.0,False,
17,11,Corbin Bleu,5,4,R2_Percent,0.2372843896074985,3,0.2560316371829384,2,-0.049441496520007955,0.9718297142875699,0.0,-0.02218649992027304,-1.3470736475635323,0.11926342071963836,0.0,False,
17,11,Jack Osbourne,7,4,R2_Percent,0.24581343927056526,2,0.26693247781947527,1,-0.014128003162790115,1.033901785782055,0.0,-0.03303147735775793,-1.3093333196333918,0.6196272702841663,0.0,False,
18,1,Amy Purdy,0,12,R2_Percent,0.15695306484130228,3,0.04300225550142015,11,0.9908849207350194,0.9526705856271236,0.047547021234327705,-0.03961799914508793,-2.740840022375201,0.0,0.0,False,
18,1,Billy Dee Williams,1,12,R2_Percent,0.11814374184240636,5,0.07134251706608595,7,0.7068401444648886,0.6595720124108242,0.06339457600393338,-0.04641175696852502,-3.2108436506909364,0.0,0.0,False,
18,1,Candace Cameron Bure,2,12,R2_Percent,0.1618355013509032,1,0.040490101005958415,12,1.0215185057171454,0.9832510610849771,0.04760013075860031,-0.03961799914508793,-2.740840022375201,0.0,0.0,False,
18,1,Charlie White,3,12,R2_Percent,0.08495649311663461,6,0.06537938029706218,8,0.37707738990253187,0.30787710232368215,0.06265287113928825,-0.02373789657909459,-1.6422277347404246,0.0,0.0,False,
18,1,Cody Simpson,4,12,R2_Percent,0.021267706358228368,10,0.11592690174399083,3,-1.0078721010578255,-0.9372347785075782,-0.06300715395895899,-0.03791548160994425,-2.6230569868910396,0.0,0.0,False,
18,1,Danica McKellar,5,12,R2_Percent,0.04875043129380332,7,0.09091905612200653,6,-0.17834784540631657,-0.19889586978380472,0.021791636497158963,-0.03152892513832688,-2.181224235104064,0.0,0.0,False,
18,1,Diana Nyad,6,12,R2_Percent,0.014771605670933193,12,0.13476770917845282,1,-1.3723550875881037,-1.2278889728007158,-0.1251141994752852,-0.04963722833075868,-3.433987201385146,0.0,0.0,True,True
18,1,Drew Carey,7,12,R2_Percent,0.027077612136611025,9,0.1143390701764832,4,-0.7663546238235421,-0.7190618159135796,-0.03602996659501873,-0.04154815433359968,-2.874371414778295,0.0,0.0,False,
18,1,James Maslow,8,12,R2_Percent,0.15970913361556222,2,0.04566871903747154,9,1.008292356055022,0.975218809219189,0.049199990785702016,-0.04641175696852502,-3.2108436506909364,0.0,0.0,False,
18,1,Meryl Davis,9,12,R2_Percent,0.15527173059544955,4,0.043505470937543984,10,0.9801147927843648,0.9408211276937933,0.04692383368185972,-0.03791548160994425,-2.6230569868910396,0.0,0.0,False,
18,1,NeNe Leakes,10,12,R2_Percent,0.034159407765305336,8,0.10887117087127547,5,-0.5340238581745589,-0.5302930501256052,-0.011980742025318354,-0.0220353790422913,-1.5244446991414484,0.0,0.0,False,
18,1,Sean Avery,11,12,R2_Percent,0.01710357141286056,11,0.1257876480622487,2,-1.225774593608626,-1.1035274521837852,-0.10289522611273799,-0.04963722833075868,-3.433987201385146,0.0,0.0,False,
18,2,Amy Purdy,0,11,R2_Percent,0.16193082513341905,3,0.04791807780190978,9,0.9159408718516313,0.9526705856271236,0.05348562291145868,-0.039946058059477395,-2.7013612113879235,0.03947881098727768,0.0,False,
18,2,Billy Dee Williams,1,11,R2_Percent,0.11846895834543553,5,0.08355134190589986,6,0.6034226045294283,0.6595720124108242,0.036363879266160866,-0.050645426923582856,-2.7013612113879235,0.5094824393030128,0.0,False,
18,2,Candace Cameron Bure,2,11,R2_Percent,0.16678027839579568,1,0.050451550648893874,8,0.9454488810583945,0.9832510610849771,0.05769751711334893,-0.04527970118770184,-2.0595073257081604,0.6813326966670408,0.0,False,
18,2,Charlie White,3,11,R2_Percent,0.08881354741202549,6,0.07725216456710031,7,0.31531083246937697,0.30787710232368215,0.04964641696165854,-0.020696643199973858,-2.008214031872978,-0.3659862971325536,0.0,False,
18,2,Cody Simpson,4,11,R2_Percent,0.01924754686655553,10,0.13611763158018653,2,-1.213844749729152,-0.9372347785075782,-0.08318327616880339,-0.042149151568242886,-2.1135745471980267,0.5094824396930129,0.0,False,
18,2,Danica McKellar,5,11,R2_Percent,0.04826411775692327,7,0.10521638085024504,5,-0.29453998585319907,-0.19889586978380472,0.0007190249992278722,-0.0297005117867357,-2.401256619373882,-0.22003238426981797,0.0,False,
18,2,Drew Carey,7,11,R2_Percent,0.025033695348068014,9,0.1345371889159506,3,-0.9510056355336834,-0.7190618159135796,-0.057827811990913115,-0.04450087120832682,-2.5190396548923024,0.3553317598859924,0.0,False,
18,2,James Maslow,8,11,R2_Percent,0.16306664709066812,2,0.04621361660973387,11,0.922930628257107,0.975218809219189,0.05100632415923804,-0.048254861811028574,-2.9890432833930376,0.22180036729789876,0.0,False,
18,2,Meryl Davis,9,11,R2_Percent,0.16059389071926422,4,0.047011155668391175,10,0.9076503935970921,0.9408211276937933,0.05201128876187176,-0.03591430223309725,-2.863880140613934,-0.2408231537228942,0.0,False,
18,2,NeNe Leakes,10,11,R2_Percent,0.03300067504197674,8,0.12732113094384098,4,-0.6747003497640027,-0.5302930501256052,-0.03501970948453674,-0.020195559033631263,-1.745849767519718,-0.22140506837826956,0.0,False,
18,2,Sean Avery,11,11,R2_Percent,0.014799817889868488,11,0.14440976050784798,1,-1.4766134908829929,-1.1035274521837852,-0.12482769483993494,-0.04908976806285002,-3.499868905834584,-0.06588170444943797,0.0,True,True
18,3,Amy Purdy,0,9,R2_Percent,0.19045518740977385,2,0.05365891918730817,8,0.8756034054941805,0.9526705856271236,0.062070473906876526,-0.03502864311661798,-3.184974270737922,-0.4836130593499983,0.0,False,
18,3,Candace Cameron Bure,2,9,R2_Percent,0.19800203985725015,1,0.05566905784645102,6,0.9144638082448273,0.9832510610849771,0.06249402389919812,-0.026177076974093178,-2.49182709138631,-0.43231976567814945,0.0,False,
18,3,Charlie White,3,9,R2_Percent,0.10173856512488451,5,0.09913967258684592,5,0.24859291123636604,0.30787710232368215,0.029831769103693836,-0.025988161098321957,-2.3740440558641858,-0.36583002399120756,0.0,False,
18,3,Cody Simpson,4,9,R2_Percent,0.019442258380464532,9,0.17915211240680798,2,-1.4063645605865205,-0.9372347785075782,-0.1061222927429001,-0.03630298377932906,-1.421385680621801,0.6921888665762257,0.0,False,
18,3,Danica McKellar,5,9,R2_Percent,0.052354030124325726,6,0.13952587309421677,4,-0.41578460612476387,-0.19889586978380472,-0.02566868530885954,-0.03244176194791192,-2.6741486478885976,-0.2728920285147156,0.0,False,
18,3,Drew Carey,7,9,R2_Percent,0.025804501060099832,8,0.19160931399923142,1,-1.1232645883009424,-0.7190618159135796,-0.08341750278139409,-0.03552846055816656,-2.6253584838382134,-0.10631882894591094,0.0,False,
18,3,James Maslow,8,9,R2_Percent,0.18981428277615603,3,0.05389741380520877,7,0.8722326103569948,0.975218809219189,0.062174600481449835,-0.04661439896617849,-2.5788384683115457,0.41020481508149187,0.0,False,
18,3,Meryl Davis,9,9,R2_Percent,0.18766267245413704,4,0.051173527536253406,9,0.8608325309909839,0.9408211276937933,0.06193674011053676,-0.04111886045645504,-2.8972921989528073,-0.03341205833887351,0.0,False,
18,3,NeNe Leakes,10,9,R2_Percent,0.03472646281290839,7,0.17617410953767673,3,-0.8263115113111256,-0.5302930501256052,-0.06315949554553778,-0.028831162977601466,-1.3131720958812019,0.4326776716385161,0.0,False,
18,4,Amy Purdy,0,9,R2_Percent,0.19208728048725507,3,0.05332191099984568,7,0.9205410703417143,0.9526705856271236,0.06682402628410952,-0.048450459204502264,-2.8946361549858954,0.2903381157520264,0.0,False,
18,4,Candace Cameron Bure,2,9,R2_Percent,0.20222134588957985,1,0.057169090550103024,6,0.9719540849478325,0.9832510610849771,0.0673476108780897,-0.03582481519395068,-2.5151465338275507,-0.023319442441240845,0.0,False,
18,4,Charlie White,3,9,R2_Percent,0.10007530383515609,5,0.10316504180464871,5,0.2685141566842007,0.30787710232368215,0.032113910909248006,-0.03747539580450587,-1.9938496106128498,0.38019444525133594,0.0,False,
18,4,Cody Simpson,4,9,R2_Percent,0.017322486808851487,9,0.1916252257126722,1,-1.4854033112489617,-0.9372347785075782,-0.1143560359789076,-0.01949719518184741,-1.5475625080800555,-0.12617682745825443,0.0,False,
18,4,Danica McKellar,5,9,R2_Percent,0.049065463956787576,6,0.15029425972442217,4,-0.44425337868833764,-0.19889586978380472,-0.02767020480464881,-0.03743761900935388,-2.820528182812943,-0.1463795349243453,0.0,False,
18,4,Drew Carey,7,9,R2_Percent,0.022973158504502565,8,0.1758875216304528,2,-1.2030822713784595,-0.7190618159135796,-0.08987097610242727,-0.040082820130477634,-2.3685430597971586,0.25681542404105473,0.0,False,
18,4,James Maslow,8,9,R2_Percent,0.19415288431176625,2,0.051354674113465476,8,0.9312371279027417,0.975218809219189,0.06695035254327797,-0.03637754828263024,-2.6869967905321706,-0.10815832222062483,0.0,False,
18,4,Meryl Davis,9,9,R2_Percent,0.1900245056622229,4,0.04814077766287916,9,0.9097442567489076,0.9408211276937933,0.06674283893673269,-0.04460571594212148,-2.5692137549764813,0.328078443976326,0.0,False,
18,4,NeNe Leakes,10,9,R2_Percent,0.03207757054387814,7,0.16904149780151087,3,-0.8692517353096377,-0.5302930501256052,-0.06808270207265353,-0.01719832846004439,-1.5277598809930912,-0.21458778511188936,0.0,False,
18,5,Amy Purdy,0,9,R2_Percent,0.1942565302945932,3,0.051423076349471665,7,0.9716281430786066,0.9526705856271236,0.07195070966636029,-0.04279059055125534,-2.7803708612132314,0.11426529377266403,0.0,False,
18,5,Candace Cameron Bure,2,9,R2_Percent,0.2062075303863077,1,0.04942072493240708,8,1.0313316271389703,0.9832510610849771,0.0725671172693541,-0.033615423516129395,-2.8449093821808025,-0.32976284835325176,0.0,False,
18,5,Charlie White,3,9,R2_Percent,0.09892868737684325,5,0.09945605632706686,5,0.2968477974515241,0.30787710232368215,0.034674698629677925,-0.028789222063630462,-1.997611522490742,-0.00376191187789221,0.0,False,
18,5,Cody Simpson,4,9,R2_Percent,0.015300627478813954,9,0.18920958579181407,2,-1.5696576243496423,-0.9372347785075782,-0.12322007618548438,-0.020144792529585936,-1.8152899661053585,-0.26772745802530307,0.0,True,False
18,5,Danica McKellar,5,9,R2_Percent,0.045262205919145634,6,0.1381150143296146,4,-0.4850790857532007,-0.19889586978380472,-0.029825499785411786,-0.048291473637709345,-1.9153734243345217,0.9051547584784212,0.0,False,
18,5,Drew Carey,7,9,R2_Percent,0.020507467560843533,8,0.2076310025387504,1,-1.2767623725199073,-0.7190618159135796,-0.09685026431668689,-0.03131815169115575,-2.719746239370326,-0.3512031795731674,0.0,False,
18,5,James Maslow,8,9,R2_Percent,0.19702970576382658,2,0.04729618575496653,9,0.9858030444552774,0.975218809219189,0.07210844286809115,-0.04032349719096243,-2.508437146051018,0.17855964448115236,0.0,False,
18,5,Meryl Davis,9,9,R2_Percent,0.1932196597355565,4,0.05291840111384304,6,0.9662762114727275,0.9408211276937933,0.07191764880732858,-0.03723679857979609,-2.5572273101090217,0.01198644486745959,0.0,False,
18,5,NeNe Leakes,10,9,R2_Percent,0.029287585484069505,7,0.1645299528620658,3,-0.9203877409743557,-0.5302930501256052,-0.07338942320978599,-0.021782356044396132,-1.5639755379609606,-0.036215656967869325,0.0,False,
18,6,Amy Purdy,0,8,R2_Percent,0.20087954393329407,3,0.05777128746528686,7,0.8380326070383017,0.9526705856271236,0.0794729839175947,-0.0404973023306019,-2.7433183384577946,0.0370525227554368,0.0,False,
18,6,Candace Cameron Bure,2,8,R2_Percent,0.2137155156611576,1,0.06124593571872833,5,0.8999729270971135,0.9832510610849771,0.08461235007371298,-0.04130135093150628,-2.8233610459249205,0.021548336255881928,0.0,False,
18,6,Charlie White,3,8,R2_Percent,0.0947658018117183,5,0.12644782150005787,4,0.0867357663313588,0.30787710232368215,-0.009282302912208157,-0.030419237804632196,-1.8117601353176527,0.18585138717308936,0.0,False,
18,6,Danica McKellar,5,8,R2_Percent,0.04192706309918972,6,0.18226319277248823,3,-0.7287413216829004,-0.19889586978380472,-0.07108292671565637,-0.02199525280283505,-2.6002174949473775,-0.6848440706128558,0.0,False,
18,6,Drew Carey,7,8,R2_Percent,0.01779457823904346,8,0.2375999986520417,1,-1.5857790198765251,-0.7190618159135796,-0.1361755944522133,-0.04182139450733451,-2.4178959383778675,0.30185030099245846,0.0,True,True
18,6,James Maslow,8,8,R2_Percent,0.20548253564910565,2,0.06023500702536294,6,0.8606882081845675,0.975218809219189,0.0878272147038468,-0.04097417974177773,-1.9409718666787457,0.5674652793722725,0.0,False,
18,6,Meryl Davis,9,8,R2_Percent,0.19928942948214695,4,0.05561315464647517,8,0.8300853501246921,0.9408211276937933,0.076637805608267,-0.039789264899680946,-2.217225243165211,0.34000206694381063,0.0,False,
18,6,NeNe Leakes,10,8,R2_Percent,0.026145532124344208,7,0.21882360221955865,2,-1.2009945172166083,-0.5302930501256052,-0.11199451191989537,-0.025515631911424017,-1.2139231348374868,0.35005240312347374,0.0,False,
18,7,Amy Purdy,0,7,R2_Percent,0.20893416785722932,4,0.07172062521981956,5,0.6840833003177575,0.9526705856271236,0.0899093300784058,-0.039190939317658505,-2.7990219775066945,-0.055703639048899856,0.0,False,
18,7,Candace Cameron Bure,2,7,R2_Percent,0.2204141323879493,1,0.06715590601235863,7,0.7375722810660872,0.9832510610849771,0.08850365503273835,-0.043976945028086,-2.442347034082248,0.3810140118426726,0.0,False,
18,7,Charlie White,3,7,R2_Percent,0.08554687138844633,5,0.17790811307027868,3,-0.2088714865916132,0.30787710232368215,-0.07325593537370384,-0.02535780422577742,-1.9117187838377243,-0.09995864852007164,0.0,False,
18,7,Danica McKellar,5,7,R2_Percent,0.03592458340140075,6,0.2473879256361952,2,-1.0765140801439024,-0.19889586978380472,-0.1279606472244844,-0.04506251860713394,-1.7004096900052512,0.8998078049421263,0.0,False,
18,7,James Maslow,8,7,R2_Percent,0.21771693545482262,2,0.07226794016173256,4,0.7252598421420728,0.975218809219189,0.09392892255258913,-0.024681853938688665,-2.347036854477923,-0.40606498779917755,0.0,False,
18,7,Meryl Davis,9,7,R2_Percent,0.2089968679746967,3,0.06880795155461432,6,0.6843833503861281,0.9408211276937933,0.09127974390164517,-0.03203286995962992,-2.2192034830880383,-0.0019782399228271963,0.0,False,
18,7,NeNe Leakes,10,7,R2_Percent,0.022466441535454913,7,0.294751538345001,1,-1.5459132071765302,-0.5302930501256052,-0.16222074084936577,-0.018097848728833354,-1.1476198675097655,0.0663032673277213,0.0,True,True
18,8,Amy Purdy,0,6,R2_Percent,0.21638322760168233,4,0.09310857825839021,6,0.49066535373421316,0.9526705856271236,0.0891243676855273,-0.05077037779503368,-1.558144617599745,1.2408773599069494,0.0,False,
18,8,Candace Cameron Bure,2,6,R2_Percent,0.23303106061102874,1,0.09378835983787996,5,0.5647860682519318,0.9832510610849771,0.09752740968107183,-0.03689099544518224,-2.251291797577548,0.1910552365046998,0.0,False,
18,8,Charlie White,3,6,R2_Percent,0.07080383807899045,5,0.2549621025280961,2,-0.6264724743870164,0.30787710232368215,-0.1731390930176713,-0.030571418486180016,-1.558144617599745,0.3535741662379792,0.0,False,
18,8,Danica McKellar,5,6,R2_Percent,0.029934238561653833,6,0.35965697212568776,1,-1.4873827561091852,-0.19889586978380472,-0.20187012721205128,-0.021110820163154707,-2.1177604052057037,-0.4173507152004525,0.0,True,True
18,8,James Maslow,8,6,R2_Percent,0.22912137992503576,2,0.09636028263201327,4,0.5478662226990483,0.975218809219189,0.09205529528568177,-0.036334699962700584,-2.057135783316842,0.289901071161081,0.0,False,
18,8,Meryl Davis,9,6,R2_Percent,0.22072625522160902,3,0.10212370461793284,3,0.5105375858110083,0.9408211276937933,0.09694606276722313,-0.03814444840240702,-1.4891517461087462,0.730051736979292,0.0,False,
18,9,Amy Purdy,0,5,R2_Percent,0.23070264237956342,4,0.13345918634396065,3,0.27446691911399074,0.9526705856271236,0.07923417911621804,-0.019153188702147408,-1.9636097255047142,-0.40546510790496915,0.0,False,
18,9,Candace Cameron Bure,2,5,R2_Percent,0.2455453756920201,1,0.13425953297550175,2,0.33681906011071033,0.9832510610849771,0.08584574001418621,-0.03439599655258091,-2.0281482465322855,0.22314355104526262,0.0,False,
18,9,Charlie White,3,5,R2_Percent,0.05275330120146492,5,0.47407191904413437,1,-1.2010363473313939,0.30787710232368215,-0.30642778221358735,-0.025891813286203994,-1.1526795096217188,0.40546510797802626,0.0,True,True
18,9,James Maslow,8,5,R2_Percent,0.23984428305967856,2,0.12990034167017003,4,0.3133271924344651,0.975218809219189,0.07421346253891273,-0.029976143835264632,-2.0281482465322855,0.028987536784556678,0.0,False,
18,9,Meryl Davis,9,5,R2_Percent,0.23115439766727322,3,0.1283090199662331,5,0.2764231756722279,0.9408211276937933,0.06779322861308502,-0.02334248210432327,-1.2704625452072689,0.21868920090147737,0.0,False,
18,10,Amy Purdy,0,4,R2_Percent,0.2435838791403483,4,0.24554297733547253,2,-0.025761447597934473,0.9526705856271236,0.0,-0.03085148044568512,-1.6665963256858136,0.2970133998189006,0.0,False,
18,10,Candace Cameron Bure,2,4,R2_Percent,0.257829639856175,1,0.2775973161249909,1,0.031076252526488324,0.9832510610849771,0.0,-0.03407658867824586,-1.4552872321782706,0.5728610143540149,0.0,False,
18,10,James Maslow,8,4,R2_Percent,0.2521240286027459,2,0.24095349006970776,3,0.008698339768009877,0.975218809219189,0.0,-0.03407658867824586,-1.4552872321782706,0.5728610143540149,0.0,False,
18,10,Meryl Davis,9,4,R2_Percent,0.24646245240073067,3,0.2359062164698288,4,-0.014013144696563729,0.9408211276937933,0.0,-0.020064652360254828,-1.0658224655870543,0.20464007962021458,0.0,False,
19,1,Alfonso Ribeiro,0,13,R2_Percent,0.15451618557482505,2,0.03559455487220067,13,1.0691508594708687,1.057714276496613,0.0430195409016785,-0.04764030770376188,-3.295836863304329,0.0,0.0,False,
19,1,Antonio Sabato Jr.,1,13,R2_Percent,0.03717786448478435,8,0.09837002961986575,5,-0.35543444894148435,-0.3097538731659747,0.005940840450980981,-0.06767876600282995,-4.68213121632422,0.0,0.0,False,
19,1,Bethany Mota,2,13,R2_Percent,0.14792758937253922,4,0.040132525961482673,11,1.025574900658559,0.990285512277248,0.04158820068245921,-0.022356162077487477,-1.5466370107255047,0.0,0.0,False,
19,1,Betsey Johnson,3,13,R2_Percent,0.02163237010214904,10,0.1202183474167404,2,-0.8969571836557213,-0.8254074090369502,-0.060005275078228795,-0.027601849316881564,-1.9095425042094385,0.0,0.0,False,
19,1,Janel Parrish,4,13,R2_Percent,0.15285413028753222,3,0.04101347225244015,10,1.058336077425119,1.0350284617478125,0.04487134441616728,-0.03762107851520018,-2.602689684094384,0.0,0.0,False,
19,1,Jonathan Bennett,5,13,R2_Percent,0.027260162934754657,9,0.09600088355006087,6,-0.6657215890678269,-0.619685888420016,-0.027697443276242795,-0.034395607147907376,-2.379546133050174,0.0,0.0,False,
19,1,Lea Thompson,6,13,R2_Percent,0.0694963341095305,6,0.06905468094596097,8,0.27012601217214915,0.2338935127350788,0.05972638336485599,-0.03955123370412494,-2.7362210765260495,0.0,0.0,False,
19,1,Lolo Jones,7,13,R2_Percent,0.014125520059746606,13,0.12200375995000337,1,-1.32316489763812,-1.1740817533765757,-0.12072565769751178,-0.04441483634037184,-3.0726933125301192,0.0,0.0,True,True
19,1,Michael Waltrip,8,13,R2_Percent,0.06258141257673927,7,0.08251286608987582,7,0.16532031793923915,0.1362054353717942,0.057472369131477505,-0.04441483634037184,-3.0726933125301192,0.0,0.0,False,
19,1,Randy Couture,9,13,R2_Percent,0.018379659673563174,11,0.10020376292712227,4,-1.059903391754097,-0.9476956540667991,-0.08062477975987517,-0.04764030770376188,-3.295836863304329,0.0,0.0,False,
19,1,Sadie Robertson,10,13,R2_Percent,0.155119624569062,1,0.03678974691848978,12,1.0730485982881497,1.0476951556080238,0.04369170005169409,-0.034395607147907376,-2.379546133050174,0.0,0.0,False,
19,1,Tavis Smiley,11,13,R2_Percent,0.01595819647912949,12,0.10575904141849293,3,-1.2011754093064015,-1.0810462987997416,-0.10179085313509179,-0.034395607147907376,-2.379546133050174,0.0,0.0,False,
19,1,Tommy Chong,12,13,R2_Percent,0.12297094977564459,5,0.052346328077264345,9,0.840800154409566,0.7745166144250197,0.09464102654857878,-0.04441483634037184,-3.0726933125301192,0.0,0.0,False,
19,2,Alfonso Ribeiro,0,12,R2_Percent,0.15682929665572873,2,0.044041211283869855,10,0.9978941115188312,1.057714276496613,0.052825482269901636,-0.05264597824324904,-2.6934514001299066,0.6023854631744223,0.0,False,
19,2,Antonio Sabato Jr.,1,12,R2_Percent,0.03487579256252636,8,0.10438729970809783,5,-0.5054708541710133,-0.3097538731659747,-0.015437556813179648,-0.06727821875701381,-4.730333317579352,-0.048202101255132135,0.0,False,
19,2,Bethany Mota,2,12,R2_Percent,0.15327095549378317,4,0.0442844314913697,9,0.9749434861859921,0.990285512277248,0.04447918520580099,-0.021955614827432163,-1.5948391124907821,-0.048202101765277394,0.0,False,
19,2,Betsey Johnson,3,12,R2_Percent,0.019857908865999713,10,0.1226543345147258,3,-1.068661460544582,-0.8254074090369502,-0.08215997847378516,-0.024087694461388143,-2.3324380550840123,-0.42289555087457376,0.0,False,
19,2,Janel Parrish,4,12,R2_Percent,0.1563752737819117,3,0.042522686179274606,12,0.9949948997276113,1.0350284617478125,0.04651020268172081,-0.03755975169385521,-2.6100697913925948,-0.007380107298210703,0.0,False,
19,2,Jonathan Bennett,5,12,R2_Percent,0.025525728055376288,9,0.11351346107855312,4,-0.8175769329902949,-0.619685888420016,-0.04523160004240404,-0.039328703025959616,-1.7858943491497539,0.5936517839004201,0.0,False,
19,2,Lea Thompson,6,12,R2_Percent,0.07089674146798244,6,0.0753691931934389,7,0.20396065307147837,0.2338935127350788,0.043948568565088234,-0.03689098619730808,-3.056356893278514,-0.3201358167524644,0.0,False,
19,2,Michael Waltrip,8,12,R2_Percent,0.06286341397696221,7,0.09832216056981978,6,0.08370052083430071,0.1362054353717942,0.035104567907803495,-0.04401428909101021,-3.1208954142119185,-0.04820210168179928,0.0,False,
19,2,Randy Couture,9,12,R2_Percent,0.016186601997974066,11,0.1258101495878135,2,-1.2730799569691924,-0.9476956540667991,-0.09800362489683531,-0.05264597824324904,-2.6934514001299066,0.6023854631744223,0.0,False,
19,2,Sadie Robertson,10,12,R2_Percent,0.1597014079651445,1,0.0440077992416123,11,1.0160420516333195,1.0476951556080238,0.051818120732943056,-0.03638562500993666,-2.140066162866859,0.2394799701833148,0.0,False,
19,2,Tavis Smiley,11,12,R2_Percent,0.014065161995979044,12,0.12767059885579948,1,-1.413562860319551,-1.0810462987997416,-0.12023175642698625,-0.03019951333234317,-2.884506636677513,-0.504960503627339,0.0,True,True
19,2,Tommy Chong,12,12,R2_Percent,0.12955171718063163,5,0.05741667429562522,8,0.8068163420231002,0.7745166144250197,0.08645884380671044,-0.04505436308777046,-2.9957322714657555,0.07696104106436374,0.0,False,
19,3,Alfonso Ribeiro,0,11,R2_Percent,0.16240961144509736,2,0.04938289048084389,8,0.9288916647989685,1.057714276496613,0.05841088737780854,-0.035152060228238365,-3.1484533583716976,-0.455001958241791,0.0,False,
19,3,Antonio Sabato Jr.,1,11,R2_Percent,0.03195718226304494,8,0.1291645289700854,3,-0.6968329924266439,-0.3097538731659747,-0.03737719231594645,-0.07151582527628378,-4.352426157160967,0.3779071604183848,0.0,False,
19,3,Bethany Mota,2,11,R2_Percent,0.15833862536590237,4,0.043421547524014836,10,0.9035059932190286,0.990285512277248,0.049332998773504486,-0.02530431018424499,-1.323904068013555,0.27093504447722716,0.0,False,
19,3,Betsey Johnson,3,11,R2_Percent,0.0176891906637924,10,0.14256749762061863,2,-1.2882761888849903,-0.8254074090369502,-0.10397164666466151,-0.03659928245059148,-1.985302550036642,0.34713550504737034,0.0,False,
19,3,Janel Parrish,4,11,R2_Percent,0.16026673288281573,3,0.04284607771399799,11,0.915609562762582,1.0350284617478125,0.05410748185711973,-0.03980580553326804,-2.3599959992237913,0.25007379216880343,0.0,False,
19,3,Jonathan Bennett,5,11,R2_Percent,0.023903321157528065,9,0.12876766322617522,4,-0.9872125351031809,-0.619685888420016,-0.06627922126691543,-0.021043914062571542,-2.3599959992237913,-0.5741016500740375,0.0,False,
19,3,Lea Thompson,6,11,R2_Percent,0.07008924805856445,6,0.0953948509815765,6,0.08853945727506392,0.2338935127350788,0.02577634406680375,-0.0467827124293424,-2.7429882509402,0.31336864233831374,0.0,False,
19,3,Michael Waltrip,8,11,R2_Percent,0.061036893799561495,7,0.10771294471878867,5,-0.04975144722069948,0.1362054353717942,0.004218995361247639,-0.04488258335591317,-3.1484533583716976,-0.02755794415977908,0.0,False,
19,3,Randy Couture,9,11,R2_Percent,0.014273292138350506,11,0.15481932623939473,1,-1.5028398366134146,-0.9476956540667991,-0.1186859817907856,-0.0379480592400011,-2.8119811222447706,-0.11852972211486401,0.0,True,True
19,3,Sadie Robertson,10,11,R2_Percent,0.16548278778613035,1,0.048343845365614285,9,0.9476372431637958,1.0476951556080238,0.05756981090741939,-0.031683745515627595,-2.0498410711569215,0.09022509170993764,0.0,False,
19,3,Tommy Chong,12,11,R2_Percent,0.1345531144392122,5,0.05757882715888979,7,0.7407290790294906,0.7745166144250197,0.07702527821942973,-0.04421349518825875,-2.8860890944188218,0.10964317704693372,0.0,False,
19,4,Alfonso Ribeiro,0,10,R2_Percent,0.16588406151357996,4,0.04652851748381523,10,0.8263903280247753,1.057714276496613,0.06128418419270162,-0.046607656968875484,-3.016351558645672,0.13210179972602543,0.0,False,
19,4,Antonio Sabato Jr.,1,10,R2_Percent,0.02881419059127566,8,0.15238227528593706,3,-0.9240307970480519,-0.3097538731659747,-0.066133151383223,-0.062495667376095444,-4.402645913640563,-0.050219756479595645,0.0,False,
19,4,Bethany Mota,2,10,R2_Percent,0.16590301214322517,3,0.05412521402594172,7,0.8265045617075825,0.990285512277248,0.061371005029913904,-0.018165124051345904,-1.4408151996789198,-0.11691113166536482,0.0,False,
19,4,Betsey Johnson,3,10,R2_Percent,0.015588439587901015,10,0.16698583822930926,2,-1.538369204219623,-0.8254074090369502,-0.1287054897537806,-0.028279624014923573,-2.035522306878738,-0.0502197568420959,0.0,True,False
19,4,Janel Parrish,4,10,R2_Percent,0.16684071519648372,2,0.050397448107984605,8,0.8321407643375851,1.0350284617478125,0.06729035666306206,-0.03290369908842132,-2.5055259356463484,-0.14552993642255707,0.0,False,
19,4,Jonathan Bennett,5,10,R2_Percent,0.021439086540775403,9,0.1786705219242775,1,-1.2196830617819996,-0.619685888420016,-0.09074149636803515,-0.041751175480069666,-1.4408151996789198,0.9191807995448715,0.0,False,
19,4,Lea Thompson,6,10,R2_Percent,0.06742313936085718,6,0.09397206649232574,5,-0.07391051874387013,0.2338935127350788,-0.005267229843051908,-0.041196068511511585,-2.556819230072057,0.18616902086814324,0.0,False,
19,4,Michael Waltrip,8,10,R2_Percent,0.057037569294531326,7,0.13667326036722857,4,-0.24118863055564188,0.1362054353717942,-0.031768517716631556,-0.046607656968875484,-3.016351558645672,0.13210179972602543,0.0,False,
19,4,Sadie Robertson,10,10,R2_Percent,0.17237778763303438,1,0.04746547554603032,9,0.8647897161902969,1.0476951556080238,0.06224619650516143,-0.025843196189115434,-2.5055259356463484,-0.4556848644894269,0.0,False,
19,4,Tommy Chong,12,10,R2_Percent,0.13869199813833627,5,0.07279938253715003,6,0.647356842088947,0.7745166144250197,0.07056549432727965,-0.039912039231576234,-3.1033629353587866,-0.21727384093996482,0.0,False,
19,5,Alfonso Ribeiro,0,9,R2_Percent,0.17177409976040067,4,0.05556088158090178,8,0.7153301196945785,1.057714276496613,0.0762000137584383,-0.05065376937440186,-2.1675488080562726,0.8488027505893996,0.0,False,
19,5,Antonio Sabato Jr.,1,9,R2_Percent,0.02473798539924785,8,0.1798586292902439,3,-1.2225101876648636,-0.3097538731659747,-0.09999825657905262,-0.08946866266574507,-1.2942754621477055,3.108370451492857,0.0,False,
19,5,Bethany Mota,2,9,R2_Percent,0.17396775139199833,3,0.057669089188330566,6,0.7280198248079783,0.990285512277248,0.06406548819132941,-0.021076907921832155,-1.4106858138371854,0.030129385841734413,0.0,False,
19,5,Janel Parrish,4,9,R2_Percent,0.1751905654932118,2,0.05570385806924229,7,0.7350242067257788,1.0350284617478125,0.07639174569861773,-0.034852853900457795,-2.6696407515033944,-0.16411481585704601,0.0,False,
19,5,Jonathan Bennett,5,9,R2_Percent,0.019477072069676506,9,0.20714450289787908,1,-1.4616121379158078,-0.619685888420016,-0.12482430596810988,-0.007063360008182237,-3.0970847656039573,-1.6562695659250375,0.0,False,
19,5,Lea Thompson,6,9,R2_Percent,0.06405492824403422,6,0.11707925272661518,4,-0.27110915131846575,0.2338935127350788,-0.033634447559820785,-0.03246856553349621,-3.0970847656039573,-0.5402655355319004,0.0,False,
19,5,Michael Waltrip,8,9,R2_Percent,0.051333844607647575,7,0.18453206153008234,2,-0.49249984681680403,0.1362054353717942,-0.08230040094707128,-0.04292956113476318,-3.0970847656039573,-0.08073320695828512,0.0,False,
19,5,Sadie Robertson,10,9,R2_Percent,0.17981593425302259,1,0.04986962859883975,9,0.761083619805751,1.0476951556080238,0.07624596940606015,-0.03985677888197615,-2.067465349845656,0.4380605858006925,0.0,False,
19,5,Tommy Chong,12,9,R2_Percent,0.1396478187807606,5,0.0925820961178652,5,0.5082735526818546,0.7745166144250197,0.048084855841515735,-0.04305605994400575,-3.3202283163648336,-0.21686538100604702,0.0,False,
19,6,Alfonso Ribeiro,0,9,R2_Percent,0.17842866938775276,2,0.05196283947822833,9,0.7946408459467698,1.057714276496613,0.08196606835352058,-0.027654013822311502,-2.61006979144083,-0.44252098338455736,0.0,False,
19,6,Antonio Sabato Jr.,1,9,R2_Percent,0.02289637652031933,8,0.19765575705004976,1,-1.25856939664729,-0.3097538731659747,-0.10775608535690738,0.005599585010322032,-4.2195076984349305,-2.9252322362872247,0.0,False,
19,6,Bethany Mota,2,9,R2_Percent,0.17804950888308338,4,0.0559244369131101,7,0.7925135872770195,0.990285512277248,0.06928525459753673,-0.024017163794922247,-0.9743145716545507,0.4363712421826347,0.0,False,
19,6,Janel Parrish,4,9,R2_Percent,0.17829240955448383,3,0.05992954583063451,6,0.7938768886258283,1.0350284617478125,0.08228775905516246,-0.04538003133349172,-1.8523840904345634,0.817256661068831,0.0,False,
19,6,Jonathan Bennett,5,9,R2_Percent,0.016568524427014814,9,0.1878883159548697,2,-1.5820432875349422,-0.619685888420016,-0.13446461234887835,-0.04696011194421306,-2.8332133424150396,0.26387142318891765,0.0,True,False
19,6,Lea Thompson,6,9,R2_Percent,0.05867167205705053,6,0.14040225021672378,4,-0.3175910422491274,0.2338935127350788,-0.03623805663591492,-0.04696011194421306,-2.8332133424150396,0.26387142318891765,0.0,False,
19,6,Michael Waltrip,8,9,R2_Percent,0.0449583048204298,7,0.161844329247174,3,-0.5838125634312874,0.1362054353717942,-0.08870141981193831,-0.04824106502652821,-2.67906266275921,0.4180221028447475,0.0,False,
19,6,Sadie Robertson,10,9,R2_Percent,0.18564659372162917,1,0.05432850830421024,8,0.8342967684706987,1.0476951556080238,0.08217963324210643,-0.029946415716153106,-2.060023455058481,0.007441894787175052,0.0,False,
19,6,Tommy Chong,12,9,R2_Percent,0.13648794062823658,5,0.0900640170049997,5,0.5266881995423305,0.7745166144250197,0.0516073666044389,-0.052704984278318934,-2.7531706349491953,0.5670576814156383,0.0,False,
19,7,Alfonso Ribeiro,0,8,R2_Percent,0.1881758161387238,2,0.06646940079389375,7,0.6844352969483098,1.057714276496613,0.10032953620580838,-0.03780962578252456,-2.600217495006784,0.00985229643404617,0.0,False,
19,7,Antonio Sabato Jr.,1,8,R2_Percent,0.019341847507426527,8,0.24115966429235905,1,-1.5906704078380853,-0.3097538731659747,-0.14771368839960625,-0.0610735554907945,-4.209655402054217,0.009852296380713277,0.0,True,True
19,7,Bethany Mota,2,8,R2_Percent,0.1877942377705629,3,0.06068480439540163,8,0.6824054624164946,0.990285512277248,0.08045509139168282,-0.01313240489051737,-1.0887599918354358,-0.1144454201808851,0.0,False,
19,7,Janel Parrish,4,8,R2_Percent,0.18683690728176044,4,0.06799203046095001,6,0.6772946616448189,1.0350284617478125,0.08663979715524253,-0.02891696783527489,-1.594695630014767,0.25768846041979643,0.0,False,
19,7,Lea Thompson,6,8,R2_Percent,0.052248486660491075,6,0.16575882370351744,3,-0.596930494099192,0.2338935127350788,-0.0870836308167594,-0.040312054658872984,-2.910372422730017,-0.07715908031497731,0.0,False,
19,7,Michael Waltrip,8,8,R2_Percent,0.038307490928609494,7,0.22016498650805005,2,-0.9072959584234758,0.1362054353717942,-0.14191266510905898,-0.04177077489780087,-2.3125354228416692,0.36652723991754055,0.0,False,
19,7,Sadie Robertson,10,8,R2_Percent,0.19556682369677814,1,0.06843631763642263,5,0.7229607091235617,1.0476951556080238,0.09705685583531747,-0.03208808098334915,-1.7819071725394988,0.278116282518982,0.0,False,
19,7,Tommy Chong,12,8,R2_Percent,0.13172839001564762,5,0.10933397220940547,4,0.32780073022756795,0.7745166144250197,0.012634405738425497,-0.037697923897751194,-3.0056826025416146,-0.25251196759241923,0.0,False,
19,8,Alfonso Ribeiro,0,7,R2_Percent,0.19969932016204653,3,0.06563735862958078,6,0.5500621333998947,1.057714276496613,0.10844636296036744,-0.03634401965105845,-2.749599202424491,-0.14938170741770707,0.0,False,
19,8,Bethany Mota,2,7,R2_Percent,0.2006413746444101,2,0.06705599008637873,5,0.5547684059991145,0.990285512277248,0.09915818945794139,-0.015607367103875922,-1.104443208741102,-0.01568321690566621,0.0,False,
19,8,Janel Parrish,4,7,R2_Percent,0.19746687220152828,4,0.06304126734712315,7,0.5388201318636399,1.0350284617478125,0.0911846373474108,-0.02206353999731051,-1.7135072718696795,-0.11881164185491255,0.0,False,
19,8,Lea Thompson,6,7,R2_Percent,0.04410383484312072,6,0.2476248022986154,2,-0.9602039661537929,0.2338935127350788,-0.1456391711540192,-0.044127565032635346,-2.662587825656073,0.24778459707394385,0.0,False,
19,8,Michael Waltrip,8,7,R2_Percent,0.031118721948460416,7,0.32933552366753427,1,-1.308941072747214,0.1362054353717942,-0.21109060923632633,-0.03237240755509143,-2.43944427462853,-0.12690885178686084,0.0,True,True
19,8,Sadie Robertson,10,7,R2_Percent,0.20727399355528667,1,0.06772369240078219,4,0.587290855669548,1.0476951556080238,0.10163735203868346,-0.02733378368028338,-1.59214641461085,0.18976075792864888,0.0,False,
19,8,Tommy Chong,12,7,R2_Percent,0.11969588264514719,5,0.15958136556998553,3,0.0382035119688095,0.7745166144250197,-0.04283906069180688,-0.0455742053042744,-2.749599202424491,0.2560834001171237,0.0,False,
19,9,Alfonso Ribeiro,0,6,R2_Percent,0.21399420596989663,3,0.09123054052692794,6,0.4216869772281495,1.057714276496613,0.10951386356890844,-0.0399897534418705,-2.720098538087138,0.029500664337352767,0.0,False,
19,9,Bethany Mota,2,6,R2_Percent,0.2157359754304499,2,0.09461718750623128,3,0.4297933615319438,0.990285512277248,0.09803419835985262,-0.019912229055564,-0.6293574424624595,0.4750857662786425,0.0,False,
19,9,Janel Parrish,4,6,R2_Percent,0.2125466484356426,4,0.09214894257457716,4,0.4148995238029699,1.0350284617478125,0.096580261194877,-0.021777009890389054,-2.0734713739759383,-0.35996410210625873,0.0,False,
19,9,Lea Thompson,6,6,R2_Percent,0.035112835848256765,6,0.352251304551615,1,-1.3856952052154337,0.2338935127350788,-0.23832230684326342,-0.03873203076480944,-2.6330871613149327,0.029500664341140403,0.0,True,True
19,9,Sadie Robertson,10,6,R2_Percent,0.22310760412268532,1,0.0913773647597671,5,0.46339222225809584,1.0476951556080238,0.09819415854114039,-0.020789044721987227,-1.8598972737923478,-0.2677508591814979,0.0,False,
19,9,Tommy Chong,12,6,R2_Percent,0.0995027301930687,5,0.2783746600808816,2,-0.34407687960572536,0.7745166144250197,-0.1635139889925812,-0.03734348364540335,-3.0385522686022632,-0.2889530661777724,0.0,False,
19,10,Alfonso Ribeiro,0,5,R2_Percent,0.22887740906971207,3,0.12967361248008377,2,0.22689008193896643,1.057714276496613,0.10340007826829402,-0.04824158091951143,-1.646251885018865,1.073846653068273,0.0,False,
19,10,Bethany Mota,2,5,R2_Percent,0.23504077995585082,2,0.12192607357681226,5,0.2534625841154373,0.990285512277248,0.08597804616143734,-0.006910685713108004,-0.8924800828013082,-0.2631226403388487,0.0,False,
19,10,Janel Parrish,4,5,R2_Percent,0.22781569899078932,4,0.12340775210182722,3,0.22224051761275454,1.0350284617478125,0.08846325474806511,-0.030021299225506337,-2.067465349854692,0.0060060241212460674,0.0,False,
19,10,Sadie Robertson,10,5,R2_Percent,0.23942902223084464,1,0.12285018716597972,4,0.27196056810980807,1.0476951556080238,0.09141413589639086,-0.02916335706562346,-1.5856272635583124,0.2742700102340354,0.0,False,
19,10,Tommy Chong,12,5,R2_Percent,0.06883708975280312,5,0.5021423746752971,1,-0.9745537517769661,0.7745166144250197,-0.368675654263145,-0.046617516390668835,-2.714092513970221,0.32445975463204224,0.0,True,True
19,11,Alfonso Ribeiro,0,4,R2_Percent,0.24721456981287188,3,0.24452300338152091,3,-0.01097778767220603,1.057714276496613,0.0,-0.01989634473708495,-2.1155465453060573,-0.46929466028719236,0.0,False,
19,11,Bethany Mota,2,4,R2_Percent,0.25371181642620044,2,0.2554111971888399,2,0.014964591003706285,0.990285512277248,0.0,-0.013753132194770434,-0.7898768068267744,0.10260327597453378,0.0,False,
19,11,Janel Parrish,4,4,R2_Percent,0.2427924387732803,4,0.2635331993600883,1,-0.029027533981360154,1.0350284617478125,0.0,-0.031996910345167155,-1.8132656736648372,0.25419967618985506,0.0,False,
19,11,Sadie Robertson,10,4,R2_Percent,0.25628117498764735,1,0.23653260006955076,4,0.025040730649859955,1.0476951556080238,0.0,-0.024978787116787846,-1.3378419774954733,0.24778528606283912,0.0,False,
20,1,Charlotte McKinney,0,12,R2_Percent,0.01802134653263566,11,0.12825928014360807,2,-1.1355149429099312,-1.0171116751645672,-0.0889202475083912,-0.035303374849967296,-2.4423470342192046,0.0,0.0,False,
20,1,Chris Soules,1,12,R2_Percent,0.10824807343709801,5,0.06297159737616154,8,0.6573536527364001,0.5911961820565456,0.07753218770426193,-0.01719507163740216,-1.1895840665452648,0.0,0.0,False,
20,1,Michael Sam,2,12,R2_Percent,0.020244844548862048,10,0.1157727701640612,3,-1.0191717456806852,-0.9228509184899791,-0.0714409576417643,-0.03070022416193658,-2.123893303414306,0.0,0.0,False,
20,1,Nastia Liukin,3,12,R2_Percent,0.12035843677401396,4,0.05308244936198007,9,0.7634023471180421,0.7169077381352146,0.0769105136827175,-0.03623625931288475,-2.506885555280109,0.0,0.0,False,
20,1,Noah Galloway,4,12,R2_Percent,0.1928168883854083,1,0.03507550057235492,10,1.2346690570601973,1.2341199361840083,0.04420972612875352,-0.049480959865559226,-3.423176285314264,0.0,0.0,False,
20,1,Patti LaBelle,5,12,R2_Percent,0.0310550897370949,8,0.1097918940262136,5,-0.5913092010146539,-0.5272836351396971,-0.020364960622392337,-0.049480959865559226,-3.423176285314264,0.0,0.0,False,
20,1,Redfoo,6,12,R2_Percent,0.015634534978267608,12,0.13039516631806522,1,-1.2775896685282735,-1.1268962456041942,-0.1070328176715148,-0.049480959865559226,-3.423176285314264,0.0,0.0,False,
20,1,Riker Lynch,7,12,R2_Percent,0.1775828876000968,3,0.034956951654783346,11,1.1523655556727044,1.1463651693157837,0.039641762423573396,-0.039461730679647554,-2.730029106287652,0.0,0.0,False,
20,1,Robert Herjavec,8,12,R2_Percent,0.0759187117153242,6,0.07540473636094543,7,0.30259126854146223,0.27985342059908785,0.06224009737079953,-0.04532260404141993,-3.1354942136291495,0.0,0.0,False,
20,1,Rumer Willis,9,12,R2_Percent,0.17880741566156655,2,0.033915917128981794,12,1.1592374198566282,1.1598138650152416,0.04085595945677451,-0.04725275922838298,-3.269025605925101,0.0,0.0,False,
20,1,Suzanne Somers,10,12,R2_Percent,0.02477160262579816,9,0.11467084522008922,4,-0.817373974957253,-0.7346976449654504,-0.047777231246874635,-0.04071945335792274,-2.817040483137888,0.0,0.0,False,
20,1,Willow Shields,11,12,R2_Percent,0.036540168003833855,7,0.10570289167275575,6,-0.42865976789463767,-0.3958838801463437,-0.005776910092876344,-0.03281933226841245,-2.2704967774741243,0.0,0.0,False,
20,2,Charlotte McKinney,0,12,R2_Percent,0.01588732778994146,11,0.12676075705972142,1,-1.2228316445460317,-1.0171116751645672,-0.09581474665600559,-0.03777461774905905,-2.1449561478948325,0.29739088632437216,0.0,False,
20,2,Chris Soules,1,12,R2_Percent,0.11539801350390648,5,0.0703466320384543,8,0.76003369826149,0.5911961820565456,0.0836124907409096,-0.01390643713059859,-1.5853403603254814,-0.3957562937802166,0.0,False,
20,2,Michael Sam,2,12,R2_Percent,0.018253098633896257,10,0.11982700038307485,2,-1.0840185878852484,-0.9228509184899791,-0.0770115192184847,-0.032516817930838514,-1.9052832949753822,0.21861000843892375,0.0,False,
20,2,Nastia Liukin,3,12,R2_Percent,0.12595799580973083,4,0.050457387066493234,9,0.8475950431229764,0.7169077381352146,0.08293214490025856,-0.033130263954566794,-2.8806629419016536,-0.3737773866215446,0.0,False,
20,2,Noah Galloway,4,12,R2_Percent,0.19180904900419432,1,0.03678372478910073,10,1.2681468990517177,1.2341199361840083,0.04725361905843989,-0.05147723082851292,-3.182943813130086,0.2402324721841782,0.0,False,
20,2,Patti LaBelle,5,12,R2_Percent,0.028889030113794466,8,0.11132488673254706,5,-0.6248914994382866,-0.5272836351396971,-0.02194762435543787,-0.05398910826291334,-2.8806629419016536,0.5425133434126104,0.0,False,
20,2,Redfoo,6,12,R2_Percent,0.013385353455722088,12,0.1167352236607935,3,-1.3941923581838063,-1.1268962456041942,-0.11533820169089039,-0.049863843556881705,-3.377099827041632,0.04607645827263207,0.0,True,False
20,2,Riker Lynch,7,12,R2_Percent,0.1780915090616474,2,0.036608092961168244,12,1.1939440723819679,1.1463651693157837,0.0428335195084575,-0.03856366128923855,-2.8381033276006113,-0.1080742213129593,0.0,False,
20,2,Robert Herjavec,8,12,R2_Percent,0.07670054512474919,6,0.0799672448242048,7,0.3515553739205988,0.27985342059908785,0.06708033695534267,-0.05421885895444037,-2.0649134404793092,1.0705807731498402,0.0,False,
20,2,Rumer Willis,9,12,R2_Percent,0.1774962123567745,3,0.03675920019551146,11,1.1905958281926514,1.1598138650152416,0.04405580556386558,-0.05047995454563788,-2.8806629419016536,0.3883626640234472,0.0,False,
20,2,Suzanne Somers,10,12,R2_Percent,0.02275035100778519,9,0.11615551389504639,4,-0.8637728674685002,-0.7346976449654504,-0.051494076101913186,-0.03860314625209412,-3.071718178385187,-0.2546776952472989,0.0,False,
20,2,Willow Shields,11,12,R2_Percent,0.03538151413785767,7,0.09827433639388392,6,-0.42216395740952894,-0.3958838801463437,-0.006227280096691786,-0.027379623191491002,-2.9251147044803925,-0.6546179270062682,0.0,False,
20,3,Charlotte McKinney,0,11,R2_Percent,0.014085482921036216,11,0.154111113662093,1,-1.4437938666951573,-1.0171116751645672,-0.11666813187577563,-0.028757879965019707,-2.415337574377498,-0.2703814264826656,0.0,True,True
20,3,Chris Soules,1,11,R2_Percent,0.11952618548390845,5,0.06506745269914628,7,0.6945969191261694,0.5911961820565456,0.05787136919042841,-0.020782900374382143,-1.8419915942681793,-0.25665123394269784,0.0,False,
20,3,Michael Sam,2,11,R2_Percent,0.01639346520068607,10,0.14510955422812755,2,-1.2920557615795625,-0.9228509184899791,-0.09713213542615502,-0.03215857653599536,-1.3495151092339204,0.5557681857414618,0.0,False,
20,3,Nastia Liukin,3,11,R2_Percent,0.13046060029256923,4,0.0528321087832289,8,0.7821327140815096,0.7169077381352146,0.07926561896784336,-0.04495164388166184,-2.4820289487322325,0.39863399316942116,0.0,False,
20,3,Noah Galloway,4,11,R2_Percent,0.1966354510504952,1,0.0365121820158544,11,1.192412958532404,1.2341199361840083,0.06157789358963907,-0.044500467841197155,-3.364418127270074,-0.18147431413998838,0.0,False,
20,3,Patti LaBelle,5,11,R2_Percent,0.027033732411219237,8,0.14090379871991499,3,-0.7918531188477862,-0.5272836351396971,-0.043625526812155584,-0.04000977853716526,-3.07673605560371,-0.19607311370205638,0.0,False,
20,3,Riker Lynch,7,11,R2_Percent,0.18194086779977933,2,0.03699923247744248,10,1.1147431784563362,1.1463651693157837,0.05664355365367323,-0.04205658547785814,-2.7138305624684174,0.12427276513219399,0.0,False,
20,3,Robert Herjavec,8,11,R2_Percent,0.07828867586009322,6,0.0846617177222838,6,0.2714644138775214,0.27985342059908785,0.04337933825089989,-0.02794423061272073,-2.2939767171831846,-0.22906327670387538,0.0,False,
20,3,Rumer Willis,9,11,R2_Percent,0.18154107098189523,3,0.0379310821977288,9,1.1125433608783362,1.1598138650152416,0.05755050913467237,-0.04302543121582128,-2.7138305624684174,0.16683237943323626,0.0,False,
20,3,Suzanne Somers,10,11,R2_Percent,0.02065456832955355,9,0.137812857231739,4,-1.0610020320764841,-0.7346976449654504,-0.07234751104536614,-0.04382274503507027,-3.141274576534198,-0.06955639814901105,0.0,False,
20,3,Willow Shields,11,11,R2_Percent,0.03343989966876427,7,0.10805890026244065,5,-0.5791887657532868,-0.3958838801463437,-0.02655846869173604,-0.042000445144587714,-2.9589530201257985,-0.03383831564540607,0.0,False,
20,4,Chris Soules,1,10,R2_Percent,0.12010881588939683,5,0.08578548888828827,6,0.5833042019519348,0.5911961820565456,0.035756449211425095,-0.026303706865140927,-1.8807069547893804,-0.03871536052120117,0.0,False,
20,4,Michael Sam,2,10,R2_Percent,0.01472257176627262,10,0.1668684217362951,2,-1.5157121185915639,-0.9228509184899791,-0.1214943317645019,-0.015470536837066987,-1.8352445805092124,-0.485729471275292,0.0,True,False
20,4,Nastia Liukin,3,10,R2_Percent,0.13478436244822864,4,0.06398713195851209,7,0.6985822571575866,0.7169077381352146,0.07232648436571439,-0.037882266611653566,-2.2407096883040434,0.24131926042818908,0.0,False,
20,4,Noah Galloway,4,10,R2_Percent,0.20332404942452173,1,0.04336185243679406,10,1.1097070798744233,1.2341199361840083,0.07860408100042553,-0.05102035197802577,-3.076957711352354,0.2874604159177201,0.0,False,
20,4,Patti LaBelle,5,10,R2_Percent,0.0244673774721648,8,0.15598746025386195,3,-1.0077532304883183,-0.5272836351396971,-0.0736179112552964,-0.04805112790076289,-2.646174795892208,0.43056125971150205,0.0,False,
20,4,Riker Lynch,7,10,R2_Percent,0.18846486448717711,2,0.046054127177949204,8,1.0338176652062998,1.1463651693157837,0.07173483052378223,-0.04164405434594383,-2.4230312449499984,0.2907993175184189,0.0,False,
20,4,Robert Herjavec,8,10,R2_Percent,0.07668498236643473,6,0.09981190839923997,5,0.1346119631401652,0.27985342059908785,0.01384865921946822,-0.038010749371419114,-1.7100814376289317,0.5838952795542529,0.0,False,
20,4,Rumer Willis,9,10,R2_Percent,0.18816817289437152,3,0.04517660398740844,9,1.0322421706281368,1.1598138650152416,0.07089236702014085,-0.041304833917514466,-2.463853239383253,0.2499773230851643,0.0,False,
20,4,Suzanne Somers,10,10,R2_Percent,0.018359021082818887,9,0.16980062286707598,1,-1.2949728631728754,-0.7346976449654504,-0.09763168346994835,-0.04655643272644802,-3.002849739205226,0.13842483732897204,0.0,False,
20,4,Willow Shields,11,10,R2_Percent,0.030915782168613137,7,0.12316638229457486,4,-0.7738271257057892,-0.3958838801463437,-0.05053233011873585,-0.04401937207440771,-2.8086937251323354,0.15025929499346313,0.0,False,
20,5,Chris Soules,1,9,R2_Percent,0.1152519044687303,5,0.10167199382288779,5,0.4053263330234714,0.5911961820565456,-0.003243064985557165,-0.028687068861075127,-1.6999519191740213,0.1807550356153591,0.0,False,
20,5,Nastia Liukin,3,9,R2_Percent,0.13773463934373634,4,0.06650131410957934,6,0.5835350573077405,0.7169077381352146,0.06044693585907676,-0.030198194833980133,-2.5043247343723642,-0.26361504606832087,0.0,False,
20,5,Noah Galloway,4,9,R2_Percent,0.21342797532457164,1,0.0502979157907021,7,1.0215055502517156,1.2341199361840083,0.10003560396214953,-0.05058540294857097,-2.3418058050669424,0.7351519062854117,0.0,False,
20,5,Patti LaBelle,5,9,R2_Percent,0.021728445698903923,8,0.19420128516597954,2,-1.2631716095732428,-0.5272836351396971,-0.10503429358817498,-0.03838830649078964,-2.629487877222057,0.01668691867015104,0.0,False,
20,5,Riker Lynch,7,9,R2_Percent,0.19768809730853817,2,0.0439199566374519,8,0.9448966491486344,1.1463651693157837,0.08679986178299877,-0.03721417981085502,-2.1594842484963213,0.2635469964536772,0.0,False,
20,5,Robert Herjavec,8,9,R2_Percent,0.0732383051776705,6,0.14632364442981918,4,-0.04807529451798426,0.27985342059908785,-0.02265773058809456,-0.023878617861996805,-1.811177554777125,-0.10109611714819322,0.0,False,
20,5,Rumer Willis,9,9,R2_Percent,0.19705778898098758,3,0.04304643678161575,9,0.9417031574106827,1.1598138650152416,0.087419139550095,-0.040534034722288864,-1.8718021762299568,0.5920510631532963,0.0,False,
20,5,Suzanne Somers,10,9,R2_Percent,0.015911603806386856,9,0.19729389478481502,1,-1.5747452311950927,-0.7346976449654504,-0.12701923523595046,-0.0465078114332627,-2.629487877222057,0.3733618619831689,0.0,True,True
20,5,Willow Shields,11,9,R2_Percent,0.027961239890474766,7,0.15674355847714935,3,-1.0109746118559244,-0.3958838801463437,-0.07686526245833447,-0.04089882697602239,-2.77258872072632,0.036105004406015606,0.0,False,
20,6,Chris Soules,1,8,R2_Percent,0.10404512050504065,5,0.1249498018619046,4,0.14748072536616408,0.5911961820565456,-0.056941264165613036,-0.026339612440558113,-1.4872702781995961,0.2126816409744252,0.0,False,
20,6,Nastia Liukin,3,8,R2_Percent,0.13576241272318018,4,0.09671470135416767,5,0.41356246204289976,0.7169077381352146,0.04975948493300317,-0.041384623921938694,-1.8803128658461479,0.6240118685262164,0.0,False,
20,6,Noah Galloway,4,8,R2_Percent,0.22909250520201282,1,0.05389766730563852,8,0.936781944135394,1.2341199361840083,0.11813733067001647,-0.03022330462094065,-2.778254458007662,-0.43644865294071966,0.0,False,
20,6,Patti LaBelle,5,8,R2_Percent,0.018514771746629233,8,0.231411427644995,1,-1.5787750444338378,-0.5272836351396971,-0.1431754294049648,-0.03749526805573663,-2.6912430812430324,-0.06175520402097545,0.0,True,True
20,6,Riker Lynch,7,8,R2_Percent,0.21093911878308302,3,0.055417629870283217,7,0.854225624569237,1.1463651693157837,0.11630425557430328,-0.03353452376231486,-1.8803128658461479,0.2791713826501734,0.0,False,
20,6,Robert Herjavec,8,8,R2_Percent,0.06462848559680473,6,0.1702614106168381,3,-0.3286886635910412,0.27985342059908785,-0.09131881206941389,-0.024965990578253376,-1.957273906969832,-0.146096352192707,0.0,False,
20,6,Rumer Willis,9,8,R2_Percent,0.2127269365225512,2,0.058186529239281526,6,0.8626654244035048,1.1598138650152416,0.11848767047377008,-0.025283813146829724,-2.0851072783886258,-0.21330510215866894,0.0,False,
20,6,Willow Shields,11,8,R2_Percent,0.024290648920698082,7,0.20916083210689132,2,-1.3072524724923202,-0.3958838801463437,-0.11122296872502566,-0.041418013073886525,-2.61120037375988,0.16138834696643967,0.0,False,
20,7,Chris Soules,1,7,R2_Percent,0.08838182237099179,5,0.19808479309610402,3,-0.19277423112745243,0.5911961820565456,-0.12436465477685954,-0.02052914612274328,-1.603866866909769,-0.11659658871017298,0.0,False,
20,7,Nastia Liukin,3,7,R2_Percent,0.12960638312096892,4,0.11341049415691402,4,0.19006148484289626,0.7169077381352146,0.009654444291068258,-0.027679780847614018,-1.8200899752249033,0.06022289062124453,0.0,False,
20,7,Noah Galloway,4,7,R2_Percent,0.24870255633628247,1,0.05398172087417819,7,0.8418170792123691,1.2341199361840083,0.1510090797294261,-0.04006544437748968,-2.7894905313465492,-0.01123607333888721,0.0,False,
20,7,Riker Lynch,7,7,R2_Percent,0.2302107505387629,2,0.06304466947359556,6,0.76455464572174,1.1463651693157837,0.1445735938340764,-0.027961494150083144,-1.7861884236042793,0.09412444224186856,0.0,False,
20,7,Robert Herjavec,8,7,R2_Percent,0.052869563353939865,6,0.2532621689361998,2,-0.7066127389882677,0.27985342059908785,-0.16693409049676347,-0.027505543096325597,-2.0518915891122123,-0.09461768214238031,0.0,False,
20,7,Rumer Willis,9,7,R2_Percent,0.22985208631348014,3,0.06320132847477904,5,0.762995448719874,1.1598138650152416,0.14105588745259717,-0.03480370458166459,-1.5238241592744806,0.5612831191141452,0.0,False,
20,7,Willow Shields,11,7,R2_Percent,0.020376837965574025,7,0.2550148249882292,1,-1.660041688381159,-0.3958838801463437,-0.15486262718662608,-0.03626255188913284,-2.7894905313465492,-0.1782901575866691,0.0,True,True
20,8,Chris Soules,1,6,R2_Percent,0.06505036717030782,5,0.2865597305102199,2,-0.6991191953782329,0.5911961820565456,-0.2449055650013594,-0.02743866158090246,-1.0917863234284897,0.5120805434812794,0.0,True,False
20,8,Nastia Liukin,3,6,R2_Percent,0.11491887961955714,4,0.1667636422953007,3,-0.13005455991004838,0.7169077381352146,-0.042267992337541575,-0.025320028823373433,-1.9390841832143328,-0.1189942079894295,0.0,False,
20,8,Noah Galloway,4,6,R2_Percent,0.27666047707083846,1,0.06736002452766679,4,0.748509995086249,1.2341199361840083,0.20926262897334244,-0.04034705803521472,-2.7863820426745525,0.0031084886719967564,0.0,False,
20,8,Riker Lynch,7,6,R2_Percent,0.2523925244101184,3,0.06233983128674226,5,0.6567044674490501,1.1463651693157837,0.17884512106858547,-0.023716610847211612,-2.039167641750764,-0.2529792181464847,0.0,False,
20,8,Robert Herjavec,8,6,R2_Percent,0.03807313761227332,6,0.3568569006519915,1,-1.234772060831209,0.27985342059908785,-0.2749163602969964,-0.03383321600158256,-1.549619416709138,0.5022721724030743,0.0,True,True
20,8,Rumer Willis,9,6,R2_Percent,0.252904614116905,2,0.0601198707280788,6,0.6587313535841911,1.1598138650152416,0.17445296646088515,-0.016819778752226004,-2.150393276659131,-0.6265691173846504,0.0,False,
20,9,Nastia Liukin,3,4,R2_Percent,0.08335810091925762,4,0.5972879181776057,1,-0.9738621207834929,0.7169077381352146,-0.3822111638368002,-0.03566322957124726,-1.0203600914999442,0.9187240917143886,0.0,True,True
20,9,Noah Galloway,4,4,R2_Percent,0.3187981941797178,1,0.12791930904356663,4,0.3675503656197507,1.2341199361840083,0.11656089466954579,-0.04554982507843332,-2.151762202476206,0.6346198401983463,0.0,False,
20,9,Riker Lynch,7,4,R2_Percent,0.2971094186038317,3,0.13609176416094085,3,0.29709256691260705,1.1463651693157837,0.12854688421344937,-0.0364799664825044,-1.196250757839539,0.8429168839112251,0.0,False,
20,9,Rumer Willis,9,4,R2_Percent,0.3007342862971928,2,0.13870100861788687,2,0.3092191882511353,1.1598138650152416,0.1377491861819819,-0.0364055408236439,-1.5099083166638116,0.6404849599953193,0.0,False,
20,10,Noah Galloway,4,3,R2_Percent,0.3445651473724935,1,0.3609715054094459,1,0.03342484611052049,1.2341199361840083,0.0,-0.0379083817160731,-1.3328056756798476,0.8189565267963586,0.0,False,
20,10,Riker Lynch,7,3,R2_Percent,0.32659919806950066,3,0.32198649459017814,2,-0.020124608353656814,1.1463651693157837,0.0,-0.019753690669814493,-0.8999415937870597,0.2963091640524792,0.0,False,
20,10,Rumer Willis,9,3,R2_Percent,0.32883565455800573,2,0.31704200000037597,3,-0.01330023775686362,1.1598138650152416,0.0,-0.02515120453154338,-1.1096621244414713,0.40024619222234037,0.0,False,
21,1,Alek Skarlatos,0,13,R2_Percent,0.14677677542935424,1,0.039628036561767915,11,0.9863588614728586,0.9395952539353642,0.05436396435290757,-0.04305944645149128,-2.978925153270943,0.0,0.0,False,
21,1,Alexa PenaVega,1,13,R2_Percent,0.06079529700625136,7,0.07184369060645679,8,0.10495839743981245,0.05339919558123054,0.04798333677158564,-0.03188322454908179,-2.2057352660964358,0.0,0.0,False,
21,1,Andy Grammer,2,13,R2_Percent,0.03729088062239308,8,0.08690467893517488,6,-0.3838052272470702,-0.3877332402192511,0.0003521478851846032,-0.03188322454908179,-2.2057352660964358,0.0,0.0,False,
21,1,Bindi Irwin,3,13,R2_Percent,0.1356274075486057,5,0.040501101554227766,10,0.9073574389779915,0.8573711743768859,0.05020279422147298,-0.035675619256445516,-2.468099530291619,0.0,0.0,False,
21,1,Carlos PenaVega,4,13,R2_Percent,0.1444469710301175,2,0.039172689418530034,12,0.9703584210377643,0.9245371825965711,0.053421595256606356,-0.04305944645149128,-2.978925153270943,0.0,0.0,False,
21,1,Chaka Khan,5,13,R2_Percent,0.015204849240604904,13,0.12635111138564384,1,-1.2809396307091638,-1.1694940590711635,-0.10970608818596542,-0.03719857308811283,-2.5734600458183343,0.0,0.0,False,
21,1,Gary Busey,6,13,R2_Percent,0.019847208851334272,11,0.11576760536040616,3,-1.0144906514466934,-0.9375281319065993,-0.07159036336412847,-0.04083124581204358,-2.824774473724637,0.0,0.0,False,
21,1,Hayes Grier,7,13,R2_Percent,0.02764537055009159,9,0.09290289206529062,5,-0.6830957530957537,-0.6545961702992018,-0.028283053176184413,-0.035675619256445516,-2.468099530291619,0.0,0.0,False,
21,1,Kim Zolciak-Biermann,8,13,R2_Percent,0.09089898445357006,6,0.07693578758111136,7,0.5071947923234493,0.4947255198699033,0.045968960915826834,-0.06895877809835887,-4.770684612665665,0.0,0.0,False,
21,1,Nick Carter,9,13,R2_Percent,0.14066588754090356,3,0.03911339512444935,13,0.9438334498741875,0.9035516161108906,0.053743063937350594,-0.04892031981013182,-3.384390260395774,0.0,0.0,False,
21,1,Paula Deen,10,13,R2_Percent,0.024978159102047044,10,0.11172949715110995,4,-0.7845522295618195,-0.7543203527329798,-0.040739823217559694,-0.024951143247358053,-1.726162186180337,0.0,0.0,False,
21,1,Tamar Braxton,11,13,R2_Percent,0.1394752282440022,4,0.040543772375549715,9,0.9353329735116128,0.8868649261261384,0.048684577005841834,-0.035675619256445516,-2.468099530291619,0.0,0.0,False,
21,1,Victor Espinoza,12,13,R2_Percent,0.016346980380724657,12,0.11860574188028163,2,-1.2085108425771762,-1.100803518069257,-0.10426532352062039,-0.038901090623376954,-2.691243081310829,0.0,0.0,False,
21,2,Alek Skarlatos,0,13,R2_Percent,0.1487633795263284,1,0.04076416430039156,12,1.0345159562223782,0.9395952539353642,0.05860201207915452,-0.04639362233823026,-2.577688381894452,0.40123677137649105,0.0,False,
21,2,Alexa PenaVega,1,13,R2_Percent,0.06229494440276475,7,0.07321047340448472,7,0.16403924271340836,0.05339919558123054,0.051696765771385614,-0.028219075141933267,-2.6466812533230697,-0.4409459872266339,0.0,False,
21,2,Andy Grammer,2,13,R2_Percent,0.03624906585011446,8,0.08994027172300122,6,-0.3774274192372858,-0.3877332402192511,0.0003797700461908281,-0.03303721989382589,-2.0668627584551276,0.1388725076413082,0.0,False,
21,2,Bindi Irwin,3,13,R2_Percent,0.1382744229112345,5,0.04218275575641946,10,0.9613992518322019,0.8573711743768859,0.0541303566313903,-0.03580503766692887,-2.452525239389465,0.015574290902153898,0.0,False,
21,2,Carlos PenaVega,4,13,R2_Percent,0.14680039668359365,2,0.04132164237712414,11,1.0212327878271692,0.9245371825965711,0.057455834399126236,-0.042598075773352874,-3.0344467836805173,-0.055521630409574474,0.0,False,
21,2,Chaka Khan,5,13,R2_Percent,0.013206545513146843,13,0.12617317986580134,1,-1.3871284516574875,-1.1694940590711635,-0.11822824391423684,-0.03530917032833855,-2.800831932879495,-0.22737188706116074,0.0,True,True
21,2,Gary Busey,6,13,R2_Percent,0.017814732541064953,11,0.11761276852202815,2,-1.087815244740163,-0.9375281319065993,-0.0771582805733112,-0.041030202258830036,-2.800831932879495,0.023942540845141913,0.0,False,
21,2,Hayes Grier,7,13,R2_Percent,0.026009964878632105,9,0.09531676844114141,5,-0.709361301396758,-0.6545961702992018,-0.030481873589142196,-0.03715552878362598,-2.2900063100218375,0.17809322026978158,0.0,False,
21,2,Kim Zolciak-Biermann,8,13,R2_Percent,0.08956348309840588,6,0.06801748372056604,8,0.527106651648691,0.4947255198699033,0.049540171239967894,-0.06804812252430709,-4.880273463038497,-0.10958885037283217,0.0,False,
21,2,Nick Carter,9,13,R2_Percent,0.1412207409008735,4,0.042948223251101515,9,0.9824831739507315,0.9035516161108906,0.05785777768349575,-0.0556238079821128,-2.577688381894452,0.8067018785013222,0.0,False,
21,2,Paula Deen,10,13,R2_Percent,0.023480876204222293,10,0.10745034522407419,4,-0.8116547192450371,-0.7543203527329798,-0.043924037817576325,-0.02467512776221254,-1.7593780589692256,-0.03321587278888871,0.0,False,
21,2,Tamar Braxton,11,13,R2_Percent,0.1419887366211045,3,0.04058991549983624,13,0.9879067043316994,0.8868649261261384,0.052552878247814745,-0.03580503766692887,-2.452525239389465,0.015574290902153898,0.0,False,
21,2,Victor Espinoza,12,13,R2_Percent,0.014332710868514238,12,0.11447200791402994,3,-1.305296632249548,-1.100803518069257,-0.11235750544060942,-0.031507515154695465,-3.580990488393085,-0.8897474070822562,0.0,True,False
21,3,Alek Skarlatos,0,10,R2_Percent,0.172334004491268,1,0.049682852125834495,9,0.8758950548920685,0.9395952539353642,0.06188623124224633,-0.03566612858042954,-2.7694588276203365,-0.19177044572588464,0.0,False,
21,3,Alexa PenaVega,1,10,R2_Percent,0.06825421792085246,6,0.09537219182174997,5,-0.05030019228054253,0.05339919558123054,0.011666950493895833,-0.04003271159570253,-2.4329865915405517,0.21369466178251795,0.0,False,
21,3,Andy Grammer,2,10,R2_Percent,0.03838889225950112,7,0.13744897027140462,4,-0.6257712718008701,-0.3877332402192511,-0.03828744793071263,-0.03131239323756304,-1.893990091246853,0.17287266720827454,0.0,False,
21,3,Bindi Irwin,3,10,R2_Percent,0.15858094502646938,5,0.05589709592950579,6,0.7927257316566179,0.8573711743768859,0.05300989514367836,-0.03618617216304128,-2.3639937200938386,0.08853151929562664,0.0,False,
21,3,Carlos PenaVega,4,10,R2_Percent,0.168019791008065,2,0.05356450953276429,7,0.8505423506102547,0.9245371825965711,0.058991944998578356,-0.04471348617955321,-2.931977756827817,0.1024690268527002,0.0,False,
21,3,Gary Busey,6,10,R2_Percent,0.017565645665428165,10,0.1738320351834306,2,-1.407594381796679,-0.9375281319065993,-0.11273643016176514,-0.039870347122336294,-2.87481934315094,-0.07398741027144506,0.0,False,
21,3,Hayes Grier,7,10,R2_Percent,0.026909974078730806,8,0.1454736375931537,3,-0.9810424239936535,-0.6545961702992018,-0.06362428456644008,-0.0340015658613643,-2.1816721634771064,0.10833414654473117,0.0,False,
21,3,Nick Carter,9,10,R2_Percent,0.1626441278433813,4,0.04963261988972182,10,0.8180251237709375,0.9035516161108906,0.05447073759023748,-0.03523989430291314,-2.820752122026571,-0.2430637401321194,0.0,False,
21,3,Paula Deen,10,10,R2_Percent,0.024026501510658934,9,0.18619953624805913,1,-1.0943819747284866,-0.7543203527329798,-0.08129134485638252,-0.027565766759996686,-1.502511225187871,0.25686683378135466,0.0,False,
21,3,Tamar Braxton,11,10,R2_Percent,0.1632759001956449,3,0.05289655140437563,8,0.8219019836703534,0.8868649261261384,0.05599981324409737,-0.03672247091773188,-2.2994551989914758,0.15307004039798944,0.0,False,
21,4,Alek Skarlatos,0,10,R2_Percent,0.17351288352140867,1,0.05100198943132643,6,0.9179599271722828,0.9395952539353642,0.06671133334582946,-0.04977568149084588,-1.5968591298865757,1.1725996977337607,0.0,False,
21,4,Alexa PenaVega,1,10,R2_Percent,0.06662561328716858,6,0.11668065012261243,5,-0.039202838560954384,0.05339919558123054,0.012572672925220527,-0.029486713006794094,-3.1166848816399177,-0.683698290099366,0.0,False,
21,4,Andy Grammer,2,10,R2_Percent,0.03601283731599034,7,0.1359963188316481,3,-0.654416459062192,-0.3877332402192511,-0.04127146218955772,-0.025064996733578183,-2.17222327424986,-0.2782331830030069,0.0,False,
21,4,Bindi Irwin,3,10,R2_Percent,0.16147324436951216,5,0.04929846054573046,10,0.8460475333340846,0.8573711743768859,0.057150211998551366,-0.029025741031549035,-2.983153489431466,-0.6191597693376276,0.0,False,
21,4,Carlos PenaVega,4,10,R2_Percent,0.1707366860653739,2,0.05048895017180849,7,0.9018305960827204,0.9245371825965711,0.06346720495393708,-0.0380499678744034,-3.453157117529702,-0.5211793607018849,0.0,False,
21,4,Gary Busey,6,10,R2_Percent,0.015233641891546648,10,0.19279993194698927,1,-1.5147856615757973,-0.9375281319065993,-0.12148342837990743,-0.040118100946007415,-3.047692010374871,-0.1728726672239307,0.0,True,True
21,4,Hayes Grier,7,10,R2_Percent,0.0246345708686127,8,0.1308536612176704,4,-1.034141149802465,-0.6545961702992018,-0.068576496438906,-0.028583825818638508,-2.536866387491547,-0.3551942240144408,0.0,False,
21,4,Nick Carter,9,10,R2_Percent,0.1645742692084153,4,0.049687595826405966,8,0.8650700268012923,0.9035516161108906,0.058656949395709805,-0.03831397772030898,-3.1166848816399177,-0.29593275961334653,0.0,False,
21,4,Paula Deen,10,10,R2_Percent,0.021749041677781075,9,0.17380407430719233,2,-1.1587222302929754,-0.7543203527329798,-0.08758606290898481,-0.021796855300325782,-1.4930623359565165,0.009448889231354451,0.0,False,
21,4,Tamar Braxton,11,10,R2_Percent,0.16544721179419053,3,0.04938836759861609,9,0.8703602559040038,0.8868649261261384,0.0604275865763175,-0.037189522749194764,-1.8239165802398138,0.4755386187516619,0.0,False,
21,5,Alek Skarlatos,0,9,R2_Percent,0.1833551598594559,1,0.06514858120556358,6,0.8273383332899945,0.9395952539353642,0.0686739699232092,-0.019487543741024425,-2.0294311202252966,-0.43257199033872085,0.0,False,
21,5,Alexa PenaVega,1,9,R2_Percent,0.06232122604310524,6,0.11689776061752914,4,-0.2517846282430204,0.05339919558123054,-0.03162114114400127,-0.046266191038916986,-2.970414463807201,0.14627041783271677,0.0,False,
21,5,Andy Grammer,2,9,R2_Percent,0.03307672903402526,7,0.15690083830093757,3,-0.8852567181652501,-0.3877332402192511,-0.07590372970013003,-0.032785630176224094,-2.0053335689082568,0.1668897053416032,0.0,False,
21,5,Bindi Irwin,3,9,R2_Percent,0.16383737279922106,5,0.06204229283180641,8,0.71478760360065,0.8573711743768859,0.06147177207403987,-0.052180665023866694,-1.892855585347828,1.0902979040836382,0.0,False,
21,5,Carlos PenaVega,4,9,R2_Percent,0.17428764117451073,2,0.05512082038851509,9,0.7766203415692724,0.9245371825965711,0.06605580265028724,-0.0515352275729588,-3.258096535546482,0.19506058198322007,0.0,False,
21,5,Hayes Grier,7,9,R2_Percent,0.02232578394984516,8,0.19401547665718982,2,-1.2783444614802806,-0.6545961702992018,-0.09410215536061187,-0.03608260105407573,-2.6075089706053327,-0.07064258311378557,0.0,False,
21,5,Nick Carter,9,9,R2_Percent,0.1679943584427278,4,0.0631194510962047,7,0.7398436951804418,0.9035516161108906,0.06228027842811496,-0.04891246083612068,-2.651960733203439,0.4647241484364786,0.0,False,
21,5,Paula Deen,10,9,R2_Percent,0.019489469766736683,9,0.2169178311242249,1,-1.4142123952124168,-0.7543203527329798,-0.12157507850957597,-0.021687614713768608,-1.480323310312885,0.012739025643631496,0.0,False,
21,5,Tamar Braxton,11,9,R2_Percent,0.17331225893037225,3,0.06983694777802862,5,0.7710082294606093,0.8868649261261384,0.06485064271968115,-0.024024955559304385,-2.105417027123886,-0.28150044688407205,0.0,False,
21,6,Alek Skarlatos,0,9,R2_Percent,0.18792910311282254,1,0.061362953969151604,5,0.8939151056186496,0.9395952539353642,0.07400991447635084,-0.026973140751019895,-2.3136349281695194,-0.28420380794422284,0.0,False,
21,6,Alexa PenaVega,1,9,R2_Percent,0.05715007471070193,6,0.15167537920866747,3,-0.29646897747117884,0.05339919558123054,-0.034079810257947186,-0.04404603908563946,-2.8368830713014286,0.1335313925057724,0.0,False,
21,6,Andy Grammer,2,9,R2_Percent,0.029745469417694344,7,0.1469802283015298,4,-0.9494728430713103,-0.3877332402192511,-0.08182615402272227,-0.029690657812809863,-1.9205923406385232,0.08474122826973352,0.0,False,
21,6,Bindi Irwin,3,9,R2_Percent,0.16732087731725206,5,0.05673173142300591,7,0.7777637149248149,0.8573711743768859,0.06626297145330917,-0.02501206963724512,-2.1754845898514263,-0.2826290045035984,0.0,False,
21,6,Carlos PenaVega,4,9,R2_Percent,0.17523766848770375,3,0.05613544234116735,8,0.8239934831911837,0.9245371825965711,0.07107746888234096,-0.04581382979992215,-3.412247214815407,-0.15415067926892512,0.0,False,
21,6,Hayes Grier,7,9,R2_Percent,0.019687748422855297,8,0.18805822875314002,2,-1.3621531401750158,-0.6545961702992018,-0.10140424312251832,-0.038800351850939004,-2.473977578025375,0.1335313925799575,0.0,False,
21,6,Nick Carter,9,9,R2_Percent,0.1694342278830538,4,0.05715789230545687,6,0.7903151404418239,0.9035516161108906,0.06703637517833065,-0.039812271283138134,-2.473977578025375,0.17798315517806396,0.0,False,
21,6,Paula Deen,10,9,R2_Percent,0.016998155308787132,9,0.22865649289518955,1,-1.5090448480643897,-0.7543203527329798,-0.1309816052540323,-0.02285113063447733,-1.3054067014767359,0.17491660883614912,0.0,True,True
21,6,Tamar Braxton,11,9,R2_Percent,0.17649667533912933,2,0.0532416508026916,9,0.8311523646054223,0.8868649261261384,0.06992318828283961,-0.029578436466668745,-2.208274412612804,-0.10285738548891832,0.0,False,
21,7,Alek Skarlatos,0,8,R2_Percent,0.19407812193817306,1,0.07042839972968236,8,0.7615801894592612,0.9395952539353642,0.0650732627272162,-0.03254365349884006,-2.4218485127592855,-0.10821358458976604,0.0,False,
21,7,Alexa PenaVega,1,8,R2_Percent,0.05084190817147484,6,0.18390531936086857,3,-0.5779596004549279,0.05339919558123054,-0.09304942988414105,-0.045495177863361075,-2.296685369879005,0.5401977014224237,0.0,False,
21,7,Andy Grammer,2,8,R2_Percent,0.026652115084001737,7,0.21403705570365178,2,-1.2238120662330538,-0.3877332402192511,-0.11602268234332674,-0.030637090033269858,-1.5745506527301771,0.3460416879083461,0.0,False,
21,7,Bindi Irwin,3,8,R2_Percent,0.1730980441174133,5,0.0753010551729391,5,0.647177584020935,0.8573711743768859,0.06611683187465238,-0.0342830967891123,-1.8340618483579072,0.34142274149351914,0.0,False,
21,7,Carlos PenaVega,4,8,R2_Percent,0.17849316759545772,3,0.0748489788087983,6,0.6778697447619714,0.9245371825965711,0.07176718259286224,-0.05697963246054681,-2.4908413840943324,0.9214058307210746,0.0,False,
21,7,Hayes Grier,7,8,R2_Percent,0.01733237686677328,8,0.2282948179852048,1,-1.6541043313212773,-0.6545961702992018,-0.13578896380008457,-0.038989762962466576,-2.0853762764599773,0.38860130156539796,0.0,True,True
21,7,Nick Carter,9,8,R2_Percent,0.17554447605136259,4,0.07882155585529604,4,0.6612118566443698,0.9035516161108906,0.06589804887604343,-0.035004632204739455,-2.5649493563035484,-0.09097177827817315,0.0,False,
21,7,Tamar Braxton,11,8,R2_Percent,0.18395979017534356,2,0.074362817383559,7,0.7080366231227219,0.8868649261261384,0.07605542909412134,-0.03502953870482651,-1.8340618483579072,0.374212564254897,0.0,False,
21,8,Alek Skarlatos,0,7,R2_Percent,0.19936126538665663,1,0.09043000498567673,4,0.5734024354169307,0.9395952539353642,0.06798040423868296,-0.038837973852440366,-1.960835798591872,0.4610127141674134,0.0,False,
21,8,Alexa PenaVega,1,7,R2_Percent,0.043278503936859405,6,0.24796179546817032,2,-0.9540600805438183,0.05339919558123054,-0.15861109638756185,-0.032835242556214284,-2.340325419993132,-0.04364005011412697,0.0,False,
21,8,Andy Grammer,2,7,R2_Percent,0.02312146314644696,7,0.3172712772479123,1,-1.5809548207237825,-0.3877332402192511,-0.1636221427903336,-0.023617735202147744,-1.471287573527835,0.10326307920234212,0.0,True,True
21,8,Bindi Irwin,3,7,R2_Percent,0.17919650652298874,4,0.09341983200971025,3,0.46676685809493057,0.8573711743768859,0.06087981765786513,-0.02628900844062302,-1.8607523400499273,-0.02669049169202009,0.0,False,
21,8,Carlos PenaVega,4,7,R2_Percent,0.18447607066069863,3,0.08691323748625064,5,0.4958036093465519,0.9245371825965711,0.06689720828500433,-0.036589960657906165,-2.420368127503207,0.07047325659112547,0.0,False,
21,8,Nick Carter,9,7,R2_Percent,0.1786163343573082,5,0.07847482685885929,7,0.4635239746215958,0.9035516161108906,0.053939457003319626,-0.038942121675418474,-2.340325419993132,0.22462393631041655,0.0,False,
21,8,Tamar Braxton,11,7,R2_Percent,0.1919498559890415,2,0.08552902594342049,6,0.5355180237875921,0.8868649261261384,0.07280674163269041,-0.028063755088391328,-1.6471782398370327,0.1868836085208745,0.0,False,
21,9,Alek Skarlatos,0,6,R2_Percent,0.205702181268338,1,0.12739440397044935,5,0.35030238637651895,0.9395952539353642,0.04479700568549165,-0.025903975334493297,-2.254382990108848,-0.29354719151697584,0.0,False,
21,9,Alexa PenaVega,1,6,R2_Percent,0.03473264938005923,6,0.34413571783817265,1,-1.4284468654460425,0.05339919558123054,-0.24456160196394014,-0.034039068377561106,-2.3150076119870473,0.02531780800608452,0.0,True,True
21,9,Bindi Irwin,3,6,R2_Percent,0.1815731224455471,5,0.12458165199768843,6,0.22553143670870013,0.8573711743768859,0.03473364542821731,-0.035734977317555795,-0.797136893943506,1.0636154461064213,0.0,False,
21,9,Carlos PenaVega,4,6,R2_Percent,0.19082285742670627,3,0.13257519971319529,4,0.27521853532256807,0.9245371825965711,0.05165316519350148,-0.03475158366921938,-2.4485390043329986,-0.02817087682979169,0.0,False,
21,9,Nick Carter,9,6,R2_Percent,0.1854193674387171,4,0.1347616635820058,3,0.24649309631755706,0.9035516161108906,0.05368104254860825,-0.034039068377561106,-2.3150076119870473,0.02531780800608452,0.0,False,
21,9,Tamar Braxton,11,6,R2_Percent,0.2017498220406324,2,0.13655136289848857,2,0.3309014107206985,0.8868649261261384,0.060740609303073935,-0.0222944086759656,-1.829499796493808,-0.1823215566567753,0.0,False,
21,10,Alek Skarlatos,0,4,R2_Percent,0.2663000330823844,1,0.23667943737837982,2,0.06388818058874557,0.9395952539353642,0.0,-0.04163266346932888,-1.1657515911589307,1.0886313989499172,0.0,False,
21,10,Bindi Irwin,3,4,R2_Percent,0.2437374949105177,3,0.23221198410203264,3,-0.024643630830184005,0.8573711743768859,0.0,-0.008459273798863014,-1.1657515911589307,-0.3686146972154247,0.0,False,
21,10,Carlos PenaVega,4,4,R2_Percent,0.24784769659751935,2,0.22570070318266697,4,-0.007921005571810691,0.9245371825965711,0.0,-0.04268320389321341,-1.5712166991691785,0.8773223051638201,0.0,False,
21,10,Nick Carter,9,4,R2_Percent,0.2421147754095785,4,0.30540787533692054,1,-0.03132354418675082,0.9035516161108906,0.0,-0.03791800617580294,-1.7788560638507882,0.5361515481362591,0.0,False,
21,11,Alek Skarlatos,0,4,R2_Percent,0.2668064834242676,1,0.24294799045113738,4,0.06584735688121796,0.9395952539353642,0.0,-0.016570829627274877,-1.199416987490013,-0.03366539633108223,0.0,False,
21,11,Bindi Irwin,3,4,R2_Percent,0.24460986396784945,3,0.2519301084832093,2,-0.021011708182534825,0.8573711743768859,0.0,-0.015352591910090925,-1.346020461636673,-0.18026887047774243,0.0,False,
21,11,Carlos PenaVega,4,4,R2_Percent,0.24783322940887112,2,0.2463731751517641,3,-0.007920199655699754,0.9245371825965711,0.0,-0.02261844673651339,-1.5824092395458158,-0.011192540376637305,0.0,False,
21,11,Nick Carter,9,4,R2_Percent,0.24075042319901183,4,0.25874872591388937,1,-0.03691544904298337,0.9035516161108906,0.0,-0.02838531435871033,-1.457246096590241,0.32160996726054725,0.0,False,
22,1,Antonio Brown,0,12,R2_Percent,0.10104385164766415,5,0.06250240919093344,8,0.5873271895116668,0.5455847734078895,0.0807219298622279,-0.039461730679647554,-2.730029106287652,0.0,0.0,False,
22,1,Doug Flutie,1,12,R2_Percent,0.027167607536849138,9,0.1241607596818629,3,-0.7262020435951252,-0.6439524405531335,-0.03325086009762942,-0.049480959865559226,-3.423176285314264,0.0,0.0,False,
22,1,Geraldo Rivera,2,12,R2_Percent,0.015887330017502137,12,0.14231246292177674,1,-1.2627054705084346,-1.110626728630323,-0.1053081995709256,-0.04725275922838298,-3.269025605925101,0.0,0.0,False,
22,1,Ginger Zee,3,12,R2_Percent,0.18723217415578983,1,0.0324735135876544,12,1.2041220119334157,1.2005205494522093,0.04035277559931447,-0.03723353003930504,-2.5758784266794414,0.0,0.0,False,
22,1,Jodie Sweetin,4,12,R2_Percent,0.06405057000454566,6,0.08312784434342269,7,0.13144551983917285,0.1135935750338109,0.04311279119890954,-0.025743063314744543,-1.780948552530291,0.0,0.0,False,
22,1,Kim Fields,5,12,R2_Percent,0.03937692606510524,7,0.09860392133010885,6,-0.3550473959437332,-0.3369828342120467,-0.0018589412453102732,-0.016687837407573142,-1.1544927467453248,0.0,0.0,False,
22,1,Marla Maples,6,12,R2_Percent,0.020236305307442606,10,0.10932877061605946,4,-1.020749124174988,-0.9071656297535261,-0.07044562483517791,-0.04362008650748082,-3.0177111782283217,0.0,0.0,False,
22,1,Mischa Barton,7,12,R2_Percent,0.018167447929335927,11,0.12833678820235997,2,-1.128595990471431,-0.9987227096614403,-0.08673541122370687,-0.04362008650748082,-3.0177111782283217,0.0,0.0,False,
22,1,Nyle DiMarco,8,12,R2_Percent,0.18448672021729667,2,0.03309632289964625,11,1.189350075915714,1.1923822672399604,0.04010567826203757,-0.04362008650748082,-3.0177111782283217,0.0,0.0,False,
22,1,Paige VanZant,9,12,R2_Percent,0.18003594847580498,3,0.036183845854091956,10,1.16492913687218,1.1657776706892578,0.039388702619648025,-0.04071945335792274,-2.817040483137888,0.0,0.0,False,
22,1,Von Miller,10,12,R2_Percent,0.029470915798458706,8,0.10256122501920044,5,-0.6448235359477267,-0.586425454899036,-0.021646767930582633,-0.03723353003930504,-2.5758784266794414,0.0,0.0,False,
22,1,Wanya Morris,11,12,R2_Percent,0.1328442028442048,4,0.047312136352882804,9,0.8609496265692892,0.8401941162783175,0.07561512658602433,-0.055341833216249685,-3.828641391889095,0.0,0.0,False,
22,2,Antonio Brown,0,12,R2_Percent,0.10558052898086846,5,0.06403161860325998,8,0.6678128115374703,0.5455847734078895,0.08704043167317821,-0.04189874502788047,-2.4367573047692495,0.2932718015184026,0.0,False,
22,2,Doug Flutie,1,12,R2_Percent,0.025147052661240062,9,0.108486182364601,4,-0.7669204588124187,-0.6439524405531335,-0.0358322137994166,-0.049164480392990324,-3.4612616191700845,-0.03808533385582047,0.0,False,
22,2,Geraldo Rivera,2,12,R2_Percent,0.013619664021397504,12,0.14426175381331377,1,-1.380146525698268,-1.110626728630323,-0.11348145789121955,-0.053269470432574045,-2.5449708889930722,0.7240547169320286,0.0,True,True
22,2,Ginger Zee,3,12,R2_Percent,0.1889262634814347,1,0.03392047411399327,11,1.2496956405423578,1.2005205494522093,0.043409113926238266,-0.035927697458175124,-2.733023120483598,-0.15714469380415652,0.0,False,
22,2,Jodie Sweetin,4,12,R2_Percent,0.06546279699935255,6,0.07970516828648569,7,0.18982083845117387,0.1135935750338109,0.04646404503534593,-0.025154108721867404,-1.851823709498841,-0.07087515696854996,0.0,False,
22,2,Kim Fields,5,12,R2_Percent,0.03909529656763962,7,0.10143589806677761,6,-0.32565899071500753,-0.3369828342120467,-0.002003219895745443,-0.008261749629781344,-2.1684933184436503,-1.0140005716983256,0.0,False,
22,2,Marla Maples,6,12,R2_Percent,0.01806929781827277,10,0.11393156053740547,3,-1.0974469132114872,-0.9071656297535261,-0.0759262970688825,-0.04730755941709314,-2.5739584264086774,0.44375275181964424,0.0,False,
22,2,Mischa Barton,7,12,R2_Percent,0.016036083021476865,11,0.13378957714417172,2,-1.216819786122407,-0.9987227096614403,-0.09346169776130912,-0.04247193885844367,-3.1558799705813083,-0.13816879235298662,0.0,False,
22,2,Nyle DiMarco,8,12,R2_Percent,0.18390428825551167,2,0.03616489959648404,10,1.2227542916650462,1.1923822672399604,0.04328167637312384,-0.04844766596773249,-2.4367573047692495,0.5809538734590722,0.0,False,
22,2,Paige VanZant,9,12,R2_Percent,0.18006324340647512,3,0.033029014259694,12,1.2016469833557706,1.1657776706892578,0.042600070438350915,-0.04429508411958069,-2.3867468840064707,0.4302935991314172,0.0,False,
22,2,Von Miller,10,12,R2_Percent,0.027755456509620833,8,0.10654567300950335,5,-0.6682287062424506,-0.586425454899036,-0.023330386094346307,-0.04263442278064451,-1.9259316813068483,0.6499467453725931,0.0,False,
22,2,Wanya Morris,11,12,R2_Percent,0.13634002827670977,4,0.044698180204310024,9,0.9234908152502205,0.8401941162783175,0.08128369212136204,-0.055598667017646757,-3.79773385468844,0.03090753720065509,0.0,False,
22,3,Antonio Brown,0,11,R2_Percent,0.10900341287870323,5,0.07376273293217273,7,0.600903830735257,0.5455847734078895,0.06757166809632512,-0.037758130094800314,-2.1316272937489535,0.3051300110202959,0.0,False,
22,3,Doug Flutie,1,11,R2_Percent,0.02297446682687082,9,0.13377215540452306,3,-0.9560919005100676,-0.6439524405531335,-0.05607715438625674,-0.05403956544259663,-2.9789251532980616,0.48233646587202283,0.0,False,
22,3,Ginger Zee,3,11,R2_Percent,0.19377774419555246,1,0.03984727821029216,9,1.1762364920124178,1.2005205494522093,0.056976152637808974,-0.03897667058799123,-2.796603596831885,-0.06358047634828701,0.0,False,
22,3,Jodie Sweetin,4,11,R2_Percent,0.06545283744896892,6,0.09134246339851379,6,0.09085448252411615,0.1135935750338109,0.023500264107428268,-0.029058723653453394,-1.576101491873955,0.2757222176248859,0.0,False,
22,3,Kim Fields,5,11,R2_Percent,0.03740118184285968,7,0.11419620640551628,5,-0.46877305781982825,-0.3369828342120467,-0.026589849244695814,-0.027792989042280915,-2.595932901713168,-0.4274395832695177,0.0,False,
22,3,Marla Maples,6,11,R2_Percent,0.01621192065130347,10,0.13614703854107746,2,-1.3047285475055947,-0.9071656297535261,-0.09533100611076983,-0.03774621719667113,-2.508921524789826,0.06503690161885123,0.0,False,
22,3,Mischa Barton,7,11,R2_Percent,0.013932574457038533,11,0.15097243106923394,1,-1.4562457772440118,-0.9987227096614403,-0.11589331418874257,-0.05133255504284472,-2.468099530358738,0.6877804402225705,0.0,True,True
22,3,Nyle DiMarco,8,11,R2_Percent,0.18855349750326003,2,0.03676026499983628,11,1.14890641118849,1.1923822672399604,0.05245134388136312,-0.03619546370749543,-2.3196795253287403,0.11707777944050912,0.0,False,
22,3,Paige VanZant,9,11,R2_Percent,0.18594517932227536,3,0.03968046799540269,10,1.1349765336263749,1.1657776706892578,0.05731387388365932,-0.03348445148444191,-2.508921524789826,-0.12217464078335549,0.0,False,
22,3,Von Miller,10,11,R2_Percent,0.026316568553610833,8,0.13071404455926727,4,-0.8202766379627622,-0.586425454899036,-0.04389757840063162,-0.02612947141774581,-2.1316272937489535,-0.2056956124421052,0.0,False,
22,3,Wanya Morris,11,11,R2_Percent,0.14043061631955686,4,0.052804916484164396,8,0.8542381709556088,0.8401941162783175,0.08003062229894187,-0.05536597640879606,-3.7410652032401965,0.05666865144824351,0.0,False,
22,4,Antonio Brown,0,10,R2_Percent,0.10947925794703445,5,0.07481258359910203,6,0.48780280056914205,0.5455847734078895,0.040935289841122866,-0.03311765767101003,-1.8541650344890774,0.2774622592598761,0.0,False,
22,4,Doug Flutie,1,10,R2_Percent,0.020812102962167005,9,0.1754110512044989,1,-1.1723976149371482,-0.6439524405531335,-0.0809784047321772,-0.04088616319236359,-3.2404593938294224,-0.26153424053136076,0.0,False,
22,4,Ginger Zee,3,10,R2_Percent,0.20021150169889942,1,0.03907431587433834,10,1.0914420106713583,1.2005205494522093,0.07074141333386229,-0.04035309810997942,-2.805141323505267,-0.008537726673381929,0.0,False,
22,4,Jodie Sweetin,4,10,R2_Percent,0.0639326154284213,6,0.12195860715360422,5,-0.05010266084586995,0.1135935750338109,-0.005382635686638355,-0.020280387441105885,-1.8771545531587548,-0.3010530612847997,0.0,False,
22,4,Kim Fields,5,10,R2_Percent,0.03430822373351179,7,0.13431834781732319,4,-0.672547221174155,-0.3369828342120467,-0.05479298939219089,-0.04154481973841094,-2.111994144124733,0.48393875758843485,0.0,False,
22,4,Marla Maples,6,10,R2_Percent,0.0143466698144239,10,0.16819167583792827,2,-1.544414459010702,-0.9071656297535261,-0.11759584305390834,-0.033804177167819326,-2.805141323505267,-0.2962197987154407,0.0,True,False
22,4,Nyle DiMarco,8,10,R2_Percent,0.19673032086418007,2,0.04180168510102416,8,1.0739015556714233,1.1923822672399604,0.07149600744267705,-0.03270094671384581,-2.419478843321047,-0.09979931799230668,0.0,False,
22,4,Paige VanZant,9,10,R2_Percent,0.1924371137618899,3,0.04123390632132364,9,1.0518371129963462,1.1657776706892578,0.07113783714501275,-0.03956405456769794,-2.111994144124733,0.39692738066509303,0.0,False,
22,4,Von Miller,10,10,R2_Percent,0.0241233489561308,8,0.14412598222147424,3,-1.0247520977714133,-0.586425454899036,-0.07004871382016355,-0.034344475403829164,-1.7065290359979415,0.42509825775101207,0.0,False,
22,4,Wanya Morris,11,10,R2_Percent,0.14361884483334128,4,0.059071844869383085,7,0.7592305738310184,0.8401941162783175,0.07462093499889735,-0.051683972943936445,-4.028916751019147,-0.2878515477789505,0.0,False,
22,5,Antonio Brown,0,9,R2_Percent,0.10731162531698982,5,0.10949566360023373,5,0.32980188771374275,0.5455847734078895,0.01491490191189796,-0.025159778323028275,-2.0517169928194616,-0.1975519583303842,0.0,False,
22,5,Doug Flutie,1,9,R2_Percent,0.018139641982503115,9,0.19301655174411617,1,-1.4478353919717972,-0.6439524405531335,-0.11375124555098244,-0.04784450651299029,-3.1195576212756473,0.1209017725537751,0.0,False,
22,5,Ginger Zee,3,9,R2_Percent,0.21008355706847,1,0.046261976535115275,8,1.0015702422740769,1.2005205494522093,0.09470009693438035,-0.04051204376079837,-2.8094026936663528,-0.004261370161085853,0.0,False,
22,5,Jodie Sweetin,4,9,R2_Percent,0.058962894723401604,6,0.12209499893440978,4,-0.2690267570379907,0.1135935750338109,-0.053116674427272935,-0.025683121815368037,-2.0517169928194616,-0.17456243966070684,0.0,False,
22,5,Kim Fields,5,9,R2_Percent,0.030927370736485063,7,0.17667116882063713,3,-0.9142935239275557,-0.3369828342120467,-0.08873686325468745,-0.025269235923493942,-2.744864172695032,-0.6328700285702986,0.0,False,
22,5,Nyle DiMarco,8,9,R2_Percent,0.20604277366518436,2,0.0419687864161231,9,0.9821486862788603,1.1923822672399604,0.08991400578685017,-0.03828453464966689,-2.0209453342075374,0.3985335091135096,0.0,False,
22,5,Paige VanZant,9,9,R2_Percent,0.2030969348470273,3,0.049786100552206156,7,0.9677482765230568,1.1657776706892578,0.09038593814645274,-0.030765289690084435,-2.083465691172449,0.028528452952284233,0.0,False,
22,5,Von Miller,10,9,R2_Percent,0.021610048954264223,8,0.18377114806913097,2,-1.2727766642395002,-0.586425454899036,-0.09870214185664289,-0.02898683714929889,-1.1867195559461794,0.5198094800517621,0.0,False,
22,5,Wanya Morris,11,9,R2_Percent,0.1438251527056745,4,0.07693360532802766,6,0.6226632443871071,0.8401941162783175,0.06451492409967047,-0.054996583542024205,-4.418840599460453,-0.3899238484413061,0.0,False,
22,6,Antonio Brown,0,9,R2_Percent,0.10293451662757684,5,0.09360562779230061,5,0.33977694821618976,0.5455847734078895,0.016122095970368396,-0.03008120296196106,-2.000660663169295,0.05105632965016671,0.0,False,
22,6,Doug Flutie,1,9,R2_Percent,0.015590563786750304,9,0.20569009619804976,1,-1.5476502311607292,-0.6439524405531335,-0.12253174148719928,-0.04359328335720804,-3.2999436453278386,-0.18038602405219128,0.0,True,True
22,6,Ginger Zee,3,9,R2_Percent,0.21629836797071253,1,0.04681053162429973,7,1.0823427107843857,1.2005205494522093,0.10201136634283345,-0.043960180488641754,-2.406125770953217,0.40327692271313564,0.0,False,
22,6,Jodie Sweetin,4,9,R2_Percent,0.052913704420236324,6,0.14063658114050293,4,-0.3256537088567953,0.1135935750338109,-0.05726117220908053,-0.03532155204780872,-1.3700338397752387,0.6816831530442229,0.0,False,
22,6,Kim Fields,5,9,R2_Percent,0.026980318461924918,7,0.17348828488951865,3,-0.9992084225949924,-0.3369828342120467,-0.0955908110105608,-0.03930842872163165,-2.789118022646292,-0.04425384995126036,0.0,False,
22,6,Nyle DiMarco,8,9,R2_Percent,0.2143345557962877,2,0.046026357698384715,8,1.07322206217843,1.1923822672399604,0.09691977139406133,-0.029380703420650855,-2.000660663169295,0.020284671038242497,0.0,False,
22,6,Paige VanZant,9,9,R2_Percent,0.210949010088534,3,0.04299967519222485,9,1.0573003689893257,1.1657776706892578,0.09744540650992053,-0.030548239579963745,-2.0314323217816925,0.05203336939075642,0.0,False,
22,6,Von Miller,10,9,R2_Percent,0.019339746148157064,8,0.18290733259723505,2,-1.3321537127370924,-0.586425454899036,-0.10633941962709391,-0.01087897133563133,-1.9418201629028982,-0.7551006069567188,0.0,False,
22,6,Wanya Morris,11,9,R2_Percent,0.14065921669982026,4,0.06783551286748368,6,0.6520239851812777,0.8401941162783175,0.06934216239102037,-0.06404154162711541,-4.398555928573726,0.020284670886726808,0.0,False,
22,7,Antonio Brown,0,8,R2_Percent,0.09499775652950108,5,0.1308676829297557,4,0.11262224022369816,0.5455847734078895,-0.02608056938442253,-0.03361065701013226,-1.4360558703655404,0.5646047928037545,0.0,False,
22,7,Ginger Zee,3,8,R2_Percent,0.22938654514156953,1,0.04919395257580392,7,0.9941775149653778,1.2005205494522093,0.12013159328085014,-0.034519059099572494,-2.4375044096518845,-0.031378638698667416,0.0,False,
22,7,Jodie Sweetin,4,8,R2_Percent,0.046602091976412865,6,0.18590425759104467,3,-0.5995856032973803,0.1135935750338109,-0.10898675881500061,-0.014302319961826307,-2.0320393019252014,-0.6620054621499627,0.0,False,
22,7,Kim Fields,5,8,R2_Percent,0.0228964210382584,7,0.2155295230688796,2,-1.3102504238118113,-0.3369828342120467,-0.13593257957203497,-0.040533485125364754,-2.7629268097232647,0.026191212923027507,0.0,True,False
22,7,Nyle DiMarco,8,8,R2_Percent,0.22805155036746,2,0.048854234702370644,8,0.9883406658819547,1.1923822672399604,0.11650498706626004,-0.027679438554574578,-2.149822337486215,-0.14916167431691996,0.0,False,
22,7,Paige VanZant,9,8,R2_Percent,0.22574224303049362,3,0.05045025240878763,6,0.97816279520394,1.1657776706892578,0.12336541461083073,-0.02802627848641396,-2.192381951824214,-0.16094963004252127,0.0,False,
22,7,Von Miller,10,8,R2_Percent,0.01658059406284111,8,0.22515764109744185,1,-1.6329980564668718,-0.586425454899036,-0.14001407245848346,-0.032271186038908696,-1.4360558703655404,0.5057642925373578,0.0,True,True
22,7,Wanya Morris,11,8,R2_Percent,0.13574279785346358,4,0.09404245562591589,5,0.46953086730109267,0.8401941162783175,0.05122780835374454,-0.0649865465544556,-4.229263873157717,0.1692920554160091,0.0,False,
22,8,Antonio Brown,0,6,R2_Percent,0.0772372668989984,5,0.2636231274469463,2,-0.5431986232961836,0.5455847734078895,-0.18936568651881655,-0.018474771352018093,-1.7107904062073196,-0.2747345358417792,0.0,False,
22,8,Ginger Zee,3,6,R2_Percent,0.2589399140012947,1,0.06631268823071311,6,0.6665153468104863,1.2005205494522093,0.17030552742315377,-0.03365804163907675,-2.6270811372514746,-0.1895767275995901,0.0,False,
22,8,Jodie Sweetin,4,6,R2_Percent,0.035785334488063814,6,0.3106036861165433,1,-1.3125425373963984,0.1135935750338109,-0.2549800283868156,-0.030187733385425033,-1.933933957383196,0.09810534454200548,0.0,True,True
22,8,Nyle DiMarco,8,6,R2_Percent,0.25726919931091274,2,0.06988745621456642,5,0.660042309117421,1.1923822672399604,0.16869246725817555,-0.03251533848849256,-1.976493571728441,0.17332876575777378,0.0,False,
22,8,Paige VanZant,9,6,R2_Percent,0.25138043779233393,3,0.0758363878149337,4,0.6368867843494339,1.1657776706892578,0.1675778275515895,-0.043194712069090896,-0.807922694859179,1.3844592569650347,0.0,False,
22,8,Wanya Morris,11,6,R2_Percent,0.11938784750839643,4,0.21373665417629717,3,-0.10770327958475878,0.8401941162783175,-0.06183803111872147,-0.06292668562571765,-4.013375494221365,0.21588837893635215,0.0,False,
22,9,Antonio Brown,0,5,R2_Percent,0.05243672561618644,5,0.442723111130089,1,-1.120513305749966,0.5455847734078895,-0.3491954148627818,-0.02749995617482695,-1.3773256907764158,0.33346471543090384,0.0,True,True
22,9,Ginger Zee,3,5,R2_Percent,0.28944632328552344,1,0.08383302634471662,3,0.5878493459079498,1.2005205494522093,0.20661557700797795,-0.04468728230828684,-1.8191584427995027,0.807922694451972,0.0,False,
22,9,Nyle DiMarco,8,5,R2_Percent,0.2876362344357063,2,0.08286742581789887,4,0.5815760847887163,1.1923822672399604,0.19608820141052719,-0.03384013961821182,-1.3422343709086186,0.6342592008198225,0.0,False,
22,9,Paige VanZant,9,5,R2_Percent,0.2836966068921566,3,0.08114864066885732,5,0.5677848594266262,1.1657776706892578,0.1796533545597161,-0.007792467749923655,-1.2755429965013814,-0.46762030164220236,0.0,False,
22,9,Wanya Morris,11,5,R2_Percent,0.08678410977042725,4,0.3094277960384383,2,-0.6166969843733262,0.8401941162783175,-0.23262148065584318,-0.06560125982908624,-3.1000922864582336,0.9132832077631314,0.0,True,False
22,10,Ginger Zee,3,3,R2_Percent,0.33454590989588545,2,0.3483664795102362,1,0.003656555404901729,1.2005205494522093,0.0,-0.0298096816167683,-1.3962446915892568,0.4229137512102459,0.0,False,
22,10,Nyle DiMarco,8,3,R2_Percent,0.33543757066320956,1,0.3283455456512184,2,0.006318296536254375,1.1923822672399604,0.0,-0.020740293787408815,-1.1811333120427627,0.1611010588658559,0.0,False,
22,10,Paige VanZant,9,3,R2_Percent,0.3300165194409049,3,0.3232879748385455,3,-0.009974851941156104,1.1657776706892578,0.0,-0.02231893924669128,-0.8084580268266932,0.46708496967468816,0.0,False,
23,1,Amber Rose,0,13,R2_Percent,0.025438869428141442,9,0.10233764810432519,5,-0.7207820001965449,-0.6726716239857735,-0.03493959918095102,-0.028900694903911263,-1.999398833267838,0.0,0.0,False,
23,1,Babyface,1,13,R2_Percent,0.01844067589610023,11,0.10300374390859589,4,-1.0425014257049932,-0.9439113872674921,-0.07424303950241719,-0.04007691680917464,-2.7725887206397815,0.0,0.0,False,
23,1,Calvin Johnson Jr.,2,13,R2_Percent,0.17106723655223524,1,0.03582526095553452,12,1.1849963784699507,1.1858537058959546,0.04938900318244766,-0.06597624848254248,-4.564348181867836,0.0,0.0,False,
23,1,Jake T. Austin,3,13,R2_Percent,0.015209820605516986,13,0.11454814699437388,2,-1.235118985270666,-1.0821049921273163,-0.10276766253489807,-0.06597624848254248,-4.564348181867836,0.0,0.0,False,
23,1,James Hinchcliffe,4,13,R2_Percent,0.1586618512477346,2,0.03515093389933088,13,1.1097149188605402,1.0978097891832144,0.046271357797357714,-0.05009614599412267,-3.4657358995997267,0.0,0.0,False,
23,1,Jana Kramer,5,13,R2_Percent,0.15738780666486402,3,0.03856483187774055,10,1.101652568832949,1.0760317078597534,0.04773965926807455,-0.03784871616896979,-2.6184380410410943,0.0,0.0,False,
23,1,Laurie Hernandez,6,13,R2_Percent,0.14901927668217746,4,0.037576309190893144,11,1.047015374320054,1.0203241937654681,0.04101895029315804,-0.03005768761266285,-2.0794415408798357,0.0,0.0,False,
23,1,Marilu Henner,7,13,R2_Percent,0.0820170016722708,6,0.06496672873632392,8,0.4498662662762905,0.3938582610199339,0.0729711769942747,-0.03269308961200885,-2.2617630975137906,0.0,0.0,False,
23,1,Maureen McCormick,8,13,R2_Percent,0.0319517280407554,8,0.10201789332476684,6,-0.49283403181963553,-0.4556439531723111,-0.01020767771520732,-0.04271231880620788,-2.954910277113736,0.0,0.0,False,
23,1,Rick Perry,9,13,R2_Percent,0.017104745016891458,12,0.11789801956311559,1,-1.1177043855789242,-1.0101207401848533,-0.0873950022884264,-0.035918560979735295,-2.4849066485880003,0.0,0.0,False,
23,1,Ryan Lochte,10,13,R2_Percent,0.05282158771926811,7,0.0846733272525614,7,0.009859668508662205,0.007141120533409094,0.037084776095284974,-0.05009614599412267,-3.4657358995997267,0.0,0.0,False,
23,1,Terra Jole,11,13,R2_Percent,0.10062034763985978,5,0.059565988549214424,9,0.6542942030717019,0.581336026399551,0.08225128032522619,-0.02502302152716606,-1.731134846846914,0.0,0.0,False,
23,1,Vanilla Ice,12,13,R2_Percent,0.020259052834184336,10,0.10387116764322393,3,-0.9484585497693842,-0.8642553619247666,-0.0672400161066995,-0.03269308961200885,-2.2617630975137906,0.0,0.0,False,
23,2,Amber Rose,0,13,R2_Percent,0.02389796776562361,9,0.10672080759355322,3,-0.7442220307693753,-0.6726716239857735,-0.03766910382693019,-0.02903037154720306,-1.983793466471118,0.015605366796719977,0.0,False,
23,2,Babyface,1,13,R2_Percent,0.01643410669455411,11,0.09987461206366909,5,-1.1186566035707204,-0.9439113872674921,-0.08001736024212851,-0.043034614651121066,-2.4166575481033203,0.3559311725364611,0.0,False,
23,2,Calvin Johnson Jr.,2,13,R2_Percent,0.16889276890126417,1,0.0361718443966396,13,1.211248554633218,1.1858537058959546,0.05294096859628935,-0.06654338120694185,-4.496099081937323,0.06824909993051342,0.0,False,
23,2,Jake T. Austin,3,13,R2_Percent,0.012889693738143589,13,0.11516764044340244,2,-1.361587398343157,-1.0821049921273163,-0.11074339025217644,-0.06654338120694185,-4.496099081937323,0.06824909993051342,0.0,True,False
23,2,James Hinchcliffe,4,13,R2_Percent,0.15865990483481823,3,0.038070141226230356,10,1.1487474927034405,1.0978097891832144,0.049782125619120036,-0.04968453154902665,-3.5152698344047635,-0.04953393480503676,0.0,False,
23,2,Jana Kramer,5,13,R2_Percent,0.1590690443821617,2,0.03796251422870826,11,1.1513228939974876,1.0760317078597534,0.05158832468078967,-0.03986468135752329,-2.375835553667899,0.24260248737319534,0.0,False,
23,2,Laurie Hernandez,6,13,R2_Percent,0.15087574798118422,4,0.03787607639035417,12,1.098441181662697,1.0203241937654681,0.044408747101808074,-0.030852498871392978,-1.983793466471118,0.09564807440871759,0.0,False,
23,2,Marilu Henner,7,13,R2_Percent,0.0859488108835345,6,0.06548862796478538,8,0.5357364413894388,0.3938582610199339,0.07865348206706879,-0.028540418936139608,-2.761498033874707,-0.4997349363609165,0.0,False,
23,2,Maureen McCormick,8,13,R2_Percent,0.030336024385872278,8,0.09813574538403318,6,-0.5056795254330025,-0.4556439531723111,-0.010998542152889116,-0.0443195255320405,-2.761498033874707,0.19341224323902884,0.0,False,
23,2,Rick Perry,9,13,R2_Percent,0.015174202962565178,12,0.11790706957668855,1,-1.198418642858255,-1.0101207401848533,-0.0941639672163527,-0.03409512859557829,-2.70433962018149,-0.21943297159348996,0.0,False,
23,2,Ryan Lochte,10,13,R2_Percent,0.05216308790481719,7,0.08776241368489593,7,0.036359661130796216,0.007141120533409094,0.039956910227507914,-0.05305384383208734,-3.1098047275424325,0.3559311720572942,0.0,False,
23,2,Terra Jole,11,13,R2_Percent,0.10736607588505907,5,0.052198113419478935,9,0.7582288098218002,0.581336026399551,0.08872535446402487,-0.01932650160826614,-2.4166575481033203,-0.6855227012564062,0.0,False,
23,2,Vanilla Ice,12,13,R2_Percent,0.01829256368040199,10,0.10666439362756097,4,-1.0115208343643676,-0.8642553619247666,-0.07247963475891699,-0.03644279089712706,-1.8105217448152018,0.4512413526985888,0.0,False,
23,3,Amber Rose,0,12,R2_Percent,0.0223373606152648,9,0.11882569355242732,4,-0.9009957704835577,-0.6726716239857735,-0.05678327192014806,-0.030240824617655614,-1.7953761092448688,0.1884173572262493,0.0,False,
23,3,Babyface,1,12,R2_Percent,0.014806300151472477,11,0.12518209702570646,3,-1.3122036349044284,-0.9439113872674921,-0.09620543708785423,-0.0350277351770357,-2.405141680182546,0.011515867920774525,0.0,False,
23,3,Calvin Johnson Jr.,2,12,R2_Percent,0.17052896246704996,1,0.036715407373464945,12,1.1316487391333407,1.1858537058959546,0.06188149745953843,-0.06474620226135584,-4.525405208217303,-0.029306126279980305,0.0,False,
23,3,James Hinchcliffe,4,12,R2_Percent,0.1609841678069792,3,0.041809163924815936,10,1.0740496125402308,1.0978097891832144,0.05542510572836127,-0.05154736446878543,-3.426792925704749,0.08847690870001435,0.0,False,
23,3,Jana Kramer,5,12,R2_Percent,0.16396334350079836,2,0.04365745088394508,9,1.0923864765956524,1.0760317078597534,0.05779950833866942,-0.03640549475070709,-2.127509943812872,0.24832560985502683,0.0,False,
23,3,Laurie Hernandez,6,12,R2_Percent,0.15593934527062225,4,0.04148954919105444,11,1.0422107082683458,1.0203241937654681,0.05011692699019843,-0.025813354000604416,-2.3281806390884916,-0.3443871726173735,0.0,False,
23,3,Marilu Henner,7,12,R2_Percent,0.08826279671594775,6,0.07064081528010309,7,0.4730622795747603,0.3938582610199339,0.06212732588523554,-0.03967307786036971,-2.7908041603742952,-0.029306126499588192,0.0,False,
23,3,Maureen McCormick,8,12,R2_Percent,0.028785979140114337,8,0.10660845712238548,5,-0.6473679778198891,-0.4556439531723111,-0.029791205992105312,-0.04059733469843574,-2.679578525547043,0.08191950832766404,0.0,False,
23,3,Rick Perry,9,12,R2_Percent,0.013367384835179075,12,0.13193484361959382,1,-1.4144386384875218,-1.0101207401848533,-0.11344525046855339,-0.04123743569158155,-2.4459636746166344,0.25837594556485577,0.0,True,True
23,3,Ryan Lochte,10,12,R2_Percent,0.05156917928766079,7,0.09706546796091556,6,-0.06433221760055347,0.007141120533409094,0.017657182784003828,-0.04133843165796694,-3.5445759608514105,-0.43477123330897793,0.0,False,
23,3,Terra Jole,11,12,R2_Percent,0.11275781457815763,5,0.057141506156065044,8,0.7179858738719646,0.581336026399551,0.08174333411149641,-0.03433485513922469,-2.4885232889417708,-0.07186574083845043,0.0,False,
23,3,Vanilla Ice,12,12,R2_Percent,0.016697365630753254,10,0.128929547909523,2,-1.192005450688343,-0.8642553619247666,-0.09045471129588868,-0.025735971150737443,-1.8628173900135563,-0.0522956451983545,0.0,False,
23,4,Amber Rose,0,11,R2_Percent,0.020466669436784417,9,0.13038900795312056,3,-1.092408319419411,-0.6726716239857735,-0.07838255802879712,-0.03289351929521221,-0.9599823911672334,0.8353937180776354,0.0,False,
23,4,Babyface,1,11,R2_Percent,0.01319503937671317,11,0.16075956425831078,1,-1.5313650470866118,-0.9439113872674921,-0.11595561043247592,-0.033154843031978534,-2.598979104611956,-0.1938374244294101,0.0,True,True
23,4,Calvin Johnson Jr.,2,11,R2_Percent,0.17424725622107304,1,0.04619800922135172,9,1.0492693020439707,1.1858537058959546,0.07596019682141757,-0.06565686626406415,-4.496099081926171,0.029306126291132273,0.0,False,
23,4,James Hinchcliffe,4,11,R2_Percent,0.16477359405824507,3,0.04320392911013804,10,0.9933663731558796,1.0978097891832144,0.06060070333063176,-0.046407451492593454,-3.8029519058495587,-0.37615898014480953,0.0,False,
23,4,Jana Kramer,5,11,R2_Percent,0.17054981787421938,2,0.047395222685527226,8,1.0278214397386856,1.0760317078597534,0.06044211491289882,-0.027240146240482675,-2.5501889405565716,-0.42267899674369946,0.0,False,
23,4,Laurie Hernandez,6,11,R2_Percent,0.16057538190265824,4,0.04218048579661109,11,0.9675575002333049,1.0203241937654681,0.05570726339218575,-0.03219487155523439,-2.5036689250253583,-0.17548828593686672,0.0,False,
23,4,Marilu Henner,7,11,R2_Percent,0.0884490191900548,6,0.08820364646348172,6,0.37122033042900526,0.3938582610199339,0.041961707793755826,-0.04150799870800934,-2.6502723990313486,0.14053176134294665,0.0,False,
23,4,Maureen McCormick,8,11,R2_Percent,0.02698401279182576,8,0.12463943587380882,4,-0.8159614294406806,-0.4556439531723111,-0.05066231675726187,-0.03515741235064332,-3.10980472753128,-0.4302262019842371,0.0,False,
23,4,Ryan Lochte,10,11,R2_Percent,0.04925912857707481,7,0.11265321133286986,5,-0.21411129899081205,0.007141120533409094,-0.00925188378661972,-0.0490887161957703,-3.8029519058495587,-0.2583759449981482,0.0,False,
23,4,Terra Jole,11,11,R2_Percent,0.11648145602631864,5,0.0653415613074771,7,0.6465260833440368,0.581336026399551,0.07154319711044936,-0.036568024497069994,-2.416657548092168,0.07186574084960284,0.0,False,
23,4,Vanilla Ice,12,11,R2_Percent,0.015018624545032683,10,0.13903592599730305,2,-1.4019149340073673,-0.8642553619247666,-0.11196677647496166,-0.024970450611080358,-2.098203817279315,-0.23538642726575887,0.0,True,False
23,5,Amber Rose,0,9,R2_Percent,0.01901267944806584,9,0.19600549546523802,1,-1.4841033741172462,-0.6726716239857735,-0.12186014893634518,-0.00970228201285664,-1.4622802674640514,-0.502297876296818,0.0,False,
23,5,Calvin Johnson Jr.,2,9,R2_Percent,0.18375625249722957,1,0.06268899736819689,7,0.784400694626172,1.1858537058959546,0.08476854484969334,-0.06910176485697396,-4.001254133750398,0.49484494817577307,0.0,False,
23,5,James Hinchcliffe,4,9,R2_Percent,0.17378544516480965,3,0.057786435323451166,9,0.7286119945044128,1.0978097891832144,0.07957005404981526,-0.061473100839872036,-3.020424884030338,0.7825270218192206,0.0,False,
23,5,Jana Kramer,5,9,R2_Percent,0.17973799529216705,2,0.060692512171758264,8,0.7622907387081878,1.0760317078597534,0.06473735272039988,-0.04336479767483048,-1.76766191715997,0.7825270233966017,0.0,False,
23,5,Laurie Hernandez,6,9,R2_Percent,0.17186550481259405,4,0.06604787253720622,6,0.7175027520843947,1.0203241937654681,0.07821016822718578,-0.04168997715837477,-1.841769889194461,0.6618990358308974,0.0,False,
23,5,Marilu Henner,7,9,R2_Percent,0.08464516762341952,6,0.11371983753183963,4,0.00925855031452294,0.3938582610199339,-0.03461357795062939,-0.038602310960254176,-2.6149597767305073,0.03531262230084131,0.0,False,
23,5,Maureen McCormick,8,9,R2_Percent,0.024497325363018806,8,0.18870618656534183,2,-1.2306455273487167,-0.4556439531723111,-0.10054153387087929,-0.049728441174280685,-2.5349170692390217,0.5748876582922584,0.0,False,
23,5,Ryan Lochte,10,9,R2_Percent,0.04473226798061679,7,0.16405043026604932,3,-0.6285143501322924,0.007141120533409094,-0.08088594923863876,-0.059082535728245685,-3.3081069559237855,0.4948449499257732,0.0,False,
23,5,Terra Jole,11,9,R2_Percent,0.11796736181807874,5,0.09030223277091871,5,0.3411985213605646,0.581336026399551,0.030645188474654573,-0.040898343731752176,-1.698669045676352,0.7179885024158159,0.0,False,
23,6,Amber Rose,0,9,R2_Percent,0.016561479376436455,9,0.20894674717207676,1,-1.5784641413983627,-0.6726716239857735,-0.13125481436442885,-0.02329927653682347,-1.2020478757297244,0.260232391734327,0.0,True,True
23,6,Calvin Johnson Jr.,2,9,R2_Percent,0.18758995579369891,1,0.05216696144355143,8,0.8487148739021875,1.1858537058959546,0.09105514757995038,-0.057392947693132176,-4.05467930001676,-0.05342516626636229,0.0,False,
23,6,James Hinchcliffe,4,9,R2_Percent,0.1779601011595155,4,0.05451068767412879,7,0.7960157536860278,1.0978097891832144,0.08566063007019649,-0.04658467498224196,-2.6683849432218696,0.35203994080846845,0.0,False,
23,6,Jana Kramer,5,9,R2_Percent,0.1846711660346193,2,0.04972882318390702,9,0.8330331418994891,1.0760317078597534,0.06988303158771225,-0.023472446802121405,-2.017797377726734,-0.2501354605667643,0.0,False,
23,6,Laurie Hernandez,6,9,R2_Percent,0.1789252186332894,3,0.05539036909575668,6,0.801424324859644,1.0203241937654681,0.08437465648969752,-0.023998086880079095,-2.1575593199825454,-0.3157894307880844,0.0,False,
23,6,Marilu Henner,7,9,R2_Percent,0.07744629157522559,6,0.11966055268786009,4,-0.035958936508317746,0.3938582610199339,-0.03730059889605797,-0.03735448933437565,-2.6683849432218696,-0.05342516649136231,0.0,False,
23,6,Maureen McCormick,8,9,R2_Percent,0.021484152706926128,8,0.18866163390933527,2,-1.3182280407359697,-0.4556439531723111,-0.1083375165974882,-0.036813315095550934,-2.514234263529135,0.020682805709886676,0.0,False,
23,6,Ryan Lochte,10,9,R2_Percent,0.03925277063583443,7,0.17066299939274296,3,-0.7155215895061651,0.007141120533409094,-0.08716114479623871,-0.04737371852331967,-3.3615321223401478,-0.0534251664163623,0.0,False,
23,6,Terra Jole,11,9,R2_Percent,0.11610886408445427,5,0.1002712254406411,5,0.3689846138014661,0.581336026399551,0.03314009408896094,-0.024382263884061398,-1.7193043894405835,-0.020635343764231484,0.0,False,
23,7,Calvin Johnson Jr.,2,8,R2_Percent,0.1969199105233105,1,0.061814028659600125,8,0.7318410922968519,1.1858537058959546,0.10647284536935102,-0.061579884726538164,-3.6971782528870336,0.3575010471297264,0.0,False,
23,7,James Hinchcliffe,4,8,R2_Percent,0.18753651030847268,4,0.06596072911954907,7,0.6830175398877231,1.0978097891832144,0.09667534946409238,-0.04536002358036958,-1.8513515658378255,0.8170333773840441,0.0,False,
23,7,Jana Kramer,5,8,R2_Percent,0.19445382329838634,2,0.06695265731047086,6,0.7192387143119691,1.0760317078597534,0.08937345083774997,-0.03461778440476046,-1.3618033407452657,0.6559940369814685,0.0,False,
23,7,Laurie Hernandez,6,8,R2_Percent,0.18912310044672248,3,0.06946841152952618,5,0.6914421199423,1.0203241937654681,0.09446193908005145,-0.034157599186342674,-1.8000582713794855,0.35750104860305987,0.0,False,
23,7,Marilu Henner,7,8,R2_Percent,0.068594063710137,6,0.1703191246309362,3,-0.3227500120622997,0.3938582610199339,-0.08887996720772477,-0.04282237946684254,-2.156733215037504,0.5116517281843658,0.0,False,
23,7,Maureen McCormick,8,8,R2_Percent,0.018679133231977917,8,0.23461547773522054,1,-1.6235489773457012,-0.4556439531723111,-0.1448983435973842,-0.036517226728234584,-2.493205451484431,0.021028812044704193,0.0,True,True
23,7,Ryan Lochte,10,8,R2_Percent,0.03349302745285638,7,0.21175754103593944,2,-1.0396187267799892,0.007141120533409094,-0.13854896923551416,-0.0515606555673421,-3.004031074343755,0.3575010479963927,0.0,False,
23,7,Terra Jole,11,8,R2_Percent,0.11120043102813659,5,0.1191120299787576,4,0.16037824974914605,0.581336026399551,-0.014542512583865366,-0.023305452427825703,-1.9054187870200896,-0.1861143975795061,0.0,False,
23,8,Calvin Johnson Jr.,2,7,R2_Percent,0.2088822427509437,1,0.0705659185343285,5,0.5972428261977197,1.1858537058959546,0.12651085163597686,-0.057197455815875174,-3.2451931306318946,0.451985122255139,0.0,False,
23,8,James Hinchcliffe,4,7,R2_Percent,0.20100697944138807,3,0.06273494456926386,7,0.5588117958791475,1.0978097891832144,0.10850693181845897,-0.025974959351965074,-1.945910148277391,-0.09455858243956561,0.0,False,
23,8,Jana Kramer,5,7,R2_Percent,0.20776907130893366,2,0.07111156410804476,4,0.5918993936771643,1.0760317078597534,0.09979642417559564,-0.0162188458149437,-1.7788560638897493,-0.4170527231444836,0.0,False,
23,8,Laurie Hernandez,6,7,R2_Percent,0.19945964196071228,4,0.06792949286014395,6,0.5510840847629822,1.0203241937654681,0.10049091123548341,-0.027920903891081733,-1.5712166992081398,0.2288415721713457,0.0,False,
23,8,Marilu Henner,7,7,R2_Percent,0.05686369615546957,6,0.25709171407562903,2,-0.7038707265629627,0.3938582610199339,-0.16585006032415014,-0.030280531437286463,-2.264363879099335,-0.1076306640618312,0.0,False,
23,8,Ryan Lochte,10,7,R2_Percent,0.027102225518338696,7,0.28488693525287423,1,-1.44491198820436,0.007141120533409094,-0.19691424641058225,-0.04717822664304375,-2.5520459513552827,0.4519851229884724,0.0,True,True
23,8,Terra Jole,11,7,R2_Percent,0.0989161428642141,5,0.18567943059971562,3,-0.1502553857496909,0.581336026399551,-0.0721665377331625,-0.032173643269805485,-1.3480731478776797,0.5573456391424099,0.0,False,
23,9,Calvin Johnson Jr.,2,6,R2_Percent,0.22511738710814336,1,0.09699490498695482,4,0.46814798493680126,1.1858537058959546,0.13219699080543912,-0.04570475966170344,-3.3900240781085995,-0.14483094747670489,0.0,False,
23,9,James Hinchcliffe,4,6,R2_Percent,0.21838950752799985,3,0.10476244054122628,3,0.43780619856301756,1.0978097891832144,0.13004826900768116,-0.03189189791520833,-1.4929040956943846,0.4530060525830064,0.0,False,
23,9,Jana Kramer,5,6,R2_Percent,0.2205879650386003,2,0.09133663203455429,6,0.44782254804970095,1.0760317078597534,0.1047369532526921,-0.025698440308218815,-1.7805861680478323,-0.0017301041580830567,0.0,False,
23,9,Laurie Hernandez,6,6,R2_Percent,0.21356858238275722,4,0.09588246626310129,5,0.41548400834531,1.0203241937654681,0.111950563647568,-0.02336221179997113,-1.4929040956943846,0.07831260351375513,0.0,False,
23,9,Marilu Henner,7,6,R2_Percent,0.04233742683859862,6,0.3542143409119732,1,-1.2028025116090426,0.3938582610199339,-0.28513313606119745,-0.034896486927003145,-2.003729719213709,0.2606341598856261,0.0,True,True
23,9,Terra Jole,11,6,R2_Percent,0.07999913110390063,5,0.2568092152621901,2,-0.5664582282857873,0.581336026399551,-0.19306210637148982,-0.01785623978910348,-1.5441973901611459,-0.19612424228346614,0.0,False,
23,10,Calvin Johnson Jr.,2,5,R2_Percent,0.2406208044698663,1,0.13985833702860026,2,0.30198294292030786,1.1858537058959546,0.09851602923929538,-0.05064855496059109,-3.1918471500743455,0.19817692803425402,0.0,False,
23,10,James Hinchcliffe,4,5,R2_Percent,0.2356638237542059,3,0.13483897656456895,5,0.2811669878775868,1.0978097891832144,0.0823867827842642,-0.02083570426184705,-1.5824092395869116,-0.08950514389252695,0.0,False,
23,10,Jana Kramer,5,5,R2_Percent,0.2367302488158575,2,0.1370462433579279,4,0.2856819762534965,1.0760317078597534,0.08572531563221059,-0.027384625211095737,-1.5824092395869116,0.19817692846092072,0.0,False,
23,10,Laurie Hernandez,6,5,R2_Percent,0.22902031760333202,4,0.137887104729704,3,0.2525713967768824,1.0203241937654681,0.0846589706170343,-0.025406449924801837,-1.0323629028350756,0.46054119285930906,0.0,False,
23,10,Terra Jole,11,5,R2_Percent,0.057964805356738106,5,0.4503693383191988,1,-1.1214033038282734,0.581336026399551,-0.35047287669631094,-0.021430054051366734,-1.6514021109676729,-0.10720472080652699,0.0,True,True
23,11,Calvin Johnson Jr.,2,4,R2_Percent,0.2519564094296626,1,0.24293398827880539,3,0.00785794088113101,1.1858537058959546,0.0,-0.047101698722899724,-3.0757749790762454,0.11607217099810008,0.0,False,
23,11,James Hinchcliffe,4,4,R2_Percent,0.2510921066397162,3,0.23709311081810888,4,0.004421677328793061,1.0978097891832144,0.0,-0.024877842964016836,-1.3411739254136292,0.24123531417328237,0.0,False,
23,11,Jana Kramer,5,4,R2_Percent,0.251750936326117,2,0.27673035584649475,1,0.007042097647262047,1.0760317078597534,0.0,-0.024877842964016836,-1.3411739254136292,0.24123531417328237,0.0,False,
23,11,Laurie Hernandez,6,4,R2_Percent,0.24520054760450422,4,0.2432425450565909,2,-0.019321715857186117,1.0203241937654681,0.0,-0.01650283688857615,-0.8421827595393891,0.19018014329568644,0.0,False,
24,1,Bonner Bolton,0,12,R2_Percent,0.11586874036301838,5,0.06260756397691405,8,0.743423418978407,0.693021850235016,0.08686259145052963,-0.04116424821451016,-2.8478121417523687,0.0,0.0,False,
24,1,Charo,1,12,R2_Percent,0.017898180694062873,11,0.12618057227780707,3,-1.1243355123707142,-0.9969681202753937,-0.08674801356127208,-0.04532260404141993,-3.1354942136291495,0.0,0.0,False,
24,1,Chris Kattan,2,12,R2_Percent,0.015745478208915996,12,0.14036692618549276,1,-1.2524813566442594,-1.0973416747962035,-0.10450107413917795,-0.055341833216249685,-3.828641391889095,0.0,0.0,False,
24,1,David Ross,3,12,R2_Percent,0.19219383648831287,1,0.03217768340245031,11,1.2494698449541988,1.239328884480753,0.04489946564572179,-0.039461730679647554,-2.730029106287652,0.0,0.0,False,
24,1,Erika Jayne,4,12,R2_Percent,0.023833288658431907,9,0.11305879006318294,4,-0.8379512962901143,-0.7595493462967144,-0.05003000129193827,-0.03307517420883321,-2.2881963545562316,0.0,0.0,False,
24,1,Heather Morris,5,12,R2_Percent,0.027981448321793424,8,0.10023869761876437,6,-0.6774928521994007,-0.6163959591164316,-0.031653736448735766,-0.03414638214160487,-2.3623043266341295,0.0,0.0,False,
24,1,Mr. T,6,12,R2_Percent,0.02077874825856253,10,0.12655717626555382,2,-0.9751038367898697,-0.8698176559170254,-0.06689500297755518,-0.043094403402660554,-2.981343534130463,0.0,0.0,False,
24,1,Nancy Kerrigan,7,12,R2_Percent,0.05352660607174518,6,0.08399795819255645,7,-0.028855742812126505,-0.021519844211916807,0.02589965274072017,-0.03793877684830146,-2.624668590783159,0.0,0.0,False,
24,1,Nick Viall,8,12,R2_Percent,0.04005070295806115,7,0.10105755573182118,5,-0.3188883574769733,-0.3137438953361844,0.006350113261871522,-0.016197800910031996,-1.1205911950802183,0.0,0.0,False,
24,1,Normani,9,12,R2_Percent,0.18291423673683332,3,0.035106862676453326,10,1.1999828084297703,1.196775317849809,0.04382686911400966,-0.04532260404141993,-3.1354942136291495,0.0,0.0,False,
24,1,Rashad Jennings,10,12,R2_Percent,0.18575242677354478,2,0.03140940720372472,12,1.2153801653934206,1.212829723129478,0.04580522279300049,-0.04795800603642952,-3.3178157699631043,0.0,0.0,False,
24,1,Simone Biles,11,12,R2_Percent,0.1234563064667176,4,0.047240806405278904,9,0.8068527168276614,0.751158128027476,0.08629473814278105,-0.035303374849967296,-2.4423470342192046,0.0,0.0,False,
24,2,Bonner Bolton,0,12,R2_Percent,0.12057801461565194,5,0.05589480882082168,8,0.8243487850387866,0.693021850235016,0.0936270787370722,-0.046268260100865446,-2.233592220573761,0.6142199211786079,0.0,False,
24,2,Charo,1,12,R2_Percent,0.015666788438250912,11,0.12306371917143369,3,-1.216405096933518,-0.9969681202753937,-0.09347647147055269,-0.04496894443269146,-3.178053827876517,-0.04255961424736743,0.0,False,
24,2,Chris Kattan,2,12,R2_Percent,0.013363025510311316,12,0.13321071556507352,1,-1.3754565797767055,-1.0973416747962035,-0.11260815348020618,-0.0587440554280174,-3.419215884019379,0.4094255078697162,0.0,True,True
24,2,David Ross,3,12,R2_Percent,0.19338493028889908,1,0.03449361872333021,10,1.2967344774710852,1.239328884480753,0.048624192918731886,-0.037827117988524804,-2.926739400200373,-0.19671029391272077,0.0,False,
24,2,Erika Jayne,4,12,R2_Percent,0.021835527515749176,9,0.11068942384381096,4,-0.8844098367714102,-0.7595493462967144,-0.053922940847498144,-0.035383187083910486,-2.010448669446218,0.2777476851100138,0.0,False,
24,2,Heather Morris,5,12,R2_Percent,0.026326322151949414,8,0.10286951041517979,6,-0.6973789016451177,-0.6163959591164316,-0.0341189967337285,-0.027367710517538776,-3.178053827876517,-0.8157495012423874,0.0,False,
24,2,Mr. T,6,12,R2_Percent,0.018569723936161138,10,0.12849680275469255,2,-1.0464156734649475,-0.8698176559170254,-0.07209915394873109,-0.04399743482309154,-2.872672179080974,0.10867135504948866,0.0,False,
24,2,Nancy Kerrigan,7,12,R2_Percent,0.05254596214906868,6,0.0894987725049156,7,-0.0062599264958332415,-0.021519844211916807,0.02791173847945689,-0.043042788735972455,-2.010448669446218,0.6142199213369413,0.0,False,
24,2,Nick Viall,8,12,R2_Percent,0.039626454957982594,7,0.10426246001814332,5,-0.2884512328936989,-0.3137438953361844,0.006858038647551615,-0.013989874939371788,-1.3862943607198905,-0.2657031656396722,0.0,False,
24,2,Normani,9,12,R2_Percent,0.18303227157205204,3,0.03334570485249378,11,1.241714302082737,1.196775317849809,0.04693728479982573,-0.04217294542337415,-3.5145260637091584,-0.37903185008000895,0.0,False,
24,2,Rashad Jennings,10,12,R2_Percent,0.18524419900473832,2,0.03283921431554964,12,1.253726766671948,1.212829723129478,0.04917054213781647,-0.04783843927499971,-3.332204507375204,-0.014388737412099672,0.0,False,
24,2,Simone Biles,11,12,R2_Percent,0.12982677985918542,4,0.05133524901455524,9,0.8982529167166738,0.751158128027476,0.09316476047639083,-0.03494971523993302,-2.4849066486237144,-0.04255961440450973,0.0,False,
24,3,Bonner Bolton,0,11,R2_Percent,0.12696494541027636,5,0.06847770370000235,7,0.77899454989665,0.693021850235016,0.08040163556070669,-0.029799857639259717,-2.53276266969939,-0.2991704491256293,0.0,False,
24,3,Charo,1,11,R2_Percent,0.013694777919179257,11,0.14994828496228854,1,-1.4479018916834263,-0.9969681202753937,-0.11392474453918547,-0.04689060987512166,-3.0633909200392075,0.11466290783730937,0.0,True,True
24,3,David Ross,3,11,R2_Percent,0.19741364789585567,1,0.03606288035839939,11,1.2203847848165412,1.239328884480753,0.061209314660578225,-0.04692945535190387,-2.3702437403992622,0.5564956598011106,0.0,False,
24,3,Erika Jayne,4,11,R2_Percent,0.020110095546163265,9,0.1372721273203982,3,-1.0636945231198116,-0.7595493462967144,-0.07386358466453145,-0.02792487738592354,-2.147100189389053,-0.1366515199428351,0.0,False,
24,3,Heather Morris,5,11,R2_Percent,0.024105055222073343,8,0.11449753964330138,5,-0.8824948993177677,-0.6163959591164316,-0.05366192082883511,-0.05079622091716114,-2.5933872915584724,0.5846665363180445,0.0,False,
24,3,Mr. T,6,11,R2_Percent,0.016521741838733384,10,0.14704358768092618,2,-1.2602392773551723,-0.8698176559170254,-0.09435672286882293,-0.045698645402017714,-2.3702437403992622,0.5024284386817119,0.0,False,
24,3,Nancy Kerrigan,7,11,R2_Percent,0.051949327880200374,6,0.09443224498786801,6,-0.11464769842920966,-0.021519844211916807,0.0034212845316462185,-0.024216344667172145,-2.5933872915584724,-0.5829386221122546,0.0,False,
24,3,Nick Viall,8,11,R2_Percent,0.038496718119509665,7,0.12087265273898752,4,-0.4143434840585846,-0.3137438953361844,-0.018614558697542635,-0.018962063265612845,-1.5158284126951096,-0.12953405197521906,0.0,False,
24,3,Normani,9,11,R2_Percent,0.18568043043435165,3,0.03661845208242692,10,1.1591106020451158,1.196775317849809,0.060802252849322995,-0.05367469233687928,-3.168751435359256,0.34577462834990236,0.0,False,
24,3,Rashad Jennings,10,11,R2_Percent,0.18909800765461013,2,0.040800960884090326,9,1.177348961603701,1.212829723129478,0.06425397726442915,-0.05119176703505869,-2.968080740238519,0.36412376713668504,0.0,False,
24,3,Simone Biles,11,11,R2_Percent,0.13596525207904686,4,0.05397356564131115,8,0.8474828756019646,0.751158128027476,0.08435490421630568,-0.03803276700992105,-2.2304817981701905,0.2544248504535238,0.0,False,
24,4,Bonner Bolton,0,10,R2_Percent,0.12798840958762053,5,0.07212008237817163,6,0.6742851088838966,0.693021850235016,0.05487771041818316,-0.03657432606462139,-2.537092401572009,-0.004329731872618758,0.0,False,
24,4,David Ross,3,10,R2_Percent,0.20595690006328754,1,0.04295052392492605,9,1.1500123230665489,1.239328884480753,0.08091905238746526,-0.035838552224302475,-2.1804174580339906,0.18982628236527166,0.0,False,
24,4,Erika Jayne,4,10,R2_Percent,0.017962682605217887,9,0.1611146236520517,2,-1.2893581835723147,-0.7595493462967144,-0.09848722864689621,-0.032273860429233796,-1.9980959014375361,0.14900428795151677,0.0,False,
24,4,Heather Morris,5,10,R2_Percent,0.021901271538165096,8,0.14099636430218762,4,-1.091109904598695,-0.6163959591164316,-0.07502056606290822,-0.035950415990128624,-2.778254458024611,-0.18486716646613877,0.0,False,
24,4,Mr. T,6,10,R2_Percent,0.01456078527187695,10,0.17210541951397934,1,-1.499322626016886,-0.8698176559170254,-0.11880377439725374,-0.03159372075124098,-2.6912430812599815,-0.32099934086071924,0.0,True,True
24,4,Nancy Kerrigan,7,10,R2_Percent,0.04893409012341159,6,0.12201325796242882,5,-0.28718030770909225,-0.021519844211916807,-0.022857217988993456,-0.03956779883684486,-2.3429363873667657,0.2504509041917067,0.0,False,
24,4,Nick Viall,8,10,R2_Percent,0.03593057221336567,7,0.14227840906562267,3,-0.5960660740579726,-0.3137438953361844,-0.050005235186860224,-0.02214814413318328,-1.4872702782165452,0.028558134478564368,0.0,False,
24,4,Normani,9,10,R2_Percent,0.1910823830431562,3,0.04660689939774071,8,1.0750500590469934,1.196775317849809,0.07829974445140095,-0.04825625442755105,-2.873564637858936,0.2951867975003202,0.0,False,
24,4,Rashad Jennings,10,10,R2_Percent,0.1952559098229639,2,0.039028397733904645,10,1.0966564554019593,1.212829723129478,0.07429311365167153,-0.04072422026819628,-3.230239581081954,-0.2621588408434352,0.0,False,
24,4,Simone Biles,11,10,R2_Percent,0.14042699573093456,4,0.06078602206898675,7,0.7670331495555629,0.751158128027476,0.07675797784216812,-0.03344895347321936,-2.085107278405575,0.14537451976461568,0.0,False,
24,5,Bonner Bolton,0,9,R2_Percent,0.12526564044183647,5,0.0950307993035423,5,0.5216725305116368,0.693021850235016,0.02836516246168857,-0.035905106994650306,-2.629487877121095,-0.09239547554908611,0.0,False,
24,5,David Ross,3,9,R2_Percent,0.21824084682017458,1,0.05109124837580368,8,1.0768351794276037,1.239328884480753,0.09814735859006493,-0.03133755348165201,-2.2020438627329963,-0.021626404699005786,0.0,False,
24,5,Erika Jayne,4,9,R2_Percent,0.015730544728892154,9,0.19375890089436743,1,-1.55315972903786,-0.7595493462967144,-0.12644129991669614,-0.029113318219238377,-1.9702422488717737,0.027853652565762443,0.0,True,True
24,5,Heather Morris,5,9,R2_Percent,0.01935258496300188,8,0.18055366281792404,2,-1.3459380750716883,-0.6163959591164316,-0.10121631099277559,-0.041395025885828,-2.629487877121095,0.14876658090351613,0.0,False,
24,5,Nancy Kerrigan,7,9,R2_Percent,0.04478553425104186,6,0.1446792278636632,4,-0.5068788843477312,-0.021519844211916807,-0.06093297378644961,-0.0314852542785966,-2.629487877121095,-0.2865514897543293,0.0,False,
24,5,Nick Viall,8,9,R2_Percent,0.032393486064664814,7,0.16497442195924408,3,-0.8308067202457126,-0.3137438953361844,-0.08790296642907829,-0.02075790433258079,-1.5763379636652466,-0.08906768544870136,0.0,False,
24,5,Normani,9,9,R2_Percent,0.19896408071958768,3,0.0464967559081468,9,0.9843602340916893,1.196775317849809,0.08715728567512125,-0.04019539635959533,-3.034952984635926,-0.16138834677699032,0.0,False,
24,5,Rashad Jennings,10,9,R2_Percent,0.20274680821166322,2,0.05311929020865856,7,1.0031938749446867,1.212829723129478,0.09778844646667806,-0.05319925951871239,-2.4471663205582517,0.7830732605237025,0.0,False,
24,5,Simone Biles,11,9,R2_Percent,0.1425204737991373,4,0.07029569266864984,6,0.6507215897273755,0.751158128027476,0.06502141393060534,-0.03376636180615848,-1.6486586252260356,0.4364486531795393,0.0,False,
24,6,Bonner Bolton,0,8,R2_Percent,0.1162337814046141,5,0.11917024697785605,4,0.2944465952645683,0.693021850235016,-0.018857931053805434,-0.03848682902704367,-2.5719180254609637,0.05756985166013129,0.0,False,
24,6,David Ross,3,8,R2_Percent,0.23274053074324996,1,0.053905727328773904,8,0.9887673064192387,1.239328884480753,0.11617558037559184,-0.03372417985664652,-1.974081025335343,0.22796283739765344,0.0,False,
24,6,Heather Morris,5,8,R2_Percent,0.016687231293384702,8,0.20600392781873406,2,-1.6465130909090404,-0.6163959591164316,-0.13322004114701572,-0.03769482558634655,-2.6672282053252885,-0.037740328204193485,0.0,True,False
24,6,Nancy Kerrigan,7,8,R2_Percent,0.03887567028723991,6,0.19332877580998595,3,-0.8007883122045333,-0.021519844211916807,-0.1055903350621823,-0.0410641378766021,-2.261763097597124,0.3677247795239711,0.0,False,
24,6,Nick Viall,8,8,R2_Percent,0.027967674544304738,7,0.22521175214298572,1,-1.130107561982159,-0.3137438953361844,-0.13019972671053523,-0.024130601545086755,-1.4144652374727773,0.16187272619246929,0.0,False,
24,6,Normani,9,8,R2_Percent,0.2091292537309355,3,0.05581262726927213,6,0.881795575043493,1.196775317849809,0.11207450449606113,-0.04771701467980434,-2.5719180254609637,0.4630349591749625,0.0,False,
24,6,Rashad Jennings,10,8,R2_Percent,0.21556508831113944,2,0.0547726074425257,7,0.9121059731963553,1.212829723129478,0.11037088824519017,-0.034336381098515584,-2.5719180254609637,-0.12475170490271204,0.0,False,
24,6,Simone Biles,11,8,R2_Percent,0.14280076968513172,4,0.09179433520986652,5,0.5002935151720771,0.751158128027476,0.049331240354567464,-0.02476846285597485,-1.5358260947419295,0.11283253048410602,0.0,False,
24,7,Bonner Bolton,0,7,R2_Percent,0.10048191811960847,5,0.17920339503283397,3,-0.035067162924058315,0.693021850235016,-0.0852411280760845,-0.03702380696627392,-2.5902671641124932,-0.01834913865152954,0.0,False,
24,7,David Ross,3,7,R2_Percent,0.25388641130267725,1,0.0603207569143005,5,0.8918420123713067,1.239328884480753,0.14807467367712762,-0.027085901321070117,-2.148434412238216,-0.17435338690287305,0.0,False,
24,7,Nancy Kerrigan,7,7,R2_Percent,0.032122031152314996,6,0.2508343296928523,2,-1.1755028315752414,-0.021519844211916807,-0.1640580253360057,-0.030838823253786465,-2.4849066486880003,-0.22314355109087636,0.0,True,False
24,7,Nick Viall,8,7,R2_Percent,0.022906233412655398,7,0.28238246403360595,1,-1.5136358800818035,-0.3137438953361844,-0.1854313436431652,-0.020952227729568,-1.353504537942061,0.06096069953071637,0.0,True,True
24,7,Normani,9,7,R2_Percent,0.22434236785219624,3,0.0562950962669813,7,0.7681283578815994,1.196775317849809,0.1366289540929498,-0.03702380696627392,-2.5902671641124932,-0.01834913865152954,0.0,False,
24,7,Rashad Jennings,10,7,R2_Percent,0.22943658474200324,2,0.05899236089176274,6,0.7905817170825458,1.212829723129478,0.13759592495979492,-0.04482058987568326,-1.6519975262876787,0.919920499173285,0.0,False,
24,7,Simone Biles,11,7,R2_Percent,0.13682445341854452,4,0.11197159716766322,4,0.27365378724565126,0.751158128027476,0.012840701132131208,-0.0215881980677525,-1.6094379119341002,-0.07361181719217069,0.0,False,
24,8,Bonner Bolton,0,5,R2_Percent,0.06828892331839483,5,0.47855373989974365,1,-0.9341139941101522,0.693021850235016,-0.3723745857606505,-0.04070759910920978,-2.1972245763112195,0.39304258780127377,0.0,True,True
24,8,David Ross,3,5,R2_Percent,0.2907358887525724,1,0.08936599141658993,3,0.5145536856213876,1.239328884480753,0.17436457787376297,-0.038263668205539836,-1.2809338450520642,0.8675005671861518,0.0,False,
24,8,Normani,9,5,R2_Percent,0.2583754103044927,3,0.08469739282675916,5,0.39655203537545824,1.196775317849809,0.18004177060487564,-0.04407691139909139,-1.791759468628055,0.7985076954844383,0.0,False,
24,8,Rashad Jennings,10,5,R2_Percent,0.2667243557326298,2,0.08654124712190692,4,0.42835417895581795,1.212829723129478,0.16697740895737936,-0.021202683656014628,-1.9740810254020096,-0.3220834991143309,0.0,False,
24,8,Simone Biles,11,5,R2_Percent,0.1158754218919102,4,0.2608416287350002,2,-0.4053459058425116,0.751158128027476,-0.1481932500605333,-0.02678571876392309,-1.1856236653759213,0.4238142465581789,0.0,False,
24,9,David Ross,3,4,R2_Percent,0.3264865742723244,1,0.1336626112820975,4,0.397568839129812,1.239328884480753,0.11934587372132939,-0.015479804244757131,-1.6462518850764702,-0.36531804002440604,0.0,False,
24,9,Normani,9,4,R2_Percent,0.2939711483058152,3,0.1459538578981332,2,0.292661638913695,1.196775317849809,0.14385608938834782,-0.03233204157760119,-1.0176432258336794,0.7741162427943755,0.0,False,
24,9,Rashad Jennings,10,4,R2_Percent,0.298758746520493,2,0.13800990299526242,3,0.3088163912780021,1.212829723129478,0.12348915303681256,-0.02647778062907153,-2.22161602951406,-0.24753500411205054,0.0,False,
24,9,Simone Biles,11,4,R2_Percent,0.08078353090136742,4,0.582373627824507,1,-0.9990468693215093,0.751158128027476,-0.3859982253637698,-0.017960386861635997,-1.0866360973365832,0.09898756803933817,0.0,True,True
24,10,David Ross,3,3,R2_Percent,0.3538808704472176,1,0.32817791578491623,3,0.060752244473553374,1.239328884480753,0.0,-0.028493889697058055,-1.0809127112908892,0.5653391737855811,0.0,False,
24,10,Normani,9,3,R2_Percent,0.3240554736110266,2,0.33695577108636215,1,-0.02729337187726938,1.196775317849809,0.0,-0.01612524651181895,-0.8472978601181559,0.1703453657155235,0.0,False,
24,10,Rashad Jennings,10,3,R2_Percent,0.3220636559417558,3,0.3348663131287216,2,-0.03345887259628416,1.212829723129478,0.0,-0.038438269006115466,-1.4604023328840516,0.7612136966300085,0.0,False,
25,1,Barbara Corcoran,0,13,R2_Percent,0.014898526401598363,13,0.12172458475633709,1,-1.2396063231454058,-1.0984063310159775,-0.10475406609624734,-0.05356054332629748,-3.70540875199848,0.0,0.0,False,
25,1,Debbie Gibson,1,13,R2_Percent,0.015712128023446927,12,0.11097162353954641,2,-1.1864357322736627,-1.0605053685883652,-0.09950366683080113,-0.043541314147613155,-3.0122615734718683,0.0,0.0,False,
25,1,Derek Fisher,2,13,R2_Percent,0.019528568776391475,11,0.1049951455391457,3,-0.96899017312004,-0.8753264313192362,-0.06723704494630732,-0.043541314147613155,-3.0122615734718683,0.0,0.0,False,
25,1,Drew Scott,3,13,R2_Percent,0.16781143326988532,2,0.03987553823049805,10,1.1819722960200743,1.1398220862590644,0.05352301133755069,-0.02848741886965756,-1.9708076999593935,0.0,0.0,False,
25,1,Frankie Muniz,4,13,R2_Percent,0.16798700559105273,1,0.03651384447827697,11,1.1830179967550858,1.1650697455104706,0.05439417727779613,-0.05356054332629748,-3.70540875199848,0.0,0.0,False,
25,1,Jordan Fisher,5,13,R2_Percent,0.15892322472982162,4,0.03564298618460608,12,1.1275525902853527,1.1020819623901577,0.054532726745471966,-0.04617671614339365,-3.194583129859156,0.0,0.0,False,
25,1,Lindsey Stirling,6,13,R2_Percent,0.15935896091387416,3,0.03553568042310145,13,1.1302906414608824,1.0917639850463858,0.05377713136710246,-0.03236509224572254,-2.2390716863332583,0.0,0.0,False,
25,1,Nick Lachey,7,13,R2_Percent,0.028062246033480266,9,0.09897473665925043,5,-0.6064435165547448,-0.5665751073356574,-0.026686412926227338,-0.030296613585976767,-2.0959708428177133,0.0,0.0,False,
25,1,Nikki Bella,8,13,R2_Percent,0.030117475410931516,8,0.09208746692010969,6,-0.535763050263746,-0.5101711574402873,-0.014219091246917883,-0.02848741886965756,-1.9708076999593935,0.0,0.0,False,
25,1,Sasha Pieterse,9,13,R2_Percent,0.02181427056261036,10,0.10334759485826751,4,-0.8583042633911687,-0.7862939253509844,-0.05296746838034818,-0.036157486952952844,-2.501435950519211,0.0,0.0,False,
25,1,Terrell Owens,10,13,R2_Percent,0.07159291285205222,6,0.07987854401232905,8,0.330127454569888,0.28621489690295754,0.06032002532804698,-0.03352208495423322,-2.3191143939285896,0.0,0.0,False,
25,1,Vanessa Lachey,11,13,R2_Percent,0.03930953484334706,7,0.08394664404843125,7,-0.26940152565682235,-0.2521857416725092,0.003350039507126039,-0.0376804407845559,-2.6067964660414815,0.0,0.0,False,
25,1,Victoria Arlen,12,13,R2_Percent,0.10488371259150805,5,0.056505610350100294,9,0.7119836053143073,0.6527980050309788,0.08561229713782488,-0.043541314147613155,-3.0122615734718683,0.0,0.0,False,
25,2,Barbara Corcoran,0,13,R2_Percent,0.01262489382328779,13,0.11984996018853863,1,-1.362796880606403,-1.0984063310159775,-0.11289581752331355,-0.058688019921298795,-3.0883650733882773,0.6170436786102029,0.0,True,True
25,2,Debbie Gibson,1,13,R2_Percent,0.013575529393777843,12,0.10897431488541322,3,-1.2901985829362173,-1.0605053685883652,-0.1072226952318447,-0.04383317018740381,-2.977139438620468,0.035122134851400144,0.0,True,False
25,2,Derek Fisher,2,13,R2_Percent,0.017414686251765663,11,0.11022205677982531,2,-1.0411535580168825,-0.8753264313192362,-0.07246656417724802,-0.04466483836325282,-2.8770559801978215,0.1352055932740468,0.0,False,
25,2,Drew Scott,3,13,R2_Percent,0.17214365646790064,1,0.036375190909817466,11,1.2498618945448057,1.1398220862590644,0.057909320022916676,-0.02520155680079996,-2.3662303568565926,-0.395422656897199,0.0,False,
25,2,Frankie Muniz,4,13,R2_Percent,0.16671561992069006,2,0.034566890582024314,13,1.2178220404552362,1.1650697455104706,0.058322261954910366,-0.060443944934719884,-2.8770559801978215,0.8283527718006587,0.0,False,
25,2,Jordan Fisher,5,13,R2_Percent,0.15959405088113596,4,0.03631295587812823,12,1.1741659634442678,1.1020819623901577,0.05863952970307455,-0.04840985238933379,-2.925846144228444,0.26873698563071224,0.0,False,
25,2,Lindsey Stirling,6,13,R2_Percent,0.162346202270572,3,0.037006035856830585,10,1.1912636603439344,1.0917639850463858,0.05815332286358607,-0.0326232373026358,-2.2080063518394684,0.031065334493789898,0.0,False,
25,2,Nick Lachey,7,13,R2_Percent,0.026551766703440303,9,0.10346902028194527,4,-0.6193711577192978,-0.5665751073356574,-0.028764566816651148,-0.025254826499777,-2.7027025933772344,-0.6067317505595211,0.0,False,
25,2,Nikki Bella,8,13,R2_Percent,0.028698856306973254,8,0.10066168300169286,5,-0.5416101736555509,-0.5101711574402873,-0.015312724286569152,-0.030597445509020285,-1.7168857998990061,0.2539219000603874,0.0,False,
25,2,Sasha Pieterse,9,13,R2_Percent,0.019932145306926483,10,0.09913939073734879,6,-0.9061336751704905,-0.7862939253509844,-0.0570913844578529,-0.03414579172848369,-2.7435245877953225,-0.2420886372761113,0.0,False,
25,2,Terrell Owens,10,13,R2_Percent,0.0732319631744959,6,0.07396667943335683,8,0.3951645353544812,0.28621489690295754,0.06501441157565208,-0.03503217871308879,-2.1373887847041737,0.18172560922441594,0.0,False,
25,2,Vanessa Lachey,11,13,R2_Percent,0.03796636933183677,7,0.08532243401394406,7,-0.2617666954119884,-0.2521857416725092,0.003609983740374158,-0.035434652712414486,-2.8770559801978215,-0.27025951415634,0.0,False,
25,2,Victoria Arlen,12,13,R2_Percent,0.10920426016719721,5,0.05413338745113434,9,0.7947526293741057,0.6527980050309788,0.09219857265756225,-0.043383885281973095,-3.031206659729048,-0.01894508625717961,0.0,False,
25,3,Derek Fisher,2,11,R2_Percent,0.015598201537168559,11,0.140266971625403,2,-1.3755616149388752,-0.8753264313192362,-0.10507660844809974,-0.03937193480887314,-3.143613338089841,-0.2665573578920193,0.0,False,
25,3,Drew Scott,3,11,R2_Percent,0.18030130593525362,1,0.04240019412314408,10,1.0719121368375433,1.1398220862590644,0.06803699078919674,-0.03614942333588394,-2.1320124275971564,0.2342179292594362,0.0,False,
25,3,Frankie Muniz,4,11,R2_Percent,0.1760078778850707,2,0.046227717191611964,8,1.047811518277573,1.1650697455104706,0.07453454168363757,-0.038835636055693866,-3.208151859010328,-0.3310958788125067,0.0,False,
25,3,Jordan Fisher,5,11,R2_Percent,0.16645859654894934,4,0.04408946314903179,9,0.992029372651986,1.1020819623901577,0.0684640666719726,-0.04349826819354034,-2.7807078450002005,0.14513829922824328,0.0,False,
25,3,Lindsey Stirling,6,11,R2_Percent,0.17041262631491713,3,0.040534063462106244,11,1.0155054732728468,1.0917639850463858,0.06567616599307421,-0.032356505572376605,-2.155001946262077,0.05300440557739128,0.0,False,
25,3,Nick Lachey,7,11,R2_Percent,0.02445414348402513,9,0.131929557648121,3,-0.9259175672573264,-0.5665751073356574,-0.06838920857284665,-0.040053143162442954,-2.5839975511213824,0.11870504225585199,0.0,False,
25,3,Nikki Bella,8,11,R2_Percent,0.027131898914662767,8,0.12950754944863693,4,-0.8220071190794942,-0.5101711574402873,-0.05517955687511206,-0.025574432656226238,-1.6257426210662478,0.09114317883275835,0.0,False,
25,3,Sasha Pieterse,9,11,R2_Percent,0.01797803234354608,10,0.14602794469345526,1,-1.2335666492573627,-0.7862939253509844,-0.08771969893385304,-0.046440104456888634,-1.9272180153345604,0.8163065724607621,0.0,False,
25,3,Terrell Owens,10,11,R2_Percent,0.07319768184977143,6,0.0941588444649504,6,0.1704465152773546,0.28621489690295754,0.01333445558453124,-0.028293703555888006,-2.4504661585955203,-0.3130773738913466,0.0,False,
25,3,Vanessa Lachey,11,11,R2_Percent,0.03592964082203325,7,0.11513951744262504,5,-0.5411546319975995,-0.2521857416725092,-0.0347635988981392,-0.0434063817116642,-2.658105523099005,0.21895045709881655,0.0,False,
25,3,Victoria Arlen,12,11,R2_Percent,0.11252999436460194,5,0.06971817675091432,7,0.6005025662133545,0.6527980050309788,0.06127177323683204,-0.043384863772761524,-3.082988716288479,-0.05178205655943113,0.0,False,
25,4,Derek Fisher,2,11,R2_Percent,0.013481083660615173,11,0.14300885410786374,1,-1.4772475206544957,-0.8753264313192362,-0.11322065178333328,-0.04457626268749039,-3.247551622114093,-0.10393828402425243,0.0,True,True
25,4,Drew Scott,3,11,R2_Percent,0.18455511311718764,1,0.042674953075000424,10,1.1394131217952492,1.1398220862590644,0.07346651078144655,-0.03092499584640381,-2.119086372421703,0.01292605517545331,0.0,False,
25,4,Frankie Muniz,4,11,R2_Percent,0.1795517947493551,2,0.04417827018027975,8,1.1119287032805483,1.1650697455104706,0.0799798088395529,-0.044377923281218784,-3.448222317095436,-0.24007045808510785,0.0,False,
25,4,Jordan Fisher,5,11,R2_Percent,0.16948918341873703,4,0.04168721730007599,11,1.05425409698466,1.1020819623901577,0.07365716320668933,-0.039428530375761286,-2.872858173630069,-0.09215032862986838,0.0,False,
25,4,Lindsey Stirling,6,11,R2_Percent,0.17367953380021797,3,0.04371973550028187,9,1.0786768281599135,1.0917639850463858,0.07101011938688682,-0.033399796825346044,-1.884246781456956,0.2707551648051212,0.0,False,
25,4,Nick Lachey,7,11,R2_Percent,0.021943832674060842,9,0.1383630974420004,2,-0.9900488846885929,-0.5665751073356574,-0.07371162588028492,-0.03637856299791197,-2.7010079169728174,-0.11701036585143498,0.0,False,
25,4,Nikki Bella,8,11,R2_Percent,0.024922022669678023,8,0.12879300566633792,4,-0.862783156015471,-0.5101711574402873,-0.05947365195851852,-0.02383813789179041,-1.5850038867141634,0.040738734352084416,0.0,False,
25,4,Sasha Pieterse,9,11,R2_Percent,0.016147444360035023,10,0.13685513079469241,3,-1.2967732199747954,-0.7862939253509844,-0.09452326679738413,-0.020978060500685743,-2.755075138107713,-0.8278571227731526,0.0,False,
25,4,Terrell Owens,10,11,R2_Percent,0.07034088623717981,6,0.09405944112347833,6,0.174818213139954,0.28621489690295754,0.014379045856183865,-0.03841529542758668,-2.0900988349924003,0.36036732360311996,0.0,False,
25,4,Vanessa Lachey,11,11,R2_Percent,0.03308964013678207,7,0.12171594440978908,5,-0.5793147665726268,-0.2521857416725092,-0.037468759811621795,-0.041579422659864466,-2.278151066579281,0.3799544565197239,0.0,False,
25,4,Victoria Arlen,12,11,R2_Percent,0.11279946517615123,5,0.06494435040020011,7,0.6470765845456566,0.6527980050309788,0.06593584148564273,-0.043196177190652656,-3.247551622114093,-0.16456290582561417,0.0,False,
25,5,Drew Scott,3,10,R2_Percent,0.19308024152637795,1,0.046750848717842894,8,1.0700235321712444,1.1398220862590644,0.08436032082188019,-0.029645378574272296,-2.2376655457328485,-0.11857917331114542,0.0,False,
25,5,Frankie Muniz,4,10,R2_Percent,0.18431339114148595,2,0.04467652145445575,10,1.0235551919787644,1.1650697455104706,0.08797551934751864,-0.05604415059774876,-2.701971153641349,0.7462511634540872,0.0,False,
25,5,Jordan Fisher,5,10,R2_Percent,0.17552988690777405,4,0.046233955042675835,9,0.9747269946442718,1.1020819623901577,0.08549510872890037,-0.04433448583418702,-2.534917069123637,0.3379411045064318,0.0,False,
25,5,Lindsey Stirling,6,10,R2_Percent,0.1814646892663571,3,0.04679010538246454,7,1.00797875574728,1.0917639850463858,0.07958830828823535,-0.027095386071757266,-1.9011933098691864,-0.016946528412230544,0.0,False,
25,5,Nick Lachey,7,10,R2_Percent,0.01948741232499151,9,0.16826796612820724,1,-1.2233135941982685,-0.5665751073356574,-0.0998871727882451,-0.03975727655682305,-2.6149597767305073,0.08604814024231011,0.0,False,
25,5,Nikki Bella,8,10,R2_Percent,0.02272656313855093,8,0.1441111854715753,4,-1.0695479068610592,-0.5101711574402873,-0.08503220003161982,-0.02300628879789348,-1.5735059026396008,0.011497984074562595,0.0,False,
25,5,Sasha Pieterse,9,10,R2_Percent,0.014167893463128124,10,0.1655615411946657,2,-1.5421039486235595,-0.7862939253509844,-0.11665241332218956,-0.04132730693542764,-2.574137782304919,0.18093735580279402,0.0,True,False
25,5,Terrell Owens,10,10,R2_Percent,0.06681842006765527,6,0.1120014144572142,5,0.008896462512725287,0.28621489690295754,-0.01892741815662065,-0.030887109021201696,-2.0088239735541307,0.08127486143826967,0.0,False,
25,5,Vanessa Lachey,11,10,R2_Percent,0.030521565189479738,7,0.14784765642017905,3,-0.7746488403735192,-0.2521857416725092,-0.06575005023536211,-0.029021565605603976,-2.7484911691597915,-0.4703401025805105,0.0,False,
25,5,Victoria Arlen,12,10,R2_Percent,0.11188993697419931,5,0.07775880573071949,6,0.5244333530021207,0.6527980050309788,0.04879862008602872,-0.04772011300347203,-3.153956276415575,0.09359534569851835,0.0,False,
25,6,Drew Scott,3,9,R2_Percent,0.20139331229242288,1,0.055990123946744096,7,0.9802877842271,1.1398220862590644,0.09614188306710184,-0.03338709318103495,-2.112231363643902,0.1254341820889464,0.0,False,
25,6,Frankie Muniz,4,9,R2_Percent,0.19428506073701357,2,0.057497900521120526,6,0.9443544764047117,1.1650697455104706,0.10294982897265811,-0.034827560117731804,-3.210843650758678,-0.5088724971173293,0.0,False,
25,6,Jordan Fisher,5,9,R2_Percent,0.1832392574376248,4,0.051794122101539566,8,0.885820727196252,1.1020819623901577,0.09738292854535462,-0.03794593134443102,-2.377934529081835,0.15698254004180212,0.0,False,
25,6,Lindsey Stirling,6,9,R2_Percent,0.18903677424673693,3,0.048644913893013786,9,0.9169695794560725,1.0917639850463858,0.0906104183543801,-0.03013687782631457,-1.5816031129221237,0.3195901969470627,0.0,False,
25,6,Nick Lachey,7,9,R2_Percent,0.016825269934057172,9,0.21980948108439344,1,-1.5020900703797593,-0.5665751073356574,-0.1308472090454367,-0.03773115316451887,-2.6230569868587814,-0.008097210128274135,0.0,True,True
25,6,Nikki Bella,8,9,R2_Percent,0.020086603150532213,8,0.1714109623307751,2,-1.3249189064860332,-0.5101711574402873,-0.11321269481294655,-0.024944713382618708,-1.3087361265208624,0.2647697761187384,0.0,False,
25,6,Terrell Owens,10,9,R2_Percent,0.06081721620558983,6,0.12642030487481035,4,-0.2170990792451263,0.28621489690295754,-0.0624882967854385,-0.02596971723193927,-2.377934529081835,-0.36911055552770433,0.0,False,
25,6,Vanessa Lachey,11,9,R2_Percent,0.026820473333557013,7,0.16360719320107328,3,-1.0358064631836652,-0.2521857416725092,-0.10098824045570517,-0.0402959484518323,-2.6802154005588608,0.06827576860093076,0.0,False,
25,6,Victoria Arlen,12,9,R2_Percent,0.10749603266246543,5,0.10482499804652985,5,0.35248195201044774,0.6527980050309788,0.020560338685845232,-0.04424122863294647,-3.316204166040949,-0.16224788962537406,0.0,False,
25,7,Drew Scott,3,8,R2_Percent,0.21084537712572757,1,0.054926239589448506,8,0.879558418345378,1.1398220862590644,0.10155219693835092,-0.03177108146281111,-1.9630779519740682,0.14915341166983387,0.0,False,
25,7,Frankie Muniz,4,8,R2_Percent,0.20256890664745716,2,0.05542245027999762,7,0.8395134717414605,1.1650697455104706,0.10515633562763758,-0.043895302195164916,-3.5136753618830707,-0.30283171112439256,0.0,False,
25,7,Jordan Fisher,5,8,R2_Percent,0.19394505748645258,4,0.06479383794787023,5,0.7960082734557726,1.1020819623901577,0.11026887251251032,-0.03365834919986614,-2.4638532393736785,-0.0859187102918435,0.0,False,
25,7,Lindsey Stirling,6,8,R2_Percent,0.20188703126160218,3,0.0643625227203192,6,0.8361416531181056,1.0917639850463858,0.10966278031067112,-0.021079804195073926,-1.796023867420459,-0.2144207544983352,0.0,False,
25,7,Nikki Bella,8,8,R2_Percent,0.017402919484208114,8,0.2421023826959279,1,-1.6149286580689883,-0.5101711574402873,-0.14546736023604595,-0.021243836239081288,-1.028768715029594,0.27996741149126825,0.0,True,True
25,7,Terrell Owens,10,8,R2_Percent,0.05255706061823714,6,0.1867959185498602,3,-0.5096671883616661,0.28621489690295754,-0.1109904159626593,-0.0358385297455972,-2.2014889751888798,0.17644555389295524,0.0,False,
25,7,Vanessa Lachey,11,8,R2_Percent,0.022944561938917633,7,0.21155024644755552,2,-1.338485680787388,-0.2521857416725092,-0.1379486672571529,-0.03918911250331426,-2.6263721686552772,0.05384323190358353,0.0,True,False
25,7,Victoria Arlen,12,8,R2_Percent,0.09784908543739769,5,0.12004640176902087,4,0.11185971055732569,0.6527980050309788,-0.031873766768285516,-0.048382134408974944,-3.262360934205339,0.053843231835609906,0.0,False,
25,8,Drew Scott,3,6,R2_Percent,0.23452159622776536,1,0.09814234806650826,3,0.5158412749780503,1.1398220862590644,0.13125211897401895,-0.032540085471404814,-1.4619317746812155,0.5011461772928527,0.0,False,
25,8,Frankie Muniz,4,6,R2_Percent,0.2208701127152926,2,0.09446579100157089,5,0.45586840001365514,1.1650697455104706,0.1296535507561433,-0.05557415627940023,-2.9378382931954357,0.5758370686876351,0.0,False,
25,8,Jordan Fisher,5,6,R2_Percent,0.20709901872327502,4,0.08901251149632061,6,0.39149062675628676,1.1020819623901577,0.09302482198405465,-0.03841416932728743,-2.1269080781527183,0.3369451612209602,0.0,False,
25,8,Lindsey Stirling,6,6,R2_Percent,0.2168210344008107,3,0.09502579702898867,4,0.43736588354737704,1.0917639850463858,0.0949960337821027,-0.03100819132555178,-1.1886384402878074,0.6073854271326515,0.0,False,
25,8,Terrell Owens,10,6,R2_Percent,0.040269907749501926,6,0.3445124982441309,1,-1.246101919394547,0.28621489690295754,-0.27463258675883123,-0.03796737863461949,-1.4619317746812155,0.7395572005076643,0.0,True,True
25,8,Victoria Arlen,12,6,R2_Percent,0.08041833018335454,5,0.27884105416248073,2,-0.5544642659008221,0.6527980050309788,-0.17328716159710517,-0.050831871528477866,-2.8200552578737748,0.44230567633156426,0.0,False,
25,9,Drew Scott,3,5,R2_Percent,0.25387999543585116,1,0.14052319705952435,3,0.3580475731023357,1.1398220862590644,0.09693213851347017,-0.02581838943541091,-0.8979415930160594,0.5639901816651561,0.0,False,
25,9,Frankie Muniz,4,5,R2_Percent,0.23819107876256676,2,0.14504573156557093,2,0.29425908014345525,1.1650697455104706,0.10401748110986431,-0.0428599834254841,-2.8903717561517204,0.047466537043715284,0.0,False,
25,9,Jordan Fisher,5,5,R2_Percent,0.22023699345980738,4,0.1372614187172882,4,0.21589008618325622,1.1020819623901577,0.07889313228073183,-0.03182701214446257,-1.9965538812387147,0.13035419691400363,0.0,False,
25,9,Lindsey Stirling,6,5,R2_Percent,0.2302889176290997,3,0.13136244259763025,5,0.26052056085622344,1.0917639850463858,0.06810208953018186,-0.018231703315934614,-1.0622446440849331,0.12639379620287428,0.0,False,
25,9,Victoria Arlen,12,5,R2_Percent,0.057403014712675164,5,0.4458072100599864,1,-1.1287173002852704,0.6527980050309788,-0.3471956743791888,-0.040178718718323486,-2.8903717561517204,-0.07031649827794562,0.0,True,True
25,10,Drew Scott,3,4,R2_Percent,0.27038843268546836,1,0.23268810630367354,4,0.07976538825010238,1.1398220862590644,0.0,-0.015844517189945208,-0.5531599873668641,0.34478160564919524,0.0,False,
25,10,Frankie Muniz,4,4,R2_Percent,0.24913793799856565,2,0.253483573097652,2,-0.002087465526727894,1.1650697455104706,0.0,-0.04032444879760296,-3.065465609372408,-0.17509385322068782,0.0,False,
25,10,Jordan Fisher,5,4,R2_Percent,0.23370332153524717,4,0.2685210974867417,1,-0.06604172221316224,1.1020819623901577,0.0,-0.02701801690906701,-2.2181677502106014,-0.22161386897188673,0.0,False,
25,10,Lindsey Stirling,6,4,R2_Percent,0.2467703077807188,3,0.24530722311193282,3,-0.011636200510212413,1.0917639850463858,0.0,-0.013283615448923777,-1.3114464700927986,-0.24920182600786545,0.0,False,
26,1,Adam Rippon,0,10,R2_Percent,0.21959019003935468,3,0.032423724351626944,8,1.2926702140595427,1.212196699945923,0.09131849990551377,-0.025214147003560037,-1.7443572297612489,0.0,0.0,False,
26,1,Arike Ogunbowale,1,10,R2_Percent,0.02542988276884788,7,0.14176917738624759,4,-0.8631678531575333,-0.7801172315567272,-0.06857296308192984,-0.028846819730542345,-1.9956716578786629,0.0,0.0,False,
26,1,Chris Mazdzer,2,10,R2_Percent,0.07160772207102359,5,0.09965542247393369,6,0.17211009567907623,0.14341626186476356,0.03953881960620662,-0.025214147003560037,-1.7443572297612489,0.0,0.0,False,
26,1,Jamie Anderson,3,10,R2_Percent,0.01693718188527798,9,0.1553866555449144,3,-1.2695815058435382,-1.1299639641497012,-0.11705080916657357,-0.03693589373892955,-2.5552874452623,0.0,0.0,True,False
26,1,Jennie Finch Daigle,4,10,R2_Percent,0.04287571104361869,6,0.12157507596136188,5,-0.340787333169761,-0.2866929945786544,-0.0014699185698894943,-0.06699358123288324,-4.634728977929636,0.0,0.0,False,
26,1,Johnny Damon,5,10,R2_Percent,0.014946904969187859,10,0.16281894808168332,1,-1.3945885696944946,-1.2439313272680887,-0.1280905098991425,-0.03693589373892955,-2.5552874452623,0.0,0.0,True,True
26,1,Josh Norman,6,10,R2_Percent,0.22968763548612914,2,0.03023560734790889,9,1.3376274566524897,1.2584996642514579,0.09360545091990798,-0.028846819730542345,-1.9956716578786629,0.0,0.0,False,
26,1,Kareem Abdul-Jabbar,7,10,R2_Percent,0.022270967098728996,8,0.1599577595977605,2,-0.9958089162229433,-0.8660801381698274,-0.07710435803189866,-0.06699358123288324,-4.634728977929636,0.0,0.0,False,
26,1,Mirai Nagasu,8,10,R2_Percent,0.12138902106323776,4,0.06611210528076203,7,0.6999076158573294,0.6441141655452229,0.07375703215188119,-0.03233274305144089,-2.2368337144949018,0.0,0.0,False,
26,1,Tonya Harding,9,10,R2_Percent,0.23526478357459343,1,0.030065523973800697,10,1.3616187958398325,1.2866804265076388,0.09427963049198369,-0.03371042237145606,-2.3321438942055903,0.0,0.0,False,
26,2,Adam Rippon,0,8,R2_Percent,0.2369620114096321,3,0.04198663056145616,7,1.094351472382843,1.212196699945923,0.12476564651234516,-0.02633529234044502,-1.6094379122157327,0.13491931754551612,0.0,False,
26,2,Arike Ogunbowale,1,8,R2_Percent,0.021476829835400342,7,0.19640010665414612,2,-1.306573694551389,-0.7801172315567272,-0.13197528100385034,-0.026464326249354214,-2.2823823848140776,-0.2867107269354148,0.0,True,False
26,2,Chris Mazdzer,2,8,R2_Percent,0.06511121397924509,5,0.15292649952546408,4,-0.19745157436817085,0.14341626186476356,-0.05485857329364686,-0.021685026967807344,-2.1690536996077885,-0.42469646984653964,0.0,False,
26,2,Jennie Finch Daigle,4,8,R2_Percent,0.036459656102676624,6,0.19383661799425553,3,-0.7773420294688121,-0.2866929945786544,-0.08057986146660977,-0.0689221326802707,-4.402645913787501,0.23208306414213453,0.0,False,
26,2,Josh Norman,6,8,R2_Percent,0.25169265617766107,2,0.043715080230858516,6,1.1546603583353565,1.2584996642514579,0.13945647669418454,-0.025771446211450708,-2.365763993584433,-0.37009233570576994,0.0,False,
26,2,Kareem Abdul-Jabbar,7,8,R2_Percent,0.017499611976109,8,0.23274569301599446,1,-1.5113696586038559,-0.8660801381698274,-0.14271934017750423,-0.09123859976570832,-1.7170685759199258,2.91766040200971,0.0,True,True
26,2,Mirai Nagasu,8,8,R2_Percent,0.11531466234162376,4,0.09742668199352633,5,0.3741162195793782,0.6441141655452229,0.003929602097083896,-0.03475024416050702,-1.94591014814715,0.29092356634775185,0.0,False,
26,2,Tonya Harding,9,8,R2_Percent,0.255483358177652,1,0.04096269002429886,8,1.1696089066946505,1.2866804265076388,0.1419436721165791,-0.03760330467446114,-1.8636720499879975,0.4684718442175928,0.0,False,
26,3,Adam Rippon,0,6,R2_Percent,0.26224174370220577,3,0.04978797418912404,5,0.7997522703702051,1.212196699945923,0.17138586684075205,-0.025118196146982318,-1.3862943607198905,0.2231435514958422,0.0,False,
26,3,Chris Mazdzer,2,6,R2_Percent,0.049316565439866435,5,0.28244409850112095,2,-0.8712544562762512,0.14341626186476356,-0.21524089997425241,-0.0337651807445212,-1.8787708456085939,0.2902828539991946,0.0,True,False
26,3,Jennie Finch Daigle,4,6,R2_Percent,0.027172677797150234,6,0.37535942240404524,1,-1.4673025181550359,-0.2866929945786544,-0.20790122648460158,-0.06805506445594985,-3.8712010061078908,0.5314449076796106,0.0,True,True
26,3,Josh Norman,6,6,R2_Percent,0.27694816427858165,2,0.04961999455480402,6,0.8543158622433451,1.2584996642514579,0.17938819510889467,-0.03785661066632277,-1.9252908611668633,0.44047313241756947,0.0,False,
26,3,Mirai Nagasu,8,6,R2_Percent,0.09529846335065276,4,0.19242696008802354,3,-0.2125008076713814,0.6441141655452229,-0.125732601171818,-0.030981038558348915,-1.6025174690584922,0.34339267908865767,0.0,True,False
26,3,Tonya Harding,9,6,R2_Percent,0.2890223854315431,1,0.05036155026288234,4,0.8969896494891187,1.2866804265076388,0.1984860167710115,-0.030182651142597387,-1.4733057376731566,0.39036631231484087,0.0,False,
26,4,Adam Rippon,0,3,R2_Percent,0.3178365575300361,3,0.3557735262900116,1,-0.04684703398443679,1.212196699945923,0.0,-0.024048595949904543,-0.9037119494144865,0.482582411305404,0.0,False,
26,4,Josh Norman,6,3,R2_Percent,0.33253192504712875,2,0.3346462348766902,2,-0.0016484439393278372,1.2584996642514579,0.0,-0.03281837168592936,-1.3249254143927245,0.6003654467741388,0.0,False,
26,4,Tonya Harding,9,3,R2_Percent,0.34963151742283516,1,0.3095802388332984,3,0.04849547792376441,1.2866804265076388,0.0,-0.024303930621515833,-1.1113513141285483,0.3619544235446084,0.0,False,
27,1,Alexis Ren,0,13,R2_Percent,0.15373560915620918,4,0.03895252977286492,11,1.100008090683893,1.045927525307517,0.052073375189096965,-0.03341804044749259,-2.311916419413555,0.0,0.0,False,
27,1,Bobby Bones,1,13,R2_Percent,0.166615006489313,1,0.03761846049701078,13,1.1804595880040296,1.1106961086848977,0.05114228822066763,-0.01680403953630713,-1.162531806061595,0.0,0.0,False,
27,1,Danelle Umstead,2,13,R2_Percent,0.015968532927057747,12,0.11263774169795268,2,-1.1646061189353951,-1.0210336781586966,-0.09548348537589604,-0.08351418603557392,-5.777652290922657,0.0,0.0,False,
27,1,DeMarcus Ware,3,13,R2_Percent,0.030000269757358096,8,0.08924674910664948,7,-0.534019839104406,-0.4758157486123127,-0.010115135091290917,-0.08351418603557392,-5.777652290922657,0.0,0.0,False,
27,1,Evanna Lynch,4,13,R2_Percent,0.15960627824362716,3,0.04169009682369766,10,1.1374838089700285,1.075588442067516,0.05343723397809514,-0.026967097710353913,-1.8656293171485103,0.0,0.0,False,
27,1,Joe Amabile,5,13,R2_Percent,0.0993037331894783,5,0.07053256492312483,8,0.662956952766584,0.6157438074254291,0.09530210074195718,-0.08351418603557392,-5.777652290922657,0.0,0.0,False,
27,1,John Schneider,6,13,R2_Percent,0.045796144626412585,7,0.09163215281880173,6,-0.11102630352374454,-0.12780018699935888,0.02308340494742987,-0.04173475210658709,-2.8872805635320473,0.0,0.0,False,
27,1,Juan Pablo Di Pace,7,13,R2_Percent,0.08862788291690991,6,0.06112139708267835,9,0.5492203010720056,0.5297079246796654,0.06760133179314255,-0.08351418603557392,-5.777652290922657,0.0,0.0,False,
27,1,Mary Lou Retton,8,13,R2_Percent,0.025060304217719077,9,0.1001825820170858,4,-0.7139411236700465,-0.6351002653149626,-0.03075190295428156,-0.08351418603557392,-5.777652290922657,0.0,0.0,False,
27,1,Milo Manheim,9,13,R2_Percent,0.16304598189018155,2,0.03855905880023573,12,1.1588060458724536,1.1494519399391574,0.057443061334098676,-0.08351418603557392,-5.777652290922657,0.0,0.0,False,
27,1,Nancy McKeon,10,13,R2_Percent,0.018296390527382588,11,0.10641702928385771,3,-1.0285224111856959,-0.9042718081446,-0.07616164764029344,-0.08351418603557392,-5.777652290922657,0.0,0.0,False,
27,1,Nikki Glaser,11,13,R2_Percent,0.014078828994888156,13,0.1156791733384637,1,-1.290554033343516,-1.187760424950381,-0.12141479949159933,-0.01680403953630713,-1.162531806061595,0.0,0.0,True,True
27,1,Tinashe,12,13,R2_Percent,0.019865037063462605,10,0.09573046383757666,5,-0.9462649576061911,-0.8702661177948862,-0.06605664561755477,-0.045367424828521734,-3.138594991300255,0.0,0.0,False,
27,2,Alexis Ren,0,12,R2_Percent,0.16038943194052713,4,0.042001320466600114,9,1.0773420478532902,1.045927525307517,0.05813618946982086,-0.040307519470714814,-1.4828322877880311,0.829084131625524,0.0,False,
27,2,Bobby Bones,1,12,R2_Percent,0.1794157388792168,1,0.04184408767269162,10,1.1894429166789624,1.1106961086848977,0.0596384732995346,-0.00903038695253473,-2.0980179263112375,-0.9354861202496425,0.0,False,
27,2,Danelle Umstead,2,12,R2_Percent,0.0135734392237159,12,0.13524537230581668,1,-1.392147874852965,-1.0210336781586966,-0.11448241355918053,-0.08680667415094473,-5.381432251523677,0.39622003939898054,0.0,True,True
27,2,DeMarcus Ware,3,12,R2_Percent,0.0269729670095519,8,0.10846938936469817,4,-0.7054276171725492,-0.4758157486123127,-0.025673710536948335,-0.11333011492010794,-2.189585120020564,3.5880671709020935,0.0,False,
27,2,Evanna Lynch,4,12,R2_Percent,0.16871513256538742,2,0.04016038420033843,11,1.1279489268176588,1.075588442067516,0.055208448564080526,-0.023685516144877905,-2.2605368556431302,-0.3949075384946199,0.0,False,
27,2,Joe Amabile,5,12,R2_Percent,0.10036130072108912,5,0.0761066501073639,7,0.6085139222161281,0.6157438074254291,0.07236351901545234,-0.08680667415094473,-5.381432251523677,0.39622003939898054,0.0,False,
27,2,John Schneider,6,12,R2_Percent,0.04501572922280943,7,0.10076398969827866,6,-0.19325079277030804,-0.12780018699935888,0.001203107119451278,-0.04562104618397028,-2.4196015504269757,0.46767901310507165,0.0,False,
27,2,Juan Pablo Di Pace,7,12,R2_Percent,0.08813058650958656,6,0.06664173519774849,8,0.47855689238875837,0.5297079246796654,0.05414713993575647,-0.08680667415094473,-5.381432251523677,0.39622003939898054,0.0,False,
27,2,Mary Lou Retton,8,12,R2_Percent,0.021972405021110246,9,0.113733747181216,3,-0.9104754109292298,-0.6351002653149626,-0.048226544025005647,-0.1173907893512374,-1.7009210681816571,4.076731222741,0.0,False,
27,2,Milo Manheim,9,12,R2_Percent,0.16192124839035235,3,0.03999404080735037,12,1.0868473362390267,1.1494519399391574,0.06430476602090329,-0.09899156344669174,-3.915095199525121,1.8625570913975364,0.0,False,
27,2,Nancy McKeon,10,12,R2_Percent,0.015520708799712906,11,0.12678021388002714,2,-1.2580875759541865,-0.9042718081446,-0.09423694913234629,-0.10768329703711457,-2.869126647789003,2.9085256431336544,0.0,False,
27,2,Tinashe,12,12,R2_Percent,0.018011311716940134,10,0.10825906911787038,5,-1.1092627705145854,-0.8702661177948862,-0.08228149855463811,-0.04959457656337368,-2.6298969586150607,0.5086980326851944,0.0,False,
27,3,Alexis Ren,0,11,R2_Percent,0.16812403280117022,3,0.04590286890722787,8,1.0277194592366263,1.045927525307517,0.06471703587388324,-0.019072428875530106,-1.7670112989990856,-0.2841790112110545,0.0,False,
27,3,Bobby Bones,1,11,R2_Percent,0.18568071876302675,1,0.043888100364293636,10,1.1270460946883467,1.1106961086848977,0.06707722321111687,-0.03079628409849728,-2.041448144516004,0.05656978179523353,0.0,False,
27,3,DeMarcus Ware,3,11,R2_Percent,0.025405235736017003,8,0.12323364536403832,5,-0.8620272541258387,-0.4758157486123127,-0.04531886554668504,-0.03482204009008278,-1.807833293494952,0.3817518265256119,0.0,False,
27,3,Evanna Lynch,4,11,R2_Percent,0.17818566554983664,2,0.04173632301549644,11,1.0858435333171763,1.075588442067516,0.06469947480954127,-0.01002839472257936,-4.985887109819287,-2.7253502541761567,0.0,False,
27,3,Joe Amabile,5,11,R2_Percent,0.09718517171325076,5,0.09198845104870351,6,0.4796356071909282,0.6157438074254291,0.0446781542140441,-0.0810738271726941,-4.985887109819287,0.3955451417043898,0.0,False,
27,3,John Schneider,6,11,R2_Percent,0.04267684530977011,7,0.12424275485857206,4,-0.3433260294995685,-0.12780018699935888,-0.024759591808349597,-0.037028143198126834,-2.1724764066145834,0.24712514381239226,0.0,False,
27,3,Juan Pablo Di Pace,7,11,R2_Percent,0.08499807021514512,6,0.07366962075766365,7,0.34564601463392136,0.5297079246796654,0.037480818285294495,-0.0810738271726941,-4.985887109819287,0.3955451417043898,0.0,False,
27,3,Mary Lou Retton,8,11,R2_Percent,0.020515388023616125,9,0.13415352297067148,2,-1.0758072983904983,-0.6351002653149626,-0.06749404115269071,-0.024676624332034342,-1.6900502579063152,0.010870810275341869,0.0,False,
27,3,Milo Manheim,9,11,R2_Percent,0.16761736061790197,4,0.044902795934153035,9,1.0247012280751648,1.1494519399391574,0.07403995149649473,-0.04769348699391959,-4.985887109819287,-1.070791910294166,0.0,False,
27,3,Nancy McKeon,10,11,R2_Percent,0.013709410710382753,11,0.14799024958090629,1,-1.4789000280635978,-0.9042718081446,-0.11453166472448502,-0.03877166685245988,-3.1941276527856757,-0.3250010049966727,0.0,True,True
27,3,Tinashe,12,11,R2_Percent,0.015902100559882566,10,0.12829166719827378,3,-1.3305313270626604,-0.8702661177948862,-0.10041288276609744,-0.045073170555130715,-1.7804343191881813,0.8494626394268794,0.0,False,
27,4,Alexis Ren,0,10,R2_Percent,0.17943870661410494,3,0.04849560763362006,9,0.9684362362215575,1.045927525307517,0.07285375810348062,-0.016737788293702045,-2.826467953942399,-1.0594566549433133,0.0,False,
27,4,Bobby Bones,1,10,R2_Percent,0.1970561740867028,1,0.049833958149905946,7,1.062091389676722,1.1106961086848977,0.0796756666631488,-0.02674107091136993,-2.3744828312809,-0.3330346867648961,0.0,False,
27,4,DeMarcus Ware,3,10,R2_Percent,0.02385856659783143,8,0.1556329277810009,1,-1.0492541067284313,-0.4758157486123127,-0.0681000943759861,-0.03024434603513689,-1.3129118148141685,0.4949214786807834,0.0,False,
27,4,Evanna Lynch,4,10,R2_Percent,0.18137831293173368,2,0.04929771600559076,8,0.9791875306219466,1.075588442067516,0.0803929639603657,-0.06959883838311903,-5.283203709037989,-0.2973165992187017,0.0,False,
27,4,Joe Amabile,5,10,R2_Percent,0.09269521588295745,5,0.11909956709892791,5,0.30791941657931393,0.6157438074254291,0.004786452621181932,-0.06959883838311903,-5.283203709037989,-0.2973165992187017,0.0,False,
27,4,John Schneider,6,10,R2_Percent,0.039938757984578514,7,0.1434602200230965,3,-0.5340502155895778,-0.12780018699935888,-0.05952221865341037,-0.03002066398954283,-2.338764748534706,-0.16628834192012265,0.0,False,
27,4,Juan Pablo Di Pace,7,10,R2_Percent,0.08244074886764939,6,0.09775695903424116,6,0.1906823937083824,0.5297079246796654,0.01808367959212592,-0.06959883838311903,-5.283203709037989,-0.2973165992187017,0.0,False,
27,4,Mary Lou Retton,8,10,R2_Percent,0.01895780959033639,9,0.14289473618074935,4,-1.279181483845475,-0.6351002653149626,-0.09054760695944102,-0.027870884902268522,-1.2758705431473358,0.4141797147589794,0.0,False,
27,4,Milo Manheim,9,10,R2_Percent,0.16991564341557497,4,0.04597352588757858,10,0.9139046526296148,1.1494519399391574,0.08380407273424118,-0.08687847046891745,-3.2037621845956528,1.7821249252236342,0.0,False,
27,4,Tinashe,12,10,R2_Percent,0.014320064028530317,10,0.14755478220528886,2,-1.559735813274053,-0.8702661177948862,-0.12104819344337435,-0.024609879121873717,-1.9159078980722042,-0.1354735788840229,0.0,True,False
27,5,Alexis Ren,0,9,R2_Percent,0.18888616332252603,2,0.049547273058108805,9,0.8726693423217591,1.045927525307517,0.08930139033271024,-0.045837887921843914,-2.226911357439761,0.5995565965026377,0.0,False,
27,5,Bobby Bones,1,9,R2_Percent,0.2105480179376722,1,0.05472882626973904,8,0.9812385600133722,1.1106961086848977,0.09527185537527409,-0.034812843937216495,-2.3154647548648533,0.05901807641604684,0.0,False,
27,5,DeMarcus Ware,3,9,R2_Percent,0.022335326354306677,8,0.17224146475410984,2,-1.262305614326941,-0.4758157486123127,-0.09762924343801654,-0.011927728512318974,-2.161314075182304,-0.8484022603681354,0.0,False,
27,5,Evanna Lynch,4,9,R2_Percent,0.1810249567321761,4,0.06114022207606478,6,0.830159723445875,1.075588442067516,0.09578063788861473,-0.10694059663870784,-1.6039684360614928,3.679235272976496,0.0,False,
27,5,Joe Amabile,5,9,R2_Percent,0.08320962528769245,5,0.1496345868988853,4,0.05288784887651066,0.6157438074254291,-0.055388020437914715,-0.0770099858675876,-5.205836495540648,0.07736721349734044,0.0,False,
27,5,John Schneider,6,9,R2_Percent,0.036087962996673474,7,0.16667960459973677,3,-0.7825158060714108,-0.12780018699935888,-0.09990317207518871,-0.03302099464999589,-2.4332477903946166,-0.09448304185991052,0.0,False,
27,5,Juan Pablo Di Pace,7,9,R2_Percent,0.07709372772982359,6,0.10739184050210848,5,-0.023453255955014837,0.5297079246796654,-0.0167403253756185,-0.0770099858675876,-5.205836495540648,0.07736721349734044,0.0,False,
27,5,Mary Lou Retton,8,9,R2_Percent,0.017401004793793966,9,0.18386652547464793,1,-1.5119472294902725,-0.6351002653149626,-0.11437053782021339,-0.019990899691022218,-1.0895130445901704,0.18635749855716544,0.0,False,
27,5,Milo Manheim,9,9,R2_Percent,0.18341321484533554,3,0.05476965636659916,7,0.8432664311861224,1.1494519399391574,0.10380196305110506,-0.046598638894219675,-3.168954584091202,0.034807600504450864,0.0,False,
27,6,Alexis Ren,0,9,R2_Percent,0.19179024705276093,3,0.05102055854834428,6,0.9426962970066485,1.045927525307517,0.09633689017732909,-0.04115817484471327,-1.1475936754516483,1.079317681988113,0.0,False,
27,6,Bobby Bones,1,9,R2_Percent,0.21609928937629305,1,0.05015422824569025,7,1.0620319605239705,1.1106961086848977,0.10278809058318737,-0.03368683986909002,-2.2892895493354173,0.026175205529435974,0.0,False,
27,6,DeMarcus Ware,3,9,R2_Percent,0.020063979513921405,8,0.17255555663155725,3,-1.3147798711679257,-0.4758157486123127,-0.10519463666142922,-0.006314756352648873,-5.160969157961568,-2.999655082779264,0.0,False,
27,6,Evanna Lynch,4,9,R2_Percent,0.19509399058857665,2,0.04694304674826111,9,0.9597754308746456,1.075588442067516,0.10319425833133795,0.006372904376957714,-5.160969157961568,-3.557000721900075,0.0,False,
27,6,Joe Amabile,5,9,R2_Percent,0.07183183355480777,5,0.13609775109799657,4,-0.03937827251093306,0.6157438074254291,-0.05956553757354347,-0.07562160087039045,-5.160969157961568,0.044867337579080235,0.0,False,
27,6,John Schneider,6,9,R2_Percent,0.03096430629726095,7,0.19771155324389045,1,-0.8808708832434209,-0.12780018699935888,-0.1076018241486934,-0.04029329100753961,-1.8169302070750475,0.6163175833195691,0.0,False,
27,6,Juan Pablo Di Pace,7,9,R2_Percent,0.06932582481914366,6,0.10874239959804428,5,-0.07488852529025157,0.5297079246796654,-0.018036120585012725,-0.07562160087039045,-5.160969157961568,0.044867337579080235,0.0,False,
27,6,Mary Lou Retton,8,9,R2_Percent,0.015307041188990397,9,0.18943923585116654,2,-1.585393083615589,-0.6351002653149626,-0.12323971378294397,-0.01575202913826524,-1.0890974686708819,0.00041557591928853554,0.0,True,False
27,6,Milo Manheim,9,9,R2_Percent,0.1895234876082452,4,0.0473356700350492,8,0.9308069474228556,1.1494519399391574,0.11177359335662176,-0.04865950069481772,-2.8255942579230258,0.34336032616817613,0.0,False,
27,7,Alexis Ren,0,8,R2_Percent,0.20741920508910444,2,0.05825501489920919,6,0.8795998561882719,1.045927525307517,0.10842177803277597,-0.010108910275477667,-1.9273049603758916,-0.7797112849242434,0.0,False,
27,7,Bobby Bones,1,8,R2_Percent,0.22965169241059025,1,0.05156302415674469,8,0.9814217456735019,1.1106961086848977,0.11816690406931044,-0.033435935967967186,-2.247776855552384,0.04151269378303324,0.0,False,
27,7,DeMarcus Ware,3,8,R2_Percent,0.01636004251915946,8,0.2255843164099968,1,-1.660300104450698,-0.4758157486123127,-0.13727655893132587,-0.09984818486197666,-2.1226137127097506,3.0383554452518173,0.0,True,True
27,7,Evanna Lynch,4,8,R2_Percent,0.1942368011312635,4,0.059884551703202005,5,0.8139360045024451,1.075588442067516,0.12336456967478811,-0.10870127784837444,-1.057227072284985,4.103742085676583,0.0,False,
27,7,Joe Amabile,5,8,R2_Percent,0.059957058435672936,6,0.18354564138550444,3,-0.36151342133954306,0.6157438074254291,-0.12418787459227588,-0.07630490009081292,-4.955827043401261,0.2051421145603074,0.0,False,
27,7,John Schneider,6,8,R2_Percent,0.026351583973191615,7,0.2071927694273512,2,-1.183613648577285,-0.12780018699935888,-0.16069408584194034,-0.027464070827909765,-1.6724127109379887,0.14451749613705878,0.0,True,False
27,7,Juan Pablo Di Pace,7,8,R2_Percent,0.06159095275185199,5,0.15727466292774941,4,-0.33462704575115715,0.5297079246796654,-0.05815058175629199,-0.07630490009081292,-4.955827043401261,0.2051421145603074,0.0,False,
27,7,Milo Manheim,9,8,R2_Percent,0.2044326636891658,3,0.05670001909024234,7,0.865096613754464,1.1494519399391574,0.1306981177229447,-0.04331537342591906,-2.5280788206943856,0.29751543722864016,0.0,False,
27,8,Alexis Ren,0,6,R2_Percent,0.21903304953291583,3,0.08590399997948507,6,0.5036139105051938,1.045927525307517,0.10845246663556424,-0.03588922169956141,-0.96089503777568,0.9664099226002116,0.0,False,
27,8,Bobby Bones,1,6,R2_Percent,0.25130496418503084,1,0.09085676407703859,3,0.6410584793390861,1.1106961086848977,0.15374360608789653,-0.042887776349925445,-0.9966131205500719,1.2511637350023121,0.0,False,
27,8,Evanna Lynch,4,6,R2_Percent,0.21741100625163795,4,0.08687360582917772,5,0.49618088110350894,1.075588442067516,0.11554021030697431,0.00838515487703241,-3.905334012236857,-2.8481069399518724,0.0,False,
27,8,Joe Amabile,5,6,R2_Percent,0.042338432691235696,6,0.37757001200335405,1,-1.1399134712252048,0.6157438074254291,-0.3079187480755562,-0.08036428583269462,-3.905334012236857,1.0504930311644034,0.0,True,True
27,8,Juan Pablo Di Pace,7,6,R2_Percent,0.04780412828555488,5,0.2691003257272446,2,-1.0184967174598896,0.5297079246796654,-0.2052516667270278,-0.08036428583269462,-3.905334012236857,1.0504930311644034,0.0,True,False
27,8,Milo Manheim,9,6,R2_Percent,0.2221084190536248,2,0.08969529238369996,4,0.5175569177373054,1.1494519399391574,0.13616346297041673,-0.043658545107821044,-1.6717417952000009,0.8563370254943847,0.0,False,
27,9,Alexis Ren,0,4,R2_Percent,0.24525207025649887,3,0.2634802741356744,2,-0.01635567365695889,1.045927525307517,0.0,-0.010260585088569512,-1.3975939159692785,-0.43669887819359854,0.0,False,
27,9,Bobby Bones,1,4,R2_Percent,0.28003077792936015,1,0.22660061782354293,4,0.11625730482500374,1.1106961086848977,0.0,-0.009855449483308038,-1.5441973900972783,-0.5475842695472064,0.0,False,
27,9,Evanna Lynch,4,4,R2_Percent,0.22740193737747189,4,0.2724974519534835,1,-0.09192311250964907,1.075588442067516,0.0,-0.08106782834429532,-0.9428577589059923,2.962476253330865,0.0,False,
27,9,Milo Manheim,9,4,R2_Percent,0.24731521443666904,2,0.23742165608729898,3,-0.007978518658395828,1.1494519399391574,0.0,-0.022281296908322618,-1.8983692038688131,-0.22662740866881226,0.0,False,
28,1,Ally Brooke,0,12,R3_Bottom2,0.0873920920605822,1,0.04701857063328837,10,0.04809724971428443,0.06659747582814482,-0.04452334471839671,-0.04322186043281408,-2.9901612265156468,0.0,0.0,False,
28,1,Hannah Brown,1,12,R3_Bottom2,0.0815954768122641,8,0.01162450740053465,11,-0.020533719786176588,-0.06570463633791623,0.013832449411186774,-0.03790651189679752,-2.622436447002295,0.0,0.0,False,
28,1,James Van Der Beek,2,12,R3_Bottom2,0.08351496078436188,6,0.004869101519973652,12,0.002718237880175403,-0.024807863837786975,0.017383085636858343,-0.059101962956246375,-4.088773511205979,0.0,0.0,False,
28,1,Karamo Brown,3,12,R3_Bottom2,0.08445619768387312,5,0.05000012994795119,8,0.013925480359968719,-0.0044147543127038835,-0.011841239759897738,-0.03906350460478006,-2.7024791545610882,0.0,0.0,False,
28,1,Kate Flannery,4,12,R3_Bottom2,0.0860407322294665,4,0.07950590983705698,5,0.032513265703524676,0.03916282062478489,-0.03267267352579654,-0.04322186043281408,-2.9901612265156468,0.0,0.0,False,
28,1,Kel Mitchell,5,12,R3_Bottom2,0.0812792646067103,9,0.1353792618737425,2,-0.024416612862038542,-0.07652835118153223,0.03458489506647139,-0.051718135784328115,-3.5779478898266546,0.0,0.0,False,
28,1,Lamar Odom,6,12,R3_Bottom2,0.0866910505197905,2,0.11498138592617506,4,0.04004310592913528,0.01300204055029211,0.00465061949543845,-0.04685453315394568,-3.241475654228299,0.0,0.0,False,
28,1,Lauren Alaina,7,12,R3_Bottom2,0.07885703726308163,12,0.048043759917220506,9,-0.054670990831856184,-0.12753951281086515,0.032077748980038255,-0.02845420603837971,-1.9685099802565542,0.0,0.0,False,
28,1,Mary Wilson,8,12,R3_Bottom2,0.08339545403517837,7,0.07022618216822046,7,0.001286250909987935,0.05924302437427707,-0.07811901871034553,-0.049082733791294006,-3.395626333629367,0.0,0.0,False,
28,1,Ray Lewis,9,12,R3_Bottom2,0.07983075893404948,11,0.24364596114271814,1,-0.042398668507366316,-0.1395993622502413,0.06827694198863458,-0.040321227283109995,-2.7894905314151117,0.0,0.0,False,
28,1,Sailor Brinkley-Cook,10,12,R3_Bottom2,0.08082574875993703,10,0.07828592706790907,6,-0.030011961464452563,-0.07740988344807354,-0.009078927960895858,-0.01276812909283357,-0.8833207123946933,0.0,0.0,False,
28,1,Sean Spicer,11,12,R3_Bottom2,0.08612122631070485,3,0.11641930246520943,3,0.033448362954813786,0.011098901955990505,0.004822617745801001,-0.051718135784328115,-3.5779478898266546,0.0,0.0,False,
28,2,Ally Brooke,0,12,R3_Bottom2,0.0832931295494798,9,0.02687018989393542,10,-1.403473602887978e-05,0.06659747582814482,-0.05032733034333573,-0.046083107368638826,-2.645837015184357,0.34432421133128965,0.0,False,
28,2,Hannah Brown,1,12,R3_Bottom2,0.08303680900355065,11,0.0003177265165105154,12,-0.0030961106516712994,-0.06570463633791623,0.016144992674014858,-0.04241866195604076,-2.0794415411433493,0.5429949058589458,0.0,False,
28,2,James Van Der Beek,2,12,R3_Bottom2,0.08356998511833443,4,0.028604899884763384,9,0.0033043238293784874,-0.024807863837786975,0.01965496544491941,-0.06405156908430742,-3.4931348736921954,0.5956386375137832,0.0,False,
28,2,Karamo Brown,3,12,R3_Bottom2,0.0835416099610565,5,0.051847800542074225,7,0.002964728512403217,-0.0044147543127038835,-0.013315268136680972,-0.04329006825821906,-2.193851891953854,0.5086272626072343,0.0,False,
28,2,Kate Flannery,4,12,R3_Bottom2,0.0832874212146813,10,0.019238303133010944,11,-8.257016557981778e-05,0.03916282062478489,-0.03675397123146524,-0.043287108357453814,-2.98230925124176,0.007851975273886591,0.0,False,
28,2,Kel Mitchell,5,12,R3_Bottom2,0.08350497921550626,6,0.03623723472702872,8,0.0025261592926669463,-0.07652835118153223,0.039210230351000255,-0.055478610177840296,-3.125410094655767,0.45253779517088777,0.0,False,
28,2,Lamar Odom,6,12,R3_Bottom2,0.08639905017248765,1,0.12163661578805036,2,0.036596580265902456,0.01300204055029211,0.004788806823032659,-0.05325297175419415,-2.471483628305103,0.7699920259231958,0.0,False,
28,2,Lauren Alaina,7,12,R3_Bottom2,0.08329402709264835,8,0.06179128074218508,6,-3.259077368769625e-06,-0.12753951281086515,0.03755276301102614,-0.02460053667622749,-2.432262915118898,-0.4637529348623439,0.0,False,
28,2,Mary Wilson,8,12,R3_Bottom2,0.07581555108888159,12,0.3715856511234849,1,-0.09407667101977141,0.05924302437427707,-0.09202352326851648,-0.0544816248360987,-2.7459204736456,0.6497058599837668,0.0,True,True
28,2,Ray Lewis,9,12,R3_Bottom2,0.08563327746986557,2,0.10488446822674456,3,0.027693860981249194,-0.1395993622502413,0.07657345889268981,-0.046443160827266405,-2.0527732935488125,0.7367172378662992,0.0,False,
28,2,Sailor Brinkley-Cook,10,12,R3_Bottom2,0.0834559739415753,7,0.0843447990072512,5,0.0019391325129129583,-0.07740988344807354,-0.009721768678874046,-0.0018779471119660107,-2.193851891953854,-1.3105311795591605,0.0,False,
28,2,Sean Spicer,11,12,R3_Bottom2,0.08516818617193257,3,0.0926410303149607,4,0.02224786025590687,0.011098901955990505,0.004995900886202029,-0.061552100139545596,-2.394522587216678,1.1834253026099764,0.0,False,
28,3,Ally Brooke,0,10,R3_Bottom2,0.10019327461354378,5,0.006410268492330722,10,0.002192432425959373,0.06659747582814482,0.0028462428323875904,-0.03941070942049433,-2.505525935823134,0.140311079361223,0.0,False,
28,3,Hannah Brown,1,10,R3_Bottom2,0.09945193075182854,8,0.05651515595613525,6,-0.00523421493842615,-0.06570463633791623,0.0016576733487195846,-0.03325565885878026,-1.6945957202248607,0.3848458209184886,0.0,False,
28,3,James Van Der Beek,2,10,R3_Bottom2,0.10053131035912619,3,0.02076661552564428,7,0.005560590493877006,-0.024807863837786975,0.02214020465092085,-0.05182948029292943,-3.332204507512959,0.16093036617923628,0.0,False,
28,3,Karamo Brown,3,10,R3_Bottom2,0.10024258770639247,4,0.12475276875311578,2,0.00268449101540421,-0.0044147543127038835,0.0006254090173304931,-0.03434510036434304,-1.8769172769099263,0.3169346150439276,0.0,False,
28,3,Kate Flannery,4,10,R3_Bottom2,0.10002912571886032,6,0.012402120239303946,9,0.0005527664226828571,0.03916282062478489,0.011410376685112049,-0.047574086312610744,-2.4449013139574345,0.5374079372843257,0.0,False,
28,3,Kel Mitchell,5,10,R3_Bottom2,0.09974792515836182,7,0.08307226270191735,4,-0.0022623792106549953,-0.07652835118153223,0.017264530263048194,-0.05032792147042477,-2.505525935823134,0.6198841588326327,0.0,False,
28,3,Lamar Odom,6,10,R3_Bottom2,0.0946506518848805,10,0.48817435360366634,1,-0.05471586939480723,0.01300204055029211,-0.08588216202226859,-0.03770135266259358,-2.2335922205686587,0.23789140773644446,0.0,False,
28,3,Lauren Alaina,7,10,R3_Bottom2,0.09880730397992411,9,0.10850620126662015,3,-0.011737105403199936,-0.12753951281086515,0.004772131013128727,-0.041287439457650406,-1.6945957202248607,0.7376671948940374,0.0,False,
28,3,Sailor Brinkley-Cook,10,10,R3_Bottom2,0.10254744099384179,2,0.019318847026918124,8,0.02541689611898719,-0.07740988344807354,0.010435333552079165,-0.0152112018228839,-4.179502364023972,-1.9856504720701182,0.0,False,
28,3,Sean Spicer,11,10,R3_Bottom2,0.10379844883324028,1,0.08008140633434795,5,0.037542392470177655,0.011098901955990505,0.014706756377448862,-0.03258006545864647,-2.639057328138728,-0.24453474092204974,0.0,False,
28,4,Ally Brooke,0,10,R3_Bottom2,0.10067615349797115,6,0.006699361669691471,10,0.007861155767304676,0.06659747582814482,0.001955722827983462,-0.038822596236370265,-2.19191952426448,0.3136064115586543,0.0,False,
28,4,Hannah Brown,1,10,R3_Bottom2,0.1004150748181096,8,0.014106049728807704,9,0.005264535032128495,-0.06570463633791623,0.0028830119743660943,-0.025921857779280195,-1.522869895476394,0.17172582474846676,0.0,False,
28,4,James Van Der Beek,2,10,R3_Bottom2,0.10181695292100545,2,0.06594680422001134,5,0.01912881334688095,-0.024807863837786975,0.025092933165741328,-0.04723132727610492,-3.4446824905217523,-0.11247798300879319,0.0,False,
28,4,Karamo Brown,3,10,R3_Bottom2,0.10142298816384356,4,0.07798306209282936,4,0.015251964647769081,-0.0044147543127038835,0.00045280057125103037,-0.02526862527130293,-2.1009477460931216,-0.22403046918319536,0.0,False,
28,4,Kate Flannery,4,10,R3_Bottom2,0.10166030884439231,3,0.10431036251918847,3,0.017589141481838395,0.03916282062478489,0.01204604250311132,-0.03568658572292436,-2.4032286176622186,0.04167269629521586,0.0,False,
28,4,Kel Mitchell,5,10,R3_Bottom2,0.10111349426705812,5,0.020846832332761706,8,0.012195783025905006,-0.07652835118153223,0.01990554389378309,-0.037990928059750684,-2.292002982779858,0.21352295304327606,0.0,False,
28,4,Lamar Odom,6,10,R3_Bottom2,0.0868599677958018,10,0.5040672914749197,1,-0.13975055219842789,0.01300204055029211,-0.09517681298844806,-0.032632177799558286,-2.19191952426448,0.04167269630417891,0.0,True,True
28,4,Lauren Alaina,7,10,R3_Bottom2,0.10037527219196636,9,0.029358901287423998,7,0.004868075468635803,-0.12753951281086515,0.007803369831225198,-0.020748794457783333,-2.145399508715734,-0.4508037884908731,0.0,False,
28,4,Sailor Brinkley-Cook,10,10,R3_Bottom2,0.10061152352414468,7,0.052727174629364576,6,0.007218990514035295,-0.07740988344807354,0.012076229857683309,-0.06075971014922681,-4.137829667948364,0.04167269607560797,0.0,False,
28,4,Sean Spicer,11,10,R3_Bottom2,0.10504826397570702,1,0.12395415994500159,2,0.05037209291393016,0.011098901955990505,0.015906631530275564,-0.03906636444068196,-2.5283917605275974,0.11066556761113056,0.0,False,
28,5,Ally Brooke,0,9,R3_Bottom2,0.11315265898874688,4,0.005028700996428417,9,0.018800059519313232,0.06659747582814482,0.013739459881435111,-0.032278965360441156,-2.1202635353667576,0.07165598889772218,0.0,False,
28,5,Hannah Brown,1,9,R3_Bottom2,0.1134693905464298,2,0.03875356909255143,6,0.021595301770110906,-0.06570463633791623,0.017491647354663402,-0.02129325746162234,-1.6094379119341002,-0.08656801645770629,0.0,False,
28,5,James Van Der Beek,2,9,R3_Bottom2,0.10903011582678394,8,0.03241524681399652,8,-0.018313675907336603,-0.024807863837786975,-0.007854492344746633,-0.05166822163152004,-3.218875822368201,0.22580666815355155,0.0,False,
28,5,Karamo Brown,3,9,R3_Bottom2,0.11339507138134873,3,0.17130874448550099,3,0.02094011613981762,-0.0044147543127038835,0.013734702119930182,-0.031875566500325796,-1.9195928401015763,0.18135490599154536,0.0,False,
28,5,Kate Flannery,4,9,R3_Bottom2,0.10941663445521535,7,0.12461313819994148,5,-0.014774881841516922,0.03916282062478489,-0.025444662885129313,-0.03371998600920397,-2.5257286430582555,-0.12250002539603688,0.0,False,
28,5,Kel Mitchell,5,9,R3_Bottom2,0.11149555256098807,5,0.03412753423043213,7,0.004046890795532467,-0.07652835118153223,0.009222910654905492,-0.03622483175611899,-1.9195928401015763,0.37241014267828176,0.0,False,
28,5,Lauren Alaina,7,9,R3_Bottom2,0.1103992798497086,6,0.17955130391686872,2,-0.005834201242467384,-0.12753951281086515,0.007868003499033839,-0.034275663040790084,-1.7525387554593888,0.39286075325634506,0.0,False,
28,5,Sailor Brinkley-Cook,10,9,R3_Bottom2,0.10264274277403009,9,0.2676662118243599,1,-0.07868336974106195,-0.07740988344807354,-0.04336302557229451,-0.06168745078904137,-3.912023000428146,0.22580666752021816,0.0,False,
28,5,Sean Spicer,11,9,R3_Bottom2,0.11699855361674848,1,0.14653555033992044,4,0.052223760507608616,0.011098901955990505,0.015281623894173086,-0.0358462122331439,-2.61274001984334,-0.08434825931574252,0.0,False,
28,6,Ally Brooke,0,9,R3_Bottom2,0.11540239809070825,4,0.11033144105118535,5,0.03977740897089195,0.06659747582814482,0.013433870408852952,-0.03209658944228851,-1.9459101483553134,0.1743533870114442,0.0,False,
28,6,Hannah Brown,1,9,R3_Bottom2,0.11648172332006766,2,0.14982948846476163,2,0.04908665375653679,-0.06570463633791623,0.021553938777973704,-0.023968107912963523,-1.5246966834883848,0.08474122844571541,0.0,False,
28,6,James Van Der Beek,2,9,R3_Bottom2,0.10680435364095463,7,0.047424705567785504,9,-0.0376490354455772,-0.024807863837786975,-0.008367664366244119,-0.046695738916080025,-3.1986731151006813,0.020202707267519493,0.0,False,
28,6,Karamo Brown,3,9,R3_Bottom2,0.11568404275020142,3,0.11981147991929732,4,0.04221497993285324,-0.0044147543127038835,0.014434275202212304,-0.027528433667507242,-1.9459101483553134,-0.026317308253737126,0.0,False,
28,6,Kate Flannery,4,9,R3_Bottom2,0.10643092918591915,8,0.060922065811319044,8,-0.0411515030656326,0.03916282062478489,-0.029117488572957175,-0.03734164434080806,-2.4254832282633534,0.10024541479490212,0.0,False,
28,6,Kel Mitchell,5,9,R3_Bottom2,0.11291993964316414,5,0.09495326364038043,7,0.01803134330620205,-0.07652835118153223,0.01071737782759842,-0.027122999768609407,-1.994700312439745,-0.07510747233816883,0.0,False,
28,6,Lauren Alaina,7,9,R3_Bottom2,0.11198686379782644,6,0.10699706614281237,6,0.009733851327729737,-0.12753951281086515,0.011867179178500362,-0.023725541170171983,-1.9459101483553134,-0.19337139289592464,0.0,False,
28,6,Sailor Brinkley-Cook,10,9,R3_Bottom2,0.09588165265894645,9,0.13060332611167272,3,-0.14553307940831828,-0.07740988344807354,-0.04642249127030711,-0.05671496808760334,-3.8918202932106265,0.02020270721751949,0.0,True,False
28,6,Sean Spicer,11,9,R3_Bottom2,0.11840809691221175,1,0.17912716319078564,1,0.0654893806253143,0.011098901955990505,0.017175145862270192,-0.0371422289629207,-2.6878474924146905,-0.07510747257135053,0.0,False,
28,7,Ally Brooke,0,8,R3_Bottom2,0.12350612318136384,7,0.025717222025055057,8,-0.010696089829135787,0.06659747582814482,-0.042996375565681665,-0.0251149163748981,-2.3084502114343692,-0.36254006307905584,0.0,False,
28,7,Hannah Brown,1,8,R3_Bottom2,0.12396512608364861,6,0.07439728015164826,5,-0.006986540295602452,-0.06570463633791623,-0.040665282112591815,-0.02284178608094383,-1.4280914891900078,0.096605194298377,0.0,False,
28,7,James Van Der Beek,2,8,R3_Bottom2,0.12454494141526053,4,0.037239019390378506,7,-0.002320199092143878,-0.024807863837786975,0.06367744822419764,-0.04497914459171707,-3.3499040844772363,-0.151230969376555,0.0,False,
28,7,Karamo Brown,3,8,R3_Bottom2,0.11097409176896807,8,0.3701473928789437,1,-0.11769005850220787,-0.0044147543127038835,-0.142988941211859,-0.0292614065044775,-1.8094590458050872,0.1364511025502262,0.0,True,True
28,7,Kate Flannery,4,8,R3_Bottom2,0.13116355179815567,2,0.15051894592150664,3,0.04945820641414058,0.03916282062478489,0.10410939953695938,-0.0349920544369065,-2.4336133543130813,-0.00813012604972796,0.0,False,
28,7,Kel Mitchell,5,8,R3_Bottom2,0.12846534353836495,3,0.10491940171776479,4,0.028672342785118415,-0.07652835118153223,0.027471143457200385,-0.02572182183852364,-2.36907483330926,-0.37437452086951506,0.0,False,
28,7,Lauren Alaina,7,8,R3_Bottom2,0.12408192781111949,5,0.054365811392814115,6,-0.006044769496314016,-0.12753951281086515,0.009757234481139547,-0.031349765713320106,-1.5581446176241813,0.38776553073113207,0.0,False,
28,7,Sean Spicer,11,8,R3_Bottom2,0.13329889440311884,1,0.18269492642188884,2,0.065607108016145,0.011098901955990505,0.027441988054071706,-0.03911036333017494,-2.656756905342291,0.031090587072399423,0.0,False,
28,8,Ally Brooke,0,7,R3_Bottom2,0.14160421758696815,5,0.06199842806945454,5,-0.007192516635973659,0.06659747582814482,0.011590027456057151,-0.035078429101970156,-2.102608600166952,0.20584161126741707,0.0,False,
28,8,Hannah Brown,1,7,R3_Bottom2,0.14118373199003206,6,0.03621193504073103,6,-0.010166376784239636,-0.06570463633791623,0.000681756054853662,-0.02105313888023532,-1.3786897612995337,0.049401727890474145,0.0,False,
28,8,James Van Der Beek,2,7,R3_Bottom2,0.1430833550965999,3,0.016131770898799594,7,0.0031988805407775836,-0.024807863837786975,0.0363530203557815,-0.05063609961366526,-3.083437851751595,0.2664662327256413,0.0,False,
28,8,Kate Flannery,4,7,R3_Bottom2,0.1267378652101633,7,0.40246572306593686,1,-0.1181075827694821,0.03916282062478489,-0.1488907425361143,-0.03935572989937522,-1.9307583433597009,0.5028550109533805,0.0,True,True
28,8,Kel Mitchell,5,7,R3_Bottom2,0.14263385583592497,4,0.08760088726860696,4,5.2415334472581676e-05,-0.07652835118153223,-0.007729049108154113,-0.03473308410161568,-2.3102479647706775,0.058826868538582655,0.0,False,
28,8,Lauren Alaina,7,7,R3_Bottom2,0.15117096138076438,2,0.18665458114735478,3,0.05818290826988465,-0.12753951281086515,0.07505374974690046,-0.02349419704959607,-1.4412101182875146,0.11693449933666678,0.0,False,
28,8,Sean Spicer,11,7,R3_Bottom2,0.15358601289954735,1,0.20893667440911623,2,0.0740322720445606,0.011098901955990505,0.03221227576295046,-0.04128200504357026,-2.3102479647706775,0.3465089405716135,0.0,False,
28,9,Ally Brooke,0,6,R3_Bottom2,0.16926604783556723,5,2.8951348386915116e-05,6,0.016830780831507082,0.06659747582814482,0.034550052683091255,-0.030999167114230064,-2.0296091671781484,0.07299943298880374,0.0,False,
28,9,Hannah Brown,1,6,R3_Bottom2,0.16994937599530255,4,0.05922555640800356,3,0.02085966062904676,-0.06570463633791623,0.039676942047388454,-0.019804466432711547,-1.3936204011104392,-0.014930639810905477,0.0,False,
28,9,James Van Der Beek,2,6,R3_Bottom2,0.1715608915842353,1,0.057078673146722644,4,0.030297312748347155,-0.024807863837786975,0.05944002321777171,-0.04547895804038407,-2.974070774965825,0.10936707678576996,0.0,False,
28,9,Kel Mitchell,5,6,R3_Bottom2,0.1707413698883729,2,0.04633736997451763,5,0.025509010981612776,-0.07652835118153223,0.05107025723368064,-0.03525098880337136,-2.0867675809145023,0.2234803838561752,0.0,False,
28,9,Lauren Alaina,7,6,R3_Bottom2,0.17054801698961808,3,0.13079431552530135,2,0.024375937836795813,-0.12753951281086515,-0.01279662113909379,-0.02278338775189344,-1.2064088585530677,0.23480125973444688,0.0,False,
28,9,Sean Spicer,11,6,R3_Bottom2,0.14793429770690403,6,0.706535133497068,1,-0.11787270302730958,0.011098901955990505,-0.16592419637684783,-0.036601479920072136,-1.924248651546433,0.3859993132242445,0.0,True,True
28,10,Ally Brooke,0,5,R3_Bottom2,0.2020803788070527,4,0.007416680661294158,5,0.011618687412476363,0.06659747582814482,0.011566679153514559,-0.030791987129595914,-1.85456036974124,0.17504879743690838,0.0,False,
28,10,Hannah Brown,1,5,R3_Bottom2,0.20443264749112472,3,0.10824453010996951,3,0.02319172338490061,-0.06570463633791623,0.022778129613777606,-0.02463584331639356,-0.8531118301350545,0.5405085709753846,0.0,False,
28,10,James Van Der Beek,2,5,R3_Bottom2,0.18068637710372062,5,0.6884176549234196,1,-0.1002840405471743,-0.024807863837786975,-0.09387500573376595,-0.043162935969920393,-2.9531726571315717,0.020898117834253327,0.0,True,True
28,10,Kel Mitchell,5,5,R3_Bottom2,0.20470286176493274,2,0.05148196521193695,4,0.024512627129423828,-0.07652835118153223,0.027043182881131597,-0.031114419167834133,-1.9723434053802622,0.11442417553424011,0.0,False,
28,10,Lauren Alaina,7,5,R3_Bottom2,0.20809773483316926,1,0.14443916899337983,2,0.0409610026203735,-0.12753951281086515,0.03221221146007245,-0.015107993759429903,-1.4868355897740422,-0.2804267312209745,0.0,False,
28,11,Ally Brooke,0,4,R3_Bottom2,0.24721333813723748,4,0.10213321414881324,4,-0.011166472866491996,0.06659747582814482,0.0,-0.03011342476175413,-1.4566751574428147,0.39788521229842533,0.0,False,
28,11,Hannah Brown,1,4,R3_Bottom2,0.2521995516673494,2,0.21590546380913184,3,0.00880249198202627,-0.06570463633791623,0.0,-0.011350457611340863,-0.971167341826178,-0.1180555116911235,0.0,False,
28,11,Kel Mitchell,5,4,R3_Bottom2,0.24822037745768546,3,0.3131921180465268,2,-0.007101183502211245,-0.07652835118153223,0.0,-0.027699946684788177,-2.0697796300430054,-0.09743622466274315,0.0,False,
28,11,Lauren Alaina,7,4,R3_Bottom2,0.2523667327377277,1,0.36876920389552814,1,0.00946516438667697,-0.12753951281086515,0.0,-0.022721123665026658,-1.3388921218341163,0.14794346793992585,0.0,False,
29,1,AJ McLean,0,15,R3_Bottom2,0.06911980040876109,3,0.024395223051919608,9,0.03676144495079555,0.030989609389529334,-0.04403755813508624,-0.03425074860422252,-2.3695245745999243,0.0,0.0,False,
29,1,Anne Heche,1,15,R3_Bottom2,0.07063210769651274,2,0.020491226381683447,11,0.05840503241726181,0.06767569520781774,-0.05206219041407258,-0.04126861467705832,-2.855032389713356,0.0,0.0,False,
29,1,Carole Baskin,2,15,R3_Bottom2,0.06591738513882679,10,0.1649299635438129,2,-0.010677574311780999,-0.07610111306542043,0.013545666397793242,-0.03218226994472878,-2.226423731101815,0.0,0.0,False,
29,1,Charles Oakley,3,15,R3_Bottom2,0.06322294151535365,14,0.2451909841033919,1,-0.05241255799070936,-0.03942483436455952,-0.045760022066705985,-0.05128784386001882,-3.548179568535801,0.0,0.0,False,
29,1,Chrishell Stause,4,15,R3_Bottom2,0.06697126356065938,7,0.108164469862781,4,0.005183833370344254,-0.0395724548062419,0.00026224301822696237,-0.03956609714221578,-2.737249354250028,0.0,0.0,False,
29,1,Jeannie Mai,5,15,R3_Bottom2,0.06670024326013224,8,0.040966119020827196,7,0.0011288080572659925,-0.04735745022708603,0.015713959843795866,-0.05128784386001882,-3.548179568535801,0.0,0.0,False,
29,1,Jesse Metcalfe,6,15,R3_Bottom2,0.06536859115076935,11,0.056629930190193876,6,-0.01903790646708302,-0.07747486693030618,0.012419961473533947,-0.038043143310885756,-2.6318888387466464,0.0,0.0,False,
29,1,Johnny Weir,7,15,R3_Bottom2,0.07143123637253229,1,0.021607603749530253,10,0.06965546595025315,0.08631925234323826,-0.06268078538267433,-0.038043143310885756,-2.6318888387466464,0.0,0.0,False,
29,1,Justina Machado,8,15,R3_Bottom2,0.06605004826995654,9,0.006524142473539295,15,-0.008667030158704112,-0.059483138135497056,0.006322062818433755,-0.03956609714221578,-2.737249354250028,0.0,0.0,False,
29,1,Kaitlyn Bristowe,9,15,R3_Bottom2,0.06723006718231689,6,0.014755849533896309,14,0.009040783835086677,-0.020541650275318856,-0.02129816751871063,-0.03317954067145881,-2.295416602522576,0.0,0.0,False,
29,1,Monica Aldama,10,15,R3_Bottom2,0.06746482574901295,5,0.025955654714943908,8,0.012526570107956839,-0.047485618037873746,0.024014418344124874,-0.048062372498869264,-3.325036017916591,0.0,0.0,False,
29,1,Nelly,11,15,R3_Bottom2,0.06408930602096027,13,0.13755834413271764,3,-0.03880227467394175,-0.12335147338820625,0.02780772371707784,-0.027318667303388305,-1.889951494745364,0.0,0.0,False,
29,1,Nev Schulman,12,15,R3_Bottom2,0.0677786254401361,4,0.01521947837537467,13,0.017167094310637523,-0.010173535677174722,-0.01352074244757982,-0.0431987698651829,-2.9885637820896642,0.0,0.0,False,
29,1,Skai Jackson,13,15,R3_Bottom2,0.06300717048985148,15,0.0163488597617006,12,-0.05583125472204083,-0.1805354244590133,0.08021012457861329,-0.03956609714221578,-2.737249354250028,0.0,0.0,False,
29,1,Veron Davis,14,15,R3_Bottom2,0.0650163877442181,12,0.10126215100368738,5,-0.024440434675341766,-0.09561788578347358,0.058443610933036585,-0.07132630212547973,-4.934473919230692,0.0,0.0,False,
29,2,AJ McLean,0,15,R3_Bottom2,0.06665118773429923,12,0.02703625526383519,11,0.00024310201368012846,0.030989609389529334,-0.050069254409328315,-0.03059547291080083,-2.8094026936735816,-0.43987811907365737,0.0,False,
29,2,Anne Heche,1,15,R3_Bottom2,0.06698978505554422,8,0.045156988756375784,10,0.005310380988065785,0.06767569520781774,-0.057552668295184156,-0.040772266704428135,-2.9147632091969635,-0.0597308194836077,0.0,False,
29,2,Carole Baskin,2,15,R3_Bottom2,0.0675150660622732,3,0.08189629320064803,3,0.013121008973569354,-0.07610111306542043,0.01519392338835655,-0.03124347355022648,-2.3393990650690966,-0.11297533396728143,0.0,False,
29,2,Charles Oakley,3,15,R3_Bottom2,0.059541951606648505,15,0.3621601992166064,1,-0.11254863179536163,-0.03942483436455952,-0.0517869975406591,-0.05384719561042186,-3.240185608999113,0.30799395953668807,0.0,True,True
29,2,Chrishell Stause,4,15,R3_Bottom2,0.06704485641632477,7,0.04876040833862757,8,0.006132129205911711,-0.0395724548062419,0.0004317547388217117,-0.04082078753483693,-2.586259142781372,0.15099021146865566,0.0,False,
29,2,Jeannie Mai,5,15,R3_Bottom2,0.06725594777605243,5,0.04846894471733127,9,0.009275692415835687,-0.04735745022708603,0.01786981757915446,-0.05079149588827731,-3.6079103879124648,-0.05973081937666391,0.0,False,
29,2,Jesse Metcalfe,6,15,R3_Bottom2,0.06663666852285478,13,0.019421931413752026,12,2.5239533037312023e-05,-0.07747486693030618,0.013929146142875206,-0.03521755704760772,-2.971921622869592,-0.3400327841229456,0.0,False,
29,2,Johnny Weir,7,15,R3_Bottom2,0.06714247219306972,6,0.05250321324361169,7,0.007587047415788549,0.08631925234323826,-0.0716896056230502,-0.03614181388539075,-2.8606959880763956,-0.22880714932974922,0.0,False,
29,2,Justina Machado,8,15,R3_Bottom2,0.06671243076258195,11,0.010111250388825222,14,0.0011615388899134799,-0.059483138135497056,0.007018887548316544,-0.038091001994042556,-2.9147632091969635,-0.17751385494693572,0.0,False,
29,2,Kaitlyn Bristowe,9,15,R3_Bottom2,0.06650821620433185,14,0.00448382566566649,15,-0.0019042729471251824,-0.020541650275318856,-0.024061869132295594,-0.029313880409413615,-2.7606125296331974,-0.4651959271106212,0.0,False,
29,2,Monica Aldama,10,15,R3_Bottom2,0.06822075376410465,2,0.08032692557970297,4,0.02351906102701618,-0.047485618037873746,0.02674338045294344,-0.05598894215472648,-2.371147763413717,0.9538882545028744,0.0,False,
29,2,Nelly,11,15,R3_Bottom2,0.06697169636126754,9,0.057848618907586816,5,0.005040322846049196,-0.12335147338820625,0.03484516388119315,-0.029472585162503468,-1.6307476983773201,0.2592037963680438,0.0,False,
29,2,Nev Schulman,12,15,R3_Bottom2,0.06672675161337935,10,0.013176425495028225,13,0.0013761812550327768,-0.010173535677174722,-0.015549854047596,-0.04283328674726563,-3.0325462446852915,-0.043982462595627325,0.0,False,
29,2,Skai Jackson,13,15,R3_Bottom2,0.06873288038283429,1,0.09321674389258941,2,0.030997928002711866,-0.1805354244590133,0.09207334984489436,-0.04082078753483693,-2.586259142781372,0.15099021146865566,0.0,False,
29,2,Veron Davis,14,15,R3_Bottom2,0.06734933554443345,4,0.05543197581981295,6,0.01066327217587476,-0.09561788578347358,0.06889069538151966,-0.07322051924468255,-4.706522669202797,0.2279512500278953,0.0,False,
29,3,AJ McLean,0,14,R3_Bottom2,0.07186794591567444,9,0.036244505895386255,8,0.006696025403487717,0.030989609389529334,0.00953452329550892,-0.042090791748848305,-2.631089158593193,0.1783135350803886,0.0,False,
29,3,Anne Heche,1,14,R3_Bottom2,0.07245511095557546,1,0.10074816221309281,2,0.014832885753262401,0.06767569520781774,0.01063590019431186,-0.042400905557109674,-2.8824035864772735,0.03235962271969006,0.0,False,
29,3,Carole Baskin,2,14,R3_Bottom2,0.06314712572330823,14,0.43064114130165804,1,-0.12266699242536878,-0.07610111306542043,-0.13309381269537063,-0.03305894550040524,-2.430418463383567,-0.09101939831447048,0.0,True,True
29,3,Chrishell Stause,4,14,R3_Bottom2,0.07178419738334253,11,0.02298078066697008,11,0.005530034560652403,-0.0395724548062419,0.004056506056621496,-0.03815904832625538,-2.492938820323845,0.0933203224575272,0.0,False,
29,3,Jeannie Mai,5,14,R3_Bottom2,0.07212682096644445,7,0.02339619270253644,10,0.010291646762244932,-0.04735745022708603,0.021109676987590805,-0.05280670427803713,-3.52903074968804,0.07887963822442456,0.0,False,
29,3,Jesse Metcalfe,6,14,R3_Bottom2,0.07209430523541367,8,0.05364802245098435,6,0.009840731803555668,-0.07747486693030618,0.024396540291955534,-0.045790443977276295,-2.631089158593193,0.3408324642763989,0.0,False,
29,3,Johnny Weir,7,14,R3_Bottom2,0.07168070768056356,13,0.005296287783472434,14,0.00408731627796885,0.08631925234323826,-0.006077428072250336,-0.03988914252593037,-3.0365542660069127,-0.17585827793051712,0.0,False,
29,3,Justina Machado,8,14,R3_Bottom2,0.0723687518239842,3,0.06461998411596465,5,0.013640276466786599,-0.059483138135497056,0.024846280911120452,-0.04479147066936916,-2.5947215145076354,0.3200416946893281,0.0,False,
29,3,Kaitlyn Bristowe,9,14,R3_Bottom2,0.0716989128546411,12,0.015692896474968163,12,0.004341259957097346,-0.020541650275318856,0.012650366391252462,-0.041855630225216905,-2.5257286430742556,0.23488388655894177,0.0,False,
29,3,Monica Aldama,10,14,R3_Bottom2,0.07217986037346588,5,0.042878553952075966,7,0.0110267396757169,-0.047485618037873746,-0.016403645778862913,-0.02776610471760026,-3.1543373014653797,-0.7831895380516629,0.0,False,
29,3,Nelly,11,14,R3_Bottom2,0.07213707274439798,6,0.08380299906288795,3,0.01043377210916421,-0.12335147338820625,0.0011446870626723325,-0.02329359255664824,-1.664246148276081,-0.03349844989876094,0.0,False,
29,3,Nev Schulman,12,14,R3_Bottom2,0.07178986048095858,10,0.008235305015938289,13,0.00560892203800336,-0.010173535677174722,0.01658976081032683,-0.048318523774719256,-2.492938820323845,0.5396074243614466,0.0,False,
29,3,Skai Jackson,13,14,R3_Bottom2,0.07240283831321247,2,0.0822924298379477,4,0.01411117672872128,-0.1805354244590133,-0.0011250151131293414,-0.03731325993185996,-2.5947215145076354,-0.008462371726263296,0.0,False,
29,3,Veron Davis,14,14,R3_Bottom2,0.07226648954901736,4,0.029522738426116874,9,0.012226204888707064,-0.09561788578347358,0.03944666246383897,-0.06701928414146968,-4.828313724818301,-0.12179105561550418,0.0,False,
29,4,AJ McLean,0,13,R3_Bottom2,0.0762854084879839,12,0.03321020386679337,11,-0.007547074822638791,0.030989609389529334,-0.013158392447979334,-0.038703844490087985,-2.5501889405565716,0.0809002180366214,0.0,False,
29,4,Anne Heche,1,13,R3_Bottom2,0.06768807208665219,13,0.32773989374349943,1,-0.12711877952914813,0.06767569520781774,-0.1411881934860811,-0.04043974566478156,-3.0297620201071025,-0.14735843362982903,0.0,True,True
29,4,Chrishell Stause,4,13,R3_Bottom2,0.0783190990059755,5,0.07473781507485158,6,0.0187627380115722,-0.0395724548062419,0.01655945511968351,-0.03594549909982002,-2.5036689250253583,-0.010730104701513365,0.0,False,
29,4,Jeannie Mai,5,13,R3_Bottom2,0.07984637944878298,1,0.09134969757002522,4,0.03807577559175384,-0.04735745022708603,0.050564152771094766,-0.05449471557761724,-3.10980472753128,0.4192260221567601,0.0,False,
29,4,Jesse Metcalfe,6,13,R3_Bottom2,0.07940823760173459,2,0.09897476417147072,3,0.03257335486929691,-0.07747486693030618,0.0333082517669889,-0.04015267694973112,-2.3758355536567466,0.25525360493644644,0.0,False,
29,4,Johnny Weir,7,13,R3_Bottom2,0.07684080837544875,9,0.036708045688268645,10,-0.0002928980472908585,0.08631925234323826,3.960030860258911e-06,-0.046178105126157526,-2.761498033863554,0.2750562321433585,0.0,False,
29,4,Justina Machado,8,13,R3_Bottom2,0.07693458661589024,7,0.0389813191433262,9,0.0009267801993136371,-0.059483138135497056,-0.004327606124903354,-0.03898556751075787,-2.416657548092168,0.1780639664154675,0.0,False,
29,4,Kaitlyn Bristowe,9,13,R3_Bottom2,0.0763469447196447,10,0.022784285510697704,12,-0.006740742040608101,-0.020541650275318856,-0.011648314827197317,-0.03350937246393936,-2.8866611766654033,-0.36093253359114774,0.0,False,
29,4,Monica Aldama,10,13,R3_Bottom2,0.07689131927607025,8,0.044093405581615557,8,0.00036423072872701634,-0.047485618037873746,0.003650031836976498,-0.04596502948165221,-3.10980472753128,0.044532573934099595,0.0,False,
29,4,Nelly,11,13,R3_Bottom2,0.07921902141652921,3,0.10502281666443428,2,0.030187683249942667,-0.12335147338820625,0.019080586256788816,-0.025555315993071457,-1.4838375151105865,0.1804086331654946,0.0,False,
29,4,Nev Schulman,12,13,R3_Bottom2,0.0769544266155458,6,0.04675727583054664,7,0.0011846283633753923,-0.010173535677174722,-0.0028408373331270404,-0.0363148819818962,-2.4592171624187538,0.033721657905091185,0.0,False,
29,4,Skai Jackson,13,13,R3_Bottom2,0.07628951461954869,11,0.001073866094198852,13,-0.0074932503607658615,-0.1805354244590133,-0.005571699077982045,-0.037875955479562115,-2.5501889405565716,0.0445325739510638,0.0,False,
29,4,Veron Davis,14,13,R3_Bottom2,0.07897618173019319,4,0.07856661096027188,5,0.02711755378647014,-0.09561788578347358,0.059345906142073176,-0.0725524086725494,-4.496099081926171,0.3322146428921302,0.0,False,
29,5,AJ McLean,0,12,R3_Bottom2,0.08383531988853414,8,0.05163342315999217,7,0.006934599408262122,0.030989609389529334,0.01639609672733833,-0.03722596460949271,-2.5064128537713137,0.043776086785257906,0.0,False,
29,5,Chrishell Stause,4,12,R3_Bottom2,0.08595257683906267,1,0.11516677088234424,2,0.03187591438881332,-0.0395724548062419,0.021967571225044044,-0.03718575678472161,-2.3838105318254694,0.11985839319988889,0.0,False,
29,5,Jeannie Mai,5,12,R3_Bottom2,0.0845662505325623,3,0.050195605594332636,8,0.015615459477162356,-0.04735745022708603,0.0014798558676113616,-0.050318963590505784,-2.463853239447083,0.6459514880841972,0.0,False,
29,5,Jesse Metcalfe,6,12,R3_Bottom2,0.07216654016595433,12,0.4470296829402537,1,-0.1429432917899817,-0.07747486693030618,-0.16438447646888668,-0.03573730867821876,-2.207919865607463,0.16791568804928358,0.0,True,True
29,5,Johnny Weir,7,12,R3_Bottom2,0.08365111200206303,10,0.0006190546023084899,12,0.004734923187722104,0.08631925234323826,0.007127074380662776,-0.04087491122574536,-2.6461747959560378,0.11532323790751642,0.0,False,
29,5,Justina Machado,8,12,R3_Bottom2,0.08438410118455417,4,0.05443963537876602,6,0.013459211600425913,-0.059483138135497056,0.015521110171305214,-0.031170544709215535,-2.8693183470302475,-0.45266079893807953,0.0,False,
29,5,Kaitlyn Bristowe,9,12,R3_Bottom2,0.0836397664081532,11,0.011051080031029569,11,0.004599284065792207,-0.020541650275318856,0.02113332568554732,-0.04133361482569541,-2.9338568679878185,-0.04719569132241519,0.0,False,
29,5,Monica Aldama,10,12,R3_Bottom2,0.08398129826717778,7,0.02257935586259485,10,0.008674336712793052,-0.047485618037873746,0.01930337611621711,-0.04008016187741237,-3.695996918029001,-0.5861921904977208,0.0,False,
29,5,Nelly,11,12,R3_Bottom2,0.0837694989301693,9,0.06370334511996825,5,0.006149168986720334,-0.12335147338820625,-0.024318527569735793,-0.02119135126767579,-1.5147726853088077,-0.03093517019822123,0.0,False,
29,5,Nev Schulman,12,12,R3_Bottom2,0.08400396582904512,6,0.02597838186306602,9,0.008944212313214031,-0.010173535677174722,0.01367869904031598,-0.037635444213521344,-2.207919865607463,0.25129729681129076,0.0,False,
29,5,Skai Jackson,13,12,R3_Bottom2,0.08421896317768598,5,0.06441852167781952,4,0.01150031411182375,-0.1805354244590133,0.036507129558050785,-0.03757962421885989,-2.463853239447083,0.08633570110948874,0.0,False,
29,5,Veron Davis,14,12,R3_Bottom2,0.08583060677503791,2,0.09318514278752456,3,0.03045586753725245,-0.09561788578347358,0.04424490734629945,-0.06459754451223446,-4.543294772901919,-0.04719569097574805,0.0,False,
29,6,AJ McLean,0,11,R3_Bottom2,0.09084988943641616,10,0.013443780492194995,11,0.0003374512322580868,0.030989609389529334,-0.0005430194607147765,-0.03850837643381878,-2.2321626278226674,0.27425022594864634,0.0,False,
29,6,Chrishell Stause,4,11,R3_Bottom2,0.0917279792201217,4,0.0733155770832576,5,0.009956323009278834,-0.0395724548062419,-0.014055364389011346,-0.03343690273461576,-2.5065994732427437,-0.12278894141727426,0.0,False,
29,6,Jeannie Mai,5,11,R3_Bottom2,0.09201747204424783,3,0.052590959093579824,6,0.013107345923467257,-0.04735745022708603,0.0012338916605317456,-0.029925386935484216,-3.148453358358822,-0.6846001189117392,0.0,False,
29,6,Johnny Weir,7,11,R3_Bottom2,0.09296859050580843,2,0.10312712471519313,3,0.023390572992041635,0.08631925234323826,0.020037527123344164,-0.03798144590423296,-2.678449729949337,-0.03227493399329928,0.0,False,
29,6,Justina Machado,8,11,R3_Bottom2,0.09142458549718158,6,0.01731503730938709,10,0.006643303604773495,-0.059483138135497056,0.012208281930163373,-0.044489215713340816,-2.5065994732427437,0.3627188737875038,0.0,False,
29,6,Kaitlyn Bristowe,9,11,R3_Bottom2,0.09121873913107599,9,0.020477737626502755,9,0.004389222283364091,-0.020541650275318856,0.016838942338517564,-0.04595839892825204,-2.5065994732427437,0.42725739474507485,0.0,False,
29,6,Monica Aldama,10,11,R3_Bottom2,0.09134723488835292,8,0.023031653886687337,8,0.005796886325748034,-0.047485618037873746,0.01841799254256293,-0.047969737540817715,-4.352426157148091,-0.6564292391190905,0.0,False,
29,6,Nelly,11,11,R3_Bottom2,0.09139603764890061,7,0.08686012219833102,4,0.006330999139098639,-0.12335147338820625,0.0030413989195857264,-0.024249241777654352,-1.2315307479170552,0.2832419373917525,0.0,False,
29,6,Nev Schulman,12,11,R3_Bottom2,0.09171521809638263,5,0.04517977387400029,7,0.009817194124192546,-0.010173535677174722,0.005549981942074111,-0.034020400423290784,-1.9545308914103272,0.2533889741971358,0.0,False,
29,6,Skai Jackson,13,11,R3_Bottom2,0.09602063951220872,1,0.13103924465591063,2,0.05569203665986609,-0.1805354244590133,0.0621178108037029,-0.0348097451532537,-2.560666694392259,-0.09681345494517624,0.0,False,
29,6,Veron Davis,14,11,R3_Bottom2,0.07931361401930338,11,0.43361898896495543,1,-0.1354613352940887,-0.09561788578347358,-0.12029580529892385,-0.0672579977602913,-4.352426157148091,0.19086861575382752,0.0,True,True
29,7,AJ McLean,0,10,R3_Bottom2,0.10128085506038459,7,0.04927105987661427,6,0.013961112667818684,0.030989609389529334,0.01741716486544896,-0.033048645989582466,-2.137885136736697,0.0942774910859705,0.0,False,
29,7,Chrishell Stause,4,10,R3_Bottom2,0.10139811735167036,4,0.0531012096701901,5,0.015118236201396292,-0.0395724548062419,0.01609596033054817,-0.034411688560120245,-2.7256718009602974,-0.2190723277175537,0.0,False,
29,7,Jeannie Mai,5,10,R3_Bottom2,0.10259763281646848,2,0.08144125082218127,3,0.02687857227451093,-0.04735745022708603,0.03585988905215936,-0.044778300620360076,-3.2364974237085105,-0.08804406534968834,0.0,False,
29,7,Johnny Weir,7,10,R3_Bottom2,0.10131132467215544,6,0.030002613643654967,9,0.014261910181728819,0.08631925234323826,-0.0004214217266515465,-0.04028809405900842,-2.489283023270102,0.18916670667923485,0.0,False,
29,7,Justina Machado,8,10,R3_Bottom2,0.10195628630245335,3,0.060388310804237816,4,0.0206078675297876,-0.059483138135497056,0.027134642941065986,-0.035451762557603926,-2.6005086581270755,-0.09390918488433186,0.0,False,
29,7,Kaitlyn Bristowe,9,10,R3_Bottom2,0.10260334363793368,1,0.11274460366657095,2,0.02693423303758665,-0.020541650275318856,0.036590994477793355,-0.03929604678002564,-2.137885136736697,0.3687143365060468,0.0,False,
29,7,Monica Aldama,10,10,R3_Bottom2,0.0858552644376378,10,0.5329690377568763,1,-0.1512733814213691,-0.047485618037873746,-0.11722055528047004,-0.06305687613523617,-4.335109707287732,0.01731644986035974,0.0,True,True
29,7,Nelly,11,10,R3_Bottom2,0.10061908451788541,9,0.03865254123916972,8,0.007405658379032471,-0.12335147338820625,0.0016765991929191973,-0.01830404312740693,-1.1710421260844783,0.06048862183257686,0.0,False,
29,7,Nev Schulman,12,10,R3_Bottom2,0.10102449940932885,8,0.001630748082326325,10,0.011426767603744486,-0.010173535677174722,0.001030270136665616,-0.025026725630603732,-2.342679549235404,-0.38814865782507657,0.0,False,
29,7,Skai Jackson,13,10,R3_Bottom2,0.10135359179408211,5,0.039798624338178275,7,0.014679023545763165,-0.1805354244590133,-0.013431103015854323,-0.03760682934648868,-2.489283023270102,0.07138367112215693,0.0,False,
29,8,AJ McLean,0,8,R3_Bottom2,0.1274367790694794,4,0.12021348795860984,4,0.02109178103079339,0.030989609389529334,0.0009962305732906245,-0.01507102412218124,-4.043051262081918,-1.9051661253452212,0.0,False,
29,8,Chrishell Stause,4,8,R3_Bottom2,0.10798836524126647,8,0.3397557381123311,1,-0.1445051180842768,-0.0395724548062419,-0.13103935519915616,-0.04462167786270422,-2.0971411179123196,0.6285306830479778,0.0,True,True
29,8,Johnny Weir,7,8,R3_Bottom2,0.12320506059643932,7,0.018830426543872562,8,-0.012678483632139415,0.08631925234323826,-0.01685571374152779,-0.035255289226430515,-2.57671419775003,-0.08743117447992788,0.0,False,
29,8,Justina Machado,8,8,R3_Bottom2,0.12528569204635853,5,0.05563330559718333,6,0.004068055649991381,-0.059483138135497056,0.006374893003785451,-0.037122143777186076,-2.656756905237028,-0.056248247109952576,0.0,False,
29,8,Kaitlyn Bristowe,9,8,R3_Bottom2,0.12805621807196158,3,0.09378071434138259,5,0.02594076102735742,-0.020541650275318856,0.011934099767422423,-0.02948511926279171,-2.3084502113291063,-0.17056507459240944,0.0,False,
29,8,Nelly,11,8,R3_Bottom2,0.13317405359180964,1,0.1958105256492255,2,0.06512833611966302,-0.12335147338820625,0.06565748709678818,-0.018491460220651797,-0.9827804729794191,0.18826165310505927,0.0,False,
29,8,Nev Schulman,12,8,R3_Bottom2,0.1232518313027763,6,0.03362756800486581,7,-0.012298938904961948,-0.010173535677174722,-0.00513505330770234,-0.03701268619342307,-1.9636097253895826,0.3790698238458212,0.0,False,
29,8,Skai Jackson,13,8,R3_Bottom2,0.1316020000799088,2,0.1423482336925293,3,0.05325360679357296,-0.1805354244590133,0.07014695055950287,-0.0374844949688071,-2.3084502113291063,0.18083281194099587,0.0,False,
29,9,AJ McLean,0,7,R3_Bottom2,0.12125369007951584,7,0.49017520347014637,1,-0.16151449979004884,0.030989609389529334,-0.13564811418141923,-0.06796202936625466,-2.897292198796342,1.1457590632855763,0.0,True,True
29,9,Johnny Weir,7,7,R3_Bottom2,0.14327825559327376,6,0.016521280278568994,7,0.005389120078656745,0.08631925234323826,0.0292597120563353,-0.038616135808610945,-2.4117843839136794,0.16492981383635064,0.0,False,
29,9,Justina Machado,8,7,R3_Bottom2,0.15030209473731065,2,0.13252967179136949,3,0.05324777091309198,-0.059483138135497056,0.07390654339702024,-0.04043826312995532,-2.4117843839136794,0.24497252132334868,0.0,False,
29,9,Kaitlyn Bristowe,9,7,R3_Bottom2,0.14329345518618147,5,0.023436264919466446,6,0.00549519888790579,-0.020541650275318856,-0.00217346747315721,-0.03521343436501732,-2.0863619837119574,0.22208822761714897,0.0,False,
29,9,Nelly,11,7,R3_Bottom2,0.15423944221490898,1,0.20756427129558566,2,0.07910675172040983,-0.12335147338820625,0.021882592664543205,-0.014613781253687426,-0.9336824743247417,0.049097998654677344,0.0,False,
29,9,Nev Schulman,12,7,R3_Bottom2,0.1440303998936201,3,0.05977785878502791,5,0.010624924877664515,-0.010173535677174722,0.02936841160397398,-0.026888362271187852,-2.143520397445697,-0.17991067205611433,0.0,False,
29,9,Skai Jackson,13,7,R3_Bottom2,0.14360266229518925,4,0.0699954493598353,4,0.007650733312319982,-0.1805354244590133,-0.013384966376748391,-0.03566271927100201,-2.032294762536711,0.2761554487923954,0.0,False,
29,10,Johnny Weir,7,6,R3_Bottom2,0.1522573358592333,5,0.23106019340859615,2,-0.08676016884370416,0.08631925234323826,-0.06582656099532155,-0.03943251291845848,-1.861718057222333,0.5500663266913464,0.0,True,False
29,10,Justina Machado,8,6,R3_Bottom2,0.17804217561558194,2,0.08250841582890599,4,0.06968820662999803,-0.059483138135497056,0.049796300337539776,-0.032511249192560814,-2.6946271794643937,-0.28284279555071423,0.0,False,
29,10,Kaitlyn Bristowe,9,6,R3_Bottom2,0.17056520956537974,4,0.04204244548400901,6,0.026785427141683204,-0.020541650275318856,0.04791248880119949,-0.0320244545830837,-1.861718057222333,0.22464392648962428,0.0,False,
29,10,Nelly,11,6,R3_Bottom2,0.18405055302711126,1,0.17225068015461834,3,0.10287820732971203,-0.12335147338820625,0.04469393703152579,-0.013612492843320759,-0.9196748295123809,0.014007644812360831,0.0,False,
29,10,Nev Schulman,12,6,R3_Bottom2,0.17099287192790505,3,0.051324805683741995,5,0.029289613745279334,-0.010173535677174722,0.04417376686609437,-0.031288728293276474,-2.1068405151200524,0.03667988232564445,0.0,False,
29,10,Skai Jackson,13,6,R3_Bottom2,0.14409185400478874,6,0.4208134593401285,1,-0.14188128600296845,-0.1805354244590133,-0.11600872270786379,-0.027241693196173283,-2.289162071749563,-0.25686730921285195,0.0,True,True
29,11,Justina Machado,8,4,R3_Bottom2,0.24945171654207451,2,0.1408173050864009,4,-0.0017135662964526538,-0.059483138135497056,0.0,-0.04260043661241132,-2.255332207161738,0.4392949723026556,0.0,False,
29,11,Kaitlyn Bristowe,9,4,R3_Bottom2,0.24456844984548878,3,0.22271860202773835,3,-0.021483713684872764,-0.020541650275318856,0.0,-0.025365158316237785,-2.047692842547917,-0.18597478532558376,0.0,False,
29,11,Nelly,11,4,R3_Bottom2,0.262927338697533,1,0.29852061005233815,2,0.0508987734021676,-0.12335147338820625,0.0,-0.016184481991354735,-0.5717863234165534,0.34788850609582744,0.0,False,
29,11,Nev Schulman,12,4,R3_Bottom2,0.24305249491490355,4,0.3379434827335226,1,-0.027701493420842174,-0.010173535677174722,0.0,-0.03465376624443612,-1.6014057401759973,0.5054347749440551,0.0,False,
30,1,Amanda Kloots,0,15,R3_Bottom2,0.06445946458971819,12,0.004671707324069715,14,-0.03244563061473374,-0.08676424243891695,0.040383474224315485,-0.04581682969674417,-3.169685578297429,0.0,0.0,False,
30,1,Brian Austin Green,1,15,R3_Bottom2,0.06595799859424847,10,0.05581557794651812,7,-0.009464046369914075,-0.053707443847311166,0.023514502053550233,-0.039023071872765026,-2.6996819499441935,0.0,0.0,False,
30,1,Christine Chiu,2,15,R3_Bottom2,0.07070082702850251,1,0.020362569199545412,10,0.05997506966797779,0.08855893956625534,-0.042519007498145266,-0.04581682969674417,-3.169685578297429,0.0,0.0,False,
30,1,Cody Rigsby,3,15,R3_Bottom2,0.0704259059022313,4,0.035150084572408036,8,0.05607897615930359,0.08065385422328764,-0.04530377348783091,-0.039023071872765026,-2.6996819499441935,0.0,0.0,False,
30,1,Iman Shumpert,4,15,R3_Bottom2,0.06858658190390034,5,0.08574004848076555,5,0.0296147156494716,0.024069304562022022,-0.008389726512418138,-0.04581682969674417,-3.169685578297429,0.0,0.0,False,
30,1,Jimmie Allen,5,15,R3_Bottom2,0.06699872308737298,8,0.09915577692678991,4,0.006191359930067197,-0.017048743398432344,0.012530437091226854,-0.049042301059339204,-3.3928291290166386,0.0,0.0,False,
30,1,JoJo Siwa,6,15,R3_Bottom2,0.0654819561508421,11,0.004650195855237678,15,-0.016707574804961836,-0.053451919430920126,0.0013930693151543252,-0.024400691985807934,-1.6880810392123042,0.0,0.0,False,
30,1,Kenya Moore,7,15,R3_Bottom2,0.06699928605206515,7,0.024168230404074134,9,0.006199762512997795,-0.019114427187587203,-1.7856409962090005e-05,-0.0344199211860648,-2.3812282192313408,0.0,0.0,False,
30,1,Martin Kove,8,15,R3_Bottom2,0.06053120331897043,14,0.31688417412684877,1,-0.09532321146381947,-0.05903731750787991,-0.04283720437232528,-0.05320065688022619,-3.680511200476753,0.0,0.0,False,
30,1,Matt James,9,15,R3_Bottom2,0.06645862240885414,9,0.06916684953128825,6,-0.0019026662946230247,-0.03821748852307169,0.0038641800708383673,-0.02730132513900159,-1.8887517345542535,0.0,0.0,False,
30,1,Melanie C,10,15,R3_Bottom2,0.0678322285752767,6,0.01679698748936705,12,0.018555228840491204,0.013050409610981242,-0.011065720366282804,-0.043181427700819126,-2.987364021900141,0.0,0.0,False,
30,1,Melora Hardin,11,15,R3_Bottom2,0.07066939036904804,2,0.019587060787155365,11,0.05953032733750184,0.09212684755948565,-0.05502793318107473,-0.03732055433752097,-2.5818989144530877,0.0,0.0,False,
30,1,"Mike ""The Miz"" Mizanin",12,15,R3_Bottom2,0.06428428115428644,13,0.1072142980039047,3,-0.03516706057685533,-0.09105365890037714,0.0652153903733921,-0.06908075934648215,-4.7791234812115295,0.0,0.0,False,
30,1,Olivia Jade,13,15,R3_Bottom2,0.060105982371682416,15,0.13022143011035653,2,-0.10237282400029513,-0.22398992368989903,0.10504656009381116,-0.043181427700819126,-2.987364021900141,0.0,0.0,False,
30,1,Suni Lee,14,15,R3_Bottom2,0.07050754849300087,3,0.01041500914167077,13,0.05723757402739177,0.08456403265430427,-0.04805535405075937,-0.039023071872765026,-2.6996819499441935,0.0,0.0,False,
30,2,Amanda Kloots,0,15,R3_Bottom2,0.06694449302537621,13,0.0002657241188539759,15,0.004958497765650403,-0.08676424243891695,0.04547048215696121,-0.047626326283960393,-2.951929649055939,0.2177559292414899,0.0,False,
30,2,Brian Austin Green,1,15,R3_Bottom2,0.0678128309325971,1,0.06942648861679397,4,0.01784610788195801,-0.053707443847311166,0.026341726689314674,-0.03931752253099364,-2.664247577118444,0.03543437282574935,0.0,False,
30,2,Christine Chiu,2,15,R3_Bottom2,0.06764624298694388,3,0.0581063272044577,6,0.015386501082407501,0.08855893956625534,-0.047869126945274114,-0.04225301843009209,-3.598556812149823,-0.4288712338523939,0.0,False,
30,2,Cody Rigsby,3,15,R3_Bottom2,0.06751743635597414,6,0.06434909770758862,5,0.01348056495240936,0.08065385422328764,-0.05219711256237681,-0.03564600433791279,-3.10608032856415,-0.40639837861995654,0.0,False,
30,2,Iman Shumpert,4,15,R3_Bottom2,0.0676405485190221,4,0.04886982849589489,7,0.01530231743281757,0.024069304562022022,-0.01016587012427113,-0.04722089238556707,-3.000719813079657,0.16896576521777185,0.0,False,
30,2,Jimmie Allen,5,15,R3_Bottom2,0.06741880826326174,8,0.022975210869819265,12,0.012018717387958407,-0.017048743398432344,0.01393806328641993,-0.04991006499338666,-3.288401884911438,0.10442724410520077,0.0,False,
30,2,JoJo Siwa,6,15,R3_Bottom2,0.066723291507646,14,0.005085911249104354,14,0.0016487740288790784,-0.053451919430920126,0.0018949591064275294,-0.024364910586018432,-1.6923869948110997,-0.00430595559879543,0.0,False,
30,2,Kenya Moore,7,15,R3_Bottom2,0.06750986700130894,7,0.073603404455309,3,0.01336844903977652,-0.019114427187587203,0.00012452346769687502,-0.034605746161975114,-2.35886592764621,0.022362291585130922,0.0,False,
30,2,Martin Kove,8,15,R3_Bottom2,0.05721346653943606,15,0.4105921768907534,1,-0.15211601626513255,-0.05903731750787991,-0.04761150288299654,-0.055269854179753004,-3.4315027282167265,0.24900847226002654,0.0,True,True
30,2,Matt James,9,15,R3_Bottom2,0.06770757279203247,2,0.09809002182007079,2,0.016292715789880036,-0.03821748852307169,0.004800949210454652,-0.02746281701748827,-1.869317702838879,0.0194340317153745,0.0,False,
30,2,Melanie C,10,15,R3_Bottom2,0.06705489887502845,10,0.010310420222643708,13,0.006606354118873094,0.013050409610981242,-0.012831238615310688,-0.04219492527811261,-3.10608032856415,-0.1187163066640089,0.0,False,
30,2,Melora Hardin,11,15,R3_Bottom2,0.06715403355138515,9,0.029132876929912302,10,0.008083672991682583,0.09212684755948565,-0.0626371035999043,-0.03463226224747694,-2.905409633553514,-0.32351071910042606,0.0,False,
30,2,"Mike ""The Miz"" Mizanin",12,15,R3_Bottom2,0.06757692631901321,5,0.044652843423407626,8,0.014361282188961141,-0.09105365890037714,0.0781756097073845,-0.06809425693416282,-4.897839786625538,-0.1187163054140088,0.0,False,
30,2,Olivia Jade,13,15,R3_Bottom2,0.06703577031745908,12,0.036887502420180664,9,0.006321046307161501,-0.22398992368989903,0.11954738145503704,-0.04556423756533972,-2.70061522120043,0.2867488006997112,0.0,False,
30,2,Suni Lee,14,15,R3_Bottom2,0.06704381301351557,11,0.027652165475209795,11,0.006441015296717305,0.08456403265430427,-0.055812397188259595,-0.04042713456258509,-2.5307161846064217,0.16896576533777186,0.0,False,
30,3,Amanda Kloots,0,14,R3_Bottom2,0.06965091903768535,11,0.013110948300812771,14,-0.02457008575903561,-0.08676424243891695,-0.015286586970415298,-0.040729322587838665,-3.185379867956249,-0.2334502189003098,0.0,False,
30,3,Brian Austin Green,1,14,R3_Bottom2,0.07350639920926541,4,0.09456978460252922,3,0.0293064855175603,-0.053707443847311166,0.01984264087930389,-0.03632289620060361,-2.927550759307892,-0.26330318218944804,0.0,False,
30,3,Christine Chiu,2,14,R3_Bottom2,0.06443773606677278,14,0.17852745307478296,1,-0.10236655571267606,0.08855893956625534,-0.10290181475584621,-0.053220221373124245,-3.453643853942783,0.14491295820703964,0.0,True,True
30,3,Cody Rigsby,3,14,R3_Bottom2,0.07369511816479045,2,0.11281223989930617,2,0.03187057673464822,0.08065385422328764,0.034889749727800234,-0.05443644380964552,-1.9581502034063092,1.1479301251578409,0.0,False,
30,3,Iman Shumpert,4,14,R3_Bottom2,0.07393781502470609,1,0.09396142917817181,4,0.035158421435693976,0.024069304562022022,0.02889217084241468,-0.0427642601314486,-3.0741542332119685,-0.07343442013231138,0.0,False,
30,3,Jimmie Allen,5,14,R3_Bottom2,0.07363171688509687,3,0.07817118480962816,6,0.03100988786440951,-0.017048743398432344,0.03685306459580786,-0.04886389616348344,-3.1282214543094375,0.16018043060200027,0.0,False,
30,3,JoJo Siwa,6,14,R3_Bottom2,0.06948537104125335,13,0.018703608727421838,13,-0.026949739183163568,-0.053451919430920126,-0.03439644488192396,-0.023328225080451424,-1.8289384718397825,-0.13655147702868287,0.0,False,
30,3,Kenya Moore,7,14,R3_Bottom2,0.07252784518179738,7,0.06790506808187448,8,0.01590457861411494,-0.019114427187587203,0.007097903456440669,-0.03531767544913204,-2.2119307238052826,0.1469352038409273,0.0,False,
30,3,Matt James,9,14,R3_Bottom2,0.07312773115770474,5,0.0885026154464496,5,0.0241416730367382,-0.03821748852307169,0.0069869267226997,-0.028306674391476914,-1.7145281205942249,0.1547895822446541,0.0,False,
30,3,Melanie C,10,14,R3_Bottom2,0.07167019961495058,9,0.05305133790300028,10,0.0040090542142843105,0.013050409610981242,0.007040289802394262,-0.043198402311526676,-3.3105430106467253,-0.20446268208257523,0.0,False,
30,3,Melora Hardin,11,14,R3_Bottom2,0.07028196909497506,10,0.04282185229426776,11,-0.015550700199821126,0.09212684755948565,-0.023620106767711355,-0.03916654529558076,-3.246004489742904,-0.34059485618939034,0.0,False,
30,3,"Mike ""The Miz"" Mizanin",12,14,R3_Bottom2,0.07192595158403293,8,0.05472664412748223,9,0.007571158593467943,-0.09105365890037714,0.038321932669514475,-0.07061277986953444,-4.919980912120826,-0.02214112549528746,0.0,False,
30,3,Olivia Jade,13,14,R3_Bottom2,0.06952145927410985,12,0.02820807536391469,12,-0.02643050953688781,-0.22398992368989903,-0.01585789332440682,-0.033394903386882745,-3.3795358818665338,-0.6789206606661038,0.0,False,
30,3,Suni Lee,14,14,R3_Bottom2,0.07259976866285922,6,0.07492775809035798,7,0.01689575438066674,0.08456403265430427,0.007861954795998695,-0.03613291294564382,-2.584606008710241,-0.05388982410381926,0.0,False,
30,4,Amanda Kloots,0,13,R3_Bottom2,0.0785551637477913,6,0.010384400888636085,11,0.02228499266631883,-0.08676424243891695,0.06249547536118076,-0.04761960928944575,-2.9957322715218484,0.18964759643440043,0.0,False,
30,4,Brian Austin Green,1,13,R3_Bottom2,0.06770125326376769,13,0.37777511676847225,1,-0.12641141646263118,-0.053707443847311166,-0.14148277635149759,-0.04471415269610834,-2.639057328204544,0.288493431103348,0.0,True,True
30,4,Cody Rigsby,3,13,R3_Bottom2,0.07907102582569063,2,0.06748419734068968,4,0.02883040140865574,0.08065385422328764,-0.022760227107787336,-0.02025572789075719,-2.9267394002396587,-0.9685891968333495,0.0,False,
30,4,Iman Shumpert,4,13,R3_Bottom2,0.07904877082101305,3,0.039611580787347556,6,0.02854890591857166,0.024069304562022022,0.0015355248692560067,-0.04380666704529266,-3.1498829510872017,-0.07572871787523328,0.0,False,
30,4,Jimmie Allen,5,13,R3_Bottom2,0.07895480357580792,4,0.030959206932998633,8,0.027359473886515467,-0.017048743398432344,0.011283644486774482,-0.0479318173492358,-2.801576257446437,0.32664519686300064,0.0,False,
30,4,JoJo Siwa,6,13,R3_Bottom2,0.07775486992267865,11,0.008410341600567414,12,0.012045076529556817,-0.053451919430920126,0.033277839733054745,-0.02883405013432456,-1.5404450405197678,0.2884934313200147,0.0,False,
30,4,Kenya Moore,7,13,R3_Bottom2,0.07881757940510199,5,0.06803742464352011,3,0.025619952650721804,-0.019114427187587203,0.009535141838795003,-0.033757107274420946,-1.9972034424821494,0.21472728132313312,0.0,False,
30,4,Matt James,9,13,R3_Bottom2,0.06855914209592687,12,0.2779294309459903,2,-0.11381934720508113,-0.03821748852307169,-0.1455530467102092,-0.02437529632731911,-1.763588591717311,-0.0490604711230862,0.0,True,False
30,4,Melanie C,10,13,R3_Bottom2,0.07852519616928001,7,0.03103280548478022,7,0.021903435367994897,0.013050409610981242,0.01845040745529599,-0.03766817015688283,-4.536177305207092,-1.2256342945603667,0.0,False,
30,4,Melora Hardin,11,13,R3_Bottom2,0.07783568496893188,10,0.0032930732083406907,13,0.013083893488299456,0.09212684755948565,0.035952479408597256,-0.0515373388969922,-2.6903506226210423,0.5556538671218618,0.0,False,
30,4,"Mike ""The Miz"" Mizanin",12,13,R3_Bottom2,0.07911824117298066,1,0.04011933971866832,5,0.029427348971381544,-0.09105365890037714,0.06680813915090984,-0.07430612087537246,-4.536177305207092,0.38380360691373383,0.0,False,
30,4,Olivia Jade,13,13,R3_Bottom2,0.07785372501066165,9,0.01583954905113966,10,0.013315637468996423,-0.22398992368989903,0.0682792949009634,-0.05075850891722159,-3.1498829510872017,0.22965293077933202,0.0,False,
30,4,Suni Lee,14,13,R3_Bottom2,0.07820454402036778,8,0.029123532528849094,9,0.017811645310699717,0.08456403265430427,-0.003939688891320285,-0.03648097360873596,-2.6903506226210423,-0.10574461391080137,0.0,False,
30,5,Amanda Kloots,0,11,R3_Bottom2,0.08633693793920018,9,0.011744508005661361,11,-0.049962846402353614,-0.08676424243891695,-0.047926408395184174,-0.0433988273206034,-2.984126725479208,0.011605546042640302,0.0,False,
30,5,Cody Rigsby,3,11,R3_Bottom2,0.09471139906624824,3,0.12517015340301876,3,0.042613992482152044,0.08065385422328764,0.024942628218945724,-0.04182824332003478,-2.984126725479208,-0.05738732523954937,0.0,False,
30,5,Iman Shumpert,4,11,R3_Bottom2,0.09591915251656043,1,0.14798536508162397,2,0.0552853046112779,0.024069304562022022,0.04973631259974713,-0.049612158715429226,-2.6587043255168026,0.49117862557039915,0.0,False,
30,5,Jimmie Allen,5,11,R3_Bottom2,0.09415631128952894,4,0.09542610852972834,5,0.036735916510932005,-0.017048743398432344,0.02684946635480118,-0.041208180348588364,-2.7158627392139407,0.08571351823249618,0.0,False,
30,5,JoJo Siwa,6,11,R3_Bottom2,0.08580539787259381,10,0.014038350177005261,10,-0.056138453970674976,-0.053451919430920126,-0.06524002117542926,-0.0251590972161166,-1.1923672578216662,0.34807778269810163,0.0,False,
30,5,Kenya Moore,7,11,R3_Bottom2,0.08766732003009645,8,0.07659417439609453,8,-0.03467117445701981,-0.019114427187587203,-0.05464316938194986,-0.029359612441699663,-1.938158171772196,0.05904527070995336,0.0,False,
30,5,Melanie C,10,11,R3_Bottom2,0.07929173622357531,11,0.1652679898982524,1,-0.1350864565773867,0.013050409610981242,-0.10548594667474415,-0.07780105950410665,-3.064169432911078,1.4720078722960142,0.0,True,True
30,5,Melora Hardin,11,11,R3_Bottom2,0.0934263092086447,6,0.07349189450413186,9,0.028952617991916018,0.09212684755948565,0.022838643530937355,-0.039600448022321,-2.6046371043743046,0.08571351824673767,0.0,False,
30,5,"Mike ""The Miz"" Mizanin",12,11,R3_Bottom2,0.09589680857504151,2,0.12505270643641359,4,0.05505233190668317,-0.09105365890037714,0.07365261650878123,-0.06628130473813831,-4.450463787605969,0.085713517601123,0.0,False,
30,5,Olivia Jade,13,11,R3_Bottom2,0.09328326718703447,7,0.08050927152146725,7,0.027420376825101764,-0.22398992368989903,0.05755263124167038,-0.053283676910900774,-2.2168715737833984,0.9330113773038033,0.0,False,
30,5,Suni Lee,14,11,R3_Bottom2,0.09350536009147604,5,0.08471947794660259,6,0.02979839107937216,0.08456403265430427,0.019842271360618766,-0.039600448022321,-2.6046371043743046,0.08571351824673767,0.0,False,
30,6,Amanda Kloots,0,10,R3_Bottom2,0.10130979951919529,4,0.018369016309685255,8,0.014388464849518175,-0.08676424243891695,0.08143766824046048,-0.04217779763012771,-3.0992729502677077,-0.11514622478849956,0.0,False,
30,6,Cody Rigsby,3,10,R3_Bottom2,0.10092582798797835,8,0.05493524809670202,6,0.010591191368749864,0.08065385422328764,-0.019606148012280375,-0.04290084011976816,-3.012261573553835,-0.028134848074627072,0.0,False,
30,6,Iman Shumpert,4,10,R3_Bottom2,0.10112807026299782,6,0.0049417396071008346,10,0.012593056656279671,0.024069304562022022,-0.03083910060071469,-0.037347048147744775,-2.789118022646292,-0.13041369712948958,0.0,False,
30,6,Jimmie Allen,5,10,R3_Bottom2,0.10144673031710462,3,0.031172565388938048,7,0.015739156921803842,-0.017048743398432344,-0.005679931523755479,-0.039184526115712284,-2.724579501672888,-0.008716762458947258,0.0,False,
30,6,JoJo Siwa,6,10,R3_Bottom2,0.0998548374867066,9,0.014804628888255187,9,-7.717310279805462e-05,-0.053451919430920126,0.047687920489845964,-0.019563414520014366,-0.9122007463535767,0.28016651146808946,0.0,False,
30,6,Kenya Moore,7,10,R3_Bottom2,0.08536633585835683,10,0.5004143220731638,1,-0.15684284994574219,-0.019114427187587203,-0.12114915856624345,-0.029886665239029934,-1.7129785906750896,0.22517958109710645,0.0,True,True
30,6,Melora Hardin,11,10,R3_Bottom2,0.10330017357851119,2,0.10586726335572659,2,0.03384437712881633,0.09212684755948565,0.01022777937340681,-0.03763128412721038,-2.606796466123449,-0.0021593617491442174,0.0,False,
30,6,"Mike ""The Miz"" Mizanin",12,10,R3_Bottom2,0.10431816426369604,1,0.10584807283521973,3,0.04365082152856874,-0.09105365890037714,0.03614450428588554,-0.06476142576043659,-4.398555928573726,0.0519078590322426,0.0,False,
30,6,Olivia Jade,13,10,R3_Bottom2,0.10104434328340856,7,0.07776761021045824,5,0.011764783570874848,-0.22398992368989903,0.00015148859493019145,-0.025434707123526728,-3.012261573553835,-0.7953899997704368,0.0,False,
30,6,Suni Lee,14,10,R3_Bottom2,0.10130571744204477,5,0.08587953313475043,4,0.014348171023928807,0.08456403265430427,-0.01102335825065703,-0.036116238197332784,-2.789118022646292,-0.18448091827198754,0.0,False,
30,7,Amanda Kloots,0,9,R3_Bottom2,0.11377792149126041,3,0.08215413264766122,4,0.024868097309923398,-0.08676424243891695,0.03491434540393811,-0.04667461570040204,-2.873564637943682,0.22570831232402577,0.0,False,
30,7,Cody Rigsby,3,9,R3_Bottom2,0.11230774197950527,5,0.057919717789509016,5,0.011862405464720227,0.08065385422328764,0.011388102149280016,-0.044693850534457485,-2.873564637943682,0.13869693561015328,0.0,False,
30,7,Iman Shumpert,4,9,R3_Bottom2,0.11390726330001798,2,0.09722236927538006,3,0.0260042434565365,0.024069304562022022,0.03233531632319896,-0.04927960126029106,-1.710413829223626,1.0787041934226662,0.0,False,
30,7,Jimmie Allen,5,9,R3_Bottom2,0.11305745779092351,4,0.025710546701212728,7,0.01851577144878948,-0.017048743398432344,0.015935741349960775,-0.04032511014084274,-2.611200373861575,0.11337912781131276,0.0,False,
30,7,JoJo Siwa,6,9,R3_Bottom2,0.11150461967527796,7,0.021677208023576797,8,0.004685628047868793,-0.053451919430920126,-0.008478434663178363,-0.012441345934865778,-1.0017624622859367,-0.08956171593235995,0.0,False,
30,7,Melora Hardin,11,9,R3_Bottom2,0.11223112658082894,6,0.04360859884072281,6,0.011179981061846079,0.09212684755948565,-0.018748681981532362,-0.037643845428496886,-2.611200373861575,-0.004403907738126378,0.0,False,
30,7,"Mike ""The Miz"" Mizanin",12,9,R3_Bottom2,0.0969254174048584,9,0.5512608389717886,1,-0.13543860403895663,-0.09105365890037714,-0.13266437383604154,-0.06624735477902619,-4.077537438039618,0.321018490534108,0.0,True,True
30,7,Olivia Jade,13,9,R3_Bottom2,0.11137908391922048,8,0.0019261822650702336,9,0.0035591592454608766,-0.22398992368989903,0.02546222358765113,-0.04620889646496756,-2.6912430813447275,0.3210184922091077,0.0,False,
30,7,Suni Lee,14,9,R3_Bottom2,0.11490936785810703,1,0.11852040538507849,2,0.03476331800381126,0.08456403265430427,0.030774901576029332,-0.044947755936981304,-2.2317107525623396,0.5574072700839525,0.0,False,
30,8,Amanda Kloots,0,8,R3_Bottom2,0.12966580206427564,2,0.0045426092735781475,8,0.03909022134873488,-0.08676424243891695,0.04250656125348851,-0.039729307109570164,-3.091042451112861,-0.21747781316917925,0.0,False,
30,8,Cody Rigsby,3,8,R3_Bottom2,0.1293675299689282,3,0.05569871351889799,4,0.03678725728744113,0.08065385422328764,0.04326440912708311,-0.04278500683552156,-2.72331767174139,0.15024696620229205,0.0,False,
30,8,Iman Shumpert,4,8,R3_Bottom2,0.1339710853376022,1,0.09092361661283396,3,0.0717538299095507,0.024069304562022022,0.04541109208990078,-0.019010709031791147,-2.3978952716529163,-0.6874814424292903,0.0,False,
30,8,Jimmie Allen,5,8,R3_Bottom2,0.10977343342602215,8,0.5264706859367293,1,-0.12745162012048677,-0.017048743398432344,-0.12133987434732806,-0.041553514763988844,-2.152772813815583,0.45842756004599217,0.0,True,True
30,8,JoJo Siwa,6,8,R3_Bottom2,0.12853049868227137,6,0.025967636494767514,6,0.030296054309981463,-0.053451919430920126,0.026088654096592046,-0.0157777075498717,-0.8456157740434702,0.15614668824246647,0.0,False,
30,8,Melora Hardin,11,8,R3_Bottom2,0.12863027590091183,5,0.01876554478763325,7,0.031072045312567447,0.09212684755948565,0.03199899647586901,-0.0374282500530333,-2.649209699548108,-0.03800932568653259,0.0,False,
30,8,Olivia Jade,13,8,R3_Bottom2,0.11130197232987736,7,0.25163593946472285,2,-0.11362318672665837,-0.22398992368989903,-0.08302836090480882,-0.0372463818019856,-2.890371755959801,-0.19912867461507355,0.0,True,False
30,8,Suni Lee,14,8,R3_Bottom2,0.1287594022901112,4,0.025995253810837126,5,0.03207539867886955,0.08456403265430427,0.007842550117423247,-0.033607526517265465,-2.06939120502888,0.16231954753345956,0.0,False,
30,9,Amanda Kloots,0,6,R3_Bottom2,0.17194943495626874,3,0.007892270193885447,6,0.03405632370504736,-0.08676424243891695,0.05386587918767887,-0.04395702500242232,-3.1780538278684003,-0.08701137675553916,0.0,False,
30,9,Cody Rigsby,3,6,R3_Bottom2,0.18277580385655864,1,0.14880770475322708,3,0.09511615916136049,0.08065385422328764,0.09920555322240829,-0.03816328558964625,-2.86789890029547,-0.14458122855408018,0.0,False,
30,9,Iman Shumpert,4,6,R3_Bottom2,0.17483613689819502,2,0.0662103966570246,4,0.05070504760775502,0.024069304562022022,0.021407164786298265,-0.03314579236987467,-2.580216828233689,-0.18232155658077254,0.0,False,
30,9,JoJo Siwa,6,6,R3_Bottom2,0.16924672328947338,4,0.020986159946962346,5,0.018213424350013,-0.053451919430920126,0.007429450180567268,-0.007603344954213871,-1.4015618327020425,-0.5559460586585723,0.0,False,
30,9,Melora Hardin,11,6,R3_Bottom2,0.14582643369191722,6,0.49514591722389373,1,-0.13072702289113025,0.09212684755948565,-0.12145738795433883,-0.03886682430011321,-2.580216828233689,0.068992871314419,0.0,True,True
30,9,Suni Lee,14,6,R3_Bottom2,0.15536546730758694,5,0.26095755112500685,2,-0.06736393193304561,0.08456403265430427,-0.05593586505572918,-0.04141136753641088,-0.6855999748126178,1.3837912302162623,0.0,True,False
30,10,Amanda Kloots,0,4,R3_Bottom2,0.2418608245906345,4,0.24537189242873972,3,-0.03267039845403102,-0.08676424243891695,0.0,-0.056909450975530476,-1.8577174364882274,1.320336391380173,0.0,False,
30,10,Cody Rigsby,3,4,R3_Bottom2,0.26173409707823275,1,0.3050431565044918,1,0.046296237579780415,0.08065385422328764,0.0,-0.046666379533867416,-2.240709688399788,0.6271892118956819,0.0,False,
30,10,Iman Shumpert,4,4,R3_Bottom2,0.24996347596266796,2,0.16664430897922103,4,0.0002819568628078962,0.024069304562022022,0.0,-0.04739238192851153,-1.3652409515942212,1.2149758766394676,0.0,False,
30,10,JoJo Siwa,6,4,R3_Bottom2,0.24644160236846474,3,0.28294064198754754,2,-0.0139077959885573,-0.053451919430920126,0.0,-0.025845867813064125,-0.7292521849114795,0.672309647790563,0.0,False,
31,1,Charli D'Amelio,0,16,R3_Bottom2,0.062334533814581206,15,7.842993273928853e-06,16,-0.002323703436964906,0.13222470309837028,-0.10152291332120601,-0.03276092939187775,-2.266456367941024,0.0,0.0,False,
31,1,Cheryl Ladd,1,16,R3_Bottom2,0.06271845665798183,7,0.059766282796052735,7,0.0038164783878005806,0.1497267591266469,-0.11544226646590507,-0.03020345045068983,-2.089525659938354,0.0,0.0,False,
31,1,Daniel Durant,2,16,R3_Bottom2,0.06266857387566609,9,0.017359089257945506,13,0.0030208173894489343,0.0724030917235981,-0.01261888459154791,-0.05649882592034983,-3.908684099179298,0.0,0.0,False,
31,1,Gabby Windey,3,16,R3_Bottom2,0.06253879815512546,12,0.012725794234998011,15,0.0009478441306285798,-0.003556739002033,0.050091750996332944,-0.04532260404141993,-3.1354942136291495,0.0,0.0,False,
31,1,Heidi D'Amelio,4,16,R3_Bottom2,0.06269428510063171,8,0.04112541430971901,9,0.003431006268931883,0.012148589195426033,0.03579837700568425,-0.04425139610992697,-3.0613862416397137,0.0,0.0,False,
31,1,Jason Lewis,5,16,R3_Bottom2,0.05677708793621539,16,0.33422996981132186,1,-0.09570642755315835,-0.04489037595795243,-0.005228883731534563,-0.04532260404141993,-3.1354942136291495,0.0,0.0,True,True
31,1,Jessie James Decker,6,16,R3_Bottom2,0.06334886903890781,4,0.07180822695822513,6,0.01381776352999265,-0.015627449230200985,0.06394194349973205,-0.034232166917286984,-2.3682390621476257,0.0,0.0,False,
31,1,Jordin Sparks,7,16,R3_Bottom2,0.06257700558928846,10,0.03351556707267549,10,0.0015585972762298802,-0.04104222834402116,0.0861195148268007,-0.04325412538429824,-2.992393370295143,0.0,0.0,False,
31,1,Joseph Baena,8,16,R3_Bottom2,0.06278630313951779,6,0.051384784084868206,8,0.004897656316900755,0.07223752244946337,-0.01643734973880482,-0.05063795257150636,-3.503218992732245,0.0,0.0,False,
31,1,Sam Champion,9,16,R3_Bottom2,0.06336101879321732,2,0.07608808876588792,4,0.01400953631986114,0.11297731912833457,-0.06447105206893501,-0.034232166917286984,-2.3682390621476257,0.0,0.0,False,
31,1,Selma Blair,10,16,R3_Bottom2,0.06255053917304901,11,0.01783545967067959,12,0.0011355662532140888,0.019663974671378908,0.032374107975592974,-0.05063795257150636,-3.503218992732245,0.0,0.0,False,
31,1,Shangela,11,16,R3_Bottom2,0.062489869384244924,13,0.0216763781845,11,0.0001651632568537122,0.029076981702723798,0.01118994371854033,-0.039837198342158986,-2.756004592650562,0.0,0.0,False,
31,1,Teresa Giudice,12,16,R3_Bottom2,0.06336037754194124,3,0.08003653601930388,3,0.013999415672604702,-0.014646901236406785,0.06421425558123021,-0.035303374849967296,-2.4423470342192046,0.0,0.0,False,
31,1,Trevor Donovan,13,16,R3_Bottom2,0.06304259033746994,5,0.07245291654078578,5,0.008971244588643693,0.1197796001221509,-0.05990583913974941,-0.05063795257150636,-3.503218992732245,0.0,0.0,False,
31,1,Vinny Guadagnino,14,16,R3_Bottom2,0.0643327261535909,1,0.09425963353586919,2,0.02922917166971184,0.026119641177665548,0.037606261231584705,-0.034232166917286984,-2.3682390621476257,0.0,0.0,False,
31,1,Wayne Brady,15,16,R3_Bottom2,0.062418965308570974,14,0.01572801566389365,14,-0.0009701300706991866,0.05316720893011912,-0.009621379068639909,-0.04425139610992697,-3.0613862416397137,0.0,0.0,False,
31,2,Charli D'Amelio,0,15,R3_Bottom2,0.06661562758014827,14,0.0020162796064743223,15,-0.00041619068776006796,0.13222470309837028,-0.005094590982845796,-0.035765897910197804,-1.9048366132141707,0.36161975472685337,0.0,False,
31,2,Cheryl Ladd,1,15,R3_Bottom2,0.06842701977085754,1,0.09966709323905015,2,0.026412383456989534,0.1497267591266469,0.007049816584375392,-0.02804060204331824,-2.3498041639615286,-0.26027850402317476,0.0,False,
31,2,Daniel Durant,2,15,R3_Bottom2,0.0670682594907109,6,0.018649912907904787,12,0.006355510077885665,0.0724030917235981,0.02430486891095769,-0.059042580359154516,-3.6025671296876656,0.3061169694916326,0.0,False,
31,2,Gabby Windey,3,15,R3_Bottom2,0.06684760688010866,12,0.005800461888015255,14,0.0030601154952164186,-0.003556739002033,0.016565067400695646,-0.04720122386940991,-2.909419951193105,0.22607426243604456,0.0,False,
31,2,Heidi D'Amelio,4,15,R3_Bottom2,0.06707488085017538,5,0.03039274365112907,10,0.006454230883929685,0.012148589195426033,0.015149873119723635,-0.04582781003372313,-2.8716796230858987,0.189706618553815,0.0,False,
31,2,Jessie James Decker,6,15,R3_Bottom2,0.06711709770399352,3,0.0741147400606048,4,0.007083431759656696,-0.015627449230200985,-0.006355986169731489,-0.03132965652192,-2.7175289435110215,-0.3492898813633958,0.0,False,
31,2,Jordin Sparks,7,15,R3_Bottom2,0.06705446625728097,8,0.04898719624849315,7,0.006149829297069035,-0.04104222834402116,0.021235650395834558,-0.046647791144330264,-2.5839975510757847,0.4083958192193582,0.0,False,
31,2,Joseph Baena,8,15,R3_Bottom2,0.06752504936908144,2,0.08470244033791557,3,0.013143241742364857,0.07223752244946337,0.024873826535746248,-0.05455347789889496,-3.0320222730712234,0.4711967196610214,0.0,False,
31,2,Sam Champion,9,15,R3_Bottom2,0.06704912451762846,9,0.07169292674402211,5,0.006070163426461411,0.11297731912833457,-0.01998770768036257,-0.028155876702691072,-3.099463553737231,-0.7312244915896051,0.0,False,
31,2,Selma Blair,10,15,R3_Bottom2,0.06709342605296308,4,0.04054434316668917,9,0.006730677733917834,0.019663974671378908,0.022461024703286196,-0.051274001588429416,-3.4266764638865324,0.07654252884571244,0.0,False,
31,2,Shangela,11,15,R3_Bottom2,0.0669578999325316,10,0.046289900471775884,8,0.004708673615569321,0.029076981702723798,0.007623678530713343,-0.03823644140901896,-2.948640663880694,-0.19263607123013227,0.0,False,
31,2,Teresa Giudice,12,15,R3_Bottom2,0.0604310543733455,15,0.37544509003551874,1,-0.09785227099161059,-0.014646901236406785,-0.10817635711690142,-0.03468420554483304,-2.516858248194325,-0.0745112139751205,0.0,True,True
31,2,Trevor Donovan,13,15,R3_Bottom2,0.06694561510474271,11,0.023177863467169255,11,0.0045251858584342,0.1197796001221509,0.004622555181855224,-0.05012600729044991,-3.5648268018791773,-0.061607809146932535,0.0,False,
31,2,Vinny Guadagnino,14,15,R3_Bottom2,0.06705459513366707,7,0.06738572695546931,6,0.0061517512609506365,0.026119641177665548,-0.019523983146030096,-0.036402386724035486,-2.107073479401855,0.26116558274577084,0.0,False,
31,2,Wayne Brady,15,15,R3_Bottom2,0.0667382769827648,13,0.011133281119768482,13,0.0014232670709252992,0.05316720893011912,0.012659106919415972,-0.04723962796924958,-2.7017805867227933,0.3596056549169204,0.0,False,
31,3,Charli D'Amelio,0,14,R3_Bottom2,0.07113660454808318,13,0.0028548342954744115,14,-0.003592161501344983,0.13222470309837028,-0.015958815436235677,-0.028803077753526946,-1.7520942122907488,0.15274240092342195,0.0,False,
31,3,Cheryl Ladd,1,14,R3_Bottom2,0.06392519942024619,14,0.357075706236148,1,-0.11048055696046105,0.1497267591266469,-0.144228762255425,-0.03357807085461581,-2.396451228159516,-0.046647064197987476,0.0,True,True
31,3,Daniel Durant,2,14,R3_Bottom2,0.07177406153185589,7,0.020432778046710936,10,0.00532895305208686,0.0724030917235981,0.019398113276683865,-0.05721215858697911,-2.9842378918971906,0.618329237790475,0.0,False,
31,3,Gabby Windey,3,14,R3_Bottom2,0.07149322366355695,11,0.008596550857998316,13,0.0014084735423924265,-0.003556739002033,0.005759730715695053,-0.03896296719080147,-3.281489414927979,-0.37206946373487426,0.0,False,
31,3,Heidi D'Amelio,4,14,R3_Bottom2,0.07158591082774815,8,0.0198790913116824,11,0.0027040807248946905,0.012148589195426033,0.004385075708472727,-0.04057391462422115,-2.9842378918971906,-0.11255826881129183,0.0,False,
31,3,Jessie James Decker,6,14,R3_Bottom2,0.07247354857575078,3,0.0803204128961682,5,0.015027450326691314,-0.015627449230200985,0.017241510789545198,-0.03968941886055089,-2.668384943299904,0.04914400021111742,0.0,False,
31,3,Jordin Sparks,7,14,R3_Bottom2,0.0715764347828666,9,0.04641069040856317,9,0.002571698919399984,-0.04104222834402116,0.006703305545158923,-0.03890935189865574,-2.396451228159516,0.1875463229162686,0.0,False,
31,3,Joseph Baena,8,14,R3_Bottom2,0.0718604590110795,6,0.04916603448221501,7,0.00653197150916732,0.07223752244946337,4.533910810126571e-05,-0.04294307199422414,-3.1383885716806392,-0.10636629860941582,0.0,False,
31,3,Sam Champion,9,14,R3_Bottom2,0.07315317186231021,2,0.09352954724222576,3,0.024361289866642162,0.11297731912833457,0.02082987797670398,-0.04227040893982312,-3.404091736668138,-0.304628182930907,0.0,False,
31,3,Selma Blair,10,14,R3_Bottom2,0.07199321227563296,5,0.06544721497428589,6,0.008377642892475175,0.019663974671378908,0.019738302932116814,-0.051051634012675554,-3.2437490870821692,0.1829273768043631,0.0,False,
31,3,Shangela,11,14,R3_Bottom2,0.07154462802270996,10,0.04823491358064698,8,0.0021272254078597633,0.029076981702723798,0.007069798285005016,-0.04343550155856307,-2.850706500055525,0.09793416382516895,0.0,False,
31,3,Trevor Donovan,13,14,R3_Bottom2,0.07227924851244688,4,0.08052464684763333,4,0.012342871045251651,0.1197796001221509,0.02646223858588478,-0.05897767915959161,-2.668384943299904,0.8964418585792733,0.0,False,
31,3,Vinny Guadagnino,14,14,R3_Bottom2,0.07387946169553612,1,0.1100747790909815,2,0.03424067137441816,0.026119641177665548,0.025260281289956218,-0.030638540609844726,-2.0852386584750233,0.021834820926831533,0.0,False,
31,3,Wayne Brady,15,14,R3_Bottom2,0.07132483527017651,12,0.017452799629266134,12,-0.000949610199473476,0.05316720893011912,0.0012012109458948424,-0.0393309163551881,-2.668384943299904,0.033395643422889254,0.0,False,
31,4,Charli D'Amelio,0,13,R3_Bottom2,0.07695924462736224,12,0.002545525923551109,13,0.0011825481216591431,0.13222470309837028,-0.006758623213321396,-0.0276750229579714,-1.4694092673941967,0.28268494489655205,0.0,False,
31,4,Daniel Durant,2,13,R3_Bottom2,0.07825450081650388,3,0.06420708666564713,5,0.01787290313332024,0.0724030917235981,0.019123921432094817,-0.04083501533280305,-3.2611687344889186,-0.27693084259172807,0.0,False,
31,4,Gabby Windey,3,13,R3_Bottom2,0.0774592210901858,9,0.006596366801767867,12,0.007658175342228769,-0.003556739002033,0.023338457588108496,-0.046152946999769455,-3.4355221210969344,-0.15403270616895526,0.0,False,
31,4,Heidi D'Amelio,4,13,R3_Bottom2,0.07764833444609863,6,0.019973767866879613,10,0.01009665680714068,0.012148589195426033,0.022822710772088105,-0.045532629814260706,-2.695854926297767,0.28838296559942345,0.0,False,
31,4,Jessie James Decker,6,13,R3_Bottom2,0.07757017633802477,8,0.05100525601991147,6,0.009089584721670423,-0.015627449230200985,0.002545178897766307,-0.035696144876434056,-3.0143086570566426,-0.3459237137567386,0.0,False,
31,4,Jordin Sparks,7,13,R3_Bottom2,0.07733434268490909,10,0.026527133540364546,9,0.006044691818459336,-0.04104222834402116,0.012195445785445373,-0.03500178020770396,-2.3529101756671245,0.043541052492391596,0.0,False,
31,4,Joseph Baena,8,13,R3_Bottom2,0.07828121892962993,2,0.08702524494658452,4,0.018214270757640615,0.07223752244946337,0.025127809390723278,-0.04760193944629312,-2.869126647789003,0.2692619238916363,0.0,False,
31,4,Sam Champion,9,13,R3_Bottom2,0.0673693249250713,13,0.44895878044885346,1,-0.1319036485408519,0.11297731912833457,-0.14135353375403595,-0.05071866670182108,-3.221948021357483,0.18214371531065465,0.0,True,True
31,4,Selma Blair,10,13,R3_Bottom2,0.07786775649111208,4,0.043582113562723505,8,0.01291851516653996,0.019663974671378908,0.019986042258446097,-0.045680379152743415,-3.3890021056486215,-0.14525301856645223,0.0,False,
31,4,Shangela,11,13,R3_Bottom2,0.07762686594601387,7,0.05052098058942872,7,0.009820134862009257,0.029076981702723798,0.01802991893449399,-0.04170085916491007,-2.791165106431183,0.0595413936243423,0.0,False,
31,4,Trevor Donovan,13,13,R3_Bottom2,0.0786145259736923,1,0.09304822474249566,2,0.022463048131119122,0.1197796001221509,0.008389095776877012,-0.03543232123936989,-3.046057355369005,-0.37767241206910107,0.0,False,
31,4,Vinny Guadagnino,14,13,R3_Bottom2,0.07778450518675559,5,0.09128303979751311,3,0.011848806170375984,0.026119641177665548,-0.01803444305505908,-0.03319421840859505,-1.7178706265700983,0.36736803190492506,0.0,False,
31,4,Wayne Brady,15,13,R3_Bottom2,0.07722998254464049,11,0.014726478994279334,11,0.004694313508688423,0.05316720893011912,0.010851688105102331,-0.038529158409713236,-2.6733820707059106,-0.004997127406006552,0.0,False,
31,5,Charli D'Amelio,0,12,R3_Bottom2,0.08252931781685525,11,0.0009822069040430483,12,-0.008717111538120902,0.13222470309837028,-0.027222213954497847,-0.01966749779969826,-1.6586281559996283,-0.18921888860543157,0.0,False,
31,5,Daniel Durant,2,12,R3_Bottom2,0.08699520728072521,2,0.100037682716181,3,0.04398231918212459,0.0724030917235981,0.041783908092494396,-0.04715141352288621,-3.259697816768289,0.001470917720629572,0.0,False,
31,5,Gabby Windey,3,12,R3_Bottom2,0.08330622103491946,9,0.011271693668591584,11,0.0006525194484406985,-0.003556739002033,0.014005896579966676,-0.047751158250482394,-3.66516292363687,-0.22964080253993568,0.0,False,
31,5,Heidi D'Amelio,4,12,R3_Bottom2,0.08343454926383763,7,0.03428051538885765,8,0.002191774113339196,0.012148589195426033,0.0005361865848539812,-0.03613662825254999,-3.0365542659749125,-0.3406993396771454,0.0,False,
31,5,Jessie James Decker,6,12,R3_Bottom2,0.08344253079640411,6,0.07752109968012189,6,0.002287431738337082,-0.015627449230200985,0.01629536004668539,-0.04886421283537047,-2.3773086382688096,0.6370000187878331,0.0,False,
31,5,Jordin Sparks,7,12,R3_Bottom2,0.08402492740584463,4,0.09421383187698684,4,0.009242800424068505,-0.04104222834402116,0.013797984209522628,-0.034754695459613794,-2.2633643787093796,0.0895457969577449,0.0,False,
31,5,Joseph Baena,8,12,R3_Bottom2,0.07265426871248877,12,0.35293729363418164,1,-0.1361585637112958,0.07223752244946337,-0.14494016300410884,-0.040873065202457926,-2.9412440863599816,-0.07211743857097863,0.0,True,True
31,5,Selma Blair,10,12,R3_Bottom2,0.08342349911156868,8,0.030451547233179395,9,0.0020593243766596527,0.019663974671378908,0.008302985850722411,-0.047195931445316,-3.604538301928891,-0.21553619628026954,0.0,False,
31,5,Shangela,11,12,R3_Bottom2,0.08359831078845993,5,0.05682018913269388,7,0.004152604779125487,0.029076981702723798,0.0070728204524007935,-0.041675623309251356,-2.631089158561193,0.16007594786999002,0.0,False,
31,5,Trevor Donovan,13,12,R3_Bottom2,0.08617697804583098,3,0.08517358338953306,5,0.03453235673632547,0.1197796001221509,0.022658245702175853,-0.045148864034256296,-2.911391123560122,0.13466623180888293,0.0,False,
31,5,Vinny Guadagnino,14,12,R3_Bottom2,0.08738484997066405,1,0.12905169330728733,2,0.04845121711167781,0.026119641177665548,0.033692003589033334,-0.025665594371888003,-1.6174700836919773,0.10040054287812095,0.0,False,
31,5,Wayne Brady,15,12,R3_Bottom2,0.08302933977240122,10,0.027258662968342746,10,-0.00267667266068183,0.05316720893011912,0.002973479136523109,-0.041384923706283404,-2.343407086456634,0.32997498424927674,0.0,False,
31,6,Charli D'Amelio,0,10,R3_Bottom2,0.09912190253697199,9,1.761765185443144e-05,10,-0.007453099244640611,0.13222470309837028,-0.01061788524864182,-0.02255505959180368,-1.8294997965754791,-0.1708716405758508,0.0,False,
31,6,Daniel Durant,2,10,R3_Bottom2,0.10093334292467776,5,0.06093100201552512,6,0.010656797261011314,0.0724030917235981,-0.010921470074941665,-0.04873321576383935,-3.065313205530151,0.19438461123813822,0.0,False,
31,6,Gabby Windey,3,10,R3_Bottom2,0.10021625595382709,7,0.015009619710475198,9,0.0035268798995154726,-0.003556739002033,0.03553799348510591,-0.05664161410627698,-3.2243778994615626,0.4407850241753075,0.0,False,
31,6,Heidi D'Amelio,4,10,R3_Bottom2,0.10027218631050754,6,0.03294330173886346,8,0.004084820871071409,0.012148589195426033,0.02407846768952365,-0.0471841497037548,-2.64043001220527,0.39612425376964255,0.0,False,
31,6,Jessie James Decker,6,10,R3_Bottom2,0.08592404033699584,10,0.41245543323255807,1,-0.15033987659938028,-0.015627449230200985,-0.13670230237906267,-0.03891541749539338,-1.8294997965754791,0.5478088416933304,0.0,True,True
31,6,Jordin Sparks,7,10,R3_Bottom2,0.10216773119692041,4,0.08394637730507189,5,0.02281235553888861,-0.04104222834402116,0.026074212975899933,-0.033162612642602465,-2.2096470962861807,0.05371728242319884,0.0,False,
31,6,Shangela,11,10,R3_Bottom2,0.100176370264884,8,0.047381079200011764,7,0.003128804479052935,0.029076981702723798,0.01069157603311253,-0.03779260468267682,-2.6598480978425747,-0.028758939281381846,0.0,False,
31,6,Trevor Donovan,13,10,R3_Bottom2,0.10276173262764314,2,0.09158429660873992,4,0.02860950235401368,0.1197796001221509,0.006213439484714048,-0.04256013435573579,-2.85400411197723,0.05738701158289228,0.0,False,
31,6,Vinny Guadagnino,14,10,R3_Bottom2,0.10600932945477985,1,0.15300610693431435,2,0.05972357330272656,0.026119641177665548,0.01083413076250837,-0.0222339376382889,-1.755391824466263,-0.13792174077428565,0.0,False,
31,6,Wayne Brady,15,10,R3_Bottom2,0.10241710839279236,3,0.1027251655025858,3,0.025250242137740894,0.05316720893011912,0.034709724900581,-0.035087967961751,-2.197224576423874,0.14618251003276006,0.0,False,
31,7,Charli D'Amelio,0,9,R3_Bottom2,0.11047079355741392,8,0.0035012751977073326,9,-0.004452798679559115,0.13222470309837028,0.005967359923739422,-0.03251834657628223,-1.0986122883223581,0.730887508253121,0.0,False,
31,7,Daniel Durant,2,9,R3_Bottom2,0.11232482786004991,5,0.04428424689131094,7,0.012190949434982463,0.0724030917235981,0.02091510459032521,-0.0433168228269415,-3.1846112284851955,-0.11929802295504466,0.0,False,
31,7,Gabby Windey,3,9,R3_Bottom2,0.11279792713458693,4,0.078819069049044,5,0.016393989425419125,-0.003556739002033,0.042769954821341535,-0.048879121533602736,-2.950996377754348,0.2733815217072144,0.0,False,
31,7,Heidi D'Amelio,4,9,R3_Bottom2,0.11322583651486606,3,0.10645015714305586,3,0.02018040448737894,0.012148589195426033,0.03425999568919849,-0.03823214534973578,-2.6325426471574045,0.007887365047865469,0.0,False,
31,7,Jordin Sparks,7,9,R3_Bottom2,0.09642024733496954,9,0.44784533285011374,1,-0.14048775884582013,-0.04104222834402116,-0.14630727154056278,-0.03187844203039001,-2.217027203468648,-0.007380107182467288,0.0,True,True
31,7,Shangela,11,9,R3_Bottom2,0.1137240148415921,2,0.0799388604390448,4,0.02457061777815218,0.029076981702723798,0.041519539875281716,-0.04143413516611419,-2.300408812745264,0.3594392850973107,0.0,False,
31,7,Trevor Donovan,13,9,R3_Bottom2,0.11162588875750917,7,0.019238703880362414,8,0.005949028155067815,0.1197796001221509,-0.007289982902132485,-0.04142651726582341,-2.8332133423104646,0.020790769666765296,0.0,False,
31,7,Vinny Guadagnino,14,9,R3_Bottom2,0.11766884389151269,1,0.1706589913638485,2,0.058670298418043845,0.026119641177665548,0.004652299437580705,-0.022770908290047753,-2.068607198849409,-0.31321537438314606,0.0,False,
31,7,Wayne Brady,15,9,R3_Bottom2,0.1117416201074997,6,0.049263363085512636,6,0.006985269826334862,0.05316720893011912,-0.008335472644923037,-0.03142777095526819,-2.237229911171514,-0.04000533474764012,0.0,False,
31,8,Charli D'Amelio,0,8,R3_Bottom2,0.1279959566871282,6,0.0019246031329747894,8,0.02585918122814449,0.13222470309837028,0.02005453175382761,-0.015138614467935473,-1.1878434220636622,-0.08923113374130409,0.0,False,
31,8,Daniel Durant,2,8,R3_Bottom2,0.1307728777555562,1,0.04622397980839467,4,0.047322567102108526,0.0724030917235981,0.06572984863877969,-0.050484521275300225,-2.6488613283392133,0.5357499001459822,0.0,False,
31,8,Gabby Windey,3,8,R3_Bottom2,0.13024846300197943,3,0.04008791282699649,5,0.04330438638443302,-0.003556739002033,0.06699983856595083,-0.05419953247902597,-1.561809862927432,1.3891865148269162,0.0,False,
31,8,Heidi D'Amelio,4,8,R3_Bottom2,0.11311062601060319,7,0.26565582668598076,2,-0.09777316275351647,0.012148589195426033,-0.09944358517687295,-0.03347889970545091,-3.182943813247159,-0.5504011660897543,0.0,True,False
31,8,Shangela,11,8,R3_Bottom2,0.12928777601433486,4,0.025843894604651245,6,0.03590124777892451,0.029076981702723798,0.02424186025967052,-0.02878359637985746,-2.8381033277176844,-0.5376945149724204,0.0,False,
31,8,Trevor Donovan,13,8,R3_Bottom2,0.13041838530684297,2,0.06627257953150521,3,0.0446081373603243,0.1197796001221509,0.05616111323878119,-0.04125181294950682,-2.7972813333057625,0.03593200900470217,0.0,False,
31,8,Vinny Guadagnino,14,8,R3_Bottom2,0.10943614450835025,8,0.5442690729804451,1,-0.13079826983017892,0.026119641177665548,-0.1712773796319468,-0.031393381592533985,-1.8890227739062908,0.17958442494311821,0.0,True,True
31,8,Wayne Brady,15,8,R3_Bottom2,0.1287297707152049,5,0.009722130329051648,7,0.031575912729760534,0.05316720893011912,0.037710939561845576,-0.03199562950836074,-2.2784875405144045,-0.04125762934289057,0.0,False,
31,9,Charli D'Amelio,0,6,R3_Bottom2,0.1706789238306161,4,0.0033130770309490517,6,0.025748568041311377,0.13222470309837028,0.016404990692027856,-0.01869591981660986,-1.0042026039240621,0.1836408181396001,0.0,False,
31,9,Daniel Durant,2,6,R3_Bottom2,0.15511669166753964,5,0.2170198322631663,2,-0.06985790193298196,0.0724030917235981,-0.07162846791497827,-0.04187526190616481,-2.217225243124707,0.43163608521450625,0.0,True,False
31,9,Gabby Windey,3,6,R3_Bottom2,0.17260614659862203,3,0.015042273820689442,5,0.03697680475527462,-0.003556739002033,0.01858839895158384,-0.016055428534628196,-2.3464369744435847,-0.7846271115161527,0.0,False,
31,9,Shangela,11,6,R3_Bottom2,0.17576082670728638,2,0.05816021510680961,4,0.055088546608584255,0.029076981702723798,0.07428487206740456,-0.049121908944820374,-1.8635852029418638,0.9745181247758206,0.0,False,
31,9,Trevor Donovan,13,6,R3_Bottom2,0.1499186851596646,6,0.6337156536953258,1,-0.10394253689928451,0.1197796001221509,-0.10459463412934178,-0.043888643319203495,-2.3815282942877367,0.41575303901802574,0.0,True,True
31,9,Wayne Brady,15,6,R3_Bottom2,0.1759187260362712,1,0.07274894798305984,3,0.055986519427096204,0.05316720893011912,0.06602750696963425,-0.03768874192823922,-1.7063996199078073,0.5720879206065972,0.0,False,
31,10,Charli D'Amelio,0,4,R3_Bottom2,0.25064556885372463,3,0.03906640552966419,4,0.002650500645057289,0.13222470309837028,0.0,-0.01410869989404966,-1.053149914271463,-0.04894731034740096,0.0,False,
31,10,Gabby Windey,3,4,R3_Bottom2,0.24506870536591682,4,0.17260050595051563,3,-0.019850762990966164,-0.003556739002033,0.0,-0.0372453008678567,-1.9459101485546488,0.40052682588893584,0.0,False,
31,10,Shangela,11,4,R3_Bottom2,0.2512444693246218,2,0.40436968214199753,1,0.005037082205183896,0.029076981702723798,0.0,-0.031515590265664556,-1.3126611096716094,0.5509240932702544,0.0,False,
31,10,Wayne Brady,15,4,R3_Bottom2,0.2530412564557367,1,0.3839634062778227,2,0.012163180140724976,0.05316720893011912,0.0,-0.026958601493136114,-1.4304441452815422,0.27595547462626513,0.0,False,
32,1,Adrian Peterson,0,14,R3_Bottom2,0.0715526578224349,9,0.02932772745461411,10,0.0019540733732394816,-0.054499629635825525,0.04734771406310574,-0.03432853188937223,-2.374905753498672,0.0,0.0,False,
32,1,Alyson Hannigan,1,14,R3_Bottom2,0.07209258885796585,3,0.08385206110643495,4,0.00947167093840437,0.022156681355892355,-0.017632643533405636,-0.03848688771941385,-2.6625878255921194,0.0,0.0,False,
32,1,Ariana Madix,2,14,R3_Bottom2,0.07156340232047191,8,0.006839974756891177,13,0.0021042242095112226,0.1043741415486042,-0.09942652190524272,-0.046277916269181756,-3.201584325300997,0.0,0.0,False,
32,1,Barry Williams,3,14,R3_Bottom2,0.07178196505536628,5,0.051177536034572375,7,0.005153683124954789,-0.032904557318188664,0.04576523850795433,-0.05114151890014238,-3.538056560939353,0.0,0.0,False,
32,1,Charity Lawson,4,14,R3_Bottom2,0.07130667644055115,13,0.0034301678430129433,14,-0.0014896165507523457,-0.023970243519497805,0.00944391984534403,-0.03039781371193007,-2.1029720382709827,0.0,0.0,False,
32,1,Harry Jowsey,5,14,R3_Bottom2,0.0724762264193768,2,0.09697713165177642,3,0.014779018324460672,-0.09110272170022278,0.0997771142007184,-0.037329895011366465,-2.5825451180288397,0.0,0.0,False,
32,1,Jamie Lynn Spears,6,14,R3_Bottom2,0.07174927707499534,6,0.06818664099590029,5,0.00469820067457119,-0.05532092084807573,0.049210615040781086,-0.03262601435346566,-2.2571227179617326,0.0,0.0,False,
32,1,Jason Mraz,7,14,R3_Bottom2,0.07153790409289269,10,0.010066788727366233,12,0.0017478581009390676,-0.0654999510981635,0.06645853191150002,-0.04264524354772894,-2.9502698975661223,0.0,0.0,False,
32,1,Lele Pons,8,14,R3_Bottom2,0.07146007454503248,12,0.02430276388555601,11,0.0006593174615999176,0.1612937606876251,-0.17367115034942662,-0.03039781371193007,-2.1029720382709827,0.0,0.0,False,
32,1,Matt Walsh,9,14,R3_Bottom2,0.06636929627573798,14,0.378294392444096,1,-0.07324503425044981,0.0016240209692342906,-0.08720051553373119,-0.031103060521284417,-2.1517622023994623,0.0,0.0,True,True
32,1,Mauricio Umansky,10,14,R3_Bottom2,0.07197164118382826,4,0.06734598174810677,6,0.007792590676520536,-0.005862023502770175,0.024587083602866124,-0.05436699025890692,-3.7612001113935625,0.0,0.0,False,
32,1,Mira Sorvino,11,14,R3_Bottom2,0.07172766632469503,7,0.045444460488435943,8,0.004396957144402774,-0.057254083898182484,0.06672263711402475,-0.048506116906770994,-3.3557350047187313,0.0,0.0,False,
32,1,Tyson Beckford,12,14,R3_Bottom2,0.07289414422795785,1,0.09716717984339829,2,0.02052873139260708,0.1487401116014729,-0.12729813996228836,-0.04434776108190897,-3.0680529329836173,0.0,0.0,False,
32,1,Xochitl Gomez,13,14,R3_Bottom2,0.07151647935869349,11,0.037587192919838516,9,0.0014483253799909557,-0.09186169527748579,0.08836238754155909,-0.03848688771941385,-2.6625878255921194,0.0,0.0,False,
32,2,Adrian Peterson,0,13,R3_Bottom2,0.07857410970104065,3,0.09620481988237252,4,0.021640749609886312,-0.054499629635825525,0.020495570731029093,-0.03409783008447605,-2.4026685502111786,-0.0277627967125067,0.0,False,
32,2,Alyson Hannigan,1,13,R3_Bottom2,0.07666684355613426,8,0.051292067601328956,8,-0.002932174940565621,0.022156681355892355,-0.012867725469361976,-0.03780690100632068,-2.744417843746101,-0.0818300181539815,0.0,False,
32,2,Ariana Madix,2,13,R3_Bottom2,0.07679440457444268,7,0.03780994635608016,9,-0.0012697220511067656,0.1043741415486042,0.0016634027087569117,-0.04976324131313972,-2.7821581716306567,0.4194261536703401,0.0,False,
32,2,Barry Williams,3,13,R3_Bottom2,0.07883312585375278,2,0.09384119483430975,5,0.02493178493721384,-0.032904557318188664,0.04192137486716043,-0.0567577083366525,-2.86220087920804,0.675855681731313,0.0,False,
32,2,Charity Lawson,4,13,R3_Bottom2,0.07636789392182547,12,0.028934430484870485,11,-0.0068391312239170984,-0.023970243519497805,-0.016018845661454926,-0.025067561626788533,-2.744417843746101,-0.6414458054751182,0.0,False,
32,2,Harry Jowsey,5,13,R3_Bottom2,0.07856270419522005,4,0.10111585845127026,3,0.021495583043786067,-0.09110272170022278,0.018733856750588144,-0.04174465108645588,-2.0512706639639333,0.5312744540649064,0.0,False,
32,2,Jamie Lynn Spears,6,13,R3_Bottom2,0.07040444911342937,13,0.2932005240962141,1,-0.0881450436458644,-0.05532092084807573,-0.09382728184083847,-0.03204798900184627,-2.3266826433333847,-0.06955992537165212,0.0,True,True
32,2,Jason Mraz,7,13,R3_Bottom2,0.07665871126778366,9,0.0038728228891458374,13,-0.0030382536482874353,-0.0654999510981635,0.00967679615998212,-0.04697406558937821,-2.429336797796896,0.5209330997692265,0.0,False,
32,2,Lele Pons,8,13,R3_Bottom2,0.0764070444634504,10,0.03238156155087791,10,-0.006326605506077103,0.1612937606876251,-0.02717823784016306,-0.02873907982217765,-2.302585092022617,-0.19961305375163452,0.0,False,
32,2,Mauricio Umansky,10,13,R3_Bottom2,0.0795464217678518,1,0.11507699568537968,2,0.03393927040568447,-0.005862023502770175,0.05050165575917096,-0.06072783401910457,-2.9957322715825625,0.765467839811,0.0,False,
32,2,Mira Sorvino,11,13,R3_Bottom2,0.07747153842328075,5,0.0672834224901319,7,0.007509120309788071,-0.057254083898182484,0.022804986318507643,-0.0526072604159149,-2.86220087920804,0.49353412551069153,0.0,False,
32,2,Tyson Beckford,12,13,R3_Bottom2,0.0773391267578373,6,0.07213411218215461,6,0.00579849271733323,0.1487401116014729,-0.013694471229736733,-0.047630892536877675,-2.6729588798367527,0.3950940531468645,0.0,False,
32,2,Xochitl Gomez,13,13,R3_Bottom2,0.07637362640395078,11,0.006852243395863829,12,-0.006764070007873595,-0.09186169527748579,-0.0001631994956687755,-0.038682420189163555,-2.63905732824383,0.02353049734828927,0.0,False,
32,3,Adrian Peterson,0,12,R3_Bottom2,0.08447696113094176,2,0.09689106822905819,2,0.014177499464635302,-0.054499629635825525,0.0020066742127338244,-0.03569375614881104,-2.286669636515644,0.11599891369553461,0.0,False,
32,3,Alyson Hannigan,1,12,R3_Bottom2,0.08427773332219785,5,0.06438134956697916,5,0.01181634557853782,0.022156681355892355,0.020162382978207202,-0.038931847360622995,-2.8332133424765367,-0.0887954987304358,0.0,False,
32,3,Ariana Madix,2,12,R3_Bottom2,0.083939646261513,7,0.0012965455245726593,12,0.007796695329033158,0.1043741415486042,0.009904344962746201,-0.04016036762947875,-2.788761579890683,-0.006603408260026367,0.0,False,
32,3,Barry Williams,3,12,R3_Bottom2,0.08444386270382151,3,0.051611807661982215,7,0.013785618501797936,-0.032904557318188664,-0.0014474983966075525,-0.0372414117786978,-3.359306437227861,-0.49710555801982137,0.0,False,
32,3,Charity Lawson,4,12,R3_Bottom2,0.08360607062921899,11,0.014701612794914063,10,0.0038147842514092076,-0.023970243519497805,0.021113966936648403,-0.040935842933348406,-2.592051286014194,0.15236655773190666,0.0,False,
32,3,Harry Jowsey,5,12,R3_Bottom2,0.08419067294673119,6,0.07790030797344691,4,0.010782794123463064,-0.09110272170022278,-0.0013046429352171272,-0.03300497294616591,-1.6475896779538983,0.403680986010035,0.0,False,
32,3,Jason Mraz,7,12,R3_Bottom2,0.08393312675312525,8,0.007326418981363823,11,0.007719023312613153,-0.0654999510981635,0.019165282956134868,-0.03561746608639189,-2.368907734645699,0.06042906315119678,0.0,False,
32,3,Lele Pons,8,12,R3_Bottom2,0.08376673777558231,9,0.039048580292488505,8,0.00573465638888462,0.1612937606876251,0.002319891654445812,-0.0340468360127754,-2.2106837296289927,0.09190136239362445,0.0,False,
32,3,Mauricio Umansky,10,12,R3_Bottom2,0.08479309965251686,1,0.09370925924612154,3,0.017912819079830576,-0.005862023502770175,0.0023614633152633183,-0.04723018813934993,-2.5230584145805763,0.47267385700198616,0.0,False,
32,3,Mira Sorvino,11,12,R3_Bottom2,0.08431234667654605,4,0.052646821023676384,6,0.01222696706747485,-0.057254083898182484,0.01761981301735241,-0.039945589450159864,-3.0338840375154557,-0.17168315830741587,0.0,False,
32,3,Tyson Beckford,12,12,R3_Bottom2,0.07455687825247596,12,0.47851439431079995,1,-0.11073904781551433,0.1487401116014729,-0.12124237586773914,-0.03730512414520284,-2.8332133424765367,-0.16025446263978393,0.0,True,True
32,3,Xochitl Gomez,13,12,R3_Bottom2,0.08370286389532924,10,0.02197183429459665,9,0.004971844717834725,-0.09186169527748579,0.025804486374912394,-0.03964698195088688,-2.458519893489672,0.18053743475415818,0.0,False,
32,4,Adrian Peterson,0,11,R3_Bottom2,0.08172489614237499,11,0.23912450591924211,1,-0.10565847452098452,-0.054499629635825525,-0.11039536442788153,-0.033441338289042305,-2.2399495210229436,0.04672011549270039,0.0,True,True
32,4,Alyson Hannigan,1,11,R3_Bottom2,0.09445831577555491,3,0.1330640309975165,2,0.03914147796885373,0.022156681355892355,0.04223288334592072,-0.04460214598944148,-2.39410020065794,0.43911314181859673,0.0,False,
32,4,Ariana Madix,2,11,R3_Bottom2,0.08939327053314713,8,0.01998191748584876,10,-0.015971750644339113,0.1043741415486042,-0.018477063170951956,-0.041199661444290686,-2.681782272744443,0.10697930714623993,0.0,False,
32,4,Barry Williams,3,11,R3_Bottom2,0.09488729293162407,1,0.13024122848598255,3,0.04367264077698707,-0.032904557318188664,0.054397446324411486,-0.05009544019321382,-3.1742587568215304,0.1850476804063308,0.0,False,
32,4,Charity Lawson,4,11,R3_Bottom2,0.08900476195724728,9,0.044250877617711064,9,-0.020327282873757273,-0.023970243519497805,-0.018460001545890725,-0.03262930720794809,-3.1742587568215304,-0.5822074708073361,0.0,False,
32,4,Harry Jowsey,5,11,R3_Bottom2,0.09283020470103957,5,0.09121170157207793,6,0.021754912214558154,-0.09110272170022278,0.012907553101190548,-0.023543307013587846,-1.6803337336584392,-0.032744055704540864,0.0,False,
32,4,Jason Mraz,7,11,R3_Bottom2,0.08962982431940322,7,0.04728039865296068,8,-0.01332903100948336,-0.0654999510981635,-0.00779468705684108,-0.03692682971897577,-2.0457935070061457,0.32311422763955333,0.0,False,
32,4,Lele Pons,8,11,R3_Bottom2,0.09135868393791549,6,0.08048909105153555,7,0.0057761842588114655,0.1612937606876251,-0.007831846039699256,-0.03228487503428005,-2.170956649562897,0.0397270800660956,0.0,False,
32,4,Mauricio Umansky,10,11,R3_Bottom2,0.09462513186421367,2,0.11666711340709117,4,0.04090594898967437,-0.005862023502770175,0.029929262001344707,-0.03417233080464668,-2.799565308280688,-0.2765068937001116,0.0,False,
32,4,Mira Sorvino,11,11,R3_Bottom2,0.09329563001450539,4,0.09319399356786177,5,0.026756112443192318,-0.057254083898182484,0.03736608051989729,-0.04677973664584142,-2.681782272744443,0.3521017647710125,0.0,False,
32,4,Xochitl Gomez,13,11,R3_Bottom2,0.08879198782297423,10,0.00449514114217192,11,-0.022720737603512824,-0.09186169527748579,-0.013592018586710566,-0.03607245987607977,-2.39410020065794,0.06441969283173199,0.0,False,
32,5,Alyson Hannigan,1,10,R3_Bottom2,0.10409722468200541,2,0.12405706320252893,3,0.041143600448345294,0.022156681355892355,0.007859461276192626,-0.033027982859522236,-2.583997551076099,-0.18989735041815914,0.0,False,
32,5,Ariana Madix,2,10,R3_Bottom2,0.10099226138634484,5,0.062233838599291554,7,0.01086217926665349,0.1043741415486042,0.02975015149956152,-0.03998233770135846,-2.5352073870197627,0.14657488572468047,0.0,False,
32,5,Barry Williams,3,10,R3_Bottom2,0.1010567467317514,3,0.06625767007297971,6,0.011500493190554364,-0.032904557318188664,-0.007224837516334154,-0.04782397622903557,-2.940672494425546,0.23358626239598435,0.0,False,
32,5,Charity Lawson,4,10,R3_Bottom2,0.09945298928069125,9,0.007235989626055386,10,-0.00449665172711515,-0.023970243519497805,0.04098027820163953,-0.05328164772395555,-2.28389295901928,0.8903657978022506,0.0,False,
32,5,Harry Jowsey,5,10,R3_Bottom2,0.10512366356166587,1,0.15232545701788047,2,0.05095569066054477,-0.09110272170022278,0.03349651629113373,-0.024558188334336924,-1.6479041927611566,0.03242954089728256,0.0,False,
32,5,Jason Mraz,7,10,R3_Bottom2,0.10033439838854573,6,0.021663473093888243,8,0.004326876490686554,-0.0654999510981635,0.022025215029458853,-0.029004587468998394,-2.1139939223459887,-0.068200415339843,0.0,False,
32,5,Lele Pons,8,10,R3_Bottom2,0.10022813935384393,7,0.07787566186019285,4,0.003267266397595829,0.1612937606876251,-0.011980931988724424,-0.030128425677476516,-2.3216332869259158,-0.15067663736301862,0.0,False,
32,5,Mauricio Umansky,10,10,R3_Bottom2,0.10100588261785874,4,0.07660875215564478,5,0.010997044184365451,-0.005862023502770175,-0.012269896019551705,-0.042663602413403945,-2.5352073870197627,0.2643579212609253,0.0,False,
32,5,Mira Sorvino,11,10,R3_Bottom2,0.08816514516517106,10,0.39732640675111447,1,-0.12497000932644034,-0.057254083898182484,-0.13449029352313216,-0.03957690380269408,-2.583997551076099,0.09778472166834407,0.0,True,True
32,5,Xochitl Gomez,13,10,R3_Bottom2,0.09954354883212187,8,0.014415687520423773,9,-0.003586489585190339,-0.09186169527748579,0.03291105622752358,-0.0371892985883811,-2.0832222637355797,0.3108779369223602,0.0,False,
32,6,Alyson Hannigan,1,9,R3_Bottom2,0.11671520945798462,2,0.13430034477647299,3,0.050569644851425205,0.022156681355892355,0.031887993394855346,-0.042595527290241963,-1.9528546204558836,0.6311429306202154,0.0,False,
32,6,Ariana Madix,2,9,R3_Bottom2,0.11107371104177867,5,0.0076010380620815795,9,0.0010268288645802794,0.1043741415486042,-0.0029815795608002893,-0.035093545547641346,-2.721987707474111,-0.18678032045434811,0.0,False,
32,6,Barry Williams,3,9,R3_Bottom2,0.1156085524845712,3,0.12115006085422804,4,0.04104272143754479,-0.032904557318188664,0.05102226514801209,-0.03978209151618525,-3.2685314125924196,-0.3278589181668736,0.0,False,
32,6,Charity Lawson,4,9,R3_Bottom2,0.11028070088963882,6,0.0505346054199986,6,-0.006138273813005267,-0.023970243519497805,0.011700402503218547,-0.03344053529895745,-2.2324394827238256,0.05145347629545416,0.0,False,
32,6,Harry Jowsey,5,9,R3_Bottom2,0.11755812808375195,1,0.17177415745197655,2,0.05776570285812208,-0.09110272170022278,0.017030580074721274,-0.021486131805525173,-1.9287570691375082,-0.2808528763763516,0.0,False,
32,6,Jason Mraz,7,9,R3_Bottom2,0.11109040870685148,4,0.04498307937922846,7,0.001177147152908252,-0.0654999510981635,0.009680406369224107,-0.02930040394765602,-2.265229305483483,-0.1512353831374944,0.0,False,
32,6,Lele Pons,8,9,R3_Bottom2,0.11027021345141426,7,0.09095277979125814,5,-0.006233376009827124,0.1612937606876251,-0.008935178757272256,-0.0334538842917697,-2.3342221769373395,-0.012588890011423715,0.0,False,
32,6,Mauricio Umansky,10,9,R3_Bottom2,0.0972235339973699,9,0.3674621417045274,1,-0.13215441401989242,-0.005862023502770175,-0.11951243350195705,-0.04392592702681636,-1.6590935025328646,0.8761138844868981,0.0,True,True
32,6,Xochitl Gomez,13,9,R3_Bottom2,0.11017954188663898,8,0.011241792460228292,8,-0.007055981321855788,-0.09186169527748579,0.010525755746620001,-0.02913620316112285,-2.2006907843748706,-0.11746852063929092,0.0,False,
32,7,Alyson Hannigan,1,8,R3_Bottom2,0.12876911102512065,3,0.10098449285531294,5,0.031379322360827744,0.022156681355892355,-0.011516677669553102,-0.02643135307252902,-2.1690536995710534,-0.21619907911516978,0.0,False,
32,7,Ariana Madix,2,8,R3_Bottom2,0.12057810837919289,7,0.022984128254235143,8,-0.03434389605889801,0.1043741415486042,-0.0193906885234416,-0.04423183618756305,-2.133962379719759,0.5880253277543517,0.0,False,
32,7,Barry Williams,3,8,R3_Bottom2,0.13282852601441117,1,0.16389259099229758,3,0.062417376986393394,-0.032904557318188664,0.05186981282176801,-0.04597185420865516,-3.421816665718207,-0.15328525312578734,0.0,False,
32,7,Charity Lawson,4,8,R3_Bottom2,0.12365772961123771,6,0.0962554431562974,6,-0.009124137280834641,-0.023970243519497805,0.01689561773494475,-0.03940161138056485,-1.374123824984,0.8583156577398257,0.0,False,
32,7,Harry Jowsey,5,8,R3_Bottom2,0.13205822109587648,2,0.20355768084187092,2,0.056601252938048234,-0.09110272170022278,0.013005529063537507,-0.024248173147041283,-2.365763993547698,-0.43700692441018996,0.0,False,
32,7,Jason Mraz,7,8,R3_Bottom2,0.12476045010628532,5,0.11312662247341077,4,-0.0002461418038702083,-0.0654999510981635,0.016118542960123047,-0.03354238749346724,-2.1690536995710534,0.09617560591242968,0.0,False,
32,7,Lele Pons,8,8,R3_Bottom2,0.10937424690363147,8,0.219157938610061,1,-0.1318661821126182,0.1612937606876251,-0.1233961626767571,-0.03511297149794376,-2.1690536995710534,0.16516847736628604,0.0,True,True
32,7,Xochitl Gomez,13,8,R3_Bottom2,0.12797360686424433,4,0.08004110271651435,7,0.025182404970951665,-0.09186169527748579,0.052370800643971975,-0.0348266980989869,-1.8376965638276916,0.362994220547179,0.0,False,
32,8,Alyson Hannigan,1,7,R3_Bottom2,0.14240510633626485,4,0.11111850136147798,4,-0.0019938784808654735,0.022156681355892355,-0.019238067352644807,-0.03161345826136575,-2.137710448986378,0.03134325058467535,0.0,False,
32,8,Ariana Madix,2,7,R3_Bottom2,0.14269580690210648,3,0.0003099819274628764,7,4.540412460695559e-05,0.1043741415486042,0.04157219357336209,-0.0353212014695602,-1.595386158708551,0.5385762210112082,0.0,False,
32,8,Barry Williams,3,7,R3_Bottom2,0.12933652966410214,7,0.3928135594132539,1,-0.09825197137132485,-0.032904557318188664,-0.11863395614739128,-0.05330976389847358,-2.9586909998460262,0.46312566587218074,0.0,True,True
32,8,Charity Lawson,4,7,R3_Bottom2,0.14153012081769142,5,0.05397363022056653,5,-0.00815717351913077,-0.023970243519497805,0.0017222129243332324,-0.017828370673183633,-1.6189166558744483,-0.24479283089044834,0.0,False,
32,8,Harry Jowsey,5,7,R3_Bottom2,0.15087852534532328,2,0.21898804575166889,2,0.05580530922639841,-0.09110272170022278,0.028737304571552748,-0.037033190376992944,-2.024381763765946,0.34138222978175214,0.0,False,
32,8,Jason Mraz,7,7,R3_Bottom2,0.15167280781422873,1,0.17317395358257667,3,0.061055884627123566,-0.0654999510981635,0.0804162629865646,-0.03255519091523372,-2.024381763765946,0.1446719358051074,0.0,False,
32,8,Xochitl Gomez,13,7,R3_Bottom2,0.1414811031202831,6,0.04962232764299295,6,-0.008503574606807843,-0.09186169527748579,-0.016528845297314153,-0.026866298018124363,-1.801238212281736,0.03645835154595556,0.0,False,
32,9,Alyson Hannigan,1,6,R3_Bottom2,0.17049058834421857,2,0.1348872751221903,2,0.02368450699991778,0.022156681355892355,0.044923888248264834,-0.03528975765417903,-1.6094379120341002,0.5282725369522778,0.0,False,
32,9,Ariana Madix,2,6,R3_Bottom2,0.17113946723600043,1,0.06615362336186827,4,0.02748323408190252,0.1043741415486042,0.0240813978692973,-0.018465125179038044,-2.1484344124096446,-0.5530482537010937,0.0,False,
32,9,Charity Lawson,4,6,R3_Bottom2,0.16890039804192888,4,0.06852340243171766,3,0.014313592610248107,-0.023970243519497805,0.027475237954548887,-0.018169115566630513,-2.248517870929033,-0.6296012150545847,0.0,False,
32,9,Harry Jowsey,5,6,R3_Bottom2,0.15054289550747305,6,0.7048382194714387,1,-0.10074752431123477,-0.09110272170022278,-0.1277955246812985,-0.03247580088169261,-1.6376087887007966,0.3867729750651494,0.0,True,True
32,9,Jason Mraz,7,6,R3_Bottom2,0.17013483875180588,3,0.0003746283568933401,6,0.021595703913236213,-0.0654999510981635,-0.01148598772150143,-0.03315917863633294,-1.5553706905269824,0.4690110732389636,0.0,False,
32,9,Xochitl Gomez,13,6,R3_Bottom2,0.16879181211857316,5,0.025222851155891766,5,0.013670486705930159,-0.09186169527748579,0.04026401511740155,-0.026387585177414363,-1.7589696459566768,0.042268566325059265,0.0,False,
32,10,Alyson Hannigan,1,5,R3_Bottom2,0.20198982350941183,1,0.30965401202531173,1,0.009934740671184565,0.022156681355892355,0.0,-0.024493108576372626,-1.461517781894978,0.1479201301391222,0.0,False,
32,10,Ariana Madix,2,5,R3_Bottom2,0.20122382962203222,2,0.11819364927372364,5,0.0061352919029740004,0.1043741415486042,0.0,-0.03774180863523821,-1.3437347463177614,0.8046996660918833,0.0,False,
32,10,Charity Lawson,4,5,R3_Bottom2,0.19783028175105705,5,0.1696572981168864,3,-0.010873076547766676,-0.023970243519497805,0.0,-0.03328152782494596,-2.1546649621174234,0.09385290881160957,0.0,False,
32,10,Jason Mraz,7,5,R3_Bottom2,0.20074022884013715,3,0.24752018111095941,2,0.0037291015730595064,-0.0654999510981635,0.0,-0.022444286560148026,-1.5599578546603858,-0.004587164133403432,0.0,False,
32,10,Xochitl Gomez,13,5,R3_Bottom2,0.19821583627736172,4,0.15497485937311875,4,-0.008926057599451398,-0.09186169527748579,0.0,-0.025845769905241227,-1.708377859777004,0.05059178617967275,0.0,False,
32,11,Alyson Hannigan,1,5,R3_Bottom2,0.20297151685403544,2,0.32449628679461306,1,0.01487054169257612,0.022156681355892355,0.0,-0.020641265351940486,-1.5198257531778954,-0.058307971282917315,0.0,False,
32,11,Ariana Madix,2,5,R3_Bottom2,0.2036434650074508,1,0.09418497329893633,5,0.01817562780629061,0.1043741415486042,0.0,-0.019734747285109742,-1.3062516531600563,0.03748309315770504,0.0,False,
32,11,Charity Lawson,4,5,R3_Bottom2,0.19557331050700943,5,0.2618001991546604,2,-0.02225981750083831,-0.023970243519497805,0.0,-0.035139418878905704,-1.673976432928963,0.4806885291884604,0.0,False,
32,11,Jason Mraz,7,5,R3_Bottom2,0.20043820502992832,3,0.11938112184439828,4,0.002310878461567651,-0.0654999510981635,0.0,-0.021126273351547813,-1.731134847031657,-0.17117699237127115,0.0,False,
32,11,Xochitl Gomez,13,5,R3_Bottom2,0.19737350260157602,4,0.20013741880739186,3,-0.013097230459596092,-0.09186169527748579,0.0,-0.02289158421180103,-1.9252908610932025,-0.2169130013161984,0.0,False,
33,1,Anna Delvey,0,13,R3_Bottom2,0.07160259718633999,12,0.15400384368554754,2,-0.07088104335448048,-0.05024864402476423,-0.006993928136622693,-0.039772596258003806,-2.7515353114752825,0.0,0.0,False,
33,1,Brooks Nader,1,13,R3_Bottom2,0.07775515483887072,6,0.07262943592316248,6,0.01155245882453991,0.03408300009847817,-0.017208781741379665,-0.03145588459746885,-2.176171167257137,0.0,0.0,False,
33,1,Chandler Kinney,2,13,R3_Bottom2,0.07606793049534409,9,0.001746652047935685,13,-0.010385626843242762,-0.010846005382459648,0.02259512508870694,-0.048268871614400306,-3.3393219751240677,0.0,0.0,False,
33,1,Danny Amendola,3,13,R3_Bottom2,0.07942457038470235,4,0.021911113787903867,10,0.03279538085660212,0.06907314360342243,-0.01900661883085142,-0.04340526898087914,-3.0028497393085694,0.0,0.0,False,
33,1,Dwight Howard ,4,13,R3_Bottom2,0.07980881798719001,3,0.006325343351153989,12,0.037621609228128336,0.0750815725717697,-0.020188819427672474,-0.04340526898087914,-3.0028497393085694,0.0,0.0,False,
33,1,Eric Roberts,5,13,R3_Bottom2,0.07801363159801387,5,0.1407097225126811,3,0.014871185281784983,0.0014987740168547052,0.028713399992826207,-0.04147511379280618,-2.8693183469358323,0.0,0.0,False,
33,1,Ilona Maher,6,13,R3_Bottom2,0.08110064710938135,1,0.048710585721486246,7,0.05367855002798928,0.11079812415136252,-0.048796451468174115,-0.03445724772010937,-2.383810531832016,0.0,0.0,False,
33,1,Jenn Tran,7,13,R3_Bottom2,0.08083610700903611,2,0.032924930467599096,8,0.05041134441913644,0.09213005637130563,-0.04499326066025625,-0.02285957635682319,-1.5814640599054874,0.0,0.0,False,
33,1,Joey Graziadei,8,13,R3_Bottom2,0.07748625128769712,7,0.018269302446630338,11,0.008088127666736635,0.0164572632847397,0.0011109797455306834,-0.035614240428444,-2.463853239415168,0.0,0.0,False,
33,1,Phaedra Parks,9,13,R3_Bottom2,0.07122096358230494,13,0.12473750888951364,5,-0.07622518279846567,-0.14261560007004684,0.0817314059994771,-0.04147511379280618,-2.8693183469358323,0.0,0.0,False,
33,1,Reginald VelJohnson,10,13,R3_Bottom2,0.07458709477271461,11,0.2188675042544264,1,-0.030044890293488474,-0.08056446572908615,0.06263509279739332,-0.038249642426705886,-2.6461747959741224,0.0,0.0,False,
33,1,Stephen Nedoroscik,11,13,R3_Bottom2,0.07500089250061552,10,0.031669582512246906,9,-0.024512376741732525,-0.037182906571137916,0.023408367871685192,-0.03687196310719006,-2.5508646162979796,0.0,0.0,False,
33,1,Tori Spelling,12,13,R3_Bottom2,0.07709534124778937,8,0.1274944742997126,4,0.003030463726492162,0.08624556063815733,-0.06371575235704015,-0.04563346961953527,-3.1570004188001133,0.0,0.0,False,
33,2,Anna Delvey,0,13,R3_Bottom2,0.07086177437151799,13,0.30207931543837546,1,-0.08144576668566689,-0.05024864402476423,-0.007509435300310051,-0.04287306361147795,-2.378423168347493,0.3731121431277895,0.0,True,True
33,2,Brooks Nader,1,13,R3_Bottom2,0.07767591144290936,4,0.047823042286255155,6,0.01036828293437262,0.03408300009847817,-0.019430428642361035,-0.021708294956467776,-3.3492020837765057,-1.1730309165193686,0.0,False,
33,2,Chandler Kinney,2,13,R3_Bottom2,0.07731428377424698,9,0.0011891589651556974,13,0.0057018158151256465,-0.010846005382459648,0.0263022085716227,-0.04851268460190351,-3.3099813706543006,0.02934060446976705,0.0,False,
33,2,Danny Amendola,3,13,R3_Bottom2,0.07760064904038895,5,0.02974136280080326,9,0.009398884743428228,0.06907314360342243,-0.023814442030462072,-0.04052716877266835,-3.3492020837765057,-0.3463523444679364,0.0,False,
33,2,Dwight Howard ,4,13,R3_Bottom2,0.07740683048723837,7,0.016160539418560275,12,0.006898119557771656,0.0750815725717697,-0.024674739156483945,-0.04707904960845882,-2.560744725107508,0.4421050142010614,0.0,False,
33,2,Eric Roberts,5,13,R3_Bottom2,0.08032510612621796,1,0.10108725407156643,4,0.04390531987805149,0.0014987740168547052,0.032633381018831197,-0.040966778319619514,-2.9304917495894784,-0.061173402653646125,0.0,False,
33,2,Ilona Maher,6,13,R3_Bottom2,0.07732626765534707,8,0.03503502425137793,8,0.005856805965035079,0.11079812415136252,-0.05894918526147905,-0.03131944679309246,-2.7614154201001644,-0.3776048882681482,0.0,False,
33,2,Jenn Tran,7,13,R3_Bottom2,0.07823415685221184,3,0.06995419511405095,5,0.017529434245134624,0.09213005637130563,-0.05597803307935152,-0.018241043708724976,-2.1372611117617737,-0.5557970518562863,0.0,False,
33,2,Joey Graziadei,8,13,R3_Bottom2,0.07721234203009902,10,0.02045222648647825,11,0.00438240877564644,0.0164572632847397,0.0012479158551073277,-0.04388777110270579,-1.468211483133386,0.9956417562817821,0.0,False,
33,2,Phaedra Parks,9,13,R3_Bottom2,0.07752954107606523,6,0.03859305378505096,7,0.008482132572229732,-0.14261560007004684,0.09389314811130796,-0.04273311003073563,-2.717930308014988,0.15138803892084418,0.0,False,
33,2,Reginald VelJohnson,10,13,R3_Bottom2,0.08009216414044397,2,0.10594755494036345,3,0.041001116993738755,-0.08056446572908615,0.0722421844560391,-0.03588704059516561,-2.9304917495894784,-0.284316953615356,0.0,False,
33,2,Stephen Nedoroscik,11,13,R3_Bottom2,0.07711751026209872,11,0.024348015702961582,10,0.0031534595020314693,-0.037182906571137916,0.02776063412081097,-0.037512904399395086,-2.4737333480439387,0.07713126825404082,0.0,False,
33,2,Tori Spelling,12,13,R3_Bottom2,0.07130346274121462,12,0.20758925663900057,2,-0.07523201429689877,0.08624556063815733,-0.07485815070826972,-0.04773154896432193,-2.9045162634974186,0.25248415530269464,0.0,True,False
33,3,Brooks Nader,1,11,R3_Bottom2,0.09237074686791162,6,0.0189128916171918,9,0.01672160381308948,0.03408300009847817,0.03220726948624615,-0.056486396619203544,-2.3774864000945404,0.9717156836819654,0.0,False,
33,3,Chandler Kinney,2,11,R3_Bottom2,0.0925618874096053,5,0.0019186601813083247,11,0.018788741508967845,-0.010846005382459648,0.03824500833732221,-0.05288938141835119,-2.7029088001915613,0.6070725704627393,0.0,False,
33,3,Danny Amendola,3,11,R3_Bottom2,0.09289975104072161,3,0.027648563177277027,7,0.022432233583144896,0.06907314360342243,0.03141184583969481,-0.05160203839999371,-2.965273064234437,0.3839290195420686,0.0,False,
33,3,Dwight Howard ,4,11,R3_Bottom2,0.0931859675241481,1,0.06492044617894124,3,0.025508414940175233,0.0750815725717697,0.0241867436893543,-0.039413126462128904,-2.272125884494492,0.2886188406130161,0.0,False,
33,3,Eric Roberts,5,11,R3_Bottom2,0.08417660522484031,10,0.2709165275889749,2,-0.0761716974145164,0.0014987740168547052,-0.10235966656249185,-0.04358537852464766,-2.7829515076638156,0.14754024192566284,0.0,True,False
33,3,Ilona Maher,6,11,R3_Bottom2,0.09260301288862892,4,0.05313122481985556,5,0.019232945347099257,0.11079812415136252,0.023052306782088947,-0.04616146277683049,-2.009761620262385,0.7516537998377792,0.0,False,
33,3,Jenn Tran,7,11,R3_Bottom2,0.09208187207684572,8,0.0247546720091262,8,0.013589362819211323,0.09213005637130563,-0.005378785184581162,-0.03286035862276043,-1.9005623283785604,0.23669878338321326,0.0,False,
33,3,Joey Graziadei,8,11,R3_Bottom2,0.09204114248199634,9,0.004280234114928775,10,0.013146945605792163,0.0164572632847397,-0.008341237711849376,-0.012687953904739549,-2.4952694356787015,-1.0270579525453156,0.0,False,
33,3,Phaedra Parks,9,11,R3_Bottom2,0.09292797089905112,2,0.05782196903837633,4,0.022735954236359393,-0.14261560007004684,0.03681842675494094,-0.04060080294101998,-2.5598079566729393,0.15812235134204888,0.0,False,
33,3,Reginald VelJohnson,10,11,R3_Bottom2,0.08293637461051794,11,0.44576848133310487,1,-0.09101498949676953,-0.08056446572908615,-0.10859488837596326,-0.04358537852464766,-2.7829515076638156,0.14754024192566284,0.0,True,True
33,3,Stephen Nedoroscik,11,11,R3_Bottom2,0.09221466897573297,7,0.0299263298409151,6,0.015030485057446401,-0.037182906571137916,0.024453576918160577,-0.03859374760909561,-2.1323639422523764,0.3413694057915624,0.0,False,
33,4,Brooks Nader,1,9,R3_Bottom2,0.10111785056599996,9,0.21331917113016746,1,-0.09333090662242939,0.03408300009847817,-0.09355209900383964,-0.03578024866948031,-2.20727491231063,0.17021148778391026,0.0,True,True
33,4,Chandler Kinney,2,9,R3_Bottom2,0.11469977683810745,2,0.09602845325567326,7,0.03270049799444201,-0.010846005382459648,0.042378898139437356,-0.04436063440237071,-2.0661963139071835,0.6367124862843778,0.0,False,
33,4,Danny Amendola,3,9,R3_Bottom2,0.10728545831569654,7,0.009113992596224923,9,-0.03412446369164079,0.06907314360342243,-0.0333729609248488,-0.04457333224634158,-2.759343493993445,0.205929570240992,0.0,False,
33,4,Dwight Howard ,4,9,R3_Bottom2,0.11596701307472092,1,0.1724944697178027,2,0.04368820009474675,0.0750815725717697,0.028886962734772367,-0.032308058911300945,-2.3364866436307614,-0.0643607591362696,0.0,False,
33,4,Ilona Maher,6,9,R3_Bottom2,0.11396255175418796,4,0.11387773283781708,5,0.026252320519128736,0.11079812415136252,0.010974253143082069,-0.028581527798975062,-2.0661963139071835,-0.05643469364479836,0.0,False,
33,4,Jenn Tran,7,9,R3_Bottom2,0.11378030992733094,5,0.12578568357167333,4,0.02465190271099179,0.09213005637130563,0.01558266816162523,-0.028208288449905493,-1.811962176167411,0.08860015221114947,0.0,False,
33,4,Joey Graziadei,8,9,R3_Bottom2,0.10674734960700334,8,0.03335651955244263,8,-0.03915275676220646,0.0164572632847397,-0.03010156900031077,-0.04046550895666941,-1.966112855688547,0.5291565799901545,0.0,False,
33,4,Phaedra Parks,9,9,R3_Bottom2,0.11442096455704799,3,0.1284873419195065,3,0.030266738248526888,-0.14261560007004684,0.03998185368768298,-0.03856537988167307,-2.371577963475283,0.18822999319765632,0.0,False,
33,4,Stephen Nedoroscik,11,9,R3_Bottom2,0.11201872535990481,6,0.10753663531869216,6,0.00904846750844044,-0.037182906571137916,0.007305315578300736,-0.02755390366433233,-2.5257286430882555,-0.39336470083587916,0.0,False,
33,5,Chandler Kinney,2,8,R3_Bottom2,0.12552066370682685,5,0.009821287385531414,8,0.005035942626191083,-0.010846005382459648,-0.01977043011047219,-0.026650678799287356,-2.4531579503539307,-0.3869616364467472,0.0,False,
33,5,Danny Amendola,3,8,R3_Bottom2,0.1268103665304427,3,0.055688960879485015,6,0.015258340190751379,0.06907314360342243,0.07076155047686149,-0.050709063788355824,-1.4568245113856622,1.302518982607783,0.0,False,
33,5,Dwight Howard ,4,8,R3_Bottom2,0.1292934754340062,2,0.12327996338189937,3,0.0346503703815247,0.0750815725717697,0.00297876314105282,-0.03617299877683938,-2.0476928426332663,0.2887938009974951,0.0,False,
33,5,Ilona Maher,6,8,R3_Bottom2,0.12516979982851512,7,0.04684580824707075,7,0.002236760699118101,0.11079812415136252,-0.02349696130190451,-0.028504945158638127,-2.2300143992722212,-0.16381808536503772,0.0,False,
33,5,Jenn Tran,7,8,R3_Bottom2,0.12559770646529017,4,0.07844427562952187,4,0.00564953979813625,0.09213005637130563,-0.021760485697530904,-0.023998400757142845,-2.0758637192921054,-0.2639015431246945,0.0,False,
33,5,Joey Graziadei,8,8,R3_Bottom2,0.12536733722437068,6,0.05827978640605283,5,0.003813672123213343,0.0164572632847397,0.045682239658740006,-0.028617166504669233,-1.94233232730294,0.023780528385606958,0.0,False,
33,5,Phaedra Parks,9,8,R3_Bottom2,0.11227736849562793,8,0.4746449238485707,1,-0.10646213920582781,-0.14261560007004684,-0.11291717341959924,-0.03324886108264067,-2.495717564678705,-0.12413960120342216,0.0,True,True
33,5,Stephen Nedoroscik,11,8,R3_Bottom2,0.1299632823149203,1,0.15299499412186812,2,0.039817513386892975,-0.037182906571137916,0.04998276186156914,-0.03777680902990896,-2.3731152427313558,0.15261340035689974,0.0,False,
33,6,Chandler Kinney,2,7,R3_Bottom2,0.13715854198439648,6,0.03801886652478299,7,-0.03919596157753495,-0.010846005382459648,-0.02311266782091344,-0.03310411583754601,-2.7366235719902954,-0.2834656216363647,0.0,False,
33,6,Danny Amendola,3,7,R3_Bottom2,0.1506259464434654,1,0.16299510325475874,4,0.054466128586538654,0.06907314360342243,0.04099723550984209,-0.01879638144712675,-1.728983062551377,-0.27215855116571475,0.0,False,
33,6,Dwight Howard ,4,7,R3_Bottom2,0.14200506369424518,4,0.10047529875631053,5,-0.004470742296641498,0.0750815725717697,-0.02467243854037346,-0.030491242436033093,-1.9402921560859974,0.10740068654726898,0.0,False,
33,6,Ilona Maher,6,7,R3_Bottom2,0.1504898396237636,2,0.23644280420654715,1,0.053562112023681906,0.11079812415136252,0.06622612863921275,-0.035852518590830156,-1.7945803448294957,0.43543405444272554,0.0,False,
33,6,Jenn Tran,7,7,R3_Bottom2,0.12804867622785135,7,0.21115356071294272,2,-0.1079229844202934,0.09213005637130563,-0.09859591839119308,-0.034337294112776084,-1.554629675496758,0.5212340437953475,0.0,True,False
33,6,Joey Graziadei,8,7,R3_Bottom2,0.14187872324728368,5,0.07003107910986307,6,-0.005360828036752108,0.0164572632847397,0.004877959389653066,-0.028092769425790465,-1.9402921560859974,0.0020401712169426656,0.0,False,
33,6,Stephen Nedoroscik,11,7,R3_Bottom2,0.14979320877899427,3,0.18088328733479483,3,0.0489222757210014,-0.037182906571137916,0.03580574092550041,-0.034281917920501684,-2.375610226964164,-0.0024949842328081395,0.0,False,
33,7,Chandler Kinney,2,6,R3_Bottom2,0.16909399256121177,4,0.0010551372456278907,6,0.015538463751621842,-0.010846005382459648,0.08168486097064925,-0.04178841838727921,-2.4680995303831446,0.2685240416071508,0.0,False,
33,7,Danny Amendola,3,6,R3_Bottom2,0.17175831458872612,1,0.11021720259174062,2,0.031172075359586646,0.06907314360342243,-0.012958086673265822,-0.024183690738217488,-1.8262456447223285,-0.09726258217095163,0.0,False,
33,7,Dwight Howard ,4,6,R3_Bottom2,0.14998516510865856,6,0.6590525382438202,1,-0.10437987563825693,0.0750815725717697,-0.08989180400710338,-0.028544738773996894,-1.88031286590547,0.05997929018052739,0.0,True,True
33,7,Ilona Maher,6,6,R3_Bottom2,0.17103797155580602,2,0.1082844552743086,3,0.02696932216576092,0.11079812415136252,-0.014039657717505935,-0.02947252262980462,-1.3694872424017015,0.4250931024277942,0.0,False,
33,7,Joey Graziadei,8,6,R3_Bottom2,0.16883751864481042,5,0.04590189786028511,5,0.014020558749334255,0.0164572632847397,0.03559570704017351,-0.030581644279286918,-1.6351904079715187,0.30510174811447865,0.0,False,
33,7,Stephen Nedoroscik,11,6,R3_Bottom2,0.16928703754078708,3,0.07548876868421765,4,0.016679455611953276,-0.037182906571137916,-0.0003791363979168611,-0.03845451038624378,-1.88031286590547,0.49529736105869393,0.0,False,
33,8,Chandler Kinney,2,5,R3_Bottom2,0.19606174078743682,5,0.07627459207302045,5,-0.01977754759020301,-0.010846005382459648,0.0,-0.03925892826427808,-2.036881926556485,0.4312176038266595,0.0,False,
33,8,Danny Amendola,3,5,R3_Bottom2,0.2033772724874369,2,0.18191724905900758,2,0.016855578119861728,0.06907314360342243,0.0,-0.022891559707151378,-2.2481910199844766,-0.42194537526214804,0.0,False,
33,8,Ilona Maher,6,5,R3_Bottom2,0.2035561279409834,1,0.0940107636127013,4,0.01773461859614216,0.11079812415136252,0.0,-0.021119125434509275,-1.210203353803267,0.15928388859843445,0.0,False,
33,8,Joey Graziadei,8,5,R3_Bottom2,0.1983035043871193,4,0.12925412172982864,3,-0.008408453716444539,0.0164572632847397,0.0,-0.028448661988741845,-1.056052673845354,0.5791377341261648,0.0,False,
33,8,Stephen Nedoroscik,11,5,R3_Bottom2,0.19870135439702358,3,0.518543273425442,1,-0.006404195409356341,-0.037182906571137916,0.0,-0.025046626497151496,-2.1369653850853974,-0.2566525191799274,0.0,False,
33,9,Chandler Kinney,2,5,R3_Bottom2,0.19514501284789207,5,0.07849455330866012,5,-0.024357946008332864,-0.010846005382459648,0.0,-0.028764743827805982,-2.1184436985819874,-0.08156177202550241,0.0,False,
33,9,Danny Amendola,3,5,R3_Bottom2,0.20174064761526136,2,0.3188577155267787,1,0.008882065942098592,0.06907314360342243,0.0,-0.03527686643538523,-1.91364928604456,0.3345417339399166,0.0,False,
33,9,Ilona Maher,6,5,R3_Bottom2,0.20667929646519315,1,0.16656020369007962,3,0.03306741560466639,0.11079812415136252,0.0,-0.014913743960300123,-1.5206066984052304,-0.3104033446019634,0.0,False,
33,9,Joey Graziadei,8,5,R3_Bottom2,0.20038710536194873,3,0.15924457000181771,4,0.0021501388118023122,0.0164572632847397,0.0,-0.014773902524300837,-1.1151415901995663,-0.05908891635421232,0.0,False,
33,9,Stephen Nedoroscik,11,5,R3_Bottom2,0.19604793770970477,4,0.27684295737266396,2,-0.019741674350234422,-0.037182906571137916,0.0,-0.034660470448290806,-1.6831256278663878,0.4538397572190096,0.0,False,
34,1,Alix Earle,0,14,R3_Bottom2,0.07136817039513871,8,0.016762428416723603,13,0.000371460186323877,-0.026698571897611108,0.004559716179864466,-0.03477746128267883,-2.40596344633897,0.0,0.0,False,
34,1,Andy Richter,1,14,R3_Bottom2,0.07454081672916861,3,0.07017735975144412,7,0.043866333936907274,0.03511682472051802,-0.008666385694943069,-0.03987188227541702,-2.75840408567036,0.0,0.0,False,
34,1,Baron Davis,2,14,R3_Bottom2,0.07248671689600537,6,0.06882206349034929,8,0.01592281286825869,0.09083158390288805,-0.09542746592055454,-0.036769082300824166,-2.5437471485382064,0.0,0.0,False,
34,1,Corey Feldman,3,14,R3_Bottom2,0.06764139745298518,12,0.20435718399221509,1,-0.0532603330054438,-0.037990631045536,-0.03778001786397832,-0.03477746128267883,-2.40596344633897,0.0,0.0,False,
34,1,Danielle Fishel,4,14,R3_Bottom2,0.07044696046444272,9,0.052947891549985096,9,-0.012620424143490731,-0.06096806051302331,0.02583732046546207,-0.03477746128267883,-2.40596344633897,0.0,0.0,False,
34,1,Dylan Efron,5,14,R3_Bottom2,0.07358472645494268,5,0.07764492347805153,6,0.03095696622784512,0.024530907317112178,-0.005921198830925251,-0.04494051944509115,-3.109060956620994,0.0,0.0,False,
34,1,Elaine Hendrix,6,14,R3_Bottom2,0.0681716718619286,11,0.08791556065675143,3,-0.04545140701233364,-0.11447963897694864,0.04651791606054448,-0.03477746128267883,-2.40596344633897,0.0,0.0,False,
34,1,Hilaria Baldwin,7,14,R3_Bottom2,0.06594637992055627,13,0.04570638069299234,11,-0.07863853059499465,-0.18030968059865182,0.07974494154126227,-0.03536156872435444,-2.446372984631118,0.0,0.0,False,
34,1,Jen Affleck,8,14,R3_Bottom2,0.07039364260971945,10,0.08294681471906735,4,-0.013377561731751038,-0.049749778376933645,0.013861900741112095,-0.03477746128267883,-2.40596344633897,0.0,0.0,False,
34,1,Jordan Chiles,9,14,R3_Bottom2,0.07163078447780637,7,0.12086109200434303,2,0.0040444153926893975,-0.021365477818719694,0.01222037633445956,-0.04409826030979982,-3.0507920486238107,0.0,0.0,False,
34,1,Lauren Jauregui,10,14,R3_Bottom2,0.0782092811202904,1,0.026789962884239286,12,0.09190780793262116,0.15021605695306153,-0.07149776589738989,-0.04409826030979982,-3.0507920486238107,0.0,0.0,False,
34,1,Robert Irwin,11,14,R3_Bottom2,0.0744216147254665,4,0.014939105555315165,14,0.04226590317082033,0.05113462434986229,-0.031379037083112474,-0.03477746128267883,-2.40596344633897,0.0,0.0,False,
34,1,Scott Hoying,12,14,R3_Bottom2,0.07530261293662215,2,0.08042763964051414,5,0.054034317578454026,0.05964482962867806,-0.01907021795758007,-0.0438280712793933,-3.0320999156507917,0.0,0.0,False,
34,1,Whitney Leavitt,13,14,R3_Bottom2,0.06585522395492695,14,0.04970159306800848,10,-0.08002176080590606,-0.17780357796713697,0.08602462878776043,-0.04553058881327888,-3.149882951047916,0.0,0.0,False,
34,2,Alix Earle,0,14,R3_Bottom2,0.07202608009367065,9,0.02223075932983489,10,0.008976471569412607,-0.026698571897611108,0.005249238149910178,-0.034802642977729836,-2.4029330657102093,0.0030303806287608204,0.0,False,
34,2,Andy Richter,1,14,R3_Bottom2,0.0737855613711331,1,0.08286948358011624,3,0.03311126170502955,0.03511682472051802,-0.01043792378933336,-0.03979566450551735,-2.7675761788516744,-0.009172093181314178,0.0,False,
34,2,Baron Davis,2,14,R3_Bottom2,0.06566734253031216,13,0.20377165743983175,2,-0.08345007302605134,0.09083158390288805,-0.11225084675582314,-0.03262861914820374,-3.042013024063329,-0.4982658755251226,0.0,True,False
34,2,Corey Feldman,3,14,R3_Bottom2,0.06522381595811445,14,0.37256998544770004,1,-0.09022712771576188,-0.037990631045536,-0.042292682629967104,-0.035883351515674185,-2.2728799373529327,0.13308350898603738,0.0,True,True
34,2,Danielle Fishel,4,14,R3_Bottom2,0.07284489830561505,3,0.05613629986947857,5,0.020280694684284728,-0.06096806051302331,0.02956347437076729,-0.03328759704743675,-2.5852546222830526,-0.1792911759440825,0.0,False,
34,2,Dylan Efron,5,14,R3_Bottom2,0.07264385109424241,4,0.04163901825360407,6,0.01751694367021866,0.024530907317112178,-0.0075882859080140105,-0.04549767077302791,-3.042013024063329,0.06704793255766495,0.0,False,
34,2,Elaine Hendrix,6,14,R3_Bottom2,0.0722072066711908,6,0.026204201997307636,9,0.011488050925266668,-0.11447963897694864,0.05421645106793608,-0.03241207786452616,-2.6906151377934715,-0.2846516914545014,0.0,False,
34,2,Hilaria Baldwin,7,14,R3_Bottom2,0.07209664287628612,7,0.028500195856032626,8,0.009955675775377919,-0.18030968059865182,0.09176145503929108,-0.035950221971254914,-2.375534091822245,0.07083889280887323,0.0,False,
34,2,Jen Affleck,8,14,R3_Bottom2,0.0718344403943625,11,0.013610496917094263,14,0.00631222689664087,-0.049749778376933645,0.015761720892101736,-0.033560072164713656,-2.5524647995351155,-0.14650135319614543,0.0,False,
34,2,Jordan Chiles,9,14,R3_Bottom2,0.0720238463533322,10,0.014566105141851481,13,0.00894545815074968,-0.021365477818719694,0.013714243080784167,-0.04709123916099245,-2.6906151377934715,0.3601769108303392,0.0,False,
34,2,Lauren Jauregui,10,14,R3_Bottom2,0.07222911819512928,5,0.03198375435605142,7,0.011791458314327007,0.15021605695306153,-0.08025555402689115,-0.044171211779073766,-3.042013024063329,0.00877902456048174,0.0,False,
34,2,Robert Irwin,11,14,R3_Bottom2,0.07182938197423196,12,0.017680179235710025,12,0.006241806660714624,0.05113462434986229,-0.03815086800774869,-0.03862124017453281,-1.943400736739079,0.462562709599891,0.0,False,
34,2,Scott Hoying,12,14,R3_Bottom2,0.07353535960854463,2,0.06980573439643982,4,0.02971456826211994,0.05964482962867806,-0.02251532435734354,-0.042317663779974,-3.2138632806070935,-0.18176336495630174,0.0,False,
34,2,Whitney Leavitt,13,14,R3_Bottom2,0.07205245457383466,8,0.018432128078947355,11,0.009342584127670937,-0.17780357796713697,0.10019043911909851,-0.04388931646039203,-3.3473946727423307,-0.1975117216944149,0.0,False,
34,3,Alix Earle,0,12,R3_Bottom2,0.08358278261947891,11,0.018250385773948077,10,0.0035418827404460687,-0.026698571897611108,0.004459237220092094,-0.03717289444386084,-2.10939386344192,0.2935392022682892,0.0,False,
34,3,Andy Richter,1,12,R3_Bottom2,0.08548468345652087,1,0.10903328343274349,2,0.026041552423739883,0.03511682472051802,0.00242235061214337,-0.039486234369153154,-2.8299400170495894,-0.06236383819791502,0.0,False,
34,3,Danielle Fishel,4,12,R3_Bottom2,0.08410227296138088,5,0.06282196201567294,5,0.009737926890943327,-0.06096806051302331,0.0035275858532401293,-0.03806557198163691,-2.501435950591998,0.08381867169105472,0.0,False,
34,3,Dylan Efron,5,12,R3_Bottom2,0.08394282644280207,6,0.020824336249254425,9,0.007840262906773754,0.024530907317112178,0.004723148447317579,-0.04475488797894514,-2.9477230525566673,0.09428997150666163,0.0,False,
34,3,Elaine Hendrix,6,12,R3_Bottom2,0.08424704110659452,3,0.06580165772541566,4,0.011457781607301966,-0.11447963897694864,0.015415984293575767,-0.036219213525521474,-3.012261573504655,-0.32164643571118345,0.0,False,
34,3,Hilaria Baldwin,7,12,R3_Bottom2,0.08382582749205357,8,0.046642790643063405,8,0.006445497353476451,-0.18030968059865182,0.01458301562092641,-0.034233134440324296,-2.3881072654114233,-0.01257317358917831,0.0,False,
34,3,Jen Affleck,8,12,R3_Bottom2,0.08468661831090007,2,0.10191353298278427,3,0.016661933318892118,-0.049749778376933645,0.025338143617754202,-0.04079850683631492,-2.082725615848023,0.46973918368709233,0.0,False,
34,3,Jordan Chiles,9,12,R3_Bottom2,0.08372640302052334,10,0.01129265812405098,12,0.00525870941402936,-0.021365477818719694,0.008418832793003211,-0.039771164958249165,-2.5848175593414835,0.105797578451988,0.0,False,
34,3,Lauren Jauregui,10,12,R3_Bottom2,0.07458408368461296,12,0.44555996227519384,1,-0.1103685375998652,0.15021605695306153,-0.1167252893219157,-0.04525866322252571,-2.887098430731041,0.15491459333228796,0.0,True,True
34,3,Robert Irwin,11,12,R3_Bottom2,0.08382922724652139,7,0.05150181728323362,6,0.006486053893493514,0.05113462434986229,-0.0041403655765042,-0.028699836925471643,-1.8701641740684378,0.07323656267064127,0.0,False,
34,3,Scott Hoying,12,12,R3_Bottom2,0.08418651653349137,4,0.051354547578133805,7,0.010739105631371645,0.05964482962867806,-5.511056865855268e-05,-0.05092666289596469,-2.6757893374643946,0.5380739431426989,0.0,False,
34,3,Whitney Leavitt,13,12,R3_Bottom2,0.08380171712511998,9,0.015003065816505626,11,0.006157831419397158,-0.17780357796713697,0.03401154707911308,-0.05356099621047989,-2.7245795015112075,0.6228151712311232,0.0,False,
34,4,Alix Earle,0,11,R3_Bottom2,0.0885375968926136,10,0.03830870633194255,10,-0.02551008126727095,-0.026698571897611108,-0.02944409091425453,-0.02754517163291103,-2.463853239453922,-0.35445937601200184,0.0,False,
34,4,Andy Richter,1,11,R3_Bottom2,0.09475255165068905,1,0.14659179950285567,2,0.04233140723571051,0.03511682472051802,0.027833018092937596,-0.042313387806519824,-2.6605635333653486,0.16937648368424085,0.0,False,
34,4,Danielle Fishel,4,11,R3_Bottom2,0.09398612528118133,3,0.11571796865344779,4,0.03420980126937327,-0.06096806051302331,0.03391614618517116,-0.034465794186076884,-2.705015295960096,-0.20357934536809807,0.0,False,
34,4,Dylan Efron,5,11,R3_Bottom2,0.09130374027419406,6,0.07124448248094964,7,0.005254386905956452,0.024530907317112178,0.007537868862402854,-0.041442701085636115,-3.088007547472868,-0.14028449491620076,0.0,False,
34,4,Elaine Hendrix,6,11,R3_Bottom2,0.08884972024036168,9,0.04783866294275696,9,-0.021990960792262527,-0.11447963897694864,-0.01415594446134694,-0.040334575454497555,-3.3981624748882227,-0.3859009013835677,0.0,False,
34,4,Hilaria Baldwin,7,11,R3_Bottom2,0.08099145220361502,11,0.19718733449794235,1,-0.11459374596099123,-0.18030968059865182,-0.10269921106821209,-0.03499953786534757,-2.33032184690931,0.057785418502113384,0.0,True,True
34,4,Jen Affleck,8,11,R3_Bottom2,0.09263507175856187,5,0.07803018927520182,6,0.01973044792487001,-0.049749778376933645,0.006529915076591877,-0.028792350302868246,-2.2407096880532835,-0.15798407220526034,0.0,False,
34,4,Jordan Chiles,9,11,R3_Bottom2,0.09115505734593932,7,0.051726983249137375,8,0.003624616644347413,-0.021365477818719694,0.006531965386767684,-0.036363929721094417,-2.705015295960096,-0.12019773661861244,0.0,False,
34,4,Robert Irwin,11,11,R3_Bottom2,0.09373236352064218,4,0.10456743026904565,5,0.0315061579922997,0.05113462434986229,0.02460950757705325,-0.03292289030681608,-1.1613287623164454,0.7088354117519924,0.0,False,
34,4,Scott Hoying,12,11,R3_Bottom2,0.09475218752568135,2,0.11909973469189027,3,0.042327564323820455,0.05964482962867806,0.0347155478598649,-0.036767328581609374,-2.905685991044469,-0.22989665358007416,0.0,False,
34,4,Whitney Leavitt,13,11,R3_Bottom2,0.08930413330652058,8,0.02968670800482984,11,-0.016889594275853095,-0.17780357796713697,-0.001154710059815662,-0.03875352847140064,-2.8003254755194202,-0.0757459740082127,0.0,False,
34,5,Alix Earle,0,10,R3_Bottom2,0.0981269066452407,9,0.009328149679309205,9,-0.018574789675797447,-0.026698571897611108,0.01705278614322636,-0.041410894081893794,-1.7662803832276788,0.6975728562262431,0.0,False,
34,5,Andy Richter,1,10,R3_Bottom2,0.10306151949505274,1,0.14672350786810273,2,0.030489690212808694,0.03511682472051802,0.002189623051564587,-0.04489052475914496,-1.8864246949709864,0.7741388383943621,0.0,False,
34,5,Danielle Fishel,4,10,R3_Bottom2,0.10226209995098574,3,0.09444271083412137,5,0.022702728481487168,-0.06096806051302331,0.0014239848386385797,-0.037451978235047576,-2.903358951614816,-0.19834365565472023,0.0,False,
34,5,Dylan Efron,5,10,R3_Bottom2,0.10060302727609644,5,0.008754577407759952,10,0.006345953051477636,0.024530907317112178,0.016636620446512776,-0.048313076484847124,-2.6455298428314333,0.44247770464143477,0.0,False,
34,5,Elaine Hendrix,6,10,R3_Bottom2,0.09866388239526462,8,0.1334175900416579,3,-0.013117450078242283,-0.11447963897694864,0.03577651638467409,-0.051617697542976244,-3.0975149656524126,0.3006475092358101,0.0,False,
34,5,Jen Affleck,8,10,R3_Bottom2,0.10143755325102889,4,0.12925437260349693,4,0.014606973869486721,-0.049749778376933645,0.0006423655320956944,-0.03213842376704739,-2.270836393753659,-0.030126705700375567,0.0,False,
34,5,Jordan Chiles,9,10,R3_Bottom2,0.09982645188201121,6,0.0639716887698983,7,-0.0014031992530106618,-0.021365477818719694,0.0075656097137538555,-0.04217178163918429,-2.335374914857897,0.3696403811021991,0.0,False,
34,5,Robert Irwin,11,10,R3_Bottom2,0.10273318352072129,2,0.01676740268762708,8,0.027298779580897395,0.05113462434986229,-0.0250857782046282,-0.011914982135826077,-1.747588250415037,-0.5862594880985916,0.0,False,
34,5,Scott Hoying,12,10,R3_Bottom2,0.09405538974617879,10,0.3298400503927367,1,-0.06095253502134542,0.05964482962867806,-0.09137493440205458,-0.044532011441388415,-2.6010780802329316,0.30460791081153715,0.0,False,
34,5,Whitney Leavitt,13,10,R3_Bottom2,0.0992299858374197,7,0.06749994961528992,6,-0.007396151167761787,-0.17780357796713697,0.029805823990437675,-0.040096632923349924,-2.8462005379349984,-0.04587506241557815,0.0,False,
34,6,Alix Earle,0,10,R3_Bottom2,0.10114377956402881,5,0.04380718059729658,6,0.01270720523215979,-0.026698571897611108,0.018450310079711638,-0.02416101692853063,-1.9311497327415568,-0.164869349513878,0.0,False,
34,6,Andy Richter,1,10,R3_Bottom2,0.10465344713025485,1,0.13568210971961428,2,0.046818528612169244,0.03511682472051802,0.0012789470549478326,-0.022861587862659415,-2.416657548092168,-0.5302328531211815,0.0,False,
34,6,Danielle Fishel,4,10,R3_Bottom2,0.10097345276487528,7,0.032911797216389156,8,0.011021779031622724,-0.06096806051302331,0.0020584315642526475,-0.045288483088417625,-2.5036689250253583,0.39969002658945785,0.0,False,
34,6,Dylan Efron,5,10,R3_Bottom2,0.10216992279411127,2,0.08608492110961054,4,0.02280147759400862,0.024530907317112178,0.017355656830871168,-0.0397885309854374,-2.4592171624187538,0.18631268041267957,0.0,False,
34,6,Elaine Hendrix,6,10,R3_Bottom2,0.10137190594316708,4,0.04011729215518126,7,0.014960131715935708,-0.11447963897694864,0.04247474850800458,-0.04467150089175249,-3.10980472753128,-0.012289761878867544,0.0,False,
34,6,Jen Affleck,8,10,R3_Bottom2,0.10139467938818178,3,0.10367110208835724,3,0.01518475891546417,-0.049749778376933645,0.0011037655252668366,-0.033466770838812956,-2.193513997002125,0.07732239675153396,0.0,False,
34,6,Jordan Chiles,9,10,R3_Bottom2,0.10096454040887867,8,0.004100095203596246,10,0.010933510787868018,-0.021365477818719694,0.008169116223985907,-0.0319720756664472,-2.5501889405565716,-0.2148140256986748,0.0,False,
34,6,Robert Irwin,11,10,R3_Bottom2,0.10067157205909684,9,0.05245846704604354,5,0.008027597235418012,0.05113462434986229,-0.03111420827169324,-0.02745255218226874,-1.4838375151105865,0.2637507353044506,0.0,False,
34,6,Scott Hoying,12,10,R3_Bottom2,0.08551634344817277,10,0.4900170693136815,1,-0.15512835023177252,0.05964482962867806,-0.1020363929517211,-0.03840722867115311,-2.5036689250253583,0.09740915520757332,0.0,True,True
34,6,Whitney Leavitt,13,10,R3_Bottom2,0.1011403564992325,6,0.011149965450229823,9,0.01267336110712615,-0.17780357796713697,0.03557502297330713,-0.0408047353231182,-2.8866611766654033,-0.04046063873040495,0.0,False,
34,7,Alix Earle,0,9,R3_Bottom2,0.11050680578142677,8,0.0008252405475601494,9,-0.0040240157188742715,-0.026698571897611108,-0.012133816449768839,-0.024951669822801878,-2.2876594417959444,-0.3565097090543876,0.0,False,
34,7,Andy Richter,1,9,R3_Bottom2,0.11791776249211242,1,0.1691103084262426,2,0.06088632790329369,0.03511682472051802,0.029388800357180684,-0.03767150542769231,-2.0869887465129175,0.3296688015792504,0.0,False,
34,7,Danielle Fishel,4,9,R3_Bottom2,0.11181712600560804,5,0.10262804729145897,4,0.007763607735054809,-0.06096806051302331,0.014226388794708203,-0.03549095486978701,-2.5877640338514674,-0.08409510882610904,0.0,False,
34,7,Dylan Efron,5,9,R3_Bottom2,0.11186642965909226,3,0.05697944079670589,6,0.008204441699233827,0.024530907317112178,-0.0022749095177149988,-0.03564042175787614,-2.4480020916563086,0.011215070762445212,0.0,False,
34,7,Elaine Hendrix,6,9,R3_Bottom2,0.11732560660358342,2,0.13859537409316675,3,0.05585190638903708,-0.11447963897694864,0.07446001032552428,-0.047435029931634794,-2.810907584945677,0.29889714258560307,0.0,False,
34,7,Jen Affleck,8,9,R3_Bottom2,0.09652663740682918,9,0.40774692039660065,1,-0.13928212000405565,-0.049749778376933645,-0.13629752663235642,-0.03668412248305732,-1.5945122617285914,0.5990017352735337,0.0,True,True
34,7,Jordan Chiles,9,9,R3_Bottom2,0.1118638552848401,4,0.07117095039355269,5,0.008181428504994901,-0.021365477818719694,0.01444656994330611,-0.03806500284931652,-2.4054424773291796,0.14474646322739204,0.0,False,
34,7,Robert Irwin,11,9,R3_Bottom2,0.11055889970223194,7,0.02862717068004183,7,-0.003552717634393396,0.05113462434986229,-0.018330117534028113,-0.019549988418988133,-1.712295297323401,-0.22845778221281443,0.0,False,
34,7,Whitney Leavitt,13,9,R3_Bottom2,0.11161687706427602,6,0.024316547274670412,8,0.005971141125709015,-0.17780357796713697,0.028444059939192145,-0.044614992467479506,-2.538973869795369,0.34768730687003435,0.0,False,
34,8,Alix Earle,0,8,R3_Bottom2,0.11945436665109888,7,0.032576771149420904,8,-0.043766719336130494,-0.026698571897611108,-0.021920422582843557,-0.03900184822342197,-1.5735059029710212,0.7141535388249232,0.0,False,
34,8,Andy Richter,1,8,R3_Bottom2,0.1323072633001721,1,0.18910931672627976,2,0.05842582109331584,0.03511682472051802,0.007012674930766976,-0.03042974006086333,-2.0553439892710426,0.03164475724187499,0.0,False,
34,8,Danielle Fishel,4,8,R3_Bottom2,0.10971550489695656,8,0.3279111486625272,1,-0.12881045237602068,-0.06096806051302331,-0.11797864483108375,-0.036456300613202826,-2.7019711533952293,-0.11420711954376195,0.0,True,True
34,8,Dylan Efron,5,8,R3_Bottom2,0.12950589171643537,3,0.08536728102475588,5,0.03702522723580613,0.024530907317112178,0.039493844219326266,-0.03466287552873592,-2.534917069129266,-0.0869149774729574,0.0,False,
34,8,Elaine Hendrix,6,8,R3_Bottom2,0.13098552045343792,2,0.11976561729356623,4,0.04838563745368576,-0.11447963897694864,0.023529744056446804,-0.04153603834067301,-2.7019711533952293,0.10893643155044774,0.0,False,
34,8,Jordan Chiles,9,8,R3_Bottom2,0.1255706566789436,5,0.06242556760912315,6,0.006167452823151249,-0.021365477818719694,0.01573676275707177,-0.0384351129701981,-1.9643722110897466,0.441070266239433,0.0,False,
34,8,Robert Irwin,11,8,R3_Bottom2,0.12819500681664603,4,0.12296752754434957,3,0.02685144659127502,0.05113462434986229,0.030029202177149415,-0.02637897826612394,-1.5163474888637523,0.19594780845964865,0.0,False,
34,8,Whitney Leavitt,13,8,R3_Bottom2,0.12426578948630951,6,0.05987676988997731,7,-0.004278413485082826,-0.17780357796713697,0.018102007374758974,-0.037922928755387865,-2.3918162255798747,0.14715764421549427,0.0,False,
34,9,Alix Earle,0,7,R3_Bottom2,0.14516185470192572,5,0.05046246258857864,4,0.017441431466070443,-0.026698571897611108,0.06642824835540859,-0.022492251731157226,-1.6038668668930094,-0.03036096392198817,0.0,False,
34,9,Andy Richter,1,7,R3_Bottom2,0.1248868388045451,7,0.655796938677964,1,-0.1329998900296487,0.03511682472051802,-0.17412419192045372,-0.03166426615679792,-1.8200899752081434,0.23525401406289914,0.0,True,True
34,9,Dylan Efron,5,7,R3_Bottom2,0.14606217547867073,3,0.012051726038230117,7,0.023624462752654223,0.024530907317112178,0.006706276200370924,-0.0352490477544783,-2.702479154566675,-0.16756208543740891,0.0,False,
34,9,Elaine Hendrix,6,7,R3_Bottom2,0.14706695122154384,1,0.12636551149652356,2,0.030480005833101783,-0.11447963897694864,0.016839400466810477,-0.039051940243249025,-2.702479154566675,-0.0005080011714455601,0.0,False,
34,9,Jordan Chiles,9,7,R3_Bottom2,0.14655355440523282,2,0.09130257063315052,3,0.02698299299053245,-0.021365477818719694,0.03837493459474796,-0.03161778243709493,-1.5764678929886036,0.387904318101143,0.0,False,
34,9,Robert Irwin,11,7,R3_Bottom2,0.14430866261953695,6,0.027190862622605207,6,0.01154656824516333,0.05113462434986229,-0.011456559858243735,-0.02164035741621599,-1.5497996453857454,-0.03345215652199318,0.0,False,
34,9,Whitney Leavitt,13,7,R3_Bottom2,0.1459599627685448,4,0.036829927842948015,5,0.022924428742126492,-0.17780357796713697,0.057509744494981745,-0.03384570370847245,-2.4793356035507985,-0.0875193779709238,0.0,False,
34,10,Alix Earle,0,6,R3_Bottom2,0.16735402792492995,4,0.08804270028159165,6,0.00657567140333006,-0.026698571897611108,0.0008339495643699339,-0.024058921219532424,-1.4985063515851846,0.10536051530782475,0.0,False,
34,10,Dylan Efron,5,6,R3_Bottom2,0.17955388693852598,1,0.20547230586739434,2,0.07693954382967406,0.024530907317112178,0.08014282873135979,-0.04243281689372446,-2.297014047006012,0.405465107560663,0.0,False,
34,10,Elaine Hendrix,6,6,R3_Bottom2,0.1732210814843076,2,0.14817973373233265,4,0.04103288146660601,-0.11447963897694864,0.043798765637699355,-0.03834046211439336,-2.7894905313800686,-0.08701137681339377,0.0,False,
34,10,Jordan Chiles,9,6,R3_Bottom2,0.17299435204260943,3,0.1620255907154533,3,0.03972312198072337,-0.021365477818719694,0.02115548243068376,-0.020471320562629763,-1.8551812951178455,-0.2787134021292419,0.0,False,
34,10,Robert Irwin,11,6,R3_Bottom2,0.16288415869021572,5,0.09195157123471975,5,-0.020496559561720418,0.05113462434986229,-0.026815316638433784,-0.023620114704643237,-1.4031961713442689,0.14660347404147656,0.0,False,
34,10,Whitney Leavitt,13,6,R3_Bottom2,0.14399249291941127,6,0.30432809806850847,1,-0.1437746591186131,-0.17780357796713697,-0.12421298479950026,-0.0435622414823286,-1.5497996454360246,0.929535958114774,0.0,True,True
34,11,Alix Earle,0,5,R3_Bottom2,0.19697188827058892,4,0.08394333335876235,5,-0.014908994818240661,-0.026698571897611108,0.0,-0.02422056906311906,-1.1904198377320625,0.30808651385312213,0.0,False,
34,11,Dylan Efron,5,5,R3_Bottom2,0.20880549910171584,1,0.10783637149735295,4,0.04343317811604772,0.024530907317112178,0.0,-0.03486352462790649,-2.0971411179123196,0.19987292909369225,0.0,False,
34,11,Elaine Hendrix,6,5,R3_Bottom2,0.197974314961131,3,0.3485878306955177,1,-0.0098327143783484,-0.11447963897694864,0.0,-0.04479352236730868,-2.2512917976038636,0.5381987337762051,0.0,False,
34,11,Jordan Chiles,9,5,R3_Bottom2,0.2027238396130407,2,0.1413763144175563,3,0.013874642628534651,-0.021365477818719694,0.0,-0.026580196605563215,-1.8835670177323922,-0.02838572261454675,0.0,False,
34,11,Robert Irwin,11,5,R3_Bottom2,0.19352445805352345,5,0.3182561499308107,2,-0.03256611154799331,0.05113462434986229,0.0,-0.022364498854307517,-1.1526795095690874,0.2505166617751815,0.0,False,
