season,week,celebrity_name,ballroom_partner,celebrity_industry,results,placement,in_competition,eliminated_end_of_week,j_total,j_pct,j_rank,judge_n,trend_used,log_trend_rel,trend_missing,pV_hat,elim_prob_hat,eta_hat,rule_type
1,1,Evander Holyfield,Edyta Sliwinska,Athlete,Eliminated Week 3,5,True,False,18.0,0.165137615,4.5,3,0.0,-4.110873858073311,0.0,0.19814739651748603,4.505374811741676e-06,0.3723915264076675,R1_Rank
1,1,Joey McIntyre,Ashly DelGrosso,Singer/Rapper,3rd Place,3,True,False,20.0,0.183486239,2.0,3,0.0,-4.110873858073311,0.0,0.274533202756986,6.499607928513196e-14,0.6984525566605779,R1_Rank
1,1,John O'Hurley,Charlotte Jorgensen,Actor/Actress,2nd Place,2,True,False,20.0,0.183486239,2.0,3,0.0,-4.110873858073311,0.0,0.25850609510527,5.302922679258583e-13,0.6382996182196783,R1_Rank
1,1,Kelly Monaco,Alec Mazo,Actor/Actress,1st Place,1,True,False,13.0,0.119266055,6.0,3,5.0,-2.3191143939285896,0.0,0.15438049233429033,0.12859679305161123,0.12280063042868719,R1_Rank
1,1,Rachel Hunter,Jonathan Roberts,Model,Eliminated Week 4,4,True,False,20.0,0.183486239,2.0,3,50.0,-0.17904823132937758,0.0,0.07421336020762245,7.071809402714516e-07,-0.6096754635230489,R1_Rank
1,1,Trista Sutter,Louis van Amstel,TV Personality,Eliminated Week 2,6,True,False,18.0,0.165137615,4.5,3,0.0,-4.110873858073311,0.0,0.040219453078345235,0.8713979943920415,-1.222268868193562,R1_Rank
1,2,Evander Holyfield,Edyta Sliwinska,Athlete,Eliminated Week 3,5,True,False,14.0,0.115702479,6.0,3,0.0,-3.58351893485611,0.0,0.18416978303750509,0.06035245627289295,0.2651939400404836,R1_Rank
1,2,Joey McIntyre,Ashly DelGrosso,Singer/Rapper,3rd Place,3,True,False,21.0,0.173553719,3.0,3,0.0,-3.58351893485611,0.0,0.2551672203469181,3.05260587493936e-11,0.591254970293394,R1_Rank
1,2,John O'Hurley,Charlotte Jorgensen,Actor/Actress,2nd Place,2,True,False,26.0,0.214876033,1.0,3,0.0,-3.58351893485611,0.0,0.24027068882133332,4.84767441371011e-14,0.5311020318524944,R1_Rank
1,2,Kelly Monaco,Alec Mazo,Actor/Actress,1st Place,1,True,False,17.0,0.140495868,5.0,3,2.0,-2.4849066485880003,0.0,0.17604432167250614,0.0028493213660040623,0.2200716650088129,R1_Rank
1,2,Rachel Hunter,Jonathan Roberts,Model,Eliminated Week 4,4,True,False,24.0,0.198347107,2.0,3,28.0,-0.21622310834549802,0.0,0.10696567337117699,2.887524299176122e-06,-0.2781561526344391,R1_Rank
1,2,Trista Sutter,Louis van Amstel,TV Personality,Eliminated Week 2,6,True,True,19.0,0.157024793,4.0,3,0.0,-3.58351893485611,0.0,0.03738231275056038,0.9367953348062292,-1.3294664545607457,R1_Rank
1,3,Evander Holyfield,Edyta Sliwinska,Athlete,Eliminated Week 3,5,True,True,13.0,0.122641509,5.0,3,0.0,-2.7725887206397815,0.0,0.18225525434468243,0.9878852700236785,-0.07265123961649624,R1_Rank
1,3,Joey McIntyre,Ashly DelGrosso,Singer/Rapper,3rd Place,3,True,False,22.0,0.20754717,3.0,3,0.0,-2.7725887206397815,0.0,0.2525146409890845,1.4379143085623745e-08,0.25340979063641417,R1_Rank
1,3,John O'Hurley,Charlotte Jorgensen,Actor/Actress,2nd Place,2,True,False,24.0,0.226415094,2.0,3,0.0,-2.7725887206397815,0.0,0.23777296568670256,1.6125266910125133e-09,0.19325685219551464,R1_Rank
1,3,Kelly Monaco,Alec Mazo,Actor/Actress,1st Place,1,True,False,21.0,0.198113208,4.0,3,11.0,-0.28768207231844756,0.0,0.18324904837806438,0.01210434342870684,-0.06721329278546513,R1_Rank
1,3,Rachel Hunter,Jonathan Roberts,Model,Eliminated Week 4,4,True,False,26.0,0.245283019,1.0,3,0.0,-2.7725887206397815,0.0,0.14420809060146625,1.0370555944667954e-05,-0.3068021104299674,R1_Rank
1,4,Joey McIntyre,Ashly DelGrosso,Singer/Rapper,3rd Place,3,True,False,20.0,0.217391304,4.0,3,0.0,-2.8134107151133696,0.0,0.3019104980682817,0.08312043231132196,0.23832809655438209,R1_Rank
1,4,John O'Hurley,Charlotte Jorgensen,Actor/Actress,2nd Place,2,True,False,21.0,0.22826087,3.0,3,0.0,-2.8134107151133696,0.0,0.2842851179498457,0.030954677103283625,0.17817515811348256,R1_Rank
1,4,Kelly Monaco,Alec Mazo,Actor/Actress,1st Place,1,True,False,26.0,0.282608696,1.0,3,6.0,-0.8675005674866278,0.0,0.28103276363517843,1.1901302794810177e-05,0.1666687462196829,R1_Rank
1,4,Rachel Hunter,Jonathan Roberts,Model,Eliminated Week 4,4,True,True,25.0,0.27173913,2.0,3,6.666666667,-0.7765287892581269,0.0,0.13277162034669424,0.8859129892825996,-0.5831720008875476,R1_Rank
1,5,Joey McIntyre,Ashly DelGrosso,Singer/Rapper,3rd Place,3,True,True,22.5,0.308219178,3.0,3,0.0,-3.106080328340269,0.0,0.3351939110657374,0.9935296970637433,0.00642426627571884,R1_Rank
1,5,John O'Hurley,Charlotte Jorgensen,Actor/Actress,2nd Place,2,True,False,27.0,0.369863014,1.0,3,0.0,-3.106080328340269,0.0,0.3156254623575289,0.005052437952320047,-0.05372867216518069,R1_Rank
1,5,Kelly Monaco,Alec Mazo,Actor/Actress,1st Place,1,True,False,23.5,0.321917808,2.0,3,19.33333333,-0.09381875512249943,0.0,0.3491806265767337,0.0014178649839367537,0.04730440588946185,R1_Rank
1,6,John O'Hurley,Charlotte Jorgensen,Actor/Actress,2nd Place,2,True,False,27.0,0.495412844,2.0,3,0.0,-3.3557350048350103,0.0,0.4146316815195539,0.9997903753349602,-0.17242532080422496,R1_Rank
1,6,Kelly Monaco,Alec Mazo,Actor/Actress,1st Place,1,True,False,27.5,0.504587156,1.0,3,26.66666667,-0.035506688349092486,0.0,0.5853683184804461,0.00020962466503976916,0.17242532080422496,R1_Rank
2,1,Drew Lachey,Cheryl Burke,Singer/Rapper,1st Place,1,True,False,24.0,0.123076923,1.0,3,0.0,-5.58724863170025,0.0,0.25898595041583056,7.339590409977847e-28,1.1921114456746837,R1_Rank
2,1,George Hamilton,Edyta Sliwinska,Actor/Actress,Eliminated Week 6,5,True,False,18.0,0.092307692,8.0,3,8.0,-3.3900240780973636,0.0,0.1817623207021718,5.06232306903802e-13,0.8380375343441752,R1_Rank
2,1,Giselle Fernandez,Jonathan Roberts,News Anchor,Eliminated Week 3,8,True,False,23.0,0.117948718,2.5,3,0.0,-5.58724863170025,0.0,0.02429601683057846,8.300284081323799e-10,-1.1743499485811548,R1_Rank
2,1,Jerry Rice,Anna Trebunskaya,Athlete,2nd Place,2,True,False,21.0,0.107692308,5.0,3,37.0,-1.9496624979712323,0.0,0.14328861733799736,8.031096549829908e-17,0.6001985302308182,R1_Rank
2,1,Kenny Mayne,Andrea Hale,Sports Broadcaster,Eliminated Week 1,10,True,True,13.0,0.066666667,9.0,3,100.0,-0.9721281412946337,0.0,0.049097507674281796,0.9999597500230326,-0.47085409574058446,R1_Rank
2,1,Lisa Rinna,Louis van Amstel,Actor/Actress,Eliminated Week 7,4,True,False,19.0,0.097435897,7.0,3,13.0,-2.948191326877848,0.0,0.07643401970837835,3.789628675546634e-08,-0.028234487850800294,R1_Rank
2,1,Master P,Ashly DelGrosso,Singer/Rapper,Eliminated Week 4,7,True,False,12.0,0.061538462,10.0,3,0.0,-5.58724863170025,0.0,0.09997025211822376,4.0205477758357526e-05,0.24021029385993853,R1_Rank
2,1,Stacy Keibler,Tony Dovolani,Athlete,3rd Place,3,True,False,22.0,0.112820513,4.0,3,44.0,-1.7805861680365964,0.0,0.06402743287169381,5.499160198112572e-12,-0.20535073891419298,R1_Rank
2,1,Tatum O'Neal,Nick Kosovich,Actor/Actress,Eliminated Week 2,9,True,False,23.0,0.117948718,2.5,3,0.0,-5.58724863170025,0.0,0.03331578633925519,9.895800867531646e-11,-0.8586310201594464,R1_Rank
2,1,Tia Carrere,Maksim Chmerkoskiy,Actor/Actress,Eliminated Week 5,6,True,False,20.0,0.102564103,6.0,3,55.0,-1.5618969671883145,0.0,0.06882209600158892,5.66793053898108e-09,-0.13313751286343667,R1_Rank
2,2,Drew Lachey,Cheryl Burke,Singer/Rapper,1st Place,1,True,False,27.0,0.135,2.0,3,0.0,-4.148411777327464,0.0,0.21981375930237318,1.3768040143742287e-24,0.9354985581473982,R1_Rank
2,2,George Hamilton,Edyta Sliwinska,Actor/Actress,Eliminated Week 6,5,True,False,22.0,0.11,5.5,3,0.0,-4.148411777327464,0.0,0.20103616589367465,7.754619825984645e-17,0.8462027406381784,R1_Rank
2,2,Giselle Fernandez,Jonathan Roberts,News Anchor,Eliminated Week 3,8,True,False,24.0,0.12,3.0,3,0.0,-4.148411777327464,0.0,0.020621191176696113,2.0867050847177135e-09,-1.4309628361084403,R1_Rank
2,2,Jerry Rice,Anna Trebunskaya,Athlete,2nd Place,2,True,False,23.0,0.115,4.0,3,6.666666667,-2.1115298555301925,0.0,0.18456307959696208,1.9818170810081783e-18,0.7607092188275981,R1_Rank
2,2,Lisa Rinna,Louis van Amstel,Actor/Actress,Eliminated Week 7,4,True,False,20.0,0.1,7.0,3,7.666666667,-1.9889275335381944,0.0,0.08717801913648597,9.903155509128103e-08,0.010670143961299172,R1_Rank
2,2,Master P,Ashly DelGrosso,Singer/Rapper,Eliminated Week 4,7,True,False,16.0,0.08,9.0,3,17.66666667,-1.2216723810759007,0.0,0.08230073145457206,0.0018841933380125105,-0.04690208574934468,R1_Rank
2,2,Stacy Keibler,Tony Dovolani,Athlete,3rd Place,3,True,False,29.0,0.145,1.0,3,11.66666667,-1.6094379118393636,0.0,0.0837289171151409,2.43006265570402e-18,-0.02969767797899603,R1_Rank
2,2,Tatum O'Neal,Nick Kosovich,Actor/Actress,Eliminated Week 2,9,True,True,17.0,0.085,8.0,3,0.0,-4.148411777327464,0.0,0.028276700831021986,0.9981157055042965,-1.1152439076867318,R1_Rank
2,2,Tia Carrere,Maksim Chmerkoskiy,Actor/Actress,Eliminated Week 5,6,True,False,22.0,0.11,5.5,3,10.66666667,-1.6916760100109223,0.0,0.09248143549307314,3.9430769528457496e-11,0.06972584594903863,R1_Rank
2,3,Drew Lachey,Cheryl Burke,Singer/Rapper,1st Place,1,True,False,27.0,0.148351648,1.5,3,0.0,-4.543294772870004,0.0,0.20829539171183395,2.7700610753068955e-20,0.6887842193523273,R1_Rank
2,3,George Hamilton,Edyta Sliwinska,Actor/Actress,Eliminated Week 6,5,True,False,22.0,0.120879121,5.5,3,0.0,-4.543294772870004,0.0,0.17143814802150636,2.57338027600711e-10,0.49404954327231454,R1_Rank
2,3,Giselle Fernandez,Jonathan Roberts,News Anchor,Eliminated Week 3,8,True,True,22.0,0.120879121,5.5,3,0.0,-4.543294772870004,0.0,0.019540628882134575,0.9746848470215258,-1.6776771749035113,R1_Rank
2,3,Jerry Rice,Anna Trebunskaya,Athlete,2nd Place,2,True,False,19.0,0.104395604,7.0,3,14.66666667,-1.7917594684152889,0.0,0.19288664837355457,4.397411129328634e-09,0.6119296968947788,R1_Rank
2,3,Lisa Rinna,Louis van Amstel,Actor/Actress,Eliminated Week 7,4,True,False,25.0,0.137362637,4.0,3,17.66666667,-1.6165553795208212,0.0,0.09715251723949386,1.4908632770360995e-07,-0.07389091900489156,R1_Rank
2,3,Master P,Ashly DelGrosso,Singer/Rapper,Eliminated Week 4,7,True,False,14.0,0.076923077,8.0,3,16.0,-1.7100814376608464,0.0,0.11671901198238384,0.025314998388749572,0.10959643397897989,R1_Rank
2,3,Stacy Keibler,Tony Dovolani,Athlete,3rd Place,3,True,False,27.0,0.148351648,1.5,3,20.33333333,-1.4830239872940667,0.0,0.09318647268474296,1.028761422173717e-11,-0.11557043705721057,R1_Rank
2,3,Tia Carrere,Maksim Chmerkoskiy,Actor/Actress,Eliminated Week 5,6,True,False,26.0,0.142857143,3.0,3,17.33333333,-1.6345738853747336,0.0,0.10078118110434985,8.383600374920828e-10,-0.03722136253278688,R1_Rank
2,4,Drew Lachey,Cheryl Burke,Singer/Rapper,1st Place,1,True,False,28.0,0.17721519,1.0,3,0.0,-4.348125075351074,0.0,0.18601360493769958,4.524329665094112e-15,0.29593091824297296,R1_Rank
2,4,George Hamilton,Edyta Sliwinska,Actor/Actress,Eliminated Week 6,5,True,False,21.0,0.132911392,6.0,3,0.0,-4.348125075351074,0.0,0.14052870512045074,0.020139572376315185,0.015522877191491771,R1_Rank
2,4,Jerry Rice,Anna Trebunskaya,Athlete,2nd Place,2,True,False,24.0,0.151898734,5.0,3,16.66666667,-1.47644545757398,0.0,0.20676015089515654,5.770168002790304e-09,0.40167053251421797,R1_Rank
2,4,Lisa Rinna,Louis van Amstel,Actor/Actress,Eliminated Week 7,4,True,False,26.0,0.164556962,2.5,3,12.66666667,-1.733165304238453,0.0,0.11106268338276637,1.6385632585694076e-05,-0.21979414054082785,R1_Rank
2,4,Master P,Ashly DelGrosso,Singer/Rapper,Eliminated Week 4,7,True,True,8.0,0.050632911,7.0,3,24.66666667,-1.1029319494676642,0.0,0.142070003552583,0.970170751470941,0.026431021268231172,R1_Rank
2,4,Stacy Keibler,Tony Dovolani,Athlete,3rd Place,3,True,False,26.0,0.164556962,2.5,3,16.33333333,-1.4954936529172436,0.0,0.1025528345463555,0.00014129034176347437,-0.29951077285767075,R1_Rank
2,4,Tia Carrere,Maksim Chmerkoskiy,Actor/Actress,Eliminated Week 5,6,True,False,25.0,0.158227848,4.0,3,0.0,-4.348125075351074,0.0,0.11101201756498838,0.009531994408222133,-0.22025043581841536,R1_Rank
2,5,Drew Lachey,Cheryl Burke,Singer/Rapper,1st Place,1,True,False,27.0,0.178807947,2.0,3,0.0,-3.9639827390985194,0.0,0.20825654888645262,4.328290127030825e-15,0.27951394438167226,R1_Rank
2,5,George Hamilton,Edyta Sliwinska,Actor/Actress,Eliminated Week 6,5,True,False,24.0,0.158940397,4.0,3,2.666666667,-2.664699758707653,0.0,0.14477919494179303,4.4807487003685545e-08,-0.08404699511743713,R1_Rank
2,5,Jerry Rice,Anna Trebunskaya,Athlete,2nd Place,2,True,False,23.0,0.152317881,5.0,3,18.33333333,-1.0021520223868765,0.0,0.2729982744778236,1.98085046759639e-11,0.5502086911662399,R1_Rank
2,5,Lisa Rinna,Louis van Amstel,Actor/Actress,Eliminated Week 7,4,True,False,25.0,0.165562914,3.0,3,11.0,-1.4790760941382968,0.0,0.14541159892912295,5.672527333861628e-10,-0.07968844893450633,R1_Rank
2,5,Stacy Keibler,Tony Dovolani,Athlete,3rd Place,3,True,False,30.0,0.198675497,1.0,3,14.66666667,-1.212447430774301,0.0,0.1321367832595444,2.0798510660257258e-12,-0.17541916052634782,R1_Rank
2,5,Tia Carrere,Maksim Chmerkoskiy,Actor/Actress,Eliminated Week 5,6,True,True,22.0,0.145695364,6.0,3,0.0,-3.9639827390985194,0.0,0.09641759950526346,0.9999999546033677,-0.4905680309696206,R1_Rank
2,6,Drew Lachey,Cheryl Burke,Singer/Rapper,1st Place,1,True,False,30.0,0.22556391,1.5,3,0.0,-4.373658377028015,0.0,0.20921089038322582,6.169096646241761e-09,0.08608684419751451,R1_Rank
2,6,George Hamilton,Edyta Sliwinska,Actor/Actress,Eliminated Week 6,5,True,True,23.0,0.172932331,4.5,3,0.0,-4.373658377028015,0.0,0.16655505728308534,0.99597363335286,-0.14193001478685185,R1_Rank
2,6,Jerry Rice,Anna Trebunskaya,Athlete,2nd Place,2,True,False,23.0,0.172932331,4.5,3,30.33333333,-0.9289758912126456,0.0,0.31614211079034266,1.8100271812408193e-05,0.4989358862656624,R1_Rank
2,6,Lisa Rinna,Louis van Amstel,Actor/Actress,Eliminated Week 7,4,True,False,27.0,0.203007519,3.0,3,12.33333333,-1.7833912191705217,0.0,0.16259270322700398,0.0038312724298351954,-0.1660076234154258,R1_Rank
2,6,Stacy Keibler,Tony Dovolani,Athlete,3rd Place,3,True,False,30.0,0.22556391,1.5,3,31.66666667,-0.8873031946139881,0.0,0.14549923831634207,0.00017698777639575487,-0.2770850922608992,R1_Rank
2,7,Drew Lachey,Cheryl Burke,Singer/Rapper,1st Place,1,True,False,27.5,0.269607843,1.5,3,0.0,-4.317488105902977,0.0,0.22119980843166506,1.438273751475877e-05,-0.06688081799141868,R1_Rank
2,7,Jerry Rice,Anna Trebunskaya,Athlete,2nd Place,2,True,False,20.5,0.200980392,4.0,3,16.33333333,-1.4648566832492749,0.0,0.405062312009534,0.0036781277161387583,0.5380936904875316,R1_Rank
2,7,Lisa Rinna,Louis van Amstel,Actor/Actress,Eliminated Week 7,4,True,True,26.5,0.259803922,3.0,3,26.33333333,-1.0093811546543947,0.0,0.18902765285443454,0.9928231797043408,-0.22405390584162796,R1_Rank
2,7,Stacy Keibler,Tony Dovolani,Athlete,3rd Place,3,True,False,27.5,0.269607843,1.5,3,28.33333333,-0.9387635874508348,0.0,0.18471022670436635,0.0034843098420057326,-0.24715896665448492,R1_Rank
2,8,Drew Lachey,Cheryl Burke,Singer/Rapper,1st Place,1,True,False,28.9998,0.343872913,1.0,3,7.666666667,-2.259356357410927,0.0,0.25210914015515257,0.005113155151596921,-0.22067764607476395,R1_Rank
2,8,Jerry Rice,Anna Trebunskaya,Athlete,2nd Place,2,True,False,26.6666,0.316206368,3.0,3,32.33333333,-0.9122827102914716,0.0,0.5028307699268854,0.06881255925437745,0.4697139363123274,R1_Rank
2,8,Stacy Keibler,Tony Dovolani,Athlete,3rd Place,3,True,False,28.6665,0.339920719,2.0,3,40.0,-0.7052685408537065,0.0,0.24506008991796205,0.9260742855940256,-0.24903629023756343,R1_Rank
3,1,Emmitt Smith,Cheryl Burke,Athlete,1st Place,1,True,False,24.0,0.113207547,2.0,3,0.0,-4.442651247990317,0.0,0.3310840092257166,0.005119767749294423,2.310351160850551,R2_Percent
3,1,Harry Hamlin,Ashly DelGrosso,Actor/Actress,Eliminated Week 3,9,True,False,17.0,0.080188679,8.0,3,0.0,-4.442651247990317,0.0,0.006534554605811225,0.15031980308195325,-1.6149167970708196,R2_Percent
3,1,Jerry Springer,Kym Johnson,TV Personality,Eliminated Week 7,5,True,False,16.0,0.075471698,9.0,3,25.0,-1.1845547181419112,0.0,0.021303975335791512,0.1366949264698946,-0.4331272958466345,R2_Percent
3,1,Joey Lawrence,Edyta Sliwinska,Actor/Actress,3rd Place,3,True,False,21.0,0.099056604,5.0,3,15.0,-1.6700625337192851,0.0,0.14500339409220858,0.033975954984713334,1.4847361630481468,R2_Percent
3,1,Mario Lopez,Karina Smirnoff,Actor/Actress,2nd Place,2,True,False,26.0,0.122641509,1.0,3,3.0,-3.0563568932454257,0.0,0.16180304053733668,0.023195245040762535,1.5943588097658052,R2_Percent
3,1,Monique Coleman,Louis van Amstel,Actor/Actress,Eliminated Week 8,4,True,False,19.0,0.089622642,6.0,3,0.0,-4.442651247990317,0.0,0.10873520842967131,0.05233260325866977,1.1968946596472383,R2_Percent
3,1,Sara Evans,Tony Dovolani,Singer/Rapper,Withdrew,6,True,False,15.0,0.070754717,10.0,3,1.0,-3.749504071680371,0.0,0.19778771862580044,0.02695720297728458,1.7951733407705563,R2_Percent
3,1,Shanna Moakler,Jesse DeSoto,Model,Eliminated Week 2,10,True,False,18.0,0.08490566,7.0,3,4.0,-2.833213342356216,0.0,0.0051694663204165875,0.14563211818813798,-1.849251529663836,R2_Percent
3,1,Tucker Carlson,Elena Grinenko,TV Personality,Eliminated Week 1,11,True,True,12.0,0.056603774,11.0,3,21.0,-1.3516088027456368,0.0,0.005473087560326943,0.18975182840493784,-1.7921780759991268,R2_Percent
3,1,Vivica A. Fox,Nick Kosovich,Actor/Actress,Eliminated Week 4,8,True,False,22.0,0.103773585,3.5,3,0.0,-4.442651247990317,0.0,0.00874580067058664,0.11779497038046613,-1.323447324823028,R2_Percent
3,1,Willa Ford,Maksim Chmerkoskiy,Singer/Rapper,Eliminated Week 5,7,True,False,22.0,0.103773585,3.5,3,5.0,-2.650891785845595,0.0,0.008359744596333325,0.11822557946388557,-1.3685931106788516,R2_Percent
3,2,Emmitt Smith,Cheryl Burke,Athlete,1st Place,1,True,False,24.0,0.104347826,3.5,3,0.0,-3.713572062506747,0.0,0.2994415299547629,0.009991985276825953,2.0016011962032625,R2_Percent
3,2,Harry Hamlin,Ashly DelGrosso,Actor/Actress,Eliminated Week 3,9,True,False,21.0,0.091304348,8.0,3,0.0,-3.713572062506747,0.0,0.005910031817341754,0.181174660248666,-1.923666761718108,R2_Percent
3,2,Jerry Springer,Kym Johnson,TV Personality,Eliminated Week 7,5,True,False,19.0,0.082608696,10.0,3,14.33333333,-0.9835429587357614,0.0,0.027732648279105675,0.1600343375430157,-0.3777076193871779,R2_Percent
3,2,Joey Lawrence,Edyta Sliwinska,Actor/Actress,3rd Place,3,True,False,29.0,0.126086957,1.0,3,0.0,-3.713572062506747,0.0,0.1831704120259071,0.02441697380585279,1.5100989560210714,R2_Percent
3,2,Mario Lopez,Karina Smirnoff,Actor/Actress,2nd Place,2,True,False,21.0,0.091304348,8.0,3,5.333333333,-1.867745375513679,0.0,0.16965176209356328,0.038544416659725536,1.4334299010502232,R2_Percent
3,2,Monique Coleman,Louis van Amstel,Actor/Actress,Eliminated Week 8,4,True,False,26.0,0.113043478,2.0,3,0.0,-3.713572062506747,0.0,0.09834312822378909,0.0615796304536478,0.88814469499995,R2_Percent
3,2,Sara Evans,Tony Dovolani,Singer/Rapper,Withdrew,6,True,False,21.0,0.091304348,8.0,3,1.0,-3.0204248839968018,0.0,0.1930687357509595,0.03089144386373692,1.5627282925215056,R2_Percent
3,2,Shanna Moakler,Jesse DeSoto,Model,Eliminated Week 2,10,True,True,22.0,0.095652174,6.0,3,3.333333333,-2.247234996944089,0.0,0.005590016634769329,0.17440698651660763,-1.979335713795543,R2_Percent
3,2,Vivica A. Fox,Nick Kosovich,Actor/Actress,Eliminated Week 4,8,True,False,24.0,0.104347826,3.5,3,0.0,-3.713572062506747,0.0,0.007909943882836246,0.15716163135166494,-1.6321972894703163,R2_Percent
3,2,Willa Ford,Maksim Chmerkoskiy,Singer/Rapper,Eliminated Week 5,7,True,False,23.0,0.1,5.0,3,7.0,-1.6341305244144109,0.0,0.009181791336964906,0.16179793428025677,-1.4830956564248665,R2_Percent
3,3,Emmitt Smith,Cheryl Burke,Athlete,1st Place,1,True,False,19.0,0.09178744,9.0,3,3.0,-2.3353749147272516,0.0,0.2894822798840176,0.017473599539791957,1.71087102024942,R2_Percent
3,3,Harry Hamlin,Ashly DelGrosso,Actor/Actress,Eliminated Week 3,9,True,True,22.0,0.106280193,5.5,3,0.0,-3.721669272747142,0.0,0.005796606576519967,0.22252568592219685,-2.1999503921920565,R2_Percent
3,3,Jerry Springer,Kym Johnson,TV Personality,Eliminated Week 7,5,True,False,21.0,0.101449275,8.0,3,11.33333333,-1.209363652839496,0.0,0.03393193818539934,0.17853317207327876,-0.4328663652847282,R2_Percent
3,3,Joey Lawrence,Edyta Sliwinska,Actor/Actress,3rd Place,3,True,False,22.0,0.106280193,5.5,3,4.666666667,-1.9870682207041337,0.0,0.1544565954692847,0.054594956481163526,1.0826900558855246,R2_Percent
3,3,Mario Lopez,Karina Smirnoff,Actor/Actress,2nd Place,2,True,False,22.0,0.106280193,5.5,3,9.666666667,-1.3545456623301086,0.0,0.19955596465897088,0.03564726179446709,1.3388716560879905,R2_Percent
3,3,Monique Coleman,Louis van Amstel,Actor/Actress,Eliminated Week 8,4,True,False,27.0,0.130434783,1.5,3,0.0,-3.721669272747142,0.0,0.09645572840146997,0.07517727280814136,0.6118610645260014,R2_Percent
3,3,Sara Evans,Tony Dovolani,Singer/Rapper,Withdrew,6,True,False,25.0,0.120772947,3.0,3,1.0,-3.0285220942538635,0.0,0.20147565974898637,0.030524985064514537,1.3484455132913813,R2_Percent
3,3,Vivica A. Fox,Nick Kosovich,Actor/Actress,Eliminated Week 4,8,True,False,27.0,0.130434783,1.5,3,0.0,-3.721669272747142,0.0,0.007758136360046791,0.17385103342230895,-1.908480919944265,R2_Percent
3,3,Willa Ford,Maksim Chmerkoskiy,Singer/Rapper,Eliminated Week 5,7,True,False,22.0,0.106280193,5.5,3,2.666666667,-2.422386291532033,0.0,0.011087090715304334,0.21167203289413714,-1.5514416326192684,R2_Percent
3,4,Emmitt Smith,Cheryl Burke,Athlete,1st Place,1,True,False,24.0,0.121212121,5.0,3,0.0,-3.4965075581967833,0.0,0.3084143669336097,0.015460087879352342,1.537345009800375,R2_Percent
3,4,Jerry Springer,Kym Johnson,TV Personality,Eliminated Week 7,5,True,False,22.0,0.111111111,7.0,3,10.0,-1.0986122883984129,0.0,0.03418656702275315,0.2271644422671234,-0.6622664263926293,R2_Percent
3,4,Joey Lawrence,Edyta Sliwinska,Actor/Actress,3rd Place,3,True,False,27.0,0.136363636,3.0,3,0.0,-3.4965075581967833,0.0,0.15550143377126838,0.05684634355093941,0.8525557357792167,R2_Percent
3,4,Mario Lopez,Karina Smirnoff,Actor/Actress,2nd Place,2,True,False,29.0,0.146464646,1.0,3,7.666666667,-1.33702331172418,0.0,0.21709911676551358,0.028866214393985044,1.186254792354197,R2_Percent
3,4,Monique Coleman,Louis van Amstel,Actor/Actress,Eliminated Week 8,4,True,False,24.0,0.121212121,5.0,3,0.0,-3.4965075581967833,0.0,0.08371862794262354,0.1292871236217613,0.23336229260672636,R2_Percent
3,4,Sara Evans,Tony Dovolani,Singer/Rapper,Withdrew,6,True,False,20.0,0.101010101,8.0,3,0.666666667,-2.985681935550793,0.0,0.1842556402386627,0.06050507711804136,1.022224926288105,R2_Percent
3,4,Vivica A. Fox,Nick Kosovich,Actor/Actress,Eliminated Week 4,8,True,True,24.0,0.121212121,5.0,3,0.0,-3.4965075581967833,0.0,0.006733664679318292,0.2676500606957031,-2.2869796918635403,R2_Percent
3,4,Willa Ford,Maksim Chmerkoskiy,Singer/Rapper,Eliminated Week 5,7,True,False,28.0,0.141414141,2.0,3,6.666666667,-1.4596256337618303,0.0,0.010090582646250661,0.2142206504730942,-1.8824966385724506,R2_Percent
3,5,Emmitt Smith,Cheryl Burke,Athlete,1st Place,1,True,False,27.0,0.149171271,2.5,3,0.0,-3.6971782528126536,0.0,0.29534575121751566,0.02159906255082364,1.139780222821145,R2_Percent
3,5,Jerry Springer,Kym Johnson,TV Personality,Eliminated Week 7,5,True,False,24.0,0.132596685,6.5,3,20.33333333,-0.6369074621216122,0.0,0.03740500535761175,0.28925468193498965,-0.926561956686919,R2_Percent
3,5,Joey Lawrence,Edyta Sliwinska,Actor/Actress,3rd Place,3,True,False,25.0,0.138121547,5.0,3,0.0,-3.6971782528126536,0.0,0.13517116403147333,0.10896468966827261,0.35817537182598425,R2_Percent
3,5,Mario Lopez,Karina Smirnoff,Actor/Actress,2nd Place,2,True,False,27.0,0.149171271,2.5,3,5.333333333,-1.8513515657634454,0.0,0.25196345101610435,0.03254714751855402,0.9809175560985773,R2_Percent
3,5,Monique Coleman,Louis van Amstel,Actor/Actress,Eliminated Week 8,4,True,False,27.0,0.149171271,2.5,3,0.0,-3.6971782528126536,0.0,0.08308630610265111,0.16059389831449786,-0.1284865851365169,R2_Percent
3,5,Sara Evans,Tony Dovolani,Singer/Rapper,Withdrew,6,True,True,24.0,0.132596685,6.5,3,1.0,-3.004031074269375,0.0,0.18543778606831307,0.07138835445649071,0.674352955473078,R2_Percent
3,5,Willa Ford,Maksim Chmerkoskiy,Singer/Rapper,Eliminated Week 5,7,True,True,27.0,0.149171271,2.5,3,6.666666667,-1.6602963290153816,0.0,0.01159053620633086,0.31565216555637143,-2.098177564395349,R2_Percent
3,6,Emmitt Smith,Cheryl Burke,Athlete,1st Place,1,True,False,25.0,0.211864407,2.0,3,0.0,-3.1060803284745977,0.0,0.35536057756153583,0.01919177168152394,0.8033679789416621,R2_Percent
3,6,Jerry Springer,Kym Johnson,TV Personality,Eliminated Week 7,5,True,False,18.0,0.152542373,5.0,3,7.333333333,-0.9858167942798399,0.0,0.055785608853729185,0.5706043059348305,-1.0482490762121754,R2_Percent
3,6,Joey Lawrence,Edyta Sliwinska,Actor/Actress,3rd Place,3,True,False,24.0,0.203389831,3.0,3,3.333333333,-1.639743261476042,0.0,0.14805456198419484,0.1475241090630499,-0.07218413860853382,R2_Percent
3,6,Mario Lopez,Karina Smirnoff,Actor/Actress,2nd Place,2,True,False,28.0,0.237288136,1.0,3,6.666666667,-1.0691984031121082,0.0,0.33788595967695895,0.01780266927046113,0.7529434346574001,R2_Percent
3,6,Monique Coleman,Louis van Amstel,Actor/Actress,Eliminated Week 8,4,True,False,23.0,0.194915254,4.0,3,0.0,-3.1060803284745977,0.0,0.10291329192358119,0.2448771440501346,-0.435878198778353,R2_Percent
3,7,Emmitt Smith,Cheryl Burke,Athlete,1st Place,1,True,False,28.5,0.211111111,1.5,3,0.0,-3.191847149909962,0.0,0.33262881535173233,0.02660142632717401,0.7408182560623643,R2_Percent
3,7,Jerry Springer,Kym Johnson,TV Personality,Eliminated Week 7,5,True,True,23.0,0.17037037,5.0,3,10.33333333,-0.7640989164746552,0.0,0.05402942468876439,0.5441889258049959,-1.0766801437964972,R2_Percent
3,7,Joey Lawrence,Edyta Sliwinska,Actor/Actress,3rd Place,3,True,False,28.5,0.211111111,1.5,3,3.333333333,-1.7255100830652526,0.0,0.15902830478307578,0.13724918060000918,0.0028732602810526836,R2_Percent
3,7,Mario Lopez,Karina Smirnoff,Actor/Actress,2nd Place,2,True,False,28.0,0.207407407,3.0,3,5.666666667,-1.2947271670424139,0.0,0.3556848369272044,0.02215473071084882,0.8078361056219331,R2_Percent
3,7,Monique Coleman,Louis van Amstel,Actor/Actress,Eliminated Week 8,4,True,False,27.0,0.2,4.0,3,0.0,-3.191847149909962,0.0,0.09862861824922302,0.26980573655697215,-0.4748474781688528,R2_Percent
3,8,Emmitt Smith,Cheryl Burke,Athlete,1st Place,1,True,False,27.0,0.247706422,2.5,3,0.0,-2.4277482347853065,0.0,0.33411272606197034,0.06518378305057641,0.41939711629457266,R2_Percent
3,8,Joey Lawrence,Edyta Sliwinska,Actor/Actress,3rd Place,3,True,False,27.0,0.247706422,2.5,3,3.333333333,-0.9614111669405974,0.0,0.17863503820867144,0.2833693332976325,-0.2067364911398328,R2_Percent
3,8,Mario Lopez,Karina Smirnoff,Actor/Actress,2nd Place,2,True,False,28.5,0.26146789,1.0,3,4.0,-0.8183103232578729,0.0,0.3862671565257447,0.034959433741359174,0.5644479224948338,R2_Percent
3,8,Monique Coleman,Louis van Amstel,Actor/Actress,Eliminated Week 8,4,True,True,26.5,0.243119266,4.0,3,0.0,-2.4277482347853065,0.0,0.10098507920361353,0.6164874499104319,-0.7771085476495737,R2_Percent
3,9,Emmitt Smith,Cheryl Burke,Athlete,1st Place,1,True,False,29.5,0.333333333,2.0,3,0.0,-2.4277482347853065,0.0,0.36174158509147153,0.17642884253348126,0.1235667376628895,R2_Percent
3,9,Joey Lawrence,Edyta Sliwinska,Actor/Actress,3rd Place,3,True,True,29.5,0.333333333,2.0,3,3.333333333,-0.9614111669405974,0.0,0.2118011369359437,0.7278691424837899,-0.4117155647873736,R2_Percent
3,9,Mario Lopez,Karina Smirnoff,Actor/Actress,2nd Place,2,True,False,29.5,0.333333333,2.0,3,5.0,-0.6359887665016961,0.0,0.4264572779725847,0.09570201498272898,0.2881488271244839,R2_Percent
3,10,Emmitt Smith,Cheryl Burke,Athlete,1st Place,1,True,False,29.6666,0.5,1.5,3,6.333333333,-0.8602012650129717,0.0,0.44460505535425776,0.7402294189651766,-0.11124655030608238,R2_Percent
3,10,Mario Lopez,Karina Smirnoff,Actor/Actress,2nd Place,2,True,False,29.6666,0.5,1.5,3,9.0,-0.5500463367267078,0.0,0.5553949446457422,0.25977058103482353,0.11124655030608238,R2_Percent
4,1,Apolo Anton Ohno,Julianne Hough,Athlete,1st Place,1,True,False,21.0,0.101941748,3.5,3,0.0,-5.214935739208986,0.0,0.23797846024565714,0.013558805613814576,1.9807651651891047,R2_Percent
4,1,Billy Ray Cyrus,Karina Smirnoff,Singer/Rapper,Eliminated Week 8,5,True,False,13.0,0.063106796,11.0,3,22.0,-2.0794415408798357,0.0,0.04111226769280502,0.1258172933544587,0.22489155975735048,R2_Percent
4,1,Clyde Drexler,Elena Grinenko,Athlete,Eliminated Week 5,8,True,False,16.0,0.077669903,9.0,3,0.0,-5.214935739208986,0.0,0.010008230187124682,0.14710873169006622,-1.1880072280048777,R2_Percent
4,1,Heather Mills,Jonathan Roberts,Model,Eliminated Week 6,7,True,False,18.0,0.087378641,7.0,3,31.0,-1.749199854234259,0.0,0.0063069606090879,0.13898843582802262,-1.649761119141383,R2_Percent
4,1,Ian Ziering,Cheryl Burke,Actor/Actress,Eliminated Week 9,4,True,False,21.0,0.101941748,3.5,3,24.0,-1.996059932004785,0.0,0.11855864128073128,0.04192011020187931,1.2839927000821392,R2_Percent
4,1,Joey Fatone,Kym Johnson,Singer/Rapper,2nd Place,2,True,False,24.0,0.116504854,1.0,3,11.0,-2.730029106287652,0.0,0.26996755561416347,0.008732355770526083,2.1068867861688654,R2_Percent
4,1,John Ratzenberger,Edyta Sliwinska,Actor/Actress,Eliminated Week 7,6,True,False,17.0,0.082524272,8.0,3,12.0,-2.6499863987320644,0.0,0.06634776220381616,0.08249856440906571,0.7034950318455356,R2_Percent
4,1,Laila Ali,Maksim Chmerkoskiy,Athlete,3rd Place,3,True,False,23.0,0.111650485,2.0,3,33.0,-1.6885752324516479,0.0,0.23348997025997636,0.012906042177300413,1.961724121050472,R2_Percent
4,1,Leeza Gibbons,Tony Dovolani,TV Personality,Eliminated Week 4,9,True,False,15.0,0.072815534,10.0,3,0.0,-5.214935739208986,0.0,0.006053409985708194,0.15988174922597287,-1.6907932539550823,R2_Percent
4,1,Paulina Porizkova,Alec Mazo,Model,Eliminated Week 2,11,True,False,19.0,0.09223301,5.5,3,19.0,-2.2192034831349945,0.0,0.004755866950809232,0.13471600729856048,-1.9320359977990609,R2_Percent
4,1,Shandi Finnessey,Brian Fortuna,Beauty Pagent,Eliminated Week 3,10,True,False,19.0,0.09223301,5.5,3,21.0,-2.123893303414306,0.0,0.0054208749701206045,0.1338719044303331,-1.8011577651930628,R2_Percent
4,2,Apolo Anton Ohno,Julianne Hough,Athlete,1st Place,1,True,False,26.0,0.106122449,2.0,3,0.0,-3.5835189350505545,0.0,0.1798898547705155,0.02313621322217193,1.7182851985560132,R2_Percent
4,2,Billy Ray Cyrus,Karina Smirnoff,Singer/Rapper,Eliminated Week 8,5,True,False,21.0,0.085714286,7.5,3,10.66666667,-1.1267831652349647,0.0,0.04419954457256178,0.10117047711087633,0.3146549381479514,R2_Percent
4,2,Clyde Drexler,Elena Grinenko,Athlete,Eliminated Week 5,8,True,False,18.0,0.073469388,11.0,3,0.0,-3.5835189350505545,0.0,0.007565302645513708,0.16058151670296503,-1.4504871946379692,R2_Percent
4,2,Heather Mills,Jonathan Roberts,Model,Eliminated Week 6,7,True,False,24.0,0.097959184,3.5,3,12.66666667,-0.9685591601070392,0.0,0.007044230862517451,0.12802872782830713,-1.5218505826480897,R2_Percent
4,2,Ian Ziering,Cheryl Burke,Actor/Actress,Eliminated Week 9,4,True,False,22.0,0.089795918,5.0,3,0.0,-3.5835189350505545,0.0,0.13208757887632377,0.04241619427730797,1.409405631824617,R2_Percent
4,2,Joey Fatone,Kym Johnson,Singer/Rapper,2nd Place,2,True,False,24.0,0.097959184,3.5,3,0.0,-3.5835189350505545,0.0,0.2753138699854056,0.01014143928478773,2.1438522451341364,R2_Percent
4,2,John Ratzenberger,Edyta Sliwinska,Actor/Actress,Eliminated Week 7,6,True,False,21.0,0.085714286,7.5,3,0.0,-3.5835189350505545,0.0,0.06831747844599752,0.08054770831902372,0.7501060937129365,R2_Percent
4,2,Laila Ali,Maksim Chmerkoskiy,Athlete,3rd Place,3,True,False,27.0,0.110204082,1.0,3,0.0,-3.5835189350505545,0.0,0.2699536453516379,0.009502524817306748,2.1241907132817657,R2_Percent
4,2,Leeza Gibbons,Tony Dovolani,TV Personality,Eliminated Week 4,9,True,False,21.0,0.085714286,7.5,3,0.0,-3.5835189350505545,0.0,0.004575821870901052,0.1471307383808735,-1.953273220588174,R2_Percent
4,2,Paulina Porizkova,Alec Mazo,Model,Eliminated Week 2,11,True,True,21.0,0.085714286,7.5,3,1.666666667,-2.602689684163828,0.0,0.0051055348108954915,0.14639593573846518,-1.8437343387915102,R2_Percent
4,2,Shandi Finnessey,Brian Fortuna,Beauty Pagent,Eliminated Week 3,10,True,False,20.0,0.081632653,10.0,3,0.0,-3.5835189350505545,0.0,0.005947137807730336,0.15094852431791467,-1.6911494839916779,R2_Percent
4,3,Apolo Anton Ohno,Julianne Hough,Athlete,1st Place,1,True,False,23.0,0.105504587,5.0,3,0.0,-3.308106955850615,0.0,0.19916073809542775,0.025683791424512742,1.5679761280439795,R2_Percent
4,3,Billy Ray Cyrus,Karina Smirnoff,Singer/Rapper,Eliminated Week 8,5,True,False,21.0,0.096330275,7.0,3,5.333333333,-1.4622802677066702,0.0,0.05938414954358833,0.10497379757125913,0.35789124829356556,R2_Percent
4,3,Clyde Drexler,Elena Grinenko,Athlete,Eliminated Week 5,8,True,False,16.0,0.073394495,10.0,3,0.0,-3.308106955850615,0.0,0.008375743372064566,0.21115969886478528,-1.6007962651500025,R2_Percent
4,3,Heather Mills,Jonathan Roberts,Model,Eliminated Week 6,7,True,False,24.0,0.110091743,2.5,3,7.333333333,-1.1878434220958574,0.0,0.009508717260824764,0.14768060996647484,-1.4739271154999405,R2_Percent
4,3,Ian Ziering,Cheryl Burke,Actor/Actress,Eliminated Week 9,4,True,False,24.0,0.110091743,2.5,3,4.666666667,-1.5735059026546652,0.0,0.12306236776795275,0.05048963885617515,1.0865551821218113,R2_Percent
4,3,Joey Fatone,Kym Johnson,Singer/Rapper,2nd Place,2,True,False,24.0,0.110091743,2.5,3,0.0,-3.308106955850615,0.0,0.27054415820679995,0.012525958636766149,1.8742992318031517,R2_Percent
4,3,John Ratzenberger,Edyta Sliwinska,Actor/Actress,Eliminated Week 7,6,True,False,20.0,0.091743119,9.0,3,0.0,-3.308106955850615,0.0,0.06687653426831049,0.10213047869340103,0.47671204751722357,R2_Percent
4,3,Laila Ali,Maksim Chmerkoskiy,Athlete,3rd Place,3,True,False,21.0,0.096330275,7.0,3,0.0,-3.308106955850615,0.0,0.25234501227045436,0.016943559151434705,1.804661147699288,R2_Percent
4,3,Leeza Gibbons,Tony Dovolani,TV Personality,Eliminated Week 4,9,True,False,24.0,0.110091743,2.5,3,0.0,-3.308106955850615,0.0,0.005066011434410383,0.1540139780474481,-2.103582291100208,R2_Percent
4,3,Shandi Finnessey,Brian Fortuna,Beauty Pagent,Eliminated Week 3,10,True,True,21.0,0.096330275,7.0,3,0.0,-3.308106955850615,0.0,0.005676567780166618,0.17439848878774297,-1.989789313728869,R2_Percent
4,4,Apolo Anton Ohno,Julianne Hough,Athlete,1st Place,1,True,False,26.0,0.136842105,2.0,3,0.0,-3.4863551867459996,0.0,0.21006594205274098,0.02139603582322621,1.356294002222742,R2_Percent
4,4,Billy Ray Cyrus,Karina Smirnoff,Singer/Rapper,Eliminated Week 8,5,True,False,21.0,0.110526316,5.5,3,6.666666667,-1.4494732622820612,0.0,0.06691851000342515,0.10615859981246949,0.21234812155148478,R2_Percent
4,4,Clyde Drexler,Elena Grinenko,Athlete,Eliminated Week 5,8,True,False,15.0,0.078947368,9.0,3,0.0,-3.4863551867459996,0.0,0.008834363834310056,0.2477474181357843,-1.81247839097124,R2_Percent
4,4,Heather Mills,Jonathan Roberts,Model,Eliminated Week 6,7,True,False,23.0,0.121052632,4.0,3,8.0,-1.289130612313484,0.0,0.010952968744754734,0.1631084985544923,-1.5975169512198906,R2_Percent
4,4,Ian Ziering,Cheryl Burke,Actor/Actress,Eliminated Week 9,4,True,False,24.0,0.126315789,3.0,3,0.0,-3.4863551867459996,0.0,0.1479631914536336,0.04250745142064221,1.0058360474582508,R2_Percent
4,4,Joey Fatone,Kym Johnson,Singer/Rapper,2nd Place,2,True,False,28.0,0.147368421,1.0,3,5.0,-1.6945957202401667,0.0,0.2542154530597016,0.012761361219865782,1.5470546588795586,R2_Percent
4,4,John Ratzenberger,Edyta Sliwinska,Actor/Actress,Eliminated Week 7,6,True,False,16.0,0.084210526,7.5,3,0.0,-3.4863551867459996,0.0,0.06382505706301035,0.14017670426141346,0.16501836820243146,R2_Percent
4,4,Laila Ali,Maksim Chmerkoskiy,Athlete,3rd Place,3,True,False,21.0,0.110526316,5.5,3,0.0,-3.4863551867459996,0.0,0.23196998068595823,0.022307089497622258,1.4554804807202963,R2_Percent
4,4,Leeza Gibbons,Tony Dovolani,TV Personality,Eliminated Week 4,9,True,True,16.0,0.084210526,7.5,3,4.0,-1.8769172769252327,0.0,0.005254533102465292,0.2438368412744841,-2.332036336843634,R2_Percent
4,5,Apolo Anton Ohno,Julianne Hough,Athlete,1st Place,1,True,False,30.0,0.170454545,1.0,3,0.0,-3.4011973787954886,0.0,0.21012735821245357,0.02069357239216341,1.0660167819638329,R2_Percent
4,5,Billy Ray Cyrus,Karina Smirnoff,Singer/Rapper,Eliminated Week 8,5,True,False,17.0,0.096590909,7.0,3,10.66666667,-0.9444616084313275,0.0,0.0723133545916718,0.1530175986057592,-0.0006882096855012482,R2_Percent
4,5,Clyde Drexler,Elena Grinenko,Athlete,Eliminated Week 5,8,True,True,13.0,0.073863636,8.0,3,0.0,-3.4011973787954886,0.0,0.0088369467027889,0.3456168832084895,-2.1027556112301498,R2_Percent
4,5,Heather Mills,Jonathan Roberts,Model,Eliminated Week 6,7,True,False,21.0,0.119318182,5.0,3,6.666666667,-1.364315454099666,0.0,0.011921949700554785,0.21844754248356166,-1.8033158188601708,R2_Percent
4,5,Ian Ziering,Cheryl Burke,Actor/Actress,Eliminated Week 9,4,True,False,24.0,0.136363636,4.0,3,0.0,-3.4011973787954886,0.0,0.12781513705449868,0.062180381635064605,0.5688879456307329,R2_Percent
4,5,Joey Fatone,Kym Johnson,Singer/Rapper,2nd Place,2,True,False,25.0,0.142045455,3.0,3,0.0,-3.4011973787954886,0.0,0.3063322814065606,0.010902935421636792,1.4429733671483689,R2_Percent
4,5,John Ratzenberger,Edyta Sliwinska,Actor/Actress,Eliminated Week 7,6,True,False,18.0,0.102272727,6.0,3,0.0,-3.4011973787954886,0.0,0.058860763954233106,0.16467939888790192,-0.20652231070881127,R2_Percent
4,5,Laila Ali,Maksim Chmerkoskiy,Athlete,3rd Place,3,True,False,28.0,0.159090909,2.0,3,4.666666667,-1.666596325819147,0.0,0.2037922083772386,0.02446168736542289,1.035403855741698,R2_Percent
4,6,Apolo Anton Ohno,Julianne Hough,Athlete,1st Place,1,True,False,28.0,0.164705882,1.5,3,9.666666667,-1.3049487212066164,0.0,0.20951139952844025,0.03898343771128073,0.7415407190233132,R2_Percent
4,6,Billy Ray Cyrus,Karina Smirnoff,Singer/Rapper,Eliminated Week 8,5,True,False,21.0,0.123529412,6.0,3,10.33333333,-1.2443240997372402,0.0,0.08368521531382984,0.18897385855237722,-0.17617510901154876,R2_Percent
4,6,Heather Mills,Jonathan Roberts,Model,Eliminated Week 6,7,True,True,23.0,0.135294118,5.0,3,7.666666667,-1.512588085892553,0.0,0.0127315513974581,0.3306463942243138,-2.0591541573385888,R2_Percent
4,6,Ian Ziering,Cheryl Burke,Actor/Actress,Eliminated Week 9,4,True,False,24.0,0.141176471,4.0,3,0.0,-3.6720723318049,0.0,0.11594790549391125,0.11790425332850536,0.14990356778313726,R2_Percent
4,6,Joey Fatone,Kym Johnson,Singer/Rapper,2nd Place,2,True,False,27.0,0.158823529,3.0,3,0.0,-3.6720723318049,0.0,0.28041510499350225,0.021085162045376377,1.0330335912764124,R2_Percent
4,6,John Ratzenberger,Edyta Sliwinska,Actor/Actress,Eliminated Week 7,6,True,False,19.0,0.111764706,7.0,3,0.0,-3.6720723318049,0.0,0.05631027017007258,0.2735673754232845,-0.5723604947213619,R2_Percent
4,6,Laila Ali,Maksim Chmerkoskiy,Athlete,3rd Place,3,True,False,28.0,0.164705882,1.5,3,4.666666667,-1.9374712795971856,0.0,0.24139855310278585,0.028839518714861942,0.8832118829886365,R2_Percent
4,7,Apolo Anton Ohno,Julianne Hough,Athlete,1st Place,1,True,False,27.0,0.174757282,3.5,3,0.0,-3.506557893976648,0.0,0.2756025922776637,0.03355916727769794,0.6956255369982406,R2_Percent
4,7,Billy Ray Cyrus,Karina Smirnoff,Singer/Rapper,Eliminated Week 8,5,True,False,19.0,0.122977346,6.0,3,20.0,-0.46203545942782837,0.0,0.08491143163448417,0.33198598332350604,-0.4817256755590208,R2_Percent
4,7,Ian Ziering,Cheryl Burke,Actor/Actress,Eliminated Week 9,4,True,False,27.0,0.174757282,3.5,3,7.333333333,-1.3862943607498908,0.0,0.0954304141821599,0.18424332039169505,-0.3649370734522174,R2_Percent
4,7,Joey Fatone,Kym Johnson,Singer/Rapper,2nd Place,2,True,False,29.5,0.190938511,1.5,3,0.0,-3.506557893976648,0.0,0.23769104231098084,0.04121079396391969,0.5476372807661205,R2_Percent
4,7,John Ratzenberger,Edyta Sliwinska,Actor/Actress,Eliminated Week 7,6,True,True,22.5,0.145631068,5.0,3,0.0,-3.506557893976648,0.0,0.04947225174337806,0.37462968939185237,-1.021922466483982,R2_Percent
4,7,Laila Ali,Maksim Chmerkoskiy,Athlete,3rd Place,3,True,False,29.5,0.190938511,1.5,3,0.0,-3.506557893976648,0.0,0.25689226785133334,0.034371045651328896,0.6253223977308592,R2_Percent
4,8,Apolo Anton Ohno,Julianne Hough,Athlete,1st Place,1,True,False,29.0,0.231075697,1.0,3,0.0,-3.27083556115292,0.0,0.28171716839265337,0.046195933791027904,0.408705265536582,R2_Percent
4,8,Billy Ray Cyrus,Karina Smirnoff,Singer/Rapper,Eliminated Week 8,5,True,True,19.0,0.151394422,5.0,3,17.0,-0.3804638057437925,0.0,0.10880468359152365,0.5028800207836794,-0.542643971937929,R2_Percent
4,8,Ian Ziering,Cheryl Burke,Actor/Actress,Eliminated Week 9,4,True,False,23.5,0.187250996,4.0,3,0.0,-3.27083556115292,0.0,0.13112339548037077,0.2901772079100833,-0.35605952307319355,R2_Percent
4,8,Joey Fatone,Kym Johnson,Singer/Rapper,2nd Place,2,True,False,27.5,0.219123506,2.0,3,0.0,-3.27083556115292,0.0,0.24013222032333867,0.07662419349798057,0.24899133650683192,R2_Percent
4,8,Laila Ali,Maksim Chmerkoskiy,Athlete,3rd Place,3,True,False,26.5,0.211155378,3.0,3,4.333333333,-1.596859129783332,0.0,0.23822253221211367,0.08412264401722873,0.2410068929677085,R2_Percent
4,9,Apolo Anton Ohno,Julianne Hough,Athlete,1st Place,1,True,False,29.5,0.248945148,3.0,3,0.0,-1.3862943607198905,1.0,0.3036125919677888,0.11497507524307726,0.24704117165373324,R2_Percent
4,9,Ian Ziering,Cheryl Burke,Actor/Actress,Eliminated Week 9,4,True,True,29.0,0.244725738,4.0,3,0.0,-1.3862943607198905,1.0,0.13189188250714204,0.6064741485128458,-0.5867288334792817,R2_Percent
4,9,Joey Fatone,Kym Johnson,Singer/Rapper,2nd Place,2,True,False,30.0,0.253164557,1.5,3,0.0,-1.3862943607198905,1.0,0.2563416191390848,0.17271263415585036,0.07779965612746503,R2_Percent
4,9,Laila Ali,Maksim Chmerkoskiy,Athlete,3rd Place,3,True,False,30.0,0.253164557,1.5,3,0.0,-1.3862943607198905,1.0,0.30815390638598444,0.1058381420882267,0.2618880056980834,R2_Percent
4,10,Apolo Anton Ohno,Julianne Hough,Athlete,1st Place,1,True,False,29.3332,0.339768501,1.0,3,18.33333333,-0.727048732026144,0.0,0.36039835937743786,0.23618991570353068,0.08023580756618409,R2_Percent
4,10,Joey Fatone,Kym Johnson,Singer/Rapper,2nd Place,2,True,False,28.6665,0.332046068,2.0,3,3.333333333,-2.2225423842993552,0.0,0.306682010755327,0.4221420456284508,-0.08116275073579016,R2_Percent
4,10,Laila Ali,Maksim Chmerkoskiy,Athlete,3rd Place,3,True,False,28.3332,0.328185431,3.0,3,15.33333333,-0.8956714444556029,0.0,0.3329196298672351,0.3416680386680184,0.0009269431696060648,R2_Percent
5,1,Albert Reed,Anna Trebunskaya,Model,Eliminated Week 2,11,True,False,21.0,0.081712062,7.0,3,19.0,-1.3217558396073195,0.0,0.004446345861727559,0.12654074572361715,-1.8460960902969494,R2_Percent
5,1,Cameron Mathison,Edyta Sliwinska,Actor/Actress,Eliminated Week 8,5,True,False,21.0,0.081712062,7.0,3,0.0,-4.31748810603631,0.0,0.10365214679359006,0.049545590768705364,1.302861856142075,R2_Percent
5,1,Floyd Mayweather Jr. ,Karina Smirnoff,Athlete,Eliminated Week 4,9,True,False,18.0,0.070038911,11.0,3,0.0,-4.31748810603631,0.0,0.0073728884780529,0.1374465819755749,-1.340369141303677,R2_Percent
5,1,Helio Castroneves,Julianne Hough,Racing Driver,1st Place,1,True,False,25.0,0.097276265,2.0,3,0.0,-4.31748810603631,0.0,0.2035584866515368,0.016634709991869927,1.9777746728082162,R2_Percent
5,1,Jane Seymour,Tony Dovolani,Actor/Actress,Eliminated Week 7,6,True,False,24.0,0.093385214,3.5,3,9.0,-2.0149030197922646,0.0,0.022312661089207795,0.09571393570302347,-0.23302441527678025,R2_Percent
5,1,Jennie Garth,Derek Hough,Actor/Actress,Eliminated Week 9,4,True,False,21.0,0.081712062,7.0,3,10.0,-1.9195928400561217,0.0,0.11842741673509757,0.04308783548684233,1.4361215614316547,R2_Percent
5,1,Josie Maran,Alec Mazo,Model,Eliminated Week 1,12,True,True,16.0,0.062256809,12.0,3,7.0,-2.2380465709189745,0.0,0.004753290664372521,0.15164615686218041,-1.7793415448369314,R2_Percent
5,1,Marie Osmond,Jonathan Roberts,Singer/Rapper,3rd Place,3,True,False,21.0,0.081712062,7.0,3,2.0,-3.218875822368201,0.0,0.23687948505769596,0.014064560718653727,2.129372815462991,R2_Percent
5,1,Mark Cuban,Kym Johnson,TV Personality,Eliminated Week 5,8,True,False,21.0,0.081712062,7.0,3,9.0,-2.0149030197922646,0.0,0.0067832055958219175,0.12377642082990514,-1.423728902514536,R2_Percent
5,1,Mel B,Maksim Chmerkoskiy,Singer/Rapper,2nd Place,2,True,False,24.0,0.093385214,3.5,3,0.0,-4.31748810603631,0.0,0.2739365043665177,0.008873519527295332,2.2747176491695793,R2_Percent
5,1,Sabrina Bryan,Mark Ballas,Actor/Actress,Eliminated Week 6,7,True,False,26.0,0.101167315,1.0,3,3.0,-2.9311937505414196,0.0,0.012767898723315234,0.09732191433637014,-0.7912445858701409,R2_Percent
5,1,Wayne Newton,Cheryl Burke,Singer/Rapper,Eliminated Week 3,10,True,False,19.0,0.073929961,10.0,3,4.0,-2.7080501996022104,0.0,0.005109669983064181,0.13534802807596205,-1.7070438749155008,R2_Percent
5,2,Albert Reed,Anna Trebunskaya,Model,Eliminated Week 2,11,True,True,21.0,0.088235294,7.0,3,11.33333333,-1.4889485150130986,0.0,0.005782100392454185,0.14382151519437267,-1.8146287088841369,R2_Percent
5,2,Cameron Mathison,Edyta Sliwinska,Actor/Actress,Eliminated Week 8,5,True,False,21.0,0.088235294,7.0,3,0.0,-4.00125413369552,0.0,0.0964382406494175,0.06105111423876104,0.9995070949352082,R2_Percent
5,2,Floyd Mayweather Jr. ,Karina Smirnoff,Athlete,Eliminated Week 4,9,True,False,21.0,0.088235294,7.0,3,0.0,-4.00125413369552,0.0,0.006859755589468929,0.14236401972837887,-1.643723902510544,R2_Percent
5,2,Helio Castroneves,Julianne Hough,Racing Driver,1st Place,1,True,False,27.0,0.113445378,1.0,3,3.333333333,-2.534917069184144,0.0,0.18651934457200678,0.020532415451566276,1.659139242695234,R2_Percent
5,2,Jane Seymour,Tony Dovolani,Actor/Actress,Eliminated Week 7,6,True,False,21.0,0.088235294,7.0,3,5.0,-2.2094946690230204,0.0,0.026891743023700728,0.11780720389334697,-0.2775764265593712,R2_Percent
5,2,Jennie Garth,Derek Hough,Actor/Actress,Eliminated Week 9,4,True,False,21.0,0.088235294,7.0,3,3.666666667,-2.4608090969721803,0.0,0.14475890412512227,0.038667340409337086,1.4056739131226441,R2_Percent
5,2,Marie Osmond,Jonathan Roberts,Singer/Rapper,3rd Place,3,True,False,24.0,0.100840336,3.0,3,0.666666667,-3.4904285119161957,0.0,0.2502547787138764,0.012663601129849957,1.9530837985164204,R2_Percent
5,2,Mark Cuban,Kym Johnson,TV Personality,Eliminated Week 5,8,True,False,18.0,0.075630252,10.0,3,11.66666667,-1.4622802674091733,0.0,0.008111867357202877,0.15849018370591447,-1.4760676199708178,R2_Percent
5,2,Mel B,Maksim Chmerkoskiy,Singer/Rapper,2nd Place,2,True,False,23.0,0.096638655,4.0,3,0.0,-4.00125413369552,0.0,0.2548712723081984,0.012614047951142222,1.9713628879627125,R2_Percent
5,2,Sabrina Bryan,Mark Ballas,Actor/Actress,Eliminated Week 6,7,True,False,26.0,0.109243697,2.0,3,2.666666667,-2.701971153450107,0.0,0.013850383823267021,0.10926178536602017,-0.9410827701357158,R2_Percent
5,2,Wayne Newton,Cheryl Burke,Singer/Rapper,Eliminated Week 3,10,True,False,15.0,0.06302521,11.0,3,5.333333333,-2.1554274478533295,0.0,0.00566160944528495,0.1827267729313103,-1.8356875091716336,R2_Percent
5,3,Cameron Mathison,Edyta Sliwinska,Actor/Actress,Eliminated Week 8,5,True,False,23.0,0.09623431,7.0,3,0.0,-3.4760986866225583,0.0,0.09046459057411596,0.07686982291140292,0.7166141926578535,R2_Percent
5,3,Floyd Mayweather Jr. ,Karina Smirnoff,Athlete,Eliminated Week 4,9,True,False,21.0,0.087866109,8.0,3,0.0,-3.4760986866225583,0.0,0.006434843446550974,0.18409246528992781,-1.9266168047878987,R2_Percent
5,3,Helio Castroneves,Julianne Hough,Racing Driver,1st Place,1,True,False,24.0,0.10041841,6.0,3,3.333333333,-2.009761620393234,0.0,0.21403029961733552,0.022980607337069355,1.5777732748865132,R2_Percent
5,3,Jane Seymour,Tony Dovolani,Actor/Actress,Eliminated Week 7,6,True,False,27.0,0.112970711,2.0,3,9.666666667,-1.1089750753899,0.0,0.028721209781376704,0.1176259066803056,-0.4307084505098906,R2_Percent
5,3,Jennie Garth,Derek Hough,Actor/Actress,Eliminated Week 9,4,True,False,26.0,0.108786611,4.5,3,0.0,-3.4760986866225583,0.0,0.1519910717784888,0.03816570227792576,1.2354774637119585,R2_Percent
5,3,Marie Osmond,Jonathan Roberts,Singer/Rapper,3rd Place,3,True,False,26.0,0.108786611,4.5,3,1.0,-2.7829515076792797,0.0,0.2384408920034365,0.016858127131295225,1.6857771302324567,R2_Percent
5,3,Mark Cuban,Kym Johnson,TV Personality,Eliminated Week 5,8,True,False,20.0,0.083682008,9.0,3,6.666666667,-1.4392167621296343,0.0,0.009709130109581222,0.18568236932724588,-1.5152776258864833,R2_Percent
5,3,Mel B,Maksim Chmerkoskiy,Singer/Rapper,2nd Place,2,True,False,27.0,0.112970711,2.0,3,0.0,-3.4760986866225583,0.0,0.23908384415974368,0.0161062700998244,1.6884699856853582,R2_Percent
5,3,Sabrina Bryan,Mark Ballas,Actor/Actress,Eliminated Week 6,7,True,False,27.0,0.112970711,2.0,3,0.0,-3.4760986866225583,0.0,0.014730964202394505,0.13425513529592914,-1.0983926303664777,R2_Percent
5,3,Wayne Newton,Cheryl Burke,Singer/Rapper,Eliminated Week 3,10,True,True,18.0,0.075313808,10.0,3,1.666666667,-2.4952694355066654,0.0,0.006393154326976052,0.20736359364907378,-1.9331165356233901,R2_Percent
5,4,Cameron Mathison,Edyta Sliwinska,Actor/Actress,Eliminated Week 8,5,True,False,27.0,0.115384615,3.0,3,0.0,-3.4863551867459996,0.0,0.088107214460595,0.09050515818952103,0.4707714307175154,R2_Percent
5,4,Floyd Mayweather Jr. ,Karina Smirnoff,Athlete,Eliminated Week 4,9,True,True,23.0,0.098290598,8.0,3,0.0,-3.4863551867459996,0.0,0.0062671607528154835,0.2305596462158004,-2.1724595667282367,R2_Percent
5,4,Helio Castroneves,Julianne Hough,Racing Driver,1st Place,1,True,False,27.0,0.115384615,3.0,3,5.0,-1.6945957202401667,0.0,0.2447093352799076,0.02059891813273346,1.4922881312959657,R2_Percent
5,4,Jane Seymour,Tony Dovolani,Actor/Actress,Eliminated Week 7,6,True,False,26.0,0.111111111,6.0,3,7.0,-1.406913647924497,0.0,0.03390671592212388,0.1572898159318105,-0.4841698837600131,R2_Percent
5,4,Jennie Garth,Derek Hough,Actor/Actress,Eliminated Week 9,4,True,False,27.0,0.115384615,3.0,3,1.333333333,-2.63905732836832,0.0,0.12843241212566112,0.06182217252018549,0.8476198019633289,R2_Percent
5,4,Marie Osmond,Jonathan Roberts,Singer/Rapper,3rd Place,3,True,False,26.0,0.111111111,6.0,3,0.666666667,-2.975529564086676,0.0,0.24198676945424155,0.022007071794462076,1.4811000646630201,R2_Percent
5,4,Mark Cuban,Kym Johnson,TV Personality,Eliminated Week 5,8,True,False,22.0,0.094017094,9.0,3,8.666666667,-1.2176716483218883,0.0,0.010686620209555547,0.2302417996223037,-1.6387904770217414,R2_Percent
5,4,Mel B,Maksim Chmerkoskiy,Singer/Rapper,2nd Place,2,True,False,26.0,0.111111111,6.0,3,0.0,-3.4863551867459996,0.0,0.2328536657023594,0.02399121939511843,1.4426272237450202,R2_Percent
5,4,Sabrina Bryan,Mark Ballas,Actor/Actress,Eliminated Week 6,7,True,False,30.0,0.128205128,1.0,3,1.0,-2.7932080078193877,0.0,0.013050106092740458,0.1629841981980649,-1.438986724874859,R2_Percent
5,5,Cameron Mathison,Edyta Sliwinska,Actor/Actress,Eliminated Week 8,5,True,False,26.0,0.130653266,3.5,3,0.0,-3.3557350047303593,0.0,0.08384268480898148,0.12031222526885532,0.14024844148649337,R2_Percent
5,5,Helio Castroneves,Julianne Hough,Racing Driver,1st Place,1,True,False,23.0,0.115577889,6.0,3,4.0,-1.7462970945895921,0.0,0.27870005664990066,0.021995347570472806,1.3414423361712822,R2_Percent
5,5,Jane Seymour,Tony Dovolani,Actor/Actress,Eliminated Week 7,6,True,False,26.0,0.130653266,3.5,3,6.0,-1.4098248581321888,0.0,0.036224526472112245,0.1887015080663489,-0.6989573853134481,R2_Percent
5,5,Jennie Garth,Derek Hough,Actor/Actress,Eliminated Week 9,4,True,False,25.0,0.125628141,5.0,3,1.0,-2.6625878256037474,0.0,0.1234242365563447,0.08678819491317234,0.5269336970580227,R2_Percent
5,5,Marie Osmond,Jonathan Roberts,Singer/Rapper,3rd Place,3,True,False,21.0,0.105527638,7.5,3,0.666666667,-2.8449093819110356,0.0,0.2318564438869064,0.03765926692000533,1.1574246022142705,R2_Percent
5,5,Mark Cuban,Kym Johnson,TV Personality,Eliminated Week 5,8,True,True,21.0,0.105527638,7.5,3,8.333333333,-1.1221427858185031,0.0,0.011622752787366781,0.30192503096697654,-1.8357291774081117,R2_Percent
5,5,Mel B,Maksim Chmerkoskiy,Singer/Rapper,2nd Place,2,True,False,29.0,0.145728643,1.0,3,0.0,-3.3557350047303593,0.0,0.22158317703745298,0.028380683542512348,1.112104234513998,R2_Percent
5,5,Sabrina Bryan,Mark Ballas,Actor/Actress,Eliminated Week 6,7,True,False,28.0,0.140703518,2.0,3,0.666666667,-2.8449093819110356,0.0,0.012746121800934708,0.21423774275165636,-1.743466748722507,R2_Percent
5,6,Cameron Mathison,Edyta Sliwinska,Actor/Actress,Eliminated Week 8,5,True,False,25.0,0.138888889,4.5,3,0.0,-3.1498829510764876,0.0,0.08164557335130146,0.1683700726688011,-0.1467445770090695,R2_Percent
5,6,Helio Castroneves,Julianne Hough,Racing Driver,1st Place,1,True,False,28.0,0.155555556,2.0,3,0.0,-3.1498829510764876,0.0,0.3109857760851763,0.016460479919018067,1.1906149950428062,R2_Percent
5,6,Jane Seymour,Tony Dovolani,Actor/Actress,Eliminated Week 7,6,True,False,22.0,0.122222222,7.0,3,6.666666667,-1.1130010258009548,0.0,0.03796979269402128,0.2978254914491942,-0.9123412655319757,R2_Percent
5,6,Jennie Garth,Derek Hough,Actor/Actress,Eliminated Week 9,4,True,False,27.0,0.15,3.0,3,3.0,-1.7635885917065968,0.0,0.11760733374434225,0.10790401668091174,0.21821921526175392,R2_Percent
5,6,Marie Osmond,Jonathan Roberts,Singer/Rapper,3rd Place,3,True,False,23.0,0.127777778,6.0,3,6.0,-1.2039728040211741,0.0,0.223670205755336,0.048852179254514544,0.8610404911976052,R2_Percent
5,6,Mel B,Maksim Chmerkoskiy,Singer/Rapper,2nd Place,2,True,False,30.0,0.166666667,1.0,3,0.0,-3.1498829510764876,0.0,0.21577655314167357,0.03644626314283007,0.825111216018435,R2_Percent
5,6,Sabrina Bryan,Mark Ballas,Actor/Actress,Eliminated Week 6,7,True,True,25.0,0.138888889,4.5,3,0.666666667,-2.6390573280438305,0.0,0.01234476522814914,0.3241414968847303,-2.0359000749795553,R2_Percent
5,7,Cameron Mathison,Edyta Sliwinska,Actor/Actress,Eliminated Week 8,5,True,False,25.5,0.163461538,5.0,3,0.0,-3.564826801929492,0.0,0.081005293555375,0.26917849421786794,-0.5197348159633407,R2_Percent
5,7,Helio Castroneves,Julianne Hough,Racing Driver,1st Place,1,True,False,26.0,0.166666667,3.5,3,4.666666667,-1.830225749392366,0.0,0.26763283860381143,0.0447512172921886,0.6753667149501621,R2_Percent
5,7,Jane Seymour,Tony Dovolani,Actor/Actress,Eliminated Week 7,6,True,True,25.0,0.16025641,6.0,3,16.0,-0.7316134611987662,0.0,0.040193397767502546,0.40805982360479837,-1.2205465735381393,R2_Percent
5,7,Jennie Garth,Derek Hough,Actor/Actress,Eliminated Week 9,4,True,False,26.5,0.169871795,2.0,3,1.333333333,-2.7175289437041936,0.0,0.12755886025284813,0.16316671473393562,-0.06567141392259726,R2_Percent
5,7,Marie Osmond,Jonathan Roberts,Singer/Rapper,3rd Place,3,True,False,26.0,0.166666667,3.5,3,2.666666667,-2.2655438202780194,0.0,0.2733602917137562,0.04239303322918535,0.6965413539119157,R2_Percent
5,7,Mel B,Maksim Chmerkoskiy,Singer/Rapper,2nd Place,2,True,False,27.0,0.173076923,1.0,3,4.666666667,-1.830225749392366,0.0,0.2102493181067066,0.07245071692202408,0.43404473456199955,R2_Percent
5,8,Cameron Mathison,Edyta Sliwinska,Actor/Actress,Eliminated Week 8,5,True,True,25.5,0.19391635,3.0,3,0.0,-3.4231762851946987,0.0,0.07529315907011083,0.46644077309934423,-0.8505429980747455,R2_Percent
5,8,Helio Castroneves,Julianne Hough,Racing Driver,1st Place,1,True,False,28.5,0.216730038,1.0,3,0.0,-3.4231762851946987,0.0,0.2906326936127438,0.04911477733065278,0.5001279688861658,R2_Percent
5,8,Jennie Garth,Derek Hough,Actor/Actress,Eliminated Week 9,4,True,False,25.0,0.190114068,4.0,3,8.333333333,-1.189584066461414,0.0,0.11613600329483632,0.32866267676143573,-0.4171703332214346,R2_Percent
5,8,Marie Osmond,Jonathan Roberts,Singer/Rapper,3rd Place,3,True,False,24.5,0.186311787,5.0,3,11.33333333,-0.9108706643068722,0.0,0.27044998346188637,0.07923585753950435,0.428154897416018,R2_Percent
5,8,Mel B,Maksim Chmerkoskiy,Singer/Rapper,2nd Place,2,True,False,28.0,0.212927757,2.0,3,6.0,-1.4772661387679569,0.0,0.24748816056042272,0.07654591526906271,0.33943046499399643,R2_Percent
5,9,Helio Castroneves,Julianne Hough,Racing Driver,1st Place,1,True,False,30.0,0.256410256,1.5,3,5.0,-1.5040773963262741,0.0,0.2411222349802738,0.19708999396766266,0.017076655950783393,R2_Percent
5,9,Jennie Garth,Derek Hough,Actor/Actress,Eliminated Week 9,4,True,True,29.0,0.247863248,3.0,3,5.0,-1.5040773963262741,0.0,0.13474870790578747,0.5839782222212866,-0.5648157271283543,R2_Percent
5,9,Marie Osmond,Jonathan Roberts,Singer/Rapper,3rd Place,3,True,False,28.0,0.239316239,4.0,3,8.333333333,-1.0622446442436633,0.0,0.3267803945848283,0.1030905239629017,0.3210610210495989,R2_Percent
5,9,Mel B,Maksim Chmerkoskiy,Singer/Rapper,2nd Place,2,True,False,30.0,0.256410256,1.5,3,4.666666667,-1.5612358100809285,0.0,0.2973486625291105,0.11584125984814905,0.22667805012797182,R2_Percent
5,10,Helio Castroneves,Julianne Hough,Racing Driver,1st Place,1,True,False,27.9999,0.352940954,2.0,3,9.666666667,-0.7086513668769202,0.0,0.2755758095175881,0.4593540483821525,-0.18140883188269283,R2_Percent
5,10,Marie Osmond,Jonathan Roberts,Singer/Rapper,3rd Place,3,True,False,23.0,0.289916819,3.0,3,3.0,-1.6894806195813548,0.0,0.3803397771909,0.30960759675981514,0.1407934104224618,R2_Percent
5,10,Mel B,Maksim Chmerkoskiy,Singer/Rapper,2nd Place,2,True,False,28.3332,0.357142227,1.0,3,6.0,-1.129864831878075,0.0,0.3440844132915119,0.23103835485803237,0.04061542146023095,R2_Percent
6,1,Adam Carolla,Julianne Hough,Radio Personality,Eliminated Week 4,9,True,False,15.0,0.061728395,11.5,3,27.0,-1.6784307833853374,0.0,0.004694548223584718,0.14292915079492416,-1.615302255338092,R2_Percent
6,1,Cristian de la Fuente,Cheryl Burke,Actor/Actress,3rd Place,3,True,False,21.0,0.086419753,6.5,3,0.0,-5.010635279096256,0.0,0.3597655136595466,0.003946860088122958,2.723748329923451,R2_Percent
6,1,Jason Taylor,Edyta Sliwinska,Athlete,2nd Place,2,True,False,22.0,0.090534979,4.5,3,13.0,-2.3715779634095684,0.0,0.17818669587263586,0.021120974615210824,2.0211277154870997,R2_Percent
6,1,Kristi Yamaguchi,Mark Ballas,Athlete,1st Place,1,True,False,27.0,0.111111111,1.0,3,12.0,-2.445685935480873,0.0,0.19980483950140765,0.014174658104949946,2.1356369492900638,R2_Percent
6,1,Mario,Karina Smirnoff,Singer/Rapper,Eliminated Week 8,5,True,False,24.0,0.098765432,2.5,3,50.0,-1.0788096610778122,0.0,0.015842540380954083,0.09064174955969985,-0.39900538724716056,R2_Percent
6,1,Marissa Jaret Winokur,Tony Dovolani,Actor/Actress,Eliminated Week 9,4,True,False,18.0,0.074074074,8.5,3,0.0,-5.010635279096256,0.0,0.18676684877806374,0.022754290339613976,2.0681569026172473,R2_Percent
6,1,Marlee Matlin,Fabian Sanchez,Actor/Actress,Eliminated Week 6,7,True,False,22.0,0.090534979,4.5,3,18.0,-2.0661963141403414,0.0,0.023116557204949446,0.09146486779845049,-0.021155015464332128,R2_Percent
6,1,Monica Seles,Jonathan Roberts,Athlete,Eliminated Week 2,11,True,False,15.0,0.061728395,11.5,3,8.0,-2.8134107150933696,0.0,0.004060317924621441,0.14378852757930813,-1.7604428612549674,R2_Percent
6,1,Penn Jillette,Kym Johnson,Magician,Eliminated Week 2,12,True,False,16.0,0.065843621,10.0,3,0.0,-5.010635279096256,0.0,0.0046409482038297,0.1375461471413693,-1.6267854387254996,R2_Percent
6,1,Priscilla Presley,Louis van Amstel,Actor/Actress,Eliminated Week 5,8,True,False,24.0,0.098765432,2.5,3,4.0,-3.401197378662155,0.0,0.0057671752978408,0.09969794057690917,-1.4095217274760428,R2_Percent
6,1,Shannon Elizabeth,Derek Hough,Actor/Actress,Eliminated Week 7,6,True,False,21.0,0.086419753,6.5,3,6.0,-3.064725142898085,0.0,0.011529895818968511,0.10609826305335505,-0.7167608397685405,R2_Percent
6,1,Steve Guttenberg,Anna Trebunskaya,Actor/Actress,Eliminated Week 3,10,True,False,18.0,0.074074074,8.5,3,0.0,-5.010635279096256,0.0,0.005824119133597382,0.12583657034808607,-1.3996963720432254,R2_Percent
6,2,Adam Carolla,Julianne Hough,Radio Personality,Eliminated Week 4,9,True,False,19.0,0.073929961,9.0,3,29.66666667,-1.6245406800699336,0.0,0.005882792426411111,0.12628769250303487,-1.442912200557964,R2_Percent
6,2,Cristian de la Fuente,Cheryl Burke,Actor/Actress,3rd Place,3,True,False,20.0,0.077821012,8.0,3,0.0,-5.047716953500502,0.0,0.3126878272305314,0.006698827620189725,2.530261583568782,R2_Percent
6,2,Jason Taylor,Edyta Sliwinska,Athlete,2nd Place,2,True,False,27.0,0.105058366,1.5,3,7.666666667,-2.8882327178791805,0.0,0.2081173788768308,0.01391361245825808,2.1231584898661424,R2_Percent
6,2,Kristi Yamaguchi,Mark Ballas,Athlete,1st Place,1,True,False,27.0,0.105058366,1.5,3,3.0,-3.6614226040556113,0.0,0.23316315361177373,0.01098071554971471,2.2367946864235555,R2_Percent
6,2,Mario,Karina Smirnoff,Singer/Rapper,Eliminated Week 8,5,True,False,26.0,0.101167315,3.0,3,63.66666667,-0.8784710983796821,0.0,0.021174791834196745,0.08448589717707278,-0.16213234243360303,R2_Percent
6,2,Marissa Jaret Winokur,Tony Dovolani,Actor/Actress,Eliminated Week 9,4,True,False,21.0,0.081712062,6.5,3,5.666666667,-3.150596981796287,0.0,0.15914950756679075,0.0275599909407583,1.854900307389222,R2_Percent
6,2,Marlee Matlin,Fabian Sanchez,Actor/Actress,Eliminated Week 6,7,True,False,24.0,0.093385214,4.5,3,11.66666667,-2.5087430965167874,0.0,0.027901071367610254,0.08533323572318406,0.11372133617392882,R2_Percent
6,2,Monica Seles,Jonathan Roberts,Athlete,Eliminated Week 2,11,True,True,15.0,0.058365759,12.0,3,6.0,-3.1018068177880456,0.0,0.004506469132623592,0.14821747807962743,-1.7094298027212433,R2_Percent
6,2,Penn Jillette,Kym Johnson,Magician,Eliminated Week 2,12,True,True,17.0,0.06614786,10.0,3,0.0,-5.047716953500502,0.0,0.004033649571865901,0.1383234723896188,-1.8202721850801682,R2_Percent
6,2,Priscilla Presley,Louis van Amstel,Actor/Actress,Eliminated Week 5,8,True,False,21.0,0.081712062,6.5,3,7.333333333,-2.9274534310390776,0.0,0.005952352406500275,0.11725492739687625,-1.431157248329464,R2_Percent
6,2,Shannon Elizabeth,Derek Hough,Actor/Actress,Eliminated Week 7,6,True,False,24.0,0.093385214,4.5,3,9.0,-2.7451318745164563,0.0,0.012369011180278866,0.09882687458610433,-0.6997495059012944,R2_Percent
6,2,Steve Guttenberg,Anna Trebunskaya,Actor/Actress,Eliminated Week 3,10,True,False,16.0,0.062256809,11.0,3,0.0,-5.047716953500502,0.0,0.005061994794586409,0.14211727557556067,-1.593183118397894,R2_Percent
6,3,Adam Carolla,Julianne Hough,Radio Personality,Eliminated Week 4,9,True,False,21.0,0.092105263,7.5,3,21.0,-1.7102426109811177,0.0,0.007189398232258003,0.1730278945570979,-1.6695750854256115,R2_Percent
6,3,Cristian de la Fuente,Cheryl Burke,Actor/Actress,3rd Place,3,True,False,25.0,0.109649123,3.0,3,0.0,-4.801285052725797,0.0,0.27915222398911316,0.011213296391608707,1.989574680168749,R2_Percent
6,3,Jason Taylor,Edyta Sliwinska,Athlete,2nd Place,2,True,False,23.0,0.100877193,5.0,3,6.0,-2.8553749140990554,0.0,0.22074951026154851,0.021158040308679838,1.7548460624011843,R2_Percent
6,3,Kristi Yamaguchi,Mark Ballas,Athlete,1st Place,1,True,False,27.0,0.118421053,1.0,3,7.666666667,-2.641800814096784,0.0,0.22089206407372167,0.017900917245883628,1.755491625796517,R2_Percent
6,3,Mario,Karina Smirnoff,Singer/Rapper,Eliminated Week 8,5,True,False,21.0,0.092105263,7.5,3,62.33333333,-0.652873281260614,0.0,0.027768592594549196,0.1424431354103913,-0.31827693931214784,R2_Percent
6,3,Marissa Jaret Winokur,Tony Dovolani,Actor/Actress,Eliminated Week 9,4,True,False,19.0,0.083333333,10.0,3,0.0,-4.801285052725797,0.0,0.18808569043481127,0.03400718316943635,1.5947151006100726,R2_Percent
6,3,Marlee Matlin,Fabian Sanchez,Actor/Actress,Eliminated Week 6,7,True,False,21.0,0.092105263,7.5,3,1.333333333,-3.953987199433832,0.0,0.03120242099187454,0.1378942505183934,-0.20168687086124687,R2_Percent
6,3,Priscilla Presley,Louis van Amstel,Actor/Actress,Eliminated Week 5,8,True,False,26.0,0.114035088,2.0,3,7.666666667,-2.641800814096784,0.0,0.006580408588726592,0.14144812543795282,-1.758085719599162,R2_Percent
6,3,Shannon Elizabeth,Derek Hough,Actor/Actress,Eliminated Week 7,6,True,False,24.0,0.105263158,4.0,3,5.666666667,-2.9041650781315824,0.0,0.013860592289505666,0.1434566212011616,-1.0131328319804278,R2_Percent
6,3,Steve Guttenberg,Anna Trebunskaya,Actor/Actress,Eliminated Week 3,10,True,True,21.0,0.092105263,7.5,3,0.0,-4.801285052725797,0.0,0.004519098543891559,0.1774505357593946,-2.133870021797927,R2_Percent
6,4,Adam Carolla,Julianne Hough,Radio Personality,Eliminated Week 4,9,True,True,19.0,0.084444444,9.0,3,14.0,-2.0281482464971976,0.0,0.00830289152730866,0.2359994244409982,-1.8063845404378505,R2_Percent
6,4,Cristian de la Fuente,Cheryl Burke,Actor/Actress,3rd Place,3,True,False,26.0,0.115555556,4.0,3,0.0,-4.736198436959408,0.0,0.2611420451324146,0.016118937765181505,1.6420761221492928,R2_Percent
6,4,Jason Taylor,Edyta Sliwinska,Athlete,2nd Place,2,True,False,29.0,0.128888889,1.5,3,6.333333333,-2.7437682821601106,0.0,0.23015459864963428,0.019046009019067507,1.5157628798058482,R2_Percent
6,4,Kristi Yamaguchi,Mark Ballas,Athlete,1st Place,1,True,False,29.0,0.128888889,1.5,3,0.0,-4.736198436959408,0.0,0.24827772039301033,0.016047641280512948,1.5915595885504756,R2_Percent
6,4,Mario,Karina Smirnoff,Singer/Rapper,Eliminated Week 8,5,True,False,24.0,0.106666667,6.0,3,65.33333333,-0.5415059121814169,0.0,0.03538001472100507,0.1480963315163791,-0.3568412665412485,R2_Percent
6,4,Marissa Jaret Winokur,Tony Dovolani,Actor/Actress,Eliminated Week 9,4,True,False,24.0,0.106666667,6.0,3,0.0,-4.736198436959408,0.0,0.16755779001981252,0.04245939143116641,1.1983399354492972,R2_Percent
6,4,Marlee Matlin,Fabian Sanchez,Actor/Actress,Eliminated Week 6,7,True,False,24.0,0.106666667,6.0,3,4.0,-3.1267605336453075,0.0,0.027169310938554573,0.16004718691941458,-0.6209003093520108,R2_Percent
6,4,Priscilla Presley,Louis van Amstel,Actor/Actress,Eliminated Week 5,8,True,False,22.0,0.097777778,8.0,3,6.0,-2.7902882976755228,0.0,0.007381963031734603,0.20987457284193953,-1.9239487746531108,R2_Percent
6,4,Shannon Elizabeth,Derek Hough,Actor/Actress,Eliminated Week 7,6,True,False,28.0,0.124444444,3.0,3,9.333333333,-2.4008235314714033,0.0,0.014633665586525426,0.1523105047853403,-1.2396636349706927,R2_Percent
6,5,Cristian de la Fuente,Cheryl Burke,Actor/Actress,3rd Place,3,True,False,23.0,0.117346939,5.5,3,0.0,-4.51451580856108,0.0,0.26488699790225456,0.0224153510685593,1.3541792275753008,R2_Percent
6,5,Jason Taylor,Edyta Sliwinska,Athlete,2nd Place,2,True,False,27.0,0.137755102,2.5,3,1.666666667,-3.533686561132687,0.0,0.2594103736993359,0.019464970548786733,1.3332871777571296,R2_Percent
6,5,Kristi Yamaguchi,Mark Ballas,Athlete,1st Place,1,True,False,29.0,0.147959184,1.0,3,2.666666667,-3.215232830982334,0.0,0.21046657193852467,0.0280720845921953,1.1242027529130667,R2_Percent
6,5,Mario,Karina Smirnoff,Singer/Rapper,Eliminated Week 8,5,True,False,27.0,0.137755102,2.5,3,66.33333333,-0.3048604088751794,0.0,0.046432708678342496,0.14571225438995777,-0.3871199451569812,R2_Percent
6,5,Marissa Jaret Winokur,Tony Dovolani,Actor/Actress,Eliminated Week 9,4,True,False,24.0,0.12244898,4.0,3,0.0,-4.51451580856108,0.0,0.16334309929940533,0.05577317114384775,0.8707288078217119,R2_Percent
6,5,Marlee Matlin,Fabian Sanchez,Actor/Actress,Eliminated Week 6,7,True,False,22.0,0.112244898,7.0,3,0.0,-4.51451580856108,0.0,0.029548297392081632,0.21753032301485883,-0.8390979601295381,R2_Percent
6,5,Priscilla Presley,Louis van Amstel,Actor/Actress,Eliminated Week 5,8,True,True,21.0,0.107142857,8.0,3,3.666666667,-2.974070774718693,0.0,0.008447992841483764,0.2786612755718443,-2.091195204855112,R2_Percent
6,5,Shannon Elizabeth,Derek Hough,Actor/Actress,Eliminated Week 7,6,True,False,23.0,0.117346939,5.5,3,9.0,-2.211930723787034,0.0,0.017463958248571606,0.23237056966995,-1.364984855925578,R2_Percent
6,6,Cristian de la Fuente,Cheryl Burke,Actor/Actress,3rd Place,3,True,False,27.0,0.15,3.0,3,0.0,-4.841558951380392,0.0,0.269407838139251,0.02502051343213773,1.0476696457164132,R2_Percent
6,6,Jason Taylor,Edyta Sliwinska,Athlete,2nd Place,2,True,False,24.0,0.133333333,5.5,3,8.333333333,-2.6079667412185357,0.0,0.24477578037124995,0.03696761848789234,0.9517858967145992,R2_Percent
6,6,Kristi Yamaguchi,Mark Ballas,Athlete,1st Place,1,True,False,30.0,0.166666667,1.0,3,6.0,-2.8956488131822216,0.0,0.22212988554313617,0.03341574058816117,0.854705568162583,R2_Percent
6,6,Mario,Karina Smirnoff,Singer/Rapper,Eliminated Week 8,5,True,False,28.0,0.155555556,2.0,3,66.33333333,-0.6319035551753496,0.0,0.05834861388557564,0.1745254934506916,-0.4821211093610527,R2_Percent
6,6,Marissa Jaret Winokur,Tony Dovolani,Actor/Actress,Eliminated Week 9,4,True,False,26.0,0.144444444,4.0,3,0.0,-4.841558951380392,0.0,0.16085550981888788,0.07356859799313209,0.5319497948528698,R2_Percent
6,6,Marlee Matlin,Fabian Sanchez,Actor/Actress,Eliminated Week 6,7,True,True,21.0,0.116666667,7.0,3,9.333333333,-2.5061840470364736,0.0,0.024542929169946645,0.3469441128934083,-1.3481329173990209,R2_Percent
6,6,Shannon Elizabeth,Derek Hough,Actor/Actress,Eliminated Week 7,6,True,False,24.0,0.133333333,5.5,3,29.66666667,-1.4183826751443886,0.0,0.019939443071952827,0.3095579231545768,-1.5558568786863916,R2_Percent
6,7,Cristian de la Fuente,Cheryl Burke,Actor/Actress,3rd Place,3,True,False,23.0,0.148867314,6.0,3,0.0,-4.915102853716909,0.0,0.25767324198699115,0.05566314838877261,0.7166152959345083,R2_Percent
6,7,Jason Taylor,Edyta Sliwinska,Athlete,2nd Place,2,True,False,27.5,0.177993528,1.0,3,17.66666667,-1.988363464374274,0.0,0.262547870179201,0.04036447023776175,0.7353564456262699,R2_Percent
6,7,Kristi Yamaguchi,Mark Ballas,Athlete,1st Place,1,True,False,27.0,0.174757282,2.0,3,12.33333333,-2.324835701131916,0.0,0.2389925418361832,0.051996579038990284,0.6413553633714505,R2_Percent
6,7,Mario,Karina Smirnoff,Singer/Rapper,Eliminated Week 8,5,True,False,25.5,0.165048544,4.5,3,82.33333333,-0.4922542380325055,0.0,0.06612448092692023,0.29202898965321183,-0.6435379420955952,R2_Percent
6,7,Marissa Jaret Winokur,Tony Dovolani,Actor/Actress,Eliminated Week 9,4,True,False,26.0,0.16828479,3.0,3,0.0,-4.915102853716909,0.0,0.14986759450474132,0.12834777681362777,0.1746752186157573,R2_Percent
6,7,Shannon Elizabeth,Derek Hough,Actor/Actress,Eliminated Week 7,6,True,True,25.5,0.165048544,4.5,3,18.0,-1.9706638874662579,0.0,0.024794270565963082,0.4315990358676356,-1.6244643814523907,R2_Percent
6,8,Cristian de la Fuente,Cheryl Burke,Actor/Actress,3rd Place,3,True,False,28.5,0.213483146,1.0,3,2.333333333,-3.5496173834262907,0.0,0.2337375557441592,0.09046246822671408,0.27453509277518584,R2_Percent
6,8,Jason Taylor,Edyta Sliwinska,Athlete,2nd Place,2,True,False,26.0,0.194756554,4.0,3,10.0,-2.355694917279311,0.0,0.2944965937533189,0.0608038890653559,0.5056036003037958,R2_Percent
6,8,Kristi Yamaguchi,Mark Ballas,Athlete,1st Place,1,True,False,27.5,0.205992509,2.0,3,13.66666667,-2.0680128448638935,0.0,0.2651101586380314,0.07218325099395939,0.4004815960652337,R2_Percent
6,8,Mario,Karina Smirnoff,Singer/Rapper,Eliminated Week 8,5,True,True,26.5,0.198501873,3.0,3,85.0,-0.29924289474383525,0.0,0.07189501695866635,0.4811765483387643,-0.9044568793576019,R2_Percent
6,8,Marissa Jaret Winokur,Tony Dovolani,Actor/Actress,Eliminated Week 9,4,True,False,25.0,0.187265918,5.0,3,0.0,-4.753590179532226,0.0,0.13476067490582433,0.29537384337520634,-0.2761634097866136,R2_Percent
6,9,Cristian de la Fuente,Cheryl Burke,Actor/Actress,3rd Place,3,True,False,28.0,0.254545455,2.0,3,0.0,-2.456735771683209,0.0,0.2646061723653749,0.14727363154568376,0.11554997591390617,R2_Percent
6,9,Jason Taylor,Edyta Sliwinska,Athlete,2nd Place,2,True,False,27.5,0.25,3.0,3,7.666666667,-0.29725152332342614,0.0,0.3045850245764906,0.10536007134422665,0.25625767237508823,R2_Percent
6,9,Kristi Yamaguchi,Mark Ballas,Athlete,1st Place,1,True,False,28.5,0.259090909,1.0,3,0.0,-2.456735771683209,0.0,0.3053198691510121,0.09601581381223609,0.25866737571625575,R2_Percent
6,9,Marissa Jaret Winokur,Tony Dovolani,Actor/Actress,Eliminated Week 9,4,True,True,26.0,0.236363636,4.0,3,0.0,-2.456735771683209,0.0,0.12548893390712232,0.6513504832978534,-0.6304750240052502,R2_Percent
6,10,Cristian de la Fuente,Cheryl Burke,Actor/Actress,3rd Place,3,True,False,26.0,0.307692308,3.0,3,0.0,-2.1594842485251675,0.0,0.3147229035894458,0.4685339427669036,-0.050599058054205115,R2_Percent
6,10,Jason Taylor,Edyta Sliwinska,Athlete,2nd Place,2,True,False,28.5,0.337278107,2.0,3,5.666666667,-0.2623642643259526,0.0,0.38861571418124474,0.1761880392788158,0.16029933546247838,R2_Percent
6,10,Kristi Yamaguchi,Mark Ballas,Athlete,1st Place,1,True,False,30.0,0.355029586,1.0,3,0.0,-2.1594842485251675,0.0,0.2966613822293094,0.3552780179542807,-0.10970027740827332,R2_Percent
7,1,Brooke Burke,Derek Hough,TV Personality,1st Place,1,True,False,24.5,0.097222222,1.0,3,14.0,-2.6149597766695316,0.0,0.1593203685172882,0.02219062555135172,1.6000918768444619,R2_Percent
7,1,Cloris Leachman,Corky Ballas,Actor/Actress,Eliminated Week 6,7,True,False,16.0,0.063492063,12.0,3,13.0,-2.683952648058864,0.0,0.02068999900492787,0.11315778454887633,-0.4411747508667787,R2_Percent
7,1,Cody Linley,Julianne Hough,Actor/Actress,Eliminated Week 9,4,True,False,20.5,0.081349206,6.0,3,23.0,-2.1449561479362957,0.0,0.09165553697715233,0.04887426670726648,1.047212192302509,R2_Percent
7,1,Jeffrey Ross,Edyta Sliwinska,Comedian,Eliminated Week 1,13,True,True,12.0,0.047619048,13.0,3,0.0,-5.3230099586384085,0.0,0.004098835466249984,0.15379604431213326,-2.060122293786476,R2_Percent
7,1,Kim Kardashian,Mark Ballas,TV Personality,Eliminated Week 2,11,True,False,18.5,0.073412698,9.0,3,58.0,-1.2454725348852311,0.0,0.005338935274262967,0.1191174961239253,-1.7957989482801144,R2_Percent
7,1,Lance Bass,Lacey Schwimmer,Singer/Rapper,3rd Place,3,True,False,21.5,0.08531746,3.5,3,18.0,-2.3785709988930206,0.0,0.16715758281588639,0.02306036816285218,1.6481117826430984,R2_Percent
7,1,Maurice Greene,Cheryl Burke,Athlete,Eliminated Week 8,5,True,False,19.5,0.077380952,7.0,3,0.0,-5.3230099586384085,0.0,0.11605365608403254,0.040291981952026594,1.2832274420806362,R2_Percent
7,1,Misty May-Treanor,Maksim Chmerkoskiy,Athlete,Withdrew,10,True,False,21.0,0.083333333,5.0,3,26.0,-2.0271731123748196,0.0,0.12634150291913787,0.03455849798182779,1.368163386699729,R2_Percent
7,1,Rocco DiSpirito,Karina Smirnoff,TV Personality,Eliminated Week 4,9,True,False,17.5,0.069444444,11.0,3,14.0,-2.6149597766695316,0.0,0.008715139683560757,0.1197859366969857,-1.3057634877390358,R2_Percent
7,1,Susan Lucci,Tony Dovolani,Actor/Actress,Eliminated Week 7,6,True,False,18.5,0.073412698,9.0,3,5.0,-3.5312505064936865,0.0,0.02859022629391474,0.09561640022742512,-0.11776027308480885,R2_Percent
7,1,Ted McGinley,Inna Brayer,Actor/Actress,Eliminated Week 1,12,True,True,18.5,0.073412698,9.0,3,7.0,-3.2435684348960723,0.0,0.004966464604414975,0.11953758945331647,-1.8681169547490146,R2_Percent
7,1,Toni Braxton,Alec Mazo,Singer/Rapper,Eliminated Week 5,8,True,False,22.5,0.089285714,2.0,3,7.0,-3.2435684348960723,0.0,0.007574866402674282,0.1003785603797484,-1.4459894799006274,R2_Percent
7,1,Warren Sapp,Kym Johnson,Athlete,2nd Place,2,True,False,21.5,0.08531746,3.5,3,7.0,-3.2435684348960723,0.0,0.259496885956497,0.009634447902264672,2.087919507836421,R2_Percent
7,2,Brooke Burke,Derek Hough,TV Personality,1st Place,1,True,False,24.0,0.108597285,1.5,3,17.33333333,-2.162277546550792,0.0,0.165424576767865,0.028287365527554315,1.2616911348739013,R2_Percent
7,2,Cloris Leachman,Corky Ballas,Actor/Actress,Eliminated Week 6,7,True,False,15.0,0.067873303,11.0,3,10.66666667,-2.6142626693296935,0.0,0.02140543425525166,0.16215716698096458,-0.7831793996151476,R2_Percent
7,2,Cody Linley,Julianne Hough,Actor/Actress,Eliminated Week 9,4,True,False,21.0,0.095022624,5.0,3,12.33333333,-2.4807312774115995,0.0,0.1010476709822821,0.059097939902764296,0.7687681688449751,R2_Percent
7,2,Kim Kardashian,Mark Ballas,TV Personality,Eliminated Week 2,11,True,True,17.0,0.076923077,9.0,3,52.33333333,-1.0944369170004586,0.0,0.006465805615088957,0.1714403894481619,-1.980296610337876,R2_Percent
7,2,Lance Bass,Lacey Schwimmer,Singer/Rapper,3rd Place,3,True,False,20.0,0.090497738,7.0,3,19.66666667,-2.042476346493186,0.0,0.17835447768734092,0.029703877651721024,1.3369487911028568,R2_Percent
7,2,Maurice Greene,Cheryl Burke,Athlete,Eliminated Week 8,5,True,False,19.0,0.085972851,8.0,3,0.0,-5.0709984278690925,0.0,0.08962435944999678,0.0717152266347265,0.6488029253251516,R2_Percent
7,2,Misty May-Treanor,Maksim Chmerkoskiy,Athlete,Withdrew,10,True,True,21.0,0.095022624,5.0,3,4.0,-3.461560528181659,0.0,0.14273051178740817,0.03985385583154995,1.1141340927707193,R2_Percent
7,2,Rocco DiSpirito,Karina Smirnoff,TV Personality,Eliminated Week 4,9,True,False,16.0,0.07239819,10.0,3,9.0,-2.768413349215047,0.0,0.009106391465260516,0.17452109396266918,-1.6378477007635446,R2_Percent
7,2,Susan Lucci,Tony Dovolani,Actor/Actress,Eliminated Week 7,6,True,False,21.0,0.095022624,5.0,3,5.666666667,-3.1738784564765443,0.0,0.026863992570740448,0.11914766842543015,-0.5560374027832728,R2_Percent
7,2,Toni Braxton,Alec Mazo,Singer/Rapper,Eliminated Week 5,8,True,False,23.0,0.104072398,3.0,3,9.333333333,-2.735623526475712,0.0,0.007335003597484083,0.13155313463878937,-1.854166324518293,R2_Percent
7,2,Warren Sapp,Kym Johnson,Athlete,2nd Place,2,True,False,24.0,0.108597285,1.5,3,8.0,-2.873773864695836,0.0,0.2516417758212815,0.012522280995668718,1.6811823251005296,R2_Percent
7,3,Brooke Burke,Derek Hough,TV Personality,1st Place,1,True,False,28.0,0.140703518,1.0,3,10.0,-2.004750648327659,0.0,0.2072262233965237,0.02219491188505607,1.2425561040791506,R2_Percent
7,3,Cloris Leachman,Corky Ballas,Actor/Actress,Eliminated Week 6,7,True,False,16.0,0.08040201,9.0,3,4.333333333,-2.7286694868280326,0.0,0.02535475465489683,0.21894662666381978,-0.8582886862911605,R2_Percent
7,3,Cody Linley,Julianne Hough,Actor/Actress,Eliminated Week 9,4,True,False,21.0,0.105527638,6.5,3,10.66666667,-1.9459101480614356,0.0,0.11799417227558043,0.07193328287554752,0.6793802766589122,R2_Percent
7,3,Lance Bass,Lacey Schwimmer,Singer/Rapper,3rd Place,3,True,False,22.0,0.110552764,4.5,3,18.33333333,-1.4408151997401444,0.0,0.22353359127274286,0.02529755279908942,1.3183067401905033,R2_Percent
7,3,Maurice Greene,Cheryl Burke,Athlete,Eliminated Week 8,5,True,False,24.0,0.120603015,3.0,3,0.0,-4.402645913701788,0.0,0.08526718745639694,0.08499378359135835,0.35453474914226324,R2_Percent
7,3,Rocco DiSpirito,Karina Smirnoff,TV Personality,Eliminated Week 4,9,True,False,20.0,0.100502513,8.0,3,0.0,-4.402645913701788,0.0,0.01069353625475792,0.20797483407879322,-1.7216154884994663,R2_Percent
7,3,Susan Lucci,Tony Dovolani,Actor/Actress,Eliminated Week 7,6,True,False,21.0,0.105527638,6.5,3,3.333333333,-2.9363088512673343,0.0,0.030575184683378255,0.16435090713876868,-0.6710662371976398,R2_Percent
7,3,Toni Braxton,Alec Mazo,Singer/Rapper,Eliminated Week 5,8,True,False,22.0,0.110552764,4.5,3,7.0,-2.3232043791677848,0.0,0.008729118997043641,0.1926724480576055,-1.9245905110519341,R2_Percent
7,3,Warren Sapp,Kym Johnson,Athlete,2nd Place,2,True,False,25.0,0.125628141,2.0,3,19.0,-1.4069136479061297,0.0,0.29062623100867946,0.011635652909961273,1.5807830529693707,R2_Percent
7,4,Brooke Burke,Derek Hough,TV Personality,1st Place,1,True,False,26.0,0.128078818,1.5,3,9.666666667,-1.524696683508793,0.0,0.19778542887960468,0.027077903888393134,1.28690542176457,R2_Percent
7,4,Cloris Leachman,Corky Ballas,Actor/Actress,Eliminated Week 6,7,True,False,22.0,0.108374384,6.0,3,6.333333333,-1.8993901328181015,0.0,0.022143441549286692,0.17158672253801496,-0.9027359687193114,R2_Percent
7,4,Cody Linley,Julianne Hough,Actor/Actress,Eliminated Week 9,4,True,False,23.0,0.113300493,4.0,3,7.666666667,-1.7323360481738161,0.0,0.11270220504779208,0.06958764999325583,0.7244716577123831,R2_Percent
7,4,Lance Bass,Lacey Schwimmer,Singer/Rapper,3rd Place,3,True,False,26.0,0.128078818,1.5,3,5.666666667,-1.9947003124601534,0.0,0.23019094674250737,0.01993402995775836,1.4386318389400063,R2_Percent
7,4,Maurice Greene,Cheryl Burke,Athlete,Eliminated Week 8,5,True,False,20.0,0.098522167,8.0,3,0.0,-3.8918202932310346,0.0,0.07009243538173834,0.11970215059729093,0.24953754761881652,R2_Percent
7,4,Rocco DiSpirito,Karina Smirnoff,TV Personality,Eliminated Week 4,9,True,True,18.0,0.088669951,9.0,3,3.0,-2.505525935786144,0.0,0.0073470874098747726,0.2377411670099501,-2.0059733648599987,R2_Percent
7,4,Susan Lucci,Tony Dovolani,Actor/Actress,Eliminated Week 7,6,True,False,24.0,0.118226601,3.0,3,6.0,-1.9459101483757215,0.0,0.027166999298881424,0.1490804819194729,-0.6982743531490455,R2_Percent
7,4,Toni Braxton,Alec Mazo,Singer/Rapper,Eliminated Week 5,8,True,False,22.0,0.108374384,6.0,3,1.666666667,-2.9109910431568085,0.0,0.008386968391737014,0.19541234644839467,-1.873598209509221,R2_Percent
7,4,Warren Sapp,Kym Johnson,Athlete,2nd Place,2,True,False,22.0,0.108374384,6.0,3,0.0,-3.8918202932310346,0.0,0.3241844872985777,0.009877547647469,1.781035430201801,R2_Percent
7,5,Brooke Burke,Derek Hough,TV Personality,1st Place,1,True,False,29.0,0.148717949,1.0,3,9.333333333,-1.3862943607198905,0.0,0.22614638744019483,0.024826711855252644,1.1237871204072571,R2_Percent
7,5,Cloris Leachman,Corky Ballas,Actor/Actress,Eliminated Week 6,7,True,False,21.0,0.107692308,7.5,3,2.333333333,-2.5176964714387333,0.0,0.024983834248564755,0.24494382888717747,-1.07916641555803,R2_Percent
7,5,Cody Linley,Julianne Hough,Actor/Actress,Eliminated Week 9,4,True,False,28.0,0.143589744,2.0,3,8.333333333,-1.488077054990432,0.0,0.12388681294225524,0.06850628446279941,0.5219729486842585,R2_Percent
7,5,Lance Bass,Lacey Schwimmer,Singer/Rapper,3rd Place,3,True,False,21.0,0.107692308,7.5,3,5.333333333,-1.8758425858063386,0.0,0.24080587898265585,0.03185285839923372,1.1865957263030036,R2_Percent
7,5,Maurice Greene,Cheryl Burke,Athlete,Eliminated Week 8,5,True,False,27.0,0.138461538,3.0,3,0.0,-3.7216692727713356,0.0,0.07128053920183497,0.11822846539769775,-0.030772053519519532,R2_Percent
7,5,Susan Lucci,Tony Dovolani,Actor/Actress,Eliminated Week 7,6,True,False,22.0,0.112820513,5.5,3,2.0,-2.623056986858782,0.0,0.03184304883814457,0.21870559280207832,-0.8365762898546164,R2_Percent
7,5,Toni Braxton,Alec Mazo,Singer/Rapper,Eliminated Week 5,8,True,True,22.0,0.112820513,5.5,3,6.0,-1.7757591272588795,0.0,0.0081652504785477,0.2735607628979331,-2.197507998158332,R2_Percent
7,5,Warren Sapp,Kym Johnson,Athlete,2nd Place,2,True,False,25.0,0.128205128,4.0,3,0.0,-3.7216692727713356,0.0,0.2728882478678022,0.01937549529782756,1.3116669616959782,R2_Percent
7,6,Brooke Burke,Derek Hough,TV Personality,1st Place,1,True,False,26.0,0.1625,2.0,3,9.333333333,-1.3781971504983648,0.0,0.2517361153116516,0.02497161421892846,0.9055557280640673,R2_Percent
7,6,Cloris Leachman,Corky Ballas,Actor/Actress,Eliminated Week 6,7,True,True,15.0,0.09375,7.0,3,6.0,-1.7676619170388899,0.0,0.02444616467871992,0.40987132931724396,-1.426352309568614,R2_Percent
7,6,Cody Linley,Julianne Hough,Actor/Actress,Eliminated Week 9,4,True,False,23.0,0.14375,4.5,3,8.333333333,-1.4799798447692518,0.0,0.1356412911225291,0.08932334952424749,0.28718818662778234,R2_Percent
7,6,Lance Bass,Lacey Schwimmer,Singer/Rapper,3rd Place,3,True,False,27.0,0.16875,1.0,3,3.0,-2.327277704535027,0.0,0.24985426354533097,0.023961610483507444,0.8980521527355566,R2_Percent
7,6,Maurice Greene,Cheryl Burke,Athlete,Eliminated Week 8,5,True,False,21.0,0.13125,6.0,3,0.0,-3.7135720625799173,0.0,0.07247427957833254,0.18262787802836739,-0.3395939148489913,R2_Percent
7,6,Susan Lucci,Tony Dovolani,Actor/Actress,Eliminated Week 7,6,True,False,23.0,0.14375,4.5,3,3.0,-2.327277704535027,0.0,0.032014637073072505,0.2378687209745698,-1.1566324425751895,R2_Percent
7,6,Warren Sapp,Kym Johnson,Athlete,2nd Place,2,True,False,25.0,0.15625,3.0,3,4.333333333,-2.039595632401996,0.0,0.23383324869036343,0.03137549745313547,0.8317825995653886,R2_Percent
7,7,Brooke Burke,Derek Hough,TV Personality,1st Place,1,True,False,30.0,0.204081633,1.0,3,8.666666667,-1.2478246863928188,0.0,0.26640487401207086,0.03084681479983101,0.7041583877430411,R2_Percent
7,7,Cody Linley,Julianne Hough,Actor/Actress,Eliminated Week 9,4,True,False,22.0,0.149659864,5.0,3,5.666666667,-1.6193882426530604,0.0,0.14202609197688829,0.16717085835811862,0.0751519404411558,R2_Percent
7,7,Lance Bass,Lacey Schwimmer,Singer/Rapper,3rd Place,3,True,False,25.0,0.170068027,2.5,3,10.33333333,-1.088759992142949,0.0,0.2308543532161201,0.059533435465896914,0.5609281595147203,R2_Percent
7,7,Maurice Greene,Cheryl Burke,Athlete,Eliminated Week 8,5,True,False,25.0,0.170068027,2.5,3,0.0,-3.516508224727275,0.0,0.07120507955972209,0.269214212801204,-0.6152946885928035,R2_Percent
7,7,Susan Lucci,Tony Dovolani,Actor/Actress,Eliminated Week 7,6,True,True,24.0,0.163265306,4.0,3,1.0,-2.823361045850663,0.0,0.03273989240152592,0.41296777197916235,-1.3922645611124318,R2_Percent
7,7,Warren Sapp,Kym Johnson,Athlete,2nd Place,2,True,False,21.0,0.142857143,6.0,3,2.0,-2.41789593830361,0.0,0.25676970883367267,0.060266906595787005,0.6673207620063182,R2_Percent
7,8,Brooke Burke,Derek Hough,TV Personality,1st Place,1,True,False,27.5,0.215686275,1.0,3,10.33333333,-1.4640720619631151,0.0,0.27839309637509063,0.05629984818716898,0.4448665588469876,R2_Percent
7,8,Cody Linley,Julianne Hough,Actor/Actress,Eliminated Week 9,4,True,False,24.0,0.188235294,4.5,3,7.666666667,-1.7323360480921834,0.0,0.14130840859028673,0.2666258199661651,-0.23322277510495865,R2_Percent
7,8,Lance Bass,Lacey Schwimmer,Singer/Rapper,3rd Place,3,True,False,25.0,0.196078431,3.0,3,24.0,-0.6729444729852015,0.0,0.2522991700889047,0.08671741856539915,0.3464479944569883,R2_Percent
7,8,Maurice Greene,Cheryl Burke,Athlete,Eliminated Week 8,5,True,True,24.0,0.188235294,4.5,3,0.0,-3.891820293149402,0.0,0.07085209795006717,0.5189375627622783,-0.9235729949529938,R2_Percent
7,8,Warren Sapp,Kym Johnson,Athlete,2nd Place,2,True,False,27.0,0.211764706,2.0,3,2.0,-2.793208007747959,0.0,0.2571472269956508,0.07141935051898843,0.36548121675397655,R2_Percent
7,9,Brooke Burke,Derek Hough,TV Personality,1st Place,1,True,False,24.5,0.243781095,2.5,3,9.666666667,-1.279196225085942,0.0,0.293891238384448,0.12843225571248307,0.2025068450526053,R2_Percent
7,9,Cody Linley,Julianne Hough,Actor/Actress,Eliminated Week 9,4,True,True,23.0,0.228855721,4.0,3,12.33333333,-1.0560526741248573,0.0,0.14477623763897235,0.6053910284201119,-0.5055135545927306,R2_Percent
7,9,Lance Bass,Lacey Schwimmer,Singer/Rapper,3rd Place,3,True,False,28.5,0.28358209,1.0,3,3.0,-2.26002547752996,0.0,0.3085512482467932,0.07675728582793236,0.25118503390960245,R2_Percent
7,9,Warren Sapp,Kym Johnson,Athlete,2nd Place,2,True,False,24.5,0.243781095,2.5,3,9.333333333,-1.3109449234524375,0.0,0.25278127572978665,0.18941943003947265,0.05182167563052281,R2_Percent
7,10,Brooke Burke,Derek Hough,TV Personality,1st Place,1,True,False,30.0,0.352941176,1.0,3,12.66666667,-1.0226263813524468,0.0,0.3462904101372852,0.23803642201269593,0.03911316030175946,R2_Percent
7,10,Lance Bass,Lacey Schwimmer,Singer/Rapper,3rd Place,3,True,False,27.5,0.323529412,2.5,3,13.66666667,-0.9520088141740811,0.0,0.3129323314426746,0.4308285595119107,-0.06217762467456919,R2_Percent
7,10,Warren Sapp,Kym Johnson,Athlete,2nd Place,2,True,False,27.5,0.323529412,2.5,3,8.666666667,-1.3689026181646458,0.0,0.3407772584200403,0.3311350184753935,0.023064464372809762,R2_Percent
8,1,Belinda Carlisle,Jonathan Roberts,Singer/Rapper,Eliminated Week 2,13,True,False,17.0,0.069958848,9.5,3,7.0,-3.5189804139435386,0.0,0.004787686328940161,0.12281520289137417,-1.88384312441093,R2_Percent
8,1,Chuck Wicks,Julianne Hough,Singer/Rapper,Eliminated Week 8,6,True,False,20.0,0.082304527,5.0,3,23.0,-2.420368127525429,0.0,0.028643164822427427,0.08722714255697891,-0.09497555847964662,R2_Percent
8,1,David Alan Grier,Kym Johnson,Actor/Actress,Eliminated Week 5,9,True,False,19.0,0.0781893,6.0,3,0.0,-5.5984219319983755,0.0,0.009782722042255233,0.10838356384258159,-1.169272625293605,R2_Percent
8,1,Denise Richards,Maksim Chmerkoskiy,Actor/Actress,Eliminated Week 3,12,True,False,18.0,0.074074074,7.5,3,16.0,-2.7652086133539235,0.0,0.0046741650200775526,0.11825668879348923,-1.9078398565855836,R2_Percent
8,1,Gilles Marini,Cheryl Burke,Actor/Actress,2nd Place,2,True,False,24.0,0.098765432,1.0,3,11.0,-3.1135153069603745,0.0,0.2027445024696509,0.014401952250970958,1.8620561797615809,R2_Percent
8,1,Holly Madison,Dmitry Chaplin,TV Personality,Eliminated Week 4,11,True,False,18.0,0.074074074,7.5,3,56.0,-1.5553706906901403,0.0,0.005419411093356711,0.11742662742539275,-1.759903242857386,R2_Percent
8,1,Lawrence Taylor,Edyta Sliwinska,Athlete,Eliminated Week 7,7,True,False,16.0,0.065843621,11.0,3,17.0,-2.7080501996022104,0.0,0.06991669953860806,0.0689921080809228,0.7974141287945731,R2_Percent
8,1,Lil' Kim,Derek Hough,Singer/Rapper,Eliminated Week 9,5,True,False,21.0,0.086419753,4.0,3,13.0,-2.9593646274545446,0.0,0.03704981174306459,0.07749098466105538,0.1623728725269384,R2_Percent
8,1,Melissa Rycroft,Tony Dovolani,TV Personality,3rd Place,3,True,False,23.0,0.094650206,2.5,3,60.0,-1.4875480943824406,0.0,0.23119689107449473,0.011442498266027454,1.9933792917547892,R2_Percent
8,1,Shawn Johnson,Mark Ballas,Athlete,1st Place,1,True,False,23.0,0.094650206,2.5,3,11.0,-3.1135153069603745,0.0,0.175301438401645,0.019407230127411173,1.7166165992217473,R2_Percent
8,1,Steve Wozniak,Karina Smirnoff,Entrepreneur,Eliminated Week 4,10,True,False,13.0,0.053497942,13.0,3,7.0,-3.5189804139435386,0.0,0.005291291565529536,0.142808654656094,-1.7838280296994913,R2_Percent
8,1,Steve-O,Lacey Schwimmer,TV Personality,Eliminated Week 6,8,True,False,17.0,0.069958848,9.5,3,8.0,-3.401197378662155,0.0,0.04307561248330861,0.08552355873639432,0.31306660326680463,R2_Percent
8,1,Ty Murray,Chelsie Hightower,Athlete,Eliminated Week 10,4,True,False,14.0,0.057613169,12.0,3,28.0,-2.231126128080866,0.0,0.18211660341664157,0.02582378771130716,1.7547567620002076,R2_Percent
8,2,Belinda Carlisle,Jonathan Roberts,Singer/Rapper,Eliminated Week 2,13,True,True,18.0,0.067924528,9.5,3,4.0,-3.4510451842194763,0.0,0.004254820963910925,0.12256097781068626,-1.9481722734597628,R2_Percent
8,2,Chuck Wicks,Julianne Hough,Singer/Rapper,Eliminated Week 8,6,True,False,20.0,0.075471698,7.0,3,15.0,-2.287894376581712,0.0,0.028708353049824525,0.09057200695513258,-0.03903683051135648,R2_Percent
8,2,David Alan Grier,Kym Johnson,Actor/Actress,Eliminated Week 5,9,True,False,17.0,0.064150943,11.5,3,0.0,-5.060483084040244,0.0,0.006881320298255608,0.1238970132039257,-1.4674144206128816,R2_Percent
8,2,Denise Richards,Maksim Chmerkoskiy,Actor/Actress,Eliminated Week 3,12,True,False,21.0,0.079245283,5.0,3,16.33333333,-2.207851669176285,0.0,0.004490367109805956,0.10987914778882797,-1.894290497901879,R2_Percent
8,2,Gilles Marini,Cheryl Burke,Actor/Actress,2nd Place,2,True,False,27.0,0.101886792,1.0,3,7.0,-2.9810415561562404,0.0,0.18827712543753433,0.015615549829771891,1.8416899909661475,R2_Percent
8,2,Holly Madison,Dmitry Chaplin,TV Personality,Eliminated Week 4,11,True,False,18.0,0.067924528,9.5,3,43.66666667,-1.2612555880964962,0.0,0.005964343476882258,0.1205965478378522,-1.6104259710217939,R2_Percent
8,2,Lawrence Taylor,Edyta Sliwinska,Athlete,Eliminated Week 7,7,True,False,20.0,0.075471698,7.0,3,0.0,-5.060483084040244,0.0,0.06967235249254931,0.06149541459512999,0.8475786167288148,R2_Percent
8,2,Lil' Kim,Derek Hough,Singer/Rapper,Eliminated Week 9,5,True,False,23.0,0.086792453,4.0,3,13.0,-2.421425769065461,0.0,0.03484730954411826,0.07679349189681572,0.15475097523360035,R2_Percent
8,2,Melissa Rycroft,Tony Dovolani,TV Personality,3rd Place,3,True,False,26.0,0.098113208,2.0,3,16.33333333,-2.207851669176285,0.0,0.25907536138120957,0.008287639209613125,2.160894031996454,R2_Percent
8,2,Shawn Johnson,Mark Ballas,Athlete,1st Place,1,True,False,24.0,0.090566038,3.0,3,8.666666667,-2.7917995568230283,0.0,0.16247161041036987,0.022179676780009604,1.694278323376938,R2_Percent
8,2,Steve Wozniak,Karina Smirnoff,Entrepreneur,Eliminated Week 4,10,True,False,17.0,0.064150943,11.5,3,9.666666667,-2.693359484165918,0.0,0.004665392424887079,0.12651933438232418,-1.8560530061113698,R2_Percent
8,2,Steve-O,Lacey Schwimmer,TV Personality,Eliminated Week 6,8,True,False,14.0,0.052830189,13.0,3,11.0,-2.5755764487050206,0.0,0.03847592410989707,0.10229152029685547,0.25380773992419653,R2_Percent
8,2,Ty Murray,Chelsie Hightower,Athlete,Eliminated Week 10,4,True,False,20.0,0.075471698,7.0,3,0.0,-5.060483084040244,0.0,0.19221571930075537,0.019311679413055276,1.8623933213928918,R2_Percent
8,3,Chuck Wicks,Julianne Hough,Singer/Rapper,Eliminated Week 8,6,True,False,23.0,0.090551181,6.5,3,16.0,-2.00306856209853,0.0,0.03233695753419627,0.08775082391087081,-0.12033855349370487,R2_Percent
8,3,David Alan Grier,Kym Johnson,Actor/Actress,Eliminated Week 5,9,True,False,24.0,0.094488189,5.0,3,0.0,-4.836281894295922,0.0,0.006171356812973445,0.10826705951156114,-1.7766306071342928,R2_Percent
8,3,Denise Richards,Maksim Chmerkoskiy,Actor/Actress,Eliminated Week 3,12,True,True,16.0,0.062992126,10.0,3,14.0,-2.1282317049537123,0.0,0.0052103354054607795,0.14713905099582852,-1.9459050947930934,R2_Percent
8,3,Gilles Marini,Cheryl Burke,Actor/Actress,2nd Place,2,True,False,27.0,0.106299213,2.0,3,5.333333333,-2.9904552144607495,0.0,0.19993713778669353,0.015510773959277578,1.701453680341435,R2_Percent
8,3,Holly Madison,Dmitry Chaplin,TV Personality,Eliminated Week 4,11,True,False,17.0,0.066929134,9.0,3,24.33333333,-1.6041608549119117,0.0,0.007470418720429511,0.1387681480775322,-1.5855982745551904,R2_Percent
8,3,Lawrence Taylor,Edyta Sliwinska,Athlete,Eliminated Week 7,7,True,False,20.0,0.078740157,8.0,3,5.0,-3.0445224355678673,0.0,0.053385477469075904,0.08041417784774563,0.38098942573706496,R2_Percent
8,3,Lil' Kim,Derek Hough,Singer/Rapper,Eliminated Week 9,5,True,False,25.0,0.098425197,4.0,3,11.33333333,-2.3239762821684566,0.0,0.039625158691436554,0.07603481743759732,0.08291491128663864,R2_Percent
8,3,Melissa Rycroft,Tony Dovolani,TV Personality,3rd Place,3,True,False,27.0,0.106299213,2.0,3,11.66666667,-2.2973080345797516,0.0,0.28323564870638906,0.007058382696107312,2.049729906364102,R2_Percent
8,3,Shawn Johnson,Mark Ballas,Athlete,1st Place,1,True,False,27.0,0.106299213,2.0,3,7.0,-2.7568403636410865,0.0,0.17699783842859354,0.019266195151395233,1.5795881944974326,R2_Percent
8,3,Steve Wozniak,Karina Smirnoff,Entrepreneur,Eliminated Week 4,10,True,False,10.0,0.039370079,12.0,3,9.0,-2.533696812641877,0.0,0.005246142281806579,0.18388488586240967,-1.9390563226962627,R2_Percent
8,3,Steve-O,Lacey Schwimmer,TV Personality,Eliminated Week 6,8,True,False,15.0,0.059055118,11.0,3,10.33333333,-2.4085336701302236,0.0,0.04372029172529333,0.10612336887991757,0.18126301013427265,R2_Percent
8,3,Ty Murray,Chelsie Hightower,Athlete,Eliminated Week 10,4,True,False,23.0,0.090551181,6.5,3,0.0,-4.836281894295922,0.0,0.14666323643765145,0.02978231566975704,1.3915897243115987,R2_Percent
8,4,Chuck Wicks,Julianne Hough,Singer/Rapper,Eliminated Week 8,6,True,False,22.0,0.090909091,6.5,3,14.66666667,-2.296181654793141,0.0,0.03612727219230463,0.10354040162048798,-0.21738823699639812,R2_Percent
8,4,David Alan Grier,Kym Johnson,Actor/Actress,Eliminated Week 5,9,True,False,22.0,0.090909091,6.5,3,0.0,-5.047716953474806,0.0,0.005673860351385404,0.13807551439147148,-2.0685665554464028,R2_Percent
8,4,Gilles Marini,Cheryl Burke,Actor/Actress,2nd Place,2,True,False,30.0,0.123966942,1.0,3,10.33333333,-2.6199687320140095,0.0,0.202574500051705,0.015709795244811156,1.506671440869466,R2_Percent
8,4,Holly Madison,Dmitry Chaplin,TV Personality,Eliminated Week 4,11,True,True,16.0,0.066115702,9.0,3,50.0,-1.1158913360119183,0.0,0.008234166318212005,0.17036494632244414,-1.696144157407145,R2_Percent
8,4,Lawrence Taylor,Edyta Sliwinska,Athlete,Eliminated Week 7,7,True,False,19.0,0.078512397,8.0,3,0.0,-5.047716953474806,0.0,0.05715191535992574,0.0954318557821188,0.2412766247807219,R2_Percent
8,4,Lil' Kim,Derek Hough,Singer/Rapper,Eliminated Week 9,5,True,False,27.0,0.111570248,3.0,3,9.0,-2.745131874490761,0.0,0.04346640256380232,0.07946442397884199,-0.03244799468802906,R2_Percent
8,4,Melissa Rycroft,Tony Dovolani,TV Personality,3rd Place,3,True,False,29.0,0.119834711,2.0,3,6.333333333,-3.055286802273994,0.0,0.2938553137083528,0.006893476081442194,1.8786512364512806,R2_Percent
8,4,Shawn Johnson,Mark Ballas,Athlete,1st Place,1,True,False,25.0,0.103305785,4.5,3,34.66666667,-1.47350042271777,0.0,0.1825384536253453,0.023079512080520292,1.4025245761159508,R2_Percent
8,4,Steve Wozniak,Karina Smirnoff,Entrepreneur,Eliminated Week 4,10,True,True,12.0,0.049586777,11.0,3,7.0,-2.9682754254158037,0.0,0.005755524522015609,0.2038935731829578,-2.054276099520979,R2_Percent
8,4,Steve-O,Lacey Schwimmer,TV Personality,Eliminated Week 6,8,True,False,15.0,0.061983471,10.0,3,0.0,-5.047716953474806,0.0,0.049552289295685864,0.11987746893131973,0.09859218193014083,R2_Percent
8,4,Ty Murray,Chelsie Hightower,Athlete,Eliminated Week 10,4,True,False,25.0,0.103305785,4.5,3,12.66666667,-2.432757189622348,0.0,0.11507030201126534,0.0436690323835844,0.941106983911394,R2_Percent
8,5,Chuck Wicks,Julianne Hough,Singer/Rapper,Eliminated Week 8,6,True,False,23.0,0.10952381,5.0,3,8.666666667,-1.9798116999295168,0.0,0.03736315993846596,0.15560860014885206,-0.5605604635438823,R2_Percent
8,5,David Alan Grier,Kym Johnson,Actor/Actress,Eliminated Week 5,9,True,True,22.0,0.104761905,6.0,3,0.0,-4.248495235006502,0.0,0.005043191605582771,0.22092725189395931,-2.5632065173839913,R2_Percent
8,5,Gilles Marini,Cheryl Burke,Actor/Actress,2nd Place,2,True,False,29.0,0.138095238,1.0,3,14.0,-1.540445040437625,0.0,0.21149505191590592,0.022906881059186125,1.1729559488941712,R2_Percent
8,5,Lawrence Taylor,Edyta Sliwinska,Athlete,Eliminated Week 7,7,True,False,20.0,0.095238095,8.0,3,0.0,-4.248495235006502,0.0,0.044262888303961107,0.16685990665564984,-0.3910990639697048,R2_Percent
8,5,Lil' Kim,Derek Hough,Singer/Rapper,Eliminated Week 9,5,True,False,26.0,0.123809524,2.5,3,10.33333333,-1.8207470057349207,0.0,0.04319510969702123,0.12866295251812204,-0.4155183667373731,R2_Percent
8,5,Melissa Rycroft,Tony Dovolani,TV Personality,3rd Place,3,True,False,25.0,0.119047619,4.0,3,7.0,-2.169053699451666,0.0,0.2658173000421378,0.016412273316626907,1.4015635767290295,R2_Percent
8,5,Shawn Johnson,Mark Ballas,Athlete,1st Place,1,True,False,26.0,0.123809524,2.5,3,17.0,-1.3581234837214484,0.0,0.22311499874103988,0.023491380922983512,1.226441673837901,R2_Percent
8,5,Steve-O,Lacey Schwimmer,TV Personality,Eliminated Week 6,8,True,False,18.0,0.085714286,9.0,3,0.0,-4.248495235006502,0.0,0.03663552323874657,0.19622533099292533,-0.5802273041293887,R2_Percent
8,5,Ty Murray,Chelsie Hightower,Athlete,Eliminated Week 10,4,True,False,21.0,0.1,7.0,3,4.0,-2.6390573281724015,0.0,0.13307277651713872,0.06890542249169496,0.7096505163032382,R2_Percent
8,6,Chuck Wicks,Julianne Hough,Singer/Rapper,Eliminated Week 8,6,True,False,23.0,0.123655914,5.0,3,12.66666667,-1.4793847835029756,0.0,0.03595419554575478,0.19298005389983355,-0.873993991429676,R2_Percent
8,6,Gilles Marini,Cheryl Burke,Actor/Actress,2nd Place,2,True,False,26.0,0.139784946,3.5,3,11.0,-1.6094379119341002,0.0,0.23060967727152665,0.026319198759921912,0.9844867987573163,R2_Percent
8,6,Lawrence Taylor,Edyta Sliwinska,Athlete,Eliminated Week 7,7,True,False,22.0,0.11827957,6.0,3,0.0,-4.094344556222101,0.0,0.036262193410426566,0.2024497509310367,-0.8654640791313796,R2_Percent
8,6,Lil' Kim,Derek Hough,Singer/Rapper,Eliminated Week 9,5,True,False,28.0,0.150537634,1.0,3,9.666666667,-1.727220947496734,0.0,0.044160051512479495,0.13851060597744638,-0.668419205350654,R2_Percent
8,6,Melissa Rycroft,Tony Dovolani,TV Personality,3rd Place,3,True,False,27.0,0.14516129,2.0,3,4.0,-2.4849066485880003,0.0,0.2514412360417368,0.02054437984996654,1.070969534513692,R2_Percent
8,6,Shawn Johnson,Mark Ballas,Athlete,1st Place,1,True,False,26.0,0.139784946,3.5,3,12.33333333,-1.504077396576274,0.0,0.24042909397935125,0.023986417410693187,1.0261854447317715,R2_Percent
8,6,Steve-O,Lacey Schwimmer,TV Personality,Eliminated Week 6,8,True,True,16.0,0.086021505,8.0,3,2.333333333,-2.890371756196165,0.0,0.028541620839462153,0.29540900993945624,-1.1048763715268723,R2_Percent
8,6,Ty Murray,Chelsie Hightower,Athlete,Eliminated Week 10,4,True,False,18.0,0.096774194,7.0,3,0.0,-4.094344556222101,0.0,0.13260193139926235,0.0998005832316454,0.4311118694358024,R2_Percent
8,7,Chuck Wicks,Julianne Hough,Singer/Rapper,Eliminated Week 8,6,True,False,27.0,0.148351648,3.5,3,7.666666667,-1.8108076635487493,0.0,0.039721536855781274,0.22752865764408475,-0.9457914138195572,R2_Percent
8,7,Gilles Marini,Cheryl Burke,Actor/Actress,2nd Place,2,True,False,27.0,0.148351648,3.5,3,2.0,-2.8716796231173456,0.0,0.2620493660506656,0.02782356114268829,0.9408479615647619,R2_Percent
8,7,Lawrence Taylor,Edyta Sliwinska,Athlete,Eliminated Week 7,7,True,True,21.0,0.115384615,7.0,3,0.0,-3.970291908252122,0.0,0.03326117449878235,0.3302781367163351,-1.1232941586956087,R2_Percent
8,7,Lil' Kim,Derek Hough,Singer/Rapper,Eliminated Week 9,5,True,False,26.0,0.142857143,5.0,3,18.0,-1.025852934106734,0.0,0.047775970691183445,0.22208947077775634,-0.7611621365947983,R2_Percent
8,7,Melissa Rycroft,Tony Dovolani,TV Personality,3rd Place,3,True,False,29.0,0.159340659,1.0,3,4.333333333,-2.2963154790492,0.0,0.2418690912020062,0.0303487994255954,0.8607116898584406,R2_Percent
8,7,Shawn Johnson,Mark Ballas,Athlete,1st Place,1,True,False,28.0,0.153846154,2.0,3,8.0,-1.7730673356270135,0.0,0.2648264115491433,0.02573115016181995,0.9513896161005695,R2_Percent
8,7,Ty Murray,Chelsie Hightower,Athlete,Eliminated Week 10,4,True,False,24.0,0.131868132,6.0,3,6.0,-2.0243817637396657,0.0,0.11049644915243782,0.1362002241317201,0.07729844158619215,R2_Percent
8,8,Chuck Wicks,Julianne Hough,Singer/Rapper,Eliminated Week 8,6,True,True,25.5,0.163461538,5.0,3,3.333333333,-2.1263985239968943,0.0,0.04186338817198895,0.39103479267821656,-1.1493668841831022,R2_Percent
8,8,Gilles Marini,Cheryl Burke,Actor/Actress,2nd Place,2,True,False,27.5,0.176282051,2.0,3,5.0,-1.8009761237182491,0.0,0.24314917473548397,0.051682104968524205,0.6098966042998937,R2_Percent
8,8,Lil' Kim,Derek Hough,Singer/Rapper,Eliminated Week 9,5,True,False,28.0,0.179487179,1.0,3,13.0,-0.9536782636770772,0.0,0.05732107360029976,0.2903895118865762,-0.8351102057619733,R2_Percent
8,8,Melissa Rycroft,Tony Dovolani,TV Personality,3rd Place,3,True,False,23.0,0.147435897,6.0,3,2.666666667,-2.2934526083397806,0.0,0.2449277041579066,0.0667496287120258,0.6171845434398268,R2_Percent
8,8,Shawn Johnson,Mark Ballas,Athlete,1st Place,1,True,False,26.0,0.166666667,3.5,3,6.333333333,-1.6003054284116536,0.0,0.27954866765092906,0.04012317793796716,0.7493978629230702,R2_Percent
8,8,Ty Murray,Chelsie Hightower,Athlete,Eliminated Week 10,4,True,False,26.0,0.166666667,3.5,3,0.0,-3.5927355899185263,0.0,0.13318999168339174,0.16002078381669008,0.007998079282284978,R2_Percent
8,9,Gilles Marini,Cheryl Burke,Actor/Actress,2nd Place,2,True,False,28.0,0.209737828,2.5,3,5.666666667,-2.1282317050306965,0.0,0.26751659040676956,0.061232383628561184,0.4311324621798309,R2_Percent
8,9,Lil' Kim,Derek Hough,Singer/Rapper,Eliminated Week 9,5,True,True,26.0,0.194756554,4.0,3,11.66666667,-1.4863778190430386,0.0,0.06731969915652974,0.46801117761941496,-0.948596221989912,R2_Percent
8,9,Melissa Rycroft,Tony Dovolani,TV Personality,3rd Place,3,True,False,28.5,0.213483146,1.0,3,9.0,-1.7227665972525321,0.0,0.24526679613096616,0.07293556447946249,0.34429745940832623,R2_Percent
8,9,Shawn Johnson,Mark Ballas,Athlete,1st Place,1,True,False,28.0,0.209737828,2.5,3,5.666666667,-2.1282317050306965,0.0,0.30022929791501274,0.044946953559196166,0.5464973866456408,R2_Percent
8,9,Ty Murray,Chelsie Hightower,Athlete,Eliminated Week 10,4,True,False,23.0,0.172284644,5.0,3,19.0,-1.0296194169725867,0.0,0.11966761639072182,0.35287392071336515,-0.3733310862438859,R2_Percent
8,10,Gilles Marini,Cheryl Burke,Actor/Actress,2nd Place,2,True,False,30.0,0.273972603,1.0,3,2.0,-2.2914117914182675,0.0,0.27792869287571204,0.11793765187186347,0.13267336724823597,R2_Percent
8,10,Melissa Rycroft,Tony Dovolani,TV Personality,3rd Place,3,True,False,27.5,0.251141553,3.0,3,9.666666667,-1.0229004666342743,0.0,0.26668535453359854,0.16275070670322792,0.09137830295190263,R2_Percent
8,10,Shawn Johnson,Mark Ballas,Athlete,1st Place,1,True,False,28.0,0.255707763,2.0,3,5.333333333,-1.5441973901611459,0.0,0.29472790395151316,0.11958278682511367,0.19136135812471072,R2_Percent
8,10,Ty Murray,Chelsie Hightower,Athlete,Eliminated Week 10,4,True,True,24.0,0.219178082,4.0,3,8.666666667,-1.1213405394155225,0.0,0.16065804863917618,0.599728854599795,-0.4154130283248494,R2_Percent
8,11,Gilles Marini,Cheryl Burke,Actor/Actress,2nd Place,2,True,False,29.0,0.331428571,2.0,3,6.666666667,-1.0840134889225324,0.0,0.30456560357161794,0.435048260917749,-0.08833494618658091,R2_Percent
8,11,Melissa Rycroft,Tony Dovolani,TV Personality,3rd Place,3,True,False,28.5,0.325714286,3.0,3,7.666666667,-0.9614111668693304,0.0,0.34808861904348776,0.30432532854019306,0.045235642779651336,R2_Percent
8,11,Shawn Johnson,Mark Ballas,Athlete,1st Place,1,True,False,30.0,0.342857143,1.0,3,5.333333333,-1.275068725719109,0.0,0.3473457773848943,0.26062641054205793,0.043099303406929496,R2_Percent
9,1,Aaron Carter,Karina Smirnoff,Singer/Rapper,Eliminated Week 8,5,True,False,31.9999,0.078817798,2.0,3,16.0,-2.55128171745052,0.0,0.0502181345803427,0.048610461344264014,0.7473786978889367,R2_Percent
9,1,Ashley Hamiliton,Edyta Sliwinska,Actor/Actress,Eliminated Week 1,16,True,True,18.9999,0.046797968,15.5,3,7.0,-3.305053518384253,0.0,0.004302519056244349,0.10154146081234587,-1.709796831991851,R2_Percent
9,1,Chuck Liddell,Anna Trebunskaya,Athlete,Eliminated Week 4,11,True,False,22.0,0.054187406,10.5,3,29.0,-1.9832976804002669,0.0,0.004527359607848327,0.09449044655989945,-1.6588586086585806,R2_Percent
9,1,Debi Mazar,Maksim Chmerkoskiy,Actor/Actress,Eliminated Week 3,12,True,False,22.0,0.054187406,10.5,3,4.0,-3.7750571459949884,0.0,0.005323477377771094,0.09378210010214097,-1.496870777934715,R2_Percent
9,1,Donny Osmond,Kym Johnson,Singer/Rapper,1st Place,1,True,False,29.9999,0.073891671,5.0,3,6.0,-3.4385849106194897,0.0,0.23487325538092538,0.008891363671817356,2.2900485196488276,R2_Percent
9,1,Joanna Krupa,Derek Hough,Model,Eliminated Week 9,4,True,False,33.9999,0.083743926,1.0,3,7.0,-3.305053518384253,0.0,0.08397864534099374,0.033723040154210855,1.261565034197094,R2_Percent
9,1,Kathy Ireland,Tony Dovolani,Model,Eliminated Week 2,14,True,False,19.9999,0.049261032,12.5,3,9.0,-3.081909967615043,0.0,0.0046193164432345064,0.09890824148767947,-1.638750772058039,R2_Percent
9,1,Kelly Osbourne,Louis van Amstel,TV Personality,3rd Place,3,True,False,30.9998,0.076354488,4.0,3,5.0,-3.5927355899277007,0.0,0.20336141062618251,0.011700661254027732,2.145987233817915,R2_Percent
9,1,Louie Vito,Chelsie Hightower,Athlete,Eliminated Week 6,8,True,False,26.9998,0.066502233,7.5,3,13.0,-2.7454377316166876,0.0,0.009037678382069411,0.08059778861979203,-0.9675951849168609,R2_Percent
9,1,Macy Gray,Jonathan Roberts,Singer/Rapper,Eliminated Week 1,15,True,True,18.9999,0.046797968,15.5,3,4.0,-3.7750571459949884,0.0,0.003872554460329427,0.10195495778071659,-1.8150831536335785,R2_Percent
9,1,Mark Dacascos,Lacey Schwimmer,Actor/Actress,Eliminated Week 7,6,True,False,28.9998,0.07142836,6.0,3,10.0,-2.9865997880089004,0.0,0.043761080736238925,0.05540737523172523,0.6097473445110924,R2_Percent
9,1,Melissa Joan Hart,Mark Ballas,Actor/Actress,Eliminated Week 6,9,True,False,24.0,0.059113533,9.0,3,25.0,-2.1263985239291454,0.0,0.009293043907652395,0.08621928683237016,-0.9397313568219745,R2_Percent
9,1,Michael Irvin,Anna Demidova,Athlete,Eliminated Week 7,7,True,False,19.0,0.046798214,14.0,3,38.0,-1.7209334161004681,0.0,0.09578612366143739,0.04276766221148759,1.3931203173323563,R2_Percent
9,1,Mya,Dmitry Chaplin,Singer/Rapper,2nd Place,2,True,False,30.9999,0.076354734,3.0,3,20.0,-2.339972624027571,0.0,0.1095789594986251,0.028390478541463073,1.5276478705115066,R2_Percent
9,1,Natalie Coughlin,Alec Mazo,Athlete,Eliminated Week 5,10,True,False,26.9998,0.066502233,7.5,3,0.0,-5.38449504098909,0.0,0.005510863679129704,0.08332977080742265,-1.4622761517406138,R2_Percent
9,1,Tom DeLay,Cheryl Burke,Politician,Withdrew,13,True,False,19.9999,0.049261032,12.5,3,9.0,-3.081909967615043,0.0,0.13195557726097518,0.029684904588636922,1.713467819848484,R2_Percent
9,2,Aaron Carter,Karina Smirnoff,Singer/Rapper,Eliminated Week 8,5,True,False,27.0,0.091836735,1.5,3,17.0,-2.2414974001305534,0.0,0.053365651327798504,0.056761392303649606,0.5449600014748108,R2_Percent
9,2,Chuck Liddell,Anna Trebunskaya,Athlete,Eliminated Week 4,11,True,False,19.0,0.06462585,10.5,3,20.0,-2.0873467204376865,0.0,0.005143680709693757,0.11579610103340242,-1.7944383893899647,R2_Percent
9,2,Debi Mazar,Maksim Chmerkoskiy,Actor/Actress,Eliminated Week 3,12,True,False,21.0,0.071428571,5.0,3,4.333333333,-3.457892722283287,0.0,0.004943739061454833,0.10879037856314287,-1.834085364035463,R2_Percent
9,2,Donny Osmond,Kym Johnson,Singer/Rapper,1st Place,1,True,False,25.0,0.085034014,3.0,3,8.333333333,-2.898276935681793,0.0,0.22582408622531042,0.01185933773474641,1.98754901267757,R2_Percent
9,2,Joanna Krupa,Derek Hough,Model,Eliminated Week 9,4,True,False,20.0,0.068027211,7.5,3,6.333333333,-3.1394389920136163,0.0,0.08225936724708129,0.05409824441206186,0.9776699666972501,R2_Percent
9,2,Kathy Ireland,Tony Dovolani,Model,Eliminated Week 2,14,True,True,18.0,0.06122449,13.5,3,10.66666667,-2.675133384409012,0.0,0.004625632026256617,0.12016625842072765,-1.9005942880122584,R2_Percent
9,2,Kelly Osbourne,Louis van Amstel,TV Personality,3rd Place,3,True,False,19.0,0.06462585,10.5,3,17.0,-2.2414974001305534,0.0,0.1906186257792591,0.020060708799670895,1.8180674043015117,R2_Percent
9,2,Louie Vito,Chelsie Hightower,Athlete,Eliminated Week 6,8,True,False,19.0,0.06462585,10.5,3,3.0,-3.7455747936142347,0.0,0.00953024547421414,0.11109326389060939,-1.1777368285819194,R2_Percent
9,2,Mark Dacascos,Lacey Schwimmer,Actor/Actress,Eliminated Week 7,6,True,False,21.0,0.071428571,5.0,3,7.0,-3.052427615170956,0.0,0.04450174173235521,0.07485324678371938,0.36332102449311876,R2_Percent
9,2,Melissa Joan Hart,Mark Ballas,Actor/Actress,Eliminated Week 6,9,True,False,19.0,0.06462585,10.5,3,13.0,-2.4928118281426763,0.0,0.010421563177113563,0.1101612859462395,-1.0883302618947905,R2_Percent
9,2,Michael Irvin,Anna Demidova,Athlete,Eliminated Week 7,7,True,False,20.0,0.068027211,7.5,3,5.666666667,-3.2347491714915773,0.0,0.11367247521904887,0.040201007200680546,1.3011139849775744,R2_Percent
9,2,Mya,Dmitry Chaplin,Singer/Rapper,2nd Place,2,True,False,27.0,0.091836735,1.5,3,25.66666667,-1.8484548122016868,0.0,0.11896205068810878,0.03053439818352739,1.346597236504895,R2_Percent
9,2,Natalie Coughlin,Alec Mazo,Athlete,Eliminated Week 5,10,True,False,21.0,0.071428571,5.0,3,4.666666667,-3.3972681005322936,0.0,0.004212845668080595,0.10954453067193642,-1.9940689539495264,R2_Percent
9,2,Tom DeLay,Cheryl Burke,Politician,Withdrew,13,True,False,18.0,0.06122449,13.5,3,12.66666667,-2.5169093794483337,0.0,0.13191829566422414,0.036079846055885614,1.4499754547371926,R2_Percent
9,3,Aaron Carter,Karina Smirnoff,Singer/Rapper,Eliminated Week 8,5,True,False,21.0,0.081395349,4.5,3,10.0,-2.2368337144366492,0.0,0.05507397565110664,0.0734185139110328,0.4504011404483921,R2_Percent
9,3,Chuck Liddell,Anna Trebunskaya,Athlete,Eliminated Week 4,11,True,False,17.0,0.065891473,10.5,3,14.0,-1.9266787863825068,0.0,0.005267642727554972,0.13611139795356272,-1.8966931906937463,R2_Percent
9,3,Debi Mazar,Maksim Chmerkoskiy,Actor/Actress,Eliminated Week 3,12,True,True,17.0,0.065891473,10.5,3,1.666666667,-3.653899731172157,0.0,0.004587213437588473,0.13698958743516806,-2.035003407395366,R2_Percent
9,3,Donny Osmond,Kym Johnson,Singer/Rapper,1st Place,1,True,False,21.0,0.081395349,4.5,3,5.333333333,-2.7889022960993683,0.0,0.22195829271971626,0.01516246284977625,1.8442133406862637,R2_Percent
9,3,Joanna Krupa,Derek Hough,Model,Eliminated Week 9,4,True,False,23.0,0.089147287,3.0,3,5.0,-2.8429695172266616,0.0,0.07756440867085089,0.05516518218736668,0.7928325179235252,R2_Percent
9,3,Kelly Osbourne,Louis van Amstel,TV Personality,3rd Place,3,True,False,20.0,0.07751938,6.5,3,6.666666667,-2.597847059523387,0.0,0.20758136040062666,0.018017530001772787,1.77724720823236,R2_Percent
9,3,Louie Vito,Chelsie Hightower,Athlete,Eliminated Week 6,8,True,False,20.0,0.07751938,6.5,3,0.0,-4.634728977871384,0.0,0.008149023817107224,0.11866864350715133,-1.4603780098673391,R2_Percent
9,3,Mark Dacascos,Lacey Schwimmer,Actor/Actress,Eliminated Week 7,6,True,False,18.0,0.069767442,9.0,3,0.0,-4.634728977871384,0.0,0.0426494804024981,0.09215888275425818,0.19473893813390095,R2_Percent
9,3,Melissa Joan Hart,Mark Ballas,Actor/Actress,Eliminated Week 6,9,True,False,19.0,0.073643411,8.0,3,14.33333333,-1.9046998798960504,0.0,0.010118631024416552,0.12082625528235934,-1.2438977724624178,R2_Percent
9,3,Michael Irvin,Anna Demidova,Athlete,Eliminated Week 7,7,True,False,14.0,0.054263566,13.0,3,0.0,-4.634728977871384,0.0,0.09979466292335139,0.06217355446557853,1.0448385512612948,R2_Percent
9,3,Mya,Dmitry Chaplin,Singer/Rapper,2nd Place,2,True,False,27.0,0.104651163,1.0,3,28.33333333,-1.2560044621237867,0.0,0.12749372062195619,0.029721542226006686,1.2897909604575764,R2_Percent
9,3,Natalie Coughlin,Alec Mazo,Athlete,Eliminated Week 5,10,True,False,26.0,0.100775194,2.0,3,1.666666667,-3.653899731172157,0.0,0.004260921594331914,0.09881760848238286,-2.108790679322707,R2_Percent
9,3,Tom DeLay,Cheryl Burke,Politician,Withdrew,13,True,True,15.0,0.058139535,12.0,3,3.0,-3.248434624476493,0.0,0.1355006660088948,0.04276883894358383,1.3507004025982625,R2_Percent
9,4,Aaron Carter,Karina Smirnoff,Singer/Rapper,Eliminated Week 8,5,True,False,18.0,0.074380165,8.0,3,12.66666667,-2.0230002297716583,0.0,0.06656324087755718,0.09624871517469501,0.46721984724891036,R2_Percent
9,4,Chuck Liddell,Anna Trebunskaya,Athlete,Eliminated Week 4,11,True,True,17.0,0.070247934,9.0,3,12.0,-2.073010650551448,0.0,0.00649686444390925,0.1765716126033742,-1.8596129718799315,R2_Percent
9,4,Donny Osmond,Kym Johnson,Singer/Rapper,1st Place,1,True,False,24.0,0.099173554,4.5,3,2.0,-3.5393477166953025,0.0,0.26445151440754916,0.011730570028797294,1.8467252849787816,R2_Percent
9,4,Joanna Krupa,Derek Hough,Model,Eliminated Week 9,4,True,False,26.0,0.107438017,3.0,3,4.666666667,-2.903358951537397,0.0,0.09116416317344148,0.05581026205441039,0.7817292330487513,R2_Percent
9,4,Kelly Osbourne,Louis van Amstel,TV Personality,3rd Place,3,True,False,23.0,0.095041322,6.0,3,5.666666667,-2.740840022321975,0.0,0.2495623859661224,0.014041032140981659,1.7887762887404497,R2_Percent
9,4,Louie Vito,Chelsie Hightower,Athlete,Eliminated Week 6,8,True,False,16.0,0.066115702,10.5,3,6.333333333,-2.645529842754014,0.0,0.007283685329472305,0.18224402948062518,-1.7452956784527252,R2_Percent
9,4,Mark Dacascos,Lacey Schwimmer,Actor/Actress,Eliminated Week 7,6,True,False,22.0,0.090909091,7.0,3,0.0,-4.637959998474523,0.0,0.03859266876008838,0.10724109342037476,-0.07787030921077448,R2_Percent
9,4,Melissa Joan Hart,Mark Ballas,Actor/Actress,Eliminated Week 6,9,True,False,28.0,0.115702479,1.5,3,14.33333333,-1.9079309005303493,0.0,0.012700869908260543,0.10836026291355468,-1.1892621513155577,R2_Percent
9,4,Michael Irvin,Anna Demidova,Athlete,Eliminated Week 7,7,True,False,16.0,0.066115702,10.5,3,5.333333333,-2.7921333167305784,0.0,0.08471337362212433,0.08766287402577033,0.7083408440501527,R2_Percent
9,4,Mya,Dmitry Chaplin,Singer/Rapper,2nd Place,2,True,False,28.0,0.115702479,1.5,3,27.0,-1.3057554982636048,0.0,0.17359491575764818,0.023682274030836625,1.4257918755393133,R2_Percent
9,4,Natalie Coughlin,Alec Mazo,Athlete,Eliminated Week 5,10,True,False,24.0,0.099173554,4.5,3,2.333333333,-3.43398720148192,0.0,0.0048763177538268965,0.1364072741265798,-2.1465422627473707,R2_Percent
9,5,Aaron Carter,Karina Smirnoff,Singer/Rapper,Eliminated Week 8,5,True,False,24.0,0.099173554,5.0,3,8.666666667,-1.9892904439530399,0.0,0.0713533788458348,0.09486721343311237,0.33751591867673103,R2_Percent
9,5,Donny Osmond,Kym Johnson,Singer/Rapper,1st Place,1,True,False,29.0,0.119834711,1.0,3,2.333333333,-3.0540011796909856,0.0,0.24228810772701384,0.015511111148782186,1.5599987657799401,R2_Percent
9,5,Joanna Krupa,Derek Hough,Model,Eliminated Week 9,4,True,False,24.0,0.099173554,5.0,3,4.333333333,-2.58399755120275,0.0,0.09151286745273318,0.07840872223850097,0.5863508102349515,R2_Percent
9,5,Kelly Osbourne,Louis van Amstel,TV Personality,3rd Place,3,True,False,24.0,0.099173554,5.0,3,5.0,-2.466214515631089,0.0,0.2522272448628328,0.017165451906922962,1.600201666435967,R2_Percent
9,5,Louie Vito,Chelsie Hightower,Athlete,Eliminated Week 6,8,True,False,22.0,0.090909091,8.5,3,3.333333333,-2.791636915689648,0.0,0.00793165151872482,0.1868002809086595,-1.859267503960585,R2_Percent
9,5,Mark Dacascos,Lacey Schwimmer,Actor/Actress,Eliminated Week 7,6,True,False,26.0,0.107438017,3.0,3,0.0,-4.257973978970255,0.0,0.03156672718283233,0.12779390528324835,-0.47802515144520497,R2_Percent
9,5,Melissa Joan Hart,Mark Ballas,Actor/Actress,Eliminated Week 6,9,True,False,23.0,0.095041322,7.0,3,10.0,-1.860078712596127,0.0,0.01360003986697332,0.170273635436392,-1.3200560559252645,R2_Percent
9,5,Michael Irvin,Anna Demidova,Athlete,Eliminated Week 7,7,True,False,21.0,0.08677686,10.0,3,0.0,-4.257973978970255,0.0,0.08779020512449563,0.09131286913435983,0.5448211554133184,R2_Percent
9,5,Mya,Dmitry Chaplin,Singer/Rapper,2nd Place,2,True,False,27.0,0.111570248,2.0,3,24.66666667,-1.0127808524461526,0.0,0.1967428477667295,0.025794314653265035,1.3517687546942203,R2_Percent
9,5,Natalie Coughlin,Alec Mazo,Athlete,Eliminated Week 5,10,True,True,22.0,0.090909091,8.5,3,2.333333333,-3.0540011796909856,0.0,0.0049869296518295705,0.19207249585675673,-2.323308359904074,R2_Percent
9,6,Aaron Carter,Karina Smirnoff,Singer/Rapper,Eliminated Week 8,5,True,False,32.9998,0.126922747,3.0,3,9.666666667,-1.8275689212364652,0.0,0.07345717769353409,0.0943532971332414,0.12558291434328367,R2_Percent
9,6,Donny Osmond,Kym Johnson,Singer/Rapper,1st Place,1,True,False,30.9999,0.119230797,5.0,3,2.666666667,-2.895409549990946,0.0,0.2345165195716124,0.022141459882707194,1.2864063256654055,R2_Percent
9,6,Joanna Krupa,Derek Hough,Model,Eliminated Week 9,4,True,False,35.9999,0.138461633,1.0,3,3.0,-2.808398173242983,0.0,0.09349196848204892,0.07000865462331836,0.3667558283433228,R2_Percent
9,6,Kelly Osbourne,Louis van Amstel,TV Personality,3rd Place,3,True,False,24.9998,0.09615341,6.0,3,2.666666667,-2.895409549990946,0.0,0.2579747749657002,0.022061896512065436,1.3817421030167916,R2_Percent
9,6,Louie Vito,Chelsie Hightower,Athlete,Eliminated Week 6,8,True,True,24.0,0.092308012,7.0,3,3.0,-2.808398173242983,0.0,0.008071394781683325,0.24279774946060484,-2.0827934029259114,R2_Percent
9,6,Mark Dacascos,Lacey Schwimmer,Actor/Actress,Eliminated Week 7,6,True,False,32.0,0.123077349,4.0,3,0.0,-4.194692529387874,0.0,0.027466244693571198,0.15112209602817,-0.8581619206429447,R2_Percent
9,6,Melissa Joan Hart,Mark Ballas,Actor/Actress,Eliminated Week 6,9,True,True,23.9999,0.092307627,8.0,3,11.33333333,-1.6823869117775245,0.0,0.014015193478909296,0.229534414031199,-1.530977716021769,R2_Percent
9,6,Michael Irvin,Anna Demidova,Athlete,Eliminated Week 7,7,True,False,21.9998,0.084614908,9.0,3,0.0,-4.194692529387874,0.0,0.07072279799443647,0.1444271479144613,0.08764827627359423,R2_Percent
9,6,Mya,Dmitry Chaplin,Singer/Rapper,2nd Place,2,True,False,33.0,0.126923516,2.0,3,25.0,-0.9365959977445967,0.0,0.22028392833850408,0.023553284414232448,1.2237975919482276,R2_Percent
9,7,Aaron Carter,Karina Smirnoff,Singer/Rapper,Eliminated Week 8,5,True,False,26.5,0.150997151,2.0,3,8.666666667,-1.8744511844980725,0.0,0.07898078854821387,0.16555955373283215,-0.31342501179023347,R2_Percent
9,7,Donny Osmond,Kym Johnson,Singer/Rapper,1st Place,1,True,False,26.0,0.148148148,3.5,3,4.666666667,-2.408533669943949,0.0,0.2383900757377669,0.037696155487625276,0.7912786539584613,R2_Percent
9,7,Joanna Krupa,Derek Hough,Model,Eliminated Week 9,4,True,False,27.5,0.156695157,1.0,3,19.66666667,-1.114612629659533,0.0,0.0927285130565621,0.13776292421181957,-0.1529536422588224,R2_Percent
9,7,Kelly Osbourne,Louis van Amstel,TV Personality,3rd Place,3,True,False,26.0,0.148148148,3.5,3,3.333333333,-2.6767976563322935,0.0,0.25241573653221266,0.03301594735089935,0.8484478245660065,R2_Percent
9,7,Mark Dacascos,Lacey Schwimmer,Actor/Actress,Eliminated Week 7,6,True,True,21.5,0.122507123,7.0,3,0.0,-4.143134720202643,0.0,0.02536572482044448,0.3597358351290819,-1.4492308055252934,R2_Percent
9,7,Michael Irvin,Anna Demidova,Athlete,Eliminated Week 7,7,True,True,23.5,0.133903134,6.0,3,0.0,-4.143134720202643,0.0,0.06135115931369455,0.2298739521411625,-0.5660155840523717,R2_Percent
9,7,Mya,Dmitry Chaplin,Singer/Rapper,2nd Place,2,True,False,24.5,0.13960114,5.0,3,19.66666667,-1.114612629659533,0.0,0.2507680019911054,0.036355631946579293,0.841898565102253,R2_Percent
9,8,Aaron Carter,Karina Smirnoff,Singer/Rapper,Eliminated Week 8,5,True,True,25.0,0.190839695,4.5,3,12.66666667,-1.4569119277856732,0.0,0.08388255337877325,0.46529610345605543,-0.7625050259869262,R2_Percent
9,8,Donny Osmond,Kym Johnson,Singer/Rapper,1st Place,1,True,False,25.0,0.190839695,4.5,3,3.666666667,-2.531426664219322,0.0,0.26296752017343145,0.08562718838021453,0.38010785470129044,R2_Percent
9,8,Joanna Krupa,Derek Hough,Model,Eliminated Week 9,4,True,False,26.0,0.198473282,2.0,3,10.66666667,-1.6151359328851667,0.0,0.12004319526240663,0.30758168952205694,-0.4040710338787574,R2_Percent
9,8,Kelly Osbourne,Louis van Amstel,TV Personality,3rd Place,3,True,False,25.5,0.194656489,3.0,3,3.666666667,-2.531426664219322,0.0,0.25885075483237807,0.0858703083985538,0.3643289870326322,R2_Percent
9,8,Mya,Dmitry Chaplin,Singer/Rapper,2nd Place,2,True,False,29.5,0.22519084,1.0,3,23.0,-0.8938178759026519,0.0,0.2742559763530106,0.05562471024311922,0.4221392181317612,R2_Percent
9,9,Donny Osmond,Kym Johnson,Singer/Rapper,1st Place,1,True,False,24.6666,0.23125017,4.0,3,8.666666667,-1.7016083715377912,0.0,0.280584587902662,0.17884492086839654,0.15993190007731878,R2_Percent
9,9,Joanna Krupa,Derek Hough,Model,Eliminated Week 9,4,True,True,27.0,0.25312587,2.0,3,14.33333333,-1.240262805489668,0.0,0.13871060843484156,0.555970935070352,-0.5445535314292218,R2_Percent
9,9,Kelly Osbourne,Louis van Amstel,TV Personality,3rd Place,3,True,False,25.9998,0.243748963,3.0,3,3.666666667,-2.4298468712846226,0.0,0.2727491815142085,0.17113312753068302,0.13160928326886318,R2_Percent
9,9,Mya,Dmitry Chaplin,Singer/Rapper,2nd Place,2,True,False,28.9999,0.271874997,1.0,3,22.33333333,-0.8204089599733793,0.0,0.30795562214828803,0.09405101653056845,0.25301234808303974,R2_Percent
9,10,Donny Osmond,Kym Johnson,Singer/Rapper,1st Place,1,True,False,28.9998,0.351277691,1.0,3,9.666666667,-1.6031682988357763,0.0,0.34714358254134914,0.22436394226280879,0.04357508316515085,R2_Percent
9,10,Kelly Osbourne,Louis van Amstel,TV Personality,3rd Place,3,True,False,25.2222,0.305519216,3.0,3,10.33333333,-1.542543677373937,0.0,0.29789783243793916,0.5507209314480248,-0.10941281018431526,R2_Percent
9,10,Mya,Dmitry Chaplin,Singer/Rapper,2nd Place,2,True,False,28.3332,0.343203093,2.0,3,30.0,-0.5363047088394042,0.0,0.35495858502071154,0.22491512628916643,0.06583772701916452,R2_Percent
10,1,Aiden Turner,Edyta Sliwinska,Actor/Actress,Eliminated Week 4,9,True,False,15.0,0.071770335,10.0,3,8.0,-3.075774979060861,0.0,0.00936391138460228,0.1604533940143188,-1.3609268073345997,R2_Percent
10,1,Buzz Aldrin,Ashly DelGrosso,Astronaut,Eliminated Week 3,10,True,False,14.0,0.066985646,11.0,3,15.0,-2.5004108351052157,0.0,0.0064499411936656615,0.1725642323475126,-1.7337188800006769,R2_Percent
10,1,Chad Ochocinco,Cheryl Burke,Athlete,Eliminated Week 9,4,True,False,18.0,0.086124402,7.0,3,17.0,-2.382627799584249,0.0,0.13012212079393257,0.04474378013834581,1.2706835067211468,R2_Percent
10,1,Erin Andrews,Maksim Chmerkoskiy,Sports Broadcaster,3rd Place,3,True,False,21.0,0.100478469,3.5,3,16.0,-2.439786213360472,0.0,0.22848138296538684,0.01541916500316712,1.8336648385219685,R2_Percent
10,1,Evan Lysacek,Anna Trebunskaya,Athlete,2nd Place,2,True,False,23.0,0.110047847,2.0,3,23.0,-2.094945727403301,0.0,0.2217214011038336,0.015015116063417587,1.8036317502747332,R2_Percent
10,1,Jake Pavelka,Chelsie Hightower,TV Personality,Eliminated Week 6,7,True,False,20.0,0.09569378,5.0,3,25.0,-2.0149030197922646,0.0,0.013416654273492413,0.12317164093451055,-1.0012931020244729,R2_Percent
10,1,Kate Gosselin,Tony Dovolani,TV Personality,Eliminated Week 5,8,True,False,16.0,0.076555024,9.0,3,19.0,-2.277267284034756,0.0,0.009333775808603055,0.15340240131924662,-1.364150265057677,R2_Percent
10,1,Nicole Scherzinger,Derek Hough,Singer/Rapper,1st Place,1,True,False,25.0,0.119617225,1.0,3,19.0,-2.277267284034756,0.0,0.23158657566134216,0.01249547249962903,1.8471638870475284,R2_Percent
10,1,Niecy Nash,Louis van Amstel,Actor/Actress,Eliminated Week 8,5,True,False,18.0,0.086124402,7.0,3,17.0,-2.382627799584249,0.0,0.12270487138612177,0.04799316617671704,1.2119921590215048,R2_Percent
10,1,Pamela Anderson,Damian Whitewood,Model,Eliminated Week 7,6,True,False,21.0,0.100478469,3.5,3,11.0,-2.7880929071507463,0.0,0.021843306719813566,0.10871265265072456,-0.5138953475049035,R2_Percent
10,1,Shannen Doherty,Mark Ballas,Actor/Actress,Eliminated Week 2,11,True,False,18.0,0.086124402,7.0,3,14.0,-2.5649493561615366,0.0,0.004976058709205771,0.14602897885241026,-1.9931517396645524,R2_Percent
10,2,Aiden Turner,Edyta Sliwinska,Actor/Actress,Eliminated Week 4,9,True,False,19.0,0.086363636,8.0,3,5.666666667,-3.218875822338201,0.0,0.008629590672079808,0.13852227684216153,-1.4300963141414125,R2_Percent
10,2,Buzz Aldrin,Ashly DelGrosso,Astronaut,Eliminated Week 3,10,True,False,12.0,0.054545455,11.0,3,7.333333333,-2.995732271613991,0.0,0.006356095589685518,0.19118815897708666,-1.7358790994535915,R2_Percent
10,2,Chad Ochocinco,Cheryl Burke,Athlete,Eliminated Week 9,4,True,False,16.0,0.072727273,9.0,3,14.0,-2.407945607560761,0.0,0.12926762779534626,0.050384078256228974,1.2765915020543064,R2_Percent
10,2,Erin Andrews,Maksim Chmerkoskiy,Sports Broadcaster,3rd Place,3,True,False,23.0,0.104545455,3.0,3,13.33333333,-2.4534079818183967,0.0,0.2255297476097929,0.015015587002075056,1.8331586813908267,R2_Percent
10,2,Evan Lysacek,Anna Trebunskaya,Athlete,2nd Place,2,True,False,24.0,0.109090909,2.0,3,24.0,-1.8971199842392148,0.0,0.22682462920350563,0.01420916596276731,1.8388837730309646,R2_Percent
10,2,Jake Pavelka,Chelsie Hightower,TV Personality,Eliminated Week 6,7,True,False,20.0,0.090909091,6.5,3,14.66666667,-2.3644604954555377,0.0,0.0139261456728264,0.12621750826278805,-0.9515253303397004,R2_Percent
10,2,Kate Gosselin,Tony Dovolani,TV Personality,Eliminated Week 5,8,True,False,15.0,0.068181818,10.0,3,14.66666667,-2.3644604954555377,0.0,0.009386706660342919,0.16332230016917745,-1.3459988839958115,R2_Percent
10,2,Nicole Scherzinger,Derek Hough,Singer/Rapper,1st Place,1,True,False,28.0,0.127272727,1.0,3,16.66666667,-2.2443161837579946,0.0,0.232608465370496,0.011329038782283104,1.8640632466660056,R2_Percent
10,2,Niecy Nash,Louis van Amstel,Actor/Actress,Eliminated Week 8,5,True,False,21.0,0.095454545,5.0,3,12.33333333,-2.5257286433282555,0.0,0.12204879896663055,0.04351444163089981,1.2191275689893204,R2_Percent
10,2,Pamela Anderson,Damian Whitewood,Model,Eliminated Week 7,6,True,False,22.0,0.1,4.0,3,21.66666667,-1.995100392383732,0.0,0.0205763616634119,0.10876885944100825,-0.5611504624433612,R2_Percent
10,2,Shannen Doherty,Mark Ballas,Actor/Actress,Eliminated Week 2,11,True,True,20.0,0.090909091,6.5,3,11.33333333,-2.6036901847168865,0.0,0.004845830795882125,0.13752858467352377,-2.0071746817575473,R2_Percent
10,3,Aiden Turner,Edyta Sliwinska,Actor/Actress,Eliminated Week 4,9,True,False,20.0,0.098522167,7.5,3,0.0,-5.047716953455534,0.0,0.00805508787522631,0.1572451651254813,-1.6895894828210447,R2_Percent
10,3,Buzz Aldrin,Ashly DelGrosso,Astronaut,Eliminated Week 3,10,True,True,13.0,0.064039409,10.0,3,4.333333333,-3.3737405325942795,0.0,0.005861817702990061,0.22239604525758738,-2.007433665077571,R2_Percent
10,3,Chad Ochocinco,Cheryl Burke,Athlete,Eliminated Week 9,4,True,False,20.0,0.098522167,7.5,3,9.666666667,-2.680593353399959,0.0,0.128375956279801,0.050428684934571394,1.0790697085417205,R2_Percent
10,3,Erin Andrews,Maksim Chmerkoskiy,Sports Broadcaster,3rd Place,3,True,False,23.0,0.113300493,2.5,3,51.33333333,-1.0900834521082445,0.0,0.21941756215019015,0.01854821919028161,1.6150831821093683,R2_Percent
10,3,Evan Lysacek,Anna Trebunskaya,Athlete,2nd Place,2,True,False,26.0,0.128078818,1.0,3,20.0,-2.003194530557508,0.0,0.23791657369816355,0.013542648135832355,1.696026672749619,R2_Percent
10,3,Jake Pavelka,Chelsie Hightower,TV Personality,Eliminated Week 6,7,True,False,21.0,0.103448276,5.0,3,14.66666667,-2.296181654773869,0.0,0.013621150685979796,0.14239949929836143,-1.1642696266183803,R2_Percent
10,3,Kate Gosselin,Tony Dovolani,TV Personality,Eliminated Week 5,8,True,False,15.0,0.073891626,9.0,3,16.66666667,-2.1760373430683777,0.0,0.009285818630520424,0.19616888213723024,-1.547405050881475,R2_Percent
10,3,Nicole Scherzinger,Derek Hough,Singer/Rapper,1st Place,1,True,False,23.0,0.113300493,2.5,3,13.66666667,-2.3621396224834132,0.0,0.23468729895978296,0.016055438509543548,1.6823605765370355,R2_Percent
10,3,Niecy Nash,Louis van Amstel,Actor/Actress,Eliminated Week 8,5,True,False,21.0,0.103448276,5.0,3,2.0,-3.949104675165202,0.0,0.12069941926003845,0.05175683964117707,1.0174099078672922,R2_Percent
10,3,Pamela Anderson,Damian Whitewood,Model,Eliminated Week 7,6,True,False,21.0,0.103448276,5.0,3,13.33333333,-2.38512914114326,0.0,0.022079314757307202,0.13145857776993358,-0.6812522224065647,R2_Percent
10,4,Aiden Turner,Edyta Sliwinska,Actor/Actress,Eliminated Week 4,9,True,True,16.5,0.088948787,8.0,3,0.0,-4.905274764916207,0.0,0.005763869725238042,0.23343099653270563,-2.1930807922878373,R2_Percent
10,4,Chad Ochocinco,Cheryl Burke,Athlete,Eliminated Week 9,4,True,False,22.0,0.118598383,4.0,3,20.33333333,-1.8450039832480825,0.0,0.120355838359337,0.059712862188368666,0.8457628058360538,R2_Percent
10,4,Erin Andrews,Maksim Chmerkoskiy,Sports Broadcaster,3rd Place,3,True,False,19.5,0.105121294,5.0,3,13.33333333,-2.242686950681452,0.0,0.26221839982778083,0.01774451788785292,1.6244878749302627,R2_Percent
10,4,Evan Lysacek,Anna Trebunskaya,Athlete,2nd Place,2,True,False,26.0,0.140161725,1.0,3,13.33333333,-2.242686950681452,0.0,0.2416121794781332,0.015481529679486664,1.5426440078182957,R2_Percent
10,4,Jake Pavelka,Chelsie Hightower,TV Personality,Eliminated Week 6,7,True,False,19.0,0.102425876,6.0,3,15.66666667,-2.091864060646171,0.0,0.013343977334161662,0.1913030066845157,-1.3536247216830386,R2_Percent
10,4,Kate Gosselin,Tony Dovolani,TV Personality,Eliminated Week 5,8,True,False,16.0,0.086253369,9.0,3,32.33333333,-1.3987168807912254,0.0,0.009287789577082643,0.23161018022730603,-1.7159892799328798,R2_Percent
10,4,Nicole Scherzinger,Derek Hough,Singer/Rapper,1st Place,1,True,False,25.0,0.134770889,2.0,3,14.66666667,-2.1537394642997905,0.0,0.22945857090934565,0.018273900753787403,1.4910326255725983,R2_Percent
10,4,Niecy Nash,Louis van Amstel,Actor/Actress,Eliminated Week 8,5,True,False,18.0,0.09703504,7.0,3,1.666666667,-3.924445520216981,0.0,0.0961528816673628,0.0920305229216216,0.6212495734061011,R2_Percent
10,4,Pamela Anderson,Damian Whitewood,Model,Eliminated Week 7,6,True,False,23.5,0.126684636,3.0,3,14.66666667,-2.1537394642997905,0.0,0.021806493121558277,0.14041248312435528,-0.8624820936595563,R2_Percent
10,5,Chad Ochocinco,Cheryl Burke,Athlete,Eliminated Week 9,4,True,False,18.0,0.104046243,6.5,3,13.0,-2.0430738967097546,0.0,0.1318673725349519,0.0856215305095626,0.6430355507848233,R2_Percent
10,5,Erin Andrews,Maksim Chmerkoskiy,Sports Broadcaster,3rd Place,3,True,False,22.0,0.12716763,4.0,3,9.333333333,-2.3467563102665023,0.0,0.26156210118077056,0.020197381410998593,1.3279106227504511,R2_Percent
10,5,Evan Lysacek,Anna Trebunskaya,Athlete,2nd Place,2,True,False,27.0,0.156069364,2.0,3,9.666666667,-2.315007611921075,0.0,0.2411577740855902,0.018638649774112292,1.2466902703717826,R2_Percent
10,5,Jake Pavelka,Chelsie Hightower,TV Personality,Eliminated Week 6,7,True,False,23.0,0.132947977,3.0,3,10.0,-2.2842359533162533,0.0,0.013817803804579316,0.1988482975911471,-1.6128032217491028,R2_Percent
10,5,Kate Gosselin,Tony Dovolani,TV Personality,Eliminated Week 5,8,True,True,15.0,0.086705202,8.0,3,27.33333333,-1.3380922590107058,0.0,0.010606180757177832,0.3173401228458348,-1.8773241916885484,R2_Percent
10,5,Nicole Scherzinger,Derek Hough,Singer/Rapper,1st Place,1,True,False,29.0,0.167630058,1.0,3,11.33333333,-2.169825602514922,0.0,0.23693143639103065,0.01739033637179028,1.229009688177002,R2_Percent
10,5,Niecy Nash,Louis van Amstel,Actor/Actress,Eliminated Week 8,5,True,False,18.0,0.104046243,6.5,3,2.666666667,-3.3828482399298174,0.0,0.08136401607057715,0.1380040769786016,0.1601719990795416,R2_Percent
10,5,Pamela Anderson,Damian Whitewood,Model,Eliminated Week 7,6,True,False,21.0,0.121387283,5.0,3,16.66666667,-1.8104516014124297,0.0,0.022693315175322377,0.20395960451795278,-1.11669071772595,R2_Percent
10,6,Chad Ochocinco,Cheryl Burke,Athlete,Eliminated Week 9,4,True,False,30.9999,0.148325377,3.0,3,10.0,-2.1092945039648336,0.0,0.13973428071478874,0.08533494871706297,0.41535166367028964,R2_Percent
10,6,Erin Andrews,Maksim Chmerkoskiy,Sports Broadcaster,3rd Place,3,True,False,34.0,0.162679971,2.0,3,10.33333333,-2.0794415411335123,0.0,0.2594593280242266,0.024029764409360225,1.0342089976682942,R2_Percent
10,6,Evan Lysacek,Anna Trebunskaya,Athlete,2nd Place,2,True,False,27.0,0.129187036,5.0,3,14.33333333,-1.7771606693925481,0.0,0.23977458663889042,0.03972246006719359,0.9553082990883778,R2_Percent
10,6,Jake Pavelka,Chelsie Hightower,TV Personality,Eliminated Week 6,7,True,True,24.9999,0.119617147,7.0,3,15.0,-1.7346010547809987,0.0,0.013907780865953193,0.36767958170746573,-1.8919425025196528,R2_Percent
10,6,Nicole Scherzinger,Derek Hough,Singer/Rapper,1st Place,1,True,False,35.9999,0.172248902,1.0,3,10.0,-2.1092945039648336,0.0,0.2453701098043631,0.025078677709212942,0.9783767623501546,R2_Percent
10,6,Niecy Nash,Louis van Amstel,Actor/Actress,Eliminated Week 8,5,True,False,25.9998,0.124401374,6.0,3,9.333333333,-2.171814860925249,0.0,0.07682794241953783,0.1938888563456962,-0.18282255300001868,R2_Percent
10,6,Pamela Anderson,Damian Whitewood,Model,Eliminated Week 7,6,True,False,29.9998,0.143540194,4.0,3,14.66666667,-1.7556544637540081,0.0,0.02492597153223999,0.26426571104400837,-1.3084806672574445,R2_Percent
10,7,Chad Ochocinco,Cheryl Burke,Athlete,Eliminated Week 9,4,True,False,26.0,0.167202572,3.0,3,7.0,-2.0149030197922646,0.0,0.13958704671967487,0.1453464308409285,0.07185621289155839,R2_Percent
10,7,Erin Andrews,Maksim Chmerkoskiy,Sports Broadcaster,3rd Place,3,True,False,25.5,0.163987138,4.5,3,7.666666667,-1.9348603121379588,0.0,0.2577640020507566,0.049034759948482484,0.6852122609852311,R2_Percent
10,7,Evan Lysacek,Anna Trebunskaya,Athlete,2nd Place,2,True,False,27.0,0.173633441,1.5,3,15.33333333,-1.3011365526163183,0.0,0.24740980193357476,0.049363945959359314,0.6442138943629763,R2_Percent
10,7,Nicole Scherzinger,Derek Hough,Singer/Rapper,1st Place,1,True,False,27.0,0.173633441,1.5,3,9.333333333,-1.758969645856677,0.0,0.24442117302973698,0.050778252987291106,0.6320606716456973,R2_Percent
10,7,Niecy Nash,Louis van Amstel,Actor/Actress,Eliminated Week 8,5,True,False,24.5,0.15755627,6.0,3,3.0,-2.7080501996022104,0.0,0.08475346381636573,0.26735291106066844,-0.42708556817565,R2_Percent
10,7,Pamela Anderson,Damian Whitewood,Model,Eliminated Week 7,6,True,True,25.5,0.163987138,4.5,3,11.66666667,-1.5553706904269824,0.0,0.02606451244989098,0.43812369920327016,-1.606257471709813,R2_Percent
10,8,Chad Ochocinco,Cheryl Burke,Athlete,Eliminated Week 9,4,True,False,22.5,0.177865613,4.0,3,9.333333333,-1.9035508745293852,0.0,0.1392714674219157,0.2865220736912554,-0.2702026028004004,R2_Percent
10,8,Erin Andrews,Maksim Chmerkoskiy,Sports Broadcaster,3rd Place,3,True,False,26.5,0.209486166,2.5,3,23.66666667,-1.033472986032855,0.0,0.2558012968178774,0.07063538586402257,0.3377733244519343,R2_Percent
10,8,Evan Lysacek,Anna Trebunskaya,Athlete,2nd Place,2,True,False,26.5,0.209486166,2.5,3,15.33333333,-1.4457177813222062,0.0,0.26866314251641055,0.06254985636775172,0.3868307022324522,R2_Percent
10,8,Nicole Scherzinger,Derek Hough,Singer/Rapper,1st Place,1,True,False,29.5,0.233201581,1.0,3,12.33333333,-1.6486586252693047,0.0,0.2525703752246609,0.05820180546722792,0.3250622893075237,R2_Percent
10,8,Niecy Nash,Louis van Amstel,Actor/Actress,Eliminated Week 8,5,True,True,21.5,0.169960474,5.0,3,3.666666667,-2.69848074848084,0.0,0.08369371801913533,0.5220908786097425,-0.7794637131915098,R2_Percent
10,9,Chad Ochocinco,Cheryl Burke,Athlete,Eliminated Week 9,4,True,True,26.0,0.230088496,4.0,3,8.666666667,-1.5305439695425125,0.0,0.1442591986974933,0.6181833345950922,-0.5106028797984751,R2_Percent
10,9,Erin Andrews,Maksim Chmerkoskiy,Sports Broadcaster,3rd Place,3,True,False,28.0,0.247787611,3.0,3,7.333333333,-1.6789639746613376,0.0,0.2991958416954547,0.12091289650279576,0.2188837956401326,R2_Percent
10,9,Evan Lysacek,Anna Trebunskaya,Athlete,2nd Place,2,True,False,29.5,0.261061947,1.5,3,13.66666667,-1.113650165575459,0.0,0.2873015978856727,0.11934591193345463,0.17831797541509642,R2_Percent
10,9,Nicole Scherzinger,Derek Hough,Singer/Rapper,1st Place,1,True,False,29.5,0.261061947,1.5,3,11.0,-1.314320861197206,0.0,0.26924336172137936,0.14155785696865755,0.11340110874324616,R2_Percent
10,10,Erin Andrews,Maksim Chmerkoskiy,Sports Broadcaster,3rd Place,3,True,False,26.9998,0.326612328,2.0,3,11.33333333,-1.358895386604524,0.0,0.33393866362494523,0.35287105550550724,0.0021945344521595578,R2_Percent
10,10,Evan Lysacek,Anna Trebunskaya,Athlete,2nd Place,2,True,False,26.8887,0.325268368,3.0,3,18.33333333,-0.909370288745386,0.0,0.3442625056634572,0.3241566439109985,0.0326416644023198,R2_Percent
10,10,Nicole Scherzinger,Derek Hough,Singer/Rapper,1st Place,1,True,False,28.7777,0.348119304,1.0,3,15.33333333,-1.0779930011672447,0.0,0.3217988307115976,0.32297230058349435,-0.03483619885447925,R2_Percent
11,1,Audrina Patridge,Tony Dovolani,TV Personality,Eliminated Week 6,7,True,False,19.0,0.083700441,5.5,3,16.0,-2.203739257451531,0.0,0.00953040819523696,0.11299295484268998,-1.089762333749413,R2_Percent
11,1,Brandy,Maksim Chmerkoskiy,Singer/Rapper,Eliminated Week 9,4,True,False,23.0,0.101321586,2.5,3,19.0,-2.041220328089638,0.0,0.06269868788195228,0.05787234460558737,0.7940906373404089,R2_Percent
11,1,Bristol Palin,Mark Ballas,TV Personality,3rd Place,3,True,False,18.0,0.079295154,7.5,3,6.0,-3.091042451158316,0.0,0.28161576711049013,0.009000437456035425,2.296293730718968,R2_Percent
11,1,David Hasselhoff,Kym Johnson,Actor/Actress,Eliminated Week 1,12,True,True,15.0,0.066079295,11.0,3,5.0,-3.2451931306189077,0.0,0.004400205330625714,0.14010135726520512,-1.8625986772701957,R2_Percent
11,1,Florence Henderson,Corky Ballas,Actor/Actress,Eliminated Week 5,8,True,False,18.0,0.079295154,7.5,3,3.0,-3.6506582374437384,0.0,0.011915058769356545,0.11517170188098469,-0.8664468402342433,R2_Percent
11,1,Jennifer Grey,Derek Hough,Actor/Actress,1st Place,1,True,False,24.0,0.105726872,1.0,3,6.0,-3.091042451158316,0.0,0.2260455191254062,0.011854221673003675,2.0764865078940358,R2_Percent
11,1,Kurt Warner,Anna Trebunskaya,Athlete,Eliminated Week 8,5,True,False,19.0,0.083700441,5.5,3,12.0,-2.4720032437674773,0.0,0.07783396346757586,0.059248206683656976,1.0103280011943452,R2_Percent
11,1,Kyle Massey,Lacey Schwimmer,Actor/Actress,2nd Place,2,True,False,23.0,0.101321586,2.5,3,10.0,-2.6390573282152587,0.0,0.27016136961076,0.008144547396011668,2.254769562535798,R2_Percent
11,1,Margaret Cho,Louis van Amstel,Comedian,Eliminated Week 3,10,True,False,15.0,0.066079295,11.0,3,24.0,-1.8180767769294284,0.0,0.005770410670242019,0.1382986208026316,-1.591506631817409,R2_Percent
11,1,Michael Bolton,Chelsie Hightower,Singer/Rapper,Eliminated Week 2,11,True,False,16.0,0.070484581,9.0,3,8.0,-2.8397280233662987,0.0,0.005066014731664612,0.13354456994299269,-1.7216954236336193,R2_Percent
11,1,Rick Fox,Cheryl Burke,Athlete,Eliminated Week 7,6,True,False,22.0,0.0969163,4.0,3,3.0,-3.6506582374437384,0.0,0.0394083435921761,0.0751895715433893,0.32972767702657224,R2_Percent
11,1,The Situation,Karina Smirnoff,TV Personality,Eliminated Week 4,9,True,False,15.0,0.066079295,11.0,3,30.0,-1.6029653974317086,0.0,0.005554251514513857,0.13858146590781162,-1.6296862100052478,R2_Percent
11,2,Audrina Patridge,Tony Dovolani,TV Personality,Eliminated Week 6,7,True,False,23.0,0.104072398,2.0,3,8.333333333,-2.613216097100182,0.0,0.010346021352949188,0.11409032975645819,-1.2055970174850494,R2_Percent
11,2,Brandy,Maksim Chmerkoskiy,Singer/Rapper,Eliminated Week 9,4,True,False,21.0,0.095022624,6.0,3,17.0,-1.9564365613322756,0.0,0.06893714713944903,0.07143133956452091,0.6909961254944607,R2_Percent
11,2,Bristol Palin,Mark Ballas,TV Personality,3rd Place,3,True,False,22.0,0.099547511,3.5,3,7.0,-2.7673667766643453,0.0,0.2751563287036037,0.009745745287563928,2.0751403512141855,R2_Percent
11,2,Florence Henderson,Corky Ballas,Actor/Actress,Eliminated Week 5,8,True,False,19.0,0.085972851,8.0,3,3.333333333,-3.380471248280882,0.0,0.010952317609168464,0.13460341684782168,-1.1486479652764154,R2_Percent
11,2,Jennifer Grey,Derek Hough,Actor/Actress,1st Place,1,True,False,24.0,0.108597285,1.0,3,11.66666667,-2.307834447609151,0.0,0.21980557469482878,0.015096415577757738,1.8505443512779776,R2_Percent
11,2,Kurt Warner,Anna Trebunskaya,Athlete,Eliminated Week 8,5,True,False,21.0,0.095022624,6.0,3,7.666666667,-2.687324069074783,0.0,0.08187038347231321,0.0632120305394534,0.8629382543459769,R2_Percent
11,2,Kyle Massey,Lacey Schwimmer,Actor/Actress,2nd Place,2,True,False,22.0,0.099547511,3.5,3,7.0,-2.7673667766643453,0.0,0.2787407175242552,0.009421101049412685,2.0880829689096854,R2_Percent
11,2,Margaret Cho,Louis van Amstel,Comedian,Eliminated Week 3,10,True,False,18.0,0.081447964,9.5,3,8.0,-2.6495837411848138,0.0,0.006564729167973328,0.14643351903879018,-1.6604877999713425,R2_Percent
11,2,Michael Bolton,Chelsie Hightower,Singer/Rapper,Eliminated Week 2,11,True,True,12.0,0.054298643,11.0,3,5.333333333,-3.0009816274796224,0.0,0.005114448470775248,0.19188353159794103,-1.9101294852091837,R2_Percent
11,2,Rick Fox,Cheryl Burke,Athlete,Eliminated Week 7,6,True,False,21.0,0.095022624,6.0,3,4.666666667,-3.1122072622418586,0.0,0.03612300902279037,0.09740607800188818,0.04473097840905507,R2_Percent
11,2,The Situation,Karina Smirnoff,TV Personality,Eliminated Week 4,9,True,False,18.0,0.081447964,9.5,3,36.33333333,-1.226921737057077,0.0,0.0063893228418935456,0.14667649273839228,-1.6875707617093503,R2_Percent
11,3,Audrina Patridge,Tony Dovolani,TV Personality,Eliminated Week 6,7,True,False,26.0,0.117647059,1.0,3,9.333333333,-2.3374539176042606,0.0,0.010035917960317175,0.13399910994711672,-1.4297927341528531,R2_Percent
11,3,Brandy,Maksim Chmerkoskiy,Singer/Rapper,Eliminated Week 9,4,True,False,24.0,0.108597285,3.0,3,18.0,-1.7283898546949246,0.0,0.07265534026223851,0.08076185802087117,0.5497637059377837,R2_Percent
11,3,Bristol Palin,Mark Ballas,TV Personality,3rd Place,3,True,False,19.0,0.085972851,9.0,3,3.666666667,-3.1323837911130883,0.0,0.27450757461173664,0.014842336010052767,1.8790156666991706,R2_Percent
11,3,Florence Henderson,Corky Ballas,Actor/Actress,Eliminated Week 5,8,True,False,20.0,0.090497738,7.5,3,0.333333333,-4.385146754197742,0.0,0.010385893216272798,0.17262724065302587,-1.3955147242209727,R2_Percent
11,3,Jennifer Grey,Derek Hough,Actor/Actress,1st Place,1,True,False,24.0,0.108597285,3.0,3,7.333333333,-2.552565296980432,0.0,0.23329073440047846,0.01769381089912614,1.7163222747691675,R2_Percent
11,3,Kurt Warner,Anna Trebunskaya,Athlete,Eliminated Week 8,5,True,False,23.0,0.104072398,5.5,3,5.666666667,-2.775708847883642,0.0,0.07993299184614829,0.07868765514838504,0.6452254936825623,R2_Percent
11,3,Kyle Massey,Lacey Schwimmer,Actor/Actress,2nd Place,2,True,False,23.0,0.104072398,5.5,3,7.333333333,-2.552565296980432,0.0,0.2704776995015797,0.012994162788760715,1.8642264650356968,R2_Percent
11,3,Margaret Cho,Louis van Amstel,Comedian,Eliminated Week 3,10,True,True,18.0,0.081447964,10.0,3,6.333333333,-2.6803986683206804,0.0,0.006239932701538572,0.19555814040667907,-1.9049937907703447,R2_Percent
11,3,Rick Fox,Cheryl Burke,Athlete,Eliminated Week 7,6,True,False,24.0,0.108597285,3.0,3,3.666666667,-3.1323837911130883,0.0,0.03517856644001755,0.11509143511819961,-0.17552619889341098,R2_Percent
11,3,The Situation,Karina Smirnoff,TV Personality,Eliminated Week 4,9,True,False,20.0,0.090497738,7.5,3,35.33333333,-1.0800932406607366,0.0,0.007295349059672281,0.17774425100778304,-1.748726158086799,R2_Percent
11,4,Audrina Patridge,Tony Dovolani,TV Personality,Eliminated Week 6,7,True,False,23.0,0.12849162,3.0,3,8.0,-2.3636453486644546,0.0,0.010305204099469445,0.15417376488119164,-1.618660340339878,R2_Percent
11,4,Brandy,Maksim Chmerkoskiy,Singer/Rapper,Eliminated Week 9,4,True,False,24.0,0.134078212,2.0,3,18.0,-1.6164309473936878,0.0,0.07913972965247869,0.07629966280590236,0.41990565953057124,R2_Percent
11,4,Bristol Palin,Mark Ballas,TV Personality,3rd Place,3,True,False,16.0,0.089385475,8.0,3,3.666666667,-3.0204248839950596,0.0,0.2622596267110089,0.020620503616298188,1.6180255943934745,R2_Percent
11,4,Florence Henderson,Corky Ballas,Actor/Actress,Eliminated Week 5,8,True,False,17.5,0.097765363,6.0,3,2.333333333,-3.3568971199677007,0.0,0.008590850734246773,0.2094953864571639,-1.8006115915148835,R2_Percent
11,4,Jennifer Grey,Derek Hough,Actor/Actress,1st Place,1,True,False,28.0,0.156424581,1.0,3,2.666666667,-3.261586940233376,0.0,0.2405782729955787,0.013431122011315204,1.5317361356823178,R2_Percent
11,4,Kurt Warner,Anna Trebunskaya,Athlete,Eliminated Week 8,5,True,False,17.0,0.094972067,7.0,3,9.0,-2.2582848331129246,0.0,0.07779986871135806,0.11182723533581586,0.4028303833141058,R2_Percent
11,4,Kyle Massey,Lacey Schwimmer,Actor/Actress,2nd Place,2,True,False,20.0,0.111731844,4.0,3,1.666666667,-3.5800406703394105,0.0,0.278239943909737,0.014354028282344332,1.6771744886623123,R2_Percent
11,4,Rick Fox,Cheryl Burke,Athlete,Eliminated Week 7,6,True,False,19.5,0.108938547,5.0,3,3.0,-3.1745755635520796,0.0,0.03471264909711009,0.14725972568929863,-0.4042052125310184,R2_Percent
11,4,The Situation,Karina Smirnoff,TV Personality,Eliminated Week 4,9,True,True,14.0,0.078212291,9.0,3,38.33333333,-0.8887975911076071,0.0,0.008373854089012202,0.25253857092066984,-1.826195117197002,R2_Percent
11,5,Audrina Patridge,Tony Dovolani,TV Personality,Eliminated Week 6,7,True,False,23.0,0.126373626,5.0,3,8.333333333,-1.8035939262918645,0.0,0.01110416209004332,0.24665315579750574,-1.8178272808693507,R2_Percent
11,5,Brandy,Maksim Chmerkoskiy,Singer/Rapper,Eliminated Week 9,4,True,False,27.0,0.148351648,1.0,3,18.0,-1.0927471689057011,0.0,0.09131994482565686,0.09388494955176452,0.28922193550104025,R2_Percent
11,5,Bristol Palin,Mark Ballas,TV Personality,3rd Place,3,True,False,18.0,0.098901099,8.0,3,3.333333333,-2.5708490783461913,0.0,0.27224742964502785,0.02709581919630266,1.3815640386380572,R2_Percent
11,5,Florence Henderson,Corky Ballas,Actor/Actress,Eliminated Week 5,8,True,True,21.0,0.115384615,6.0,3,3.333333333,-2.5708490783461913,0.0,0.009035531687796928,0.27905280636209345,-2.0239825120905617,R2_Percent
11,5,Jennifer Grey,Derek Hough,Actor/Actress,1st Place,1,True,False,25.0,0.137362637,2.0,3,6.0,-2.0912759985055502,0.0,0.2339737214256872,0.027047757981539546,1.2300615254782552,R2_Percent
11,5,Kurt Warner,Anna Trebunskaya,Athlete,Eliminated Week 8,5,True,False,24.0,0.131868132,3.5,3,5.0,-2.2454266781978878,0.0,0.08738598443204801,0.11386932522422584,0.24518762663935537,R2_Percent
11,5,Kyle Massey,Lacey Schwimmer,Actor/Actress,2nd Place,2,True,False,20.0,0.10989011,7.0,3,2.666666667,-2.737903162603763,0.0,0.2586821465433034,0.027763710537783107,1.3304527926348582,R2_Percent
11,5,Rick Fox,Cheryl Burke,Athlete,Eliminated Week 7,6,True,False,24.0,0.131868132,3.5,3,2.0,-2.9385738578133886,0.0,0.03625107935043654,0.1846324753487851,-0.634678125931654,R2_Percent
11,6,Audrina Patridge,Tony Dovolani,TV Personality,Eliminated Week 6,7,True,True,31.9998,0.154588929,2.0,3,7.666666667,-1.853891249670186,0.0,0.011604357435869525,0.2979346874907083,-2.078380120240008,R2_Percent
11,6,Brandy,Maksim Chmerkoskiy,Singer/Rapper,Eliminated Week 9,4,True,False,35.9999,0.173913148,1.0,3,19.0,-1.017643225869824,0.0,0.10022947738246074,0.10740011339066302,0.07770154200027293,R2_Percent
11,6,Bristol Palin,Mark Ballas,TV Personality,3rd Place,3,True,False,27.9998,0.135265192,6.0,3,4.0,-2.403937586159715,0.0,0.2709911959575615,0.030810373788694136,1.0723255442703727,R2_Percent
11,6,Jennifer Grey,Derek Hough,Actor/Actress,1st Place,1,True,False,29.0,0.140097092,5.0,3,5.333333333,-2.1675488083810985,0.0,0.24598910744615465,0.03728143807280488,0.9755264674377295,R2_Percent
11,6,Kurt Warner,Anna Trebunskaya,Athlete,Eliminated Week 8,5,True,False,21.9999,0.10628007,7.0,3,5.666666667,-2.1162555139346004,0.0,0.0870452625989287,0.23054089125395158,-0.06333254571593747,R2_Percent
11,6,Kyle Massey,Lacey Schwimmer,Actor/Actress,2nd Place,2,True,False,29.9999,0.144927543,4.0,3,3.666666667,-2.47293045749619,0.0,0.2490461706561663,0.03460314383902277,0.98787751475756,R2_Percent
11,6,Rick Fox,Cheryl Burke,Athlete,Eliminated Week 7,6,True,False,30.0,0.144928026,3.0,3,3.0,-2.627081137197258,0.0,0.03509442852285861,0.26142935216415525,-0.9717184025099901,R2_Percent
11,7,Brandy,Maksim Chmerkoskiy,Singer/Rapper,Eliminated Week 9,4,True,False,36.5,0.175059952,1.5,4,19.0,-0.8329091226833648,0.0,0.10768688227185365,0.1890303820670486,-0.21248401978819895,R2_Percent
11,7,Bristol Palin,Mark Ballas,TV Personality,3rd Place,3,True,False,32.5,0.1558753,6.0,4,3.333333333,-2.3623043266893133,0.0,0.27296350386593243,0.047516597356828276,0.717626303018749,R2_Percent
11,7,Jennifer Grey,Derek Hough,Actor/Actress,1st Place,1,True,False,36.5,0.175059952,1.5,4,4.333333333,-2.1546649620956844,0.0,0.25008629799972476,0.049204262844887374,0.630094252539358,R2_Percent
11,7,Kurt Warner,Anna Trebunskaya,Athlete,Eliminated Week 8,5,True,False,35.0,0.167865707,3.0,4,7.0,-1.7491998542125198,0.0,0.08695285073493773,0.2461348581191847,-0.4263457715831634,R2_Percent
11,7,Kyle Massey,Lacey Schwimmer,Actor/Actress,2nd Place,2,True,False,33.5,0.160671463,5.0,4,4.333333333,-2.1546649620956844,0.0,0.2469602103593463,0.0580627389357402,0.6175154342320196,R2_Percent
11,7,Rick Fox,Cheryl Burke,Athlete,Eliminated Week 7,6,True,True,34.5,0.165467626,4.0,4,2.0,-2.7300291062659126,0.0,0.03535025476820512,0.41005116067631087,-1.326406198418764,R2_Percent
11,8,Brandy,Maksim Chmerkoskiy,Singer/Rapper,Eliminated Week 9,4,True,False,28.5,0.21509434,1.5,3,22.0,-0.7357067947492121,0.0,0.1177662016693232,0.2763721746028122,-0.4337970458146757,R2_Percent
11,8,Bristol Palin,Mark Ballas,TV Personality,3rd Place,3,True,False,23.5,0.177358491,5.0,3,5.333333333,-2.0253743196834635,0.0,0.2767223335275439,0.0878825585685168,0.42051623436393903,R2_Percent
11,8,Jennifer Grey,Derek Hough,Actor/Actress,1st Place,1,True,False,28.5,0.21509434,1.5,3,6.333333333,-1.8787708455877603,0.0,0.25453893456455867,0.07586861356229264,0.3369554457854912,R2_Percent
11,8,Kurt Warner,Anna Trebunskaya,Athlete,Eliminated Week 8,5,True,True,24.0,0.181132075,4.0,3,5.333333333,-2.0253743196834635,0.0,0.09240271422895731,0.4841923210666617,-0.6763420100522481,R2_Percent
11,8,Kyle Massey,Lacey Schwimmer,Actor/Actress,2nd Place,2,True,False,28.0,0.211320755,3.0,3,4.0,-2.261763097492957,0.0,0.2585698160096168,0.07568433219971664,0.3526673757174935,R2_Percent
11,9,Brandy,Maksim Chmerkoskiy,Singer/Rapper,Eliminated Week 9,4,True,True,28.5,0.25,3.0,3,21.0,-0.7448191908864659,0.0,0.13483553045030916,0.5868626868124311,-0.5693527871415096,R2_Percent
11,9,Bristol Palin,Mark Ballas,TV Personality,3rd Place,3,True,False,26.5,0.23245614,4.0,3,7.333333333,-1.7155981077392968,0.0,0.3074875861253788,0.13546899930537398,0.2550261862105973,R2_Percent
11,9,Jennifer Grey,Derek Hough,Actor/Actress,1st Place,1,True,False,30.0,0.263157895,1.0,3,6.666666667,-1.7989797165465216,0.0,0.2819111878766902,0.1290627988638599,0.1681835548305834,R2_Percent
11,9,Kyle Massey,Lacey Schwimmer,Actor/Actress,2nd Place,2,True,False,29.0,0.254385965,2.0,3,7.333333333,-1.7155981077392968,0.0,0.2757656955476219,0.14860551501833485,0.14614304610032886,R2_Percent
11,10,Bristol Palin,Mark Ballas,TV Personality,3rd Place,3,True,False,25.6666,0.30923689,3.0,3,29.66666667,-0.5408064558177448,0.0,0.3570185968769149,0.33260835068620326,0.06988966347161629,R2_Percent
11,10,Jennifer Grey,Derek Hough,Actor/Actress,1st Place,1,True,False,30.0,0.361446654,1.0,3,7.333333333,-1.8437192076870192,0.0,0.31971557957975505,0.28889706014934646,-0.040466422292173565,R2_Percent
11,10,Kyle Massey,Lacey Schwimmer,Actor/Actress,2nd Place,2,True,False,27.3332,0.329316456,2.0,3,12.66666667,-1.349022965813644,0.0,0.32326582354333006,0.3784945891644503,-0.029423241179442727,R2_Percent
12,1,Chelsea Kane,Mark Ballas,Actor/Actress,3rd Place,3,True,False,21.0,0.101449275,3.5,3,22.0,-2.0848616083448275,0.0,0.20909160799635365,0.017003962422092123,1.9503913825849568,R2_Percent
12,1,Chris Jericho,Cheryl Burke,Athlete,Eliminated Week 6,7,True,False,19.0,0.09178744,5.5,3,16.0,-2.3871424799338734,0.0,0.010029758068690683,0.12227297911638209,-1.086824608205276,R2_Percent
12,1,Hines Ward,Kym Johnson,Athlete,1st Place,1,True,False,21.0,0.101449275,3.5,3,3.0,-3.834061459333434,0.0,0.2915699822337958,0.007798093012151117,2.2828989641310082,R2_Percent
12,1,Kendra Wilkinson,Louis van Amstel,TV Personality,Eliminated Week 7,6,True,False,18.0,0.086956522,7.5,3,35.0,-1.6368368861083258,0.0,0.019167966717918393,0.11739502490375685,-0.43914060352369555,R2_Percent
12,1,Kirstie Alley,Maksim Chmerkoskiy,Actor/Actress,2nd Place,2,True,False,23.0,0.111111111,2.0,3,7.0,-3.1409142810859887,0.0,0.2534477068766853,0.010205032061600587,2.1427764281219606,R2_Percent
12,1,Mike Catherwood,Lacey Schwimmer,Radio Personality,Eliminated Week 2,11,True,False,13.0,0.062801932,11.0,3,6.0,-3.2744456733801544,0.0,0.004627907797913318,0.16923321148950335,-1.8602762026501138,R2_Percent
12,1,Petra Nemcova,Dmitry Chaplin,Model,Eliminated Week 5,8,True,False,18.0,0.086956522,7.5,3,11.0,-2.7354491737486577,0.0,0.007845810974000677,0.13065483753185303,-1.3324013336437663,R2_Percent
12,1,Ralph Macchio,Karina Smirnoff,Actor/Actress,Eliminated Week 9,4,True,False,24.0,0.115942029,1.0,3,9.0,-2.9177707302342792,0.0,0.1648475540853986,0.022525523547688026,1.7126400430748512,R2_Percent
12,1,Romeo,Chelsie Hightower,Singer/Rapper,Eliminated Week 8,5,True,False,19.0,0.09178744,5.5,3,44.0,-1.4136933348968939,0.0,0.027933000863497176,0.10323816746090501,-0.06257227263192633,R2_Percent
12,1,Sugar Ray Leonard,Anna Trebunskaya,Athlete,Eliminated Week 4,9,True,False,17.0,0.082125604,9.0,3,4.0,-3.6109179089442245,0.0,0.006302232359943091,0.13876881360780818,-1.551477175638588,R2_Percent
12,1,Wendy Williams,Tony Dovolani,TV Personality,Eliminated Week 3,10,True,False,14.0,0.06763285,10.0,3,17.0,-2.3299840661543825,0.0,0.005136472025803389,0.16090435484625948,-1.7560146216194097,R2_Percent
12,2,Chelsea Kane,Mark Ballas,Actor/Actress,3rd Place,3,True,False,18.0,0.083333333,7.5,3,7.333333333,-3.0892226144306854,0.0,0.2330755979954505,0.017138475648491906,2.025815938340148,R2_Percent
12,2,Chris Jericho,Cheryl Burke,Athlete,Eliminated Week 6,7,True,False,23.0,0.106481481,2.0,3,11.66666667,-2.6705122800206054,0.0,0.010733362954405757,0.11262503427379818,-1.0521899939118458,R2_Percent
12,2,Hines Ward,Kym Johnson,Athlete,1st Place,1,True,False,23.0,0.106481481,2.0,3,3.666666667,-3.66904110784677,0.0,0.2648395452592926,0.010199198175958863,2.1535772354982634,R2_Percent
12,2,Kendra Wilkinson,Louis van Amstel,TV Personality,Eliminated Week 7,6,True,False,19.0,0.087962963,6.0,3,29.33333333,-1.7972389344446291,0.0,0.022250326194636863,0.12033038319026385,-0.323190248579632,R2_Percent
12,2,Kirstie Alley,Maksim Chmerkoskiy,Actor/Actress,2nd Place,2,True,False,20.0,0.092592593,5.0,3,21.33333333,-2.1034058213937707,0.0,0.2462172688158974,0.013868185115648463,2.080667435186092,R2_Percent
12,2,Mike Catherwood,Lacey Schwimmer,Radio Personality,Eliminated Week 2,11,True,True,17.0,0.078703704,10.0,3,4.666666667,-3.4748850941104346,0.0,0.004487799915605454,0.15534446959517748,-1.9241843323752967,R2_Percent
12,2,Petra Nemcova,Dmitry Chaplin,Model,Eliminated Week 5,8,True,False,18.0,0.083333333,7.5,3,17.33333333,-2.3007652554060516,0.0,0.008020125965789316,0.1438110173802156,-1.3435927893049369,R2_Percent
12,2,Ralph Macchio,Karina Smirnoff,Actor/Actress,Eliminated Week 9,4,True,False,21.0,0.097222222,4.0,3,9.333333333,-2.87411123523103,0.0,0.16583603248670356,0.0283771617875082,1.685452626582275,R2_Percent
12,2,Romeo,Chelsie Hightower,Singer/Rapper,Eliminated Week 8,5,True,False,23.0,0.106481481,2.0,3,42.33333333,-1.4405639906539187,0.0,0.03318500669681549,0.09109073478229901,0.07655125088281828,R2_Percent
12,2,Sugar Ray Leonard,Anna Trebunskaya,Athlete,Eliminated Week 4,9,True,False,17.0,0.078703704,10.0,3,8.0,-3.012261573417223,0.0,0.005840367937462029,0.1533711597694917,-1.660753119671931,R2_Percent
12,2,Wendy Williams,Tony Dovolani,TV Personality,Eliminated Week 3,10,True,False,17.0,0.078703704,10.0,3,17.0,-2.319114393873945,0.0,0.005514565777941207,0.1538441802811467,-1.7181540026459532,R2_Percent
12,3,Chelsea Kane,Mark Ballas,Actor/Actress,3rd Place,3,True,False,23.0,0.107476636,3.5,3,10.0,-2.4304184633355668,0.0,0.215209461039958,0.020494842411799986,1.722741080074571,R2_Percent
12,3,Chris Jericho,Cheryl Burke,Athlete,Eliminated Week 6,7,True,False,21.0,0.098130841,6.0,3,10.0,-2.4304184633355668,0.0,0.010697612476382467,0.1547031275451185,-1.2788501276653874,R2_Percent
12,3,Hines Ward,Kym Johnson,Athlete,1st Place,1,True,False,25.0,0.11682243,1.5,3,2.0,-3.7297014444355248,0.0,0.24742865272680814,0.01383650373950879,1.8622515574525655,R2_Percent
12,3,Kendra Wilkinson,Louis van Amstel,TV Personality,Eliminated Week 7,6,True,False,23.0,0.107476636,3.5,3,28.66666667,-1.438289655672563,0.0,0.024089967374972928,0.12478497511878166,-0.46707524885864754,R2_Percent
12,3,Kirstie Alley,Maksim Chmerkoskiy,Actor/Actress,2nd Place,2,True,False,21.0,0.098130841,6.0,3,4.0,-3.2188758223362006,0.0,0.27897339205850946,0.012253666403551796,1.9822456971205429,R2_Percent
12,3,Petra Nemcova,Dmitry Chaplin,Model,Eliminated Week 5,8,True,False,25.0,0.11682243,1.5,3,4.333333333,-3.1543373014173794,0.0,0.00864988099149517,0.132183875336749,-1.4913251485465058,R2_Percent
12,3,Ralph Macchio,Karina Smirnoff,Actor/Actress,Eliminated Week 9,4,True,False,21.0,0.098130841,6.0,3,4.0,-3.2188758223362006,0.0,0.16587585839570962,0.035687405265900904,1.462368956407279,R2_Percent
12,3,Romeo,Chelsie Hightower,Singer/Rapper,Eliminated Week 8,5,True,False,20.0,0.093457944,8.5,3,37.33333333,-1.1819938973360302,0.0,0.037370992283592176,0.1256580491086099,-0.027975915096124376,R2_Percent
12,3,Sugar Ray Leonard,Anna Trebunskaya,Athlete,Eliminated Week 4,9,True,False,20.0,0.093457944,8.5,3,2.333333333,-3.624340929294365,0.0,0.005942292985702497,0.16912217316946307,-1.8667756277717042,R2_Percent
12,3,Wendy Williams,Tony Dovolani,TV Personality,Eliminated Week 3,10,True,True,15.0,0.070093458,10.0,3,12.33333333,-2.238046571136975,0.0,0.005761889666869671,0.21127538190051653,-1.8976052231165903,R2_Percent
12,4,Chelsea Kane,Mark Ballas,Actor/Actress,3rd Place,3,True,False,26.0,0.126213592,1.0,3,8.333333333,-2.5893739081132017,0.0,0.23009124064939568,0.019981607913540606,1.5461659646164476,R2_Percent
12,4,Chris Jericho,Cheryl Burke,Athlete,Eliminated Week 6,7,True,False,23.0,0.111650485,5.0,3,12.33333333,-2.232698964788398,0.0,0.011406310603712624,0.18116724793719083,-1.4581432001474912,R2_Percent
12,4,Hines Ward,Kym Johnson,Athlete,1st Place,1,True,False,25.0,0.121359223,2.5,3,3.333333333,-3.3566290593309898,0.0,0.23913225197547852,0.019206351611324304,1.5847067903143779,R2_Percent
12,4,Kendra Wilkinson,Louis van Amstel,TV Personality,Eliminated Week 7,6,True,False,18.0,0.087378641,9.0,3,36.0,-1.2120482179364642,0.0,0.02794515838384028,0.19490478952376886,-0.5620660037140401,R2_Percent
12,4,Kirstie Alley,Maksim Chmerkoskiy,Actor/Actress,2nd Place,2,True,False,22.0,0.106796117,7.0,3,6.666666667,-2.7860842019904672,0.0,0.27021849764834843,0.016429327657011536,1.706920918162792,R2_Percent
12,4,Petra Nemcova,Dmitry Chaplin,Model,Eliminated Week 5,8,True,False,23.0,0.111650485,5.0,3,4.0,-3.2135282159959577,0.0,0.00840588292457458,0.18637858327125992,-1.7633781552347667,R2_Percent
12,4,Ralph Macchio,Karina Smirnoff,Actor/Actress,Eliminated Week 9,4,True,False,25.0,0.121359223,2.5,3,5.0,-3.0312066596164473,0.0,0.16288818108257086,0.039483504464863844,1.2007539956504898,R2_Percent
12,4,Romeo,Chelsie Hightower,Singer/Rapper,Eliminated Week 8,5,True,False,23.0,0.111650485,5.0,3,37.33333333,-1.1766462909841928,0.0,0.04421125674708338,0.1328679261259098,-0.1033305299236871,R2_Percent
12,4,Sugar Ray Leonard,Anna Trebunskaya,Athlete,Eliminated Week 4,9,True,True,21.0,0.101941748,8.0,3,2.333333333,-3.6189933229607885,0.0,0.005701219984995753,0.20958066149513033,-2.1516297797241224,R2_Percent
12,5,Chelsea Kane,Mark Ballas,Actor/Actress,3rd Place,3,True,False,26.0,0.134020619,3.0,3,11.33333333,-2.079441541041998,0.0,0.22874401579532483,0.027924232666695498,1.2472138718765233,R2_Percent
12,5,Chris Jericho,Cheryl Burke,Athlete,Eliminated Week 6,7,True,False,26.0,0.134020619,3.0,3,9.666666667,-2.2246235504599756,0.0,0.011981403546246407,0.2166507675891031,-1.7020339282047985,R2_Percent
12,5,Hines Ward,Kym Johnson,Athlete,1st Place,1,True,False,27.0,0.139175258,1.0,3,2.333333333,-3.387774358361906,0.0,0.23802256432092625,0.02436324391256209,1.286975805769272,R2_Percent
12,5,Kendra Wilkinson,Louis van Amstel,TV Personality,Eliminated Week 7,6,True,False,22.0,0.113402062,7.0,3,20.33333333,-1.5314763705500303,0.0,0.0316743229679153,0.21855454362091056,-0.729883319836296,R2_Percent
12,5,Kirstie Alley,Maksim Chmerkoskiy,Actor/Actress,2nd Place,2,True,False,23.0,0.118556701,5.0,3,4.0,-2.982309251140409,0.0,0.2722761882780821,0.02141732106648448,1.4214272777299337,R2_Percent
12,5,Petra Nemcova,Dmitry Chaplin,Model,Eliminated Week 5,8,True,True,22.0,0.113402062,7.0,3,4.333333333,-2.917770730188671,0.0,0.00786378163475865,0.2737150310738514,-2.1231220567261584,R2_Percent
12,5,Ralph Macchio,Karina Smirnoff,Actor/Actress,Eliminated Week 9,4,True,False,22.0,0.113402062,7.0,3,2.333333333,-3.387774358361906,0.0,0.1604041578841603,0.06473551354707276,0.8923069455881995,R2_Percent
12,5,Romeo,Chelsie Hightower,Singer/Rapper,Eliminated Week 8,5,True,False,26.0,0.134020619,3.0,3,36.33333333,-0.9718605827458575,0.0,0.049033565572586243,0.15263934652332004,-0.2928845961966747,R2_Percent
12,6,Chelsea Kane,Mark Ballas,Actor/Actress,3rd Place,3,True,False,28.0,0.155555556,1.5,3,6.0,-2.500655005603498,0.0,0.24683014418981575,0.02973380937010528,0.9921793482337384,R2_Percent
12,6,Chris Jericho,Cheryl Burke,Athlete,Eliminated Week 6,7,True,True,22.0,0.122222222,7.0,3,7.333333333,-2.326301618693768,0.0,0.012523913239384748,0.3731401872134913,-1.988881200600381,R2_Percent
12,6,Hines Ward,Kym Johnson,Athlete,1st Place,1,True,False,27.0,0.15,3.0,3,2.333333333,-3.242592349091923,0.0,0.23618307899471458,0.034654525381948555,0.9480861862405121,R2_Percent
12,6,Kendra Wilkinson,Louis van Amstel,TV Personality,Eliminated Week 7,6,True,False,25.0,0.138888889,5.0,3,20.66666667,-1.3707901741026391,0.0,0.03348459074383793,0.2614672208147288,-1.005435721279318,R2_Percent
12,6,Kirstie Alley,Maksim Chmerkoskiy,Actor/Actress,2nd Place,2,True,False,26.0,0.144444444,4.0,3,6.333333333,-2.454134990069471,0.0,0.26531698362779527,0.02773155769449189,1.064404199292263,R2_Percent
12,6,Ralph Macchio,Karina Smirnoff,Actor/Actress,Eliminated Week 9,4,True,False,24.0,0.133333333,6.0,3,2.0,-3.347952864365305,0.0,0.15063338806866955,0.09106326802983954,0.4983279146248618,R2_Percent
12,6,Romeo,Chelsie Hightower,Singer/Rapper,Eliminated Week 8,5,True,False,28.0,0.155555556,1.5,3,33.66666667,-0.9007865450622883,0.0,0.055027901135782056,0.18220943149539467,-0.5086807265116764,R2_Percent
12,7,Chelsea Kane,Mark Ballas,Actor/Actress,3rd Place,3,True,False,32.0,0.169761273,3.0,4,5.666666667,-2.476538398873282,0.0,0.24466985026575733,0.051535002343975116,0.6276751345934093,R2_Percent
12,7,Hines Ward,Kym Johnson,Athlete,1st Place,1,True,False,33.0,0.175066313,1.5,4,2.333333333,-3.1696855783932274,0.0,0.23741539201862288,0.05249336077080968,0.5975766986188409,R2_Percent
12,7,Kendra Wilkinson,Louis van Amstel,TV Personality,Eliminated Week 7,6,True,True,30.5,0.161803714,4.0,4,19.33333333,-1.3613968092677324,0.0,0.03554066227286295,0.40106227246246934,-1.3015571601239442,R2_Percent
12,7,Kirstie Alley,Maksim Chmerkoskiy,Actor/Actress,2nd Place,2,True,False,30.0,0.159151194,5.5,4,3.333333333,-2.90732131445189,0.0,0.27943153619458166,0.04101695986566032,0.7605226943327456,R2_Percent
12,7,Ralph Macchio,Karina Smirnoff,Actor/Actress,Eliminated Week 9,4,True,False,33.0,0.175066313,1.5,4,2.0,-3.2750460936866093,0.0,0.14258213657497046,0.12864149947738168,0.08768361341936054,R2_Percent
12,7,Romeo,Chelsie Hightower,Singer/Rapper,Eliminated Week 8,5,True,False,30.0,0.159151194,5.5,4,40.66666667,-0.6439569360945719,0.0,0.06036042267320471,0.32525090507970383,-0.7719009808404123,R2_Percent
12,8,Chelsea Kane,Mark Ballas,Actor/Actress,3rd Place,3,True,False,27.5,0.211538462,1.0,3,7.0,-2.3710222535153513,0.0,0.25433595700257505,0.07564439742253236,0.35458262845538324,R2_Percent
12,8,Hines Ward,Kym Johnson,Athlete,1st Place,1,True,False,27.0,0.207692308,2.0,3,13.0,-1.8114064660388571,0.0,0.24813985654951023,0.08317613982523984,0.32991909493517857,R2_Percent
12,8,Kirstie Alley,Maksim Chmerkoskiy,Actor/Actress,2nd Place,2,True,False,26.5,0.203846154,3.0,3,5.666666667,-2.5533438100451393,0.0,0.2838746752415699,0.061531915123786814,0.4644594264296056,R2_Percent
12,8,Ralph Macchio,Karina Smirnoff,Actor/Actress,Eliminated Week 9,4,True,False,23.0,0.176923077,5.0,3,4.333333333,-2.776487361150599,0.0,0.14319346017305623,0.29997956062982917,-0.21987684567522575,R2_Percent
12,8,Romeo,Chelsie Hightower,Singer/Rapper,Eliminated Week 8,5,True,True,26.0,0.2,4.0,3,50.66666667,-0.5056509677845611,0.0,0.07045605103328853,0.47966798699861185,-0.9290843041449417,R2_Percent
12,9,Chelsea Kane,Mark Ballas,Actor/Actress,3rd Place,3,True,False,36.5,0.310638298,1.0,3,8.0,-1.2367626268044822,0.0,0.2564222859132892,0.08934657824954961,0.06216570356697779,R2_Percent
12,9,Hines Ward,Kym Johnson,Athlete,1st Place,1,True,False,30.0,0.255319149,2.0,3,7.666666667,-1.27450295473562,0.0,0.30356179640794084,0.09652818730554914,0.23092526607917976,R2_Percent
12,9,Kirstie Alley,Maksim Chmerkoskiy,Actor/Actress,2nd Place,2,True,False,27.0,0.229787234,3.0,3,6.333333333,-1.4415570394176673,0.0,0.2913493977424465,0.13790787497094256,0.18986329021868711,R2_Percent
12,9,Ralph Macchio,Karina Smirnoff,Actor/Actress,Eliminated Week 9,4,True,True,24.0,0.204255319,4.0,3,5.0,-1.6422277347404246,0.0,0.14866651993632346,0.6762173594739586,-0.48295425986484464,R2_Percent
12,10,Chelsea Kane,Mark Ballas,Actor/Actress,3rd Place,3,True,False,29.6666,0.339694801,1.5,3,13.0,-0.8675005675766279,0.0,0.29189303707045494,0.442472303643467,-0.1277714079749364,R2_Percent
12,10,Hines Ward,Kym Johnson,Athlete,1st Place,1,True,False,29.6666,0.339694801,1.5,3,6.666666667,-1.4696759696906807,0.0,0.3727981025015251,0.20595985128669736,0.11687816120980277,R2_Percent
12,10,Kirstie Alley,Maksim Chmerkoskiy,Actor/Actress,2nd Place,2,True,False,27.9999,0.320610399,3.0,3,10.66666667,-1.0498221240372492,0.0,0.3353088604280199,0.3515678450698357,0.010893246765133813,R2_Percent
13,1,Carson Kressley,Anna Trebunskaya,TV Personality,Eliminated Week 5,8,True,False,17.0,0.078341014,7.5,3,7.0,-2.602689684094384,0.0,0.012617715992716478,0.12498838257811971,-0.9595714048925681,R2_Percent
13,1,Chaz Bono,Lacey Schwimmer,TV Personality,Eliminated Week 6,7,True,False,17.0,0.078341014,7.5,3,17.0,-1.791759468628055,0.0,0.03153168430317751,0.10452749921161825,-0.043680371284651576,R2_Percent
13,1,Chynna Phillips,Tony Dovolani,Singer/Rapper,Eliminated Week 4,9,True,False,22.0,0.101382488,1.5,3,3.0,-3.295836863304329,0.0,0.006622017677666885,0.10638961053725013,-1.6042731538243,R2_Percent
13,1,David Arquette,Kym Johnson,Actor/Actress,Eliminated Week 7,6,True,False,18.0,0.082949309,6.0,3,6.0,-2.7362210765260495,0.0,0.038183209452065096,0.09397463265910583,0.1477226133637559,R2_Percent
13,1,Elisabetta Canalis,Valentin Chmerkovskiy,Actor/Actress,Eliminated Week 2,11,True,False,15.0,0.069124424,11.0,3,6.0,-2.7362210765260495,0.0,0.005274772136432005,0.14616524710782697,-1.8317377809375246,R2_Percent
13,1,Hope Solo,Maksim Chmerkoskiy,Athlete,Eliminated Week 9,4,True,False,21.0,0.096774194,3.0,3,16.0,-1.8489178824327095,0.0,0.10258292748765066,0.0448652428671253,1.1359982576533039,R2_Percent
13,1,J.R. Martinez,Karina Smirnoff,Actor/Actress,1st Place,1,True,False,22.0,0.101382488,1.5,3,6.0,-2.7362210765260495,0.0,0.28028438216285456,0.008008571014312816,2.1411314758450706,R2_Percent
13,1,Kristin Cavallari,Mark Ballas,TV Personality,Eliminated Week 3,10,True,False,19.0,0.087557604,5.0,3,7.0,-2.602689684094384,0.0,0.005690240907584803,0.1223131537933217,-1.7559206764726352,R2_Percent
13,1,Metta World Peace (Ron),Peta Murgatroyd,Athlete,Eliminated Week 1,12,True,True,14.0,0.064516129,12.0,3,0.0,-4.68213121632422,0.0,0.004307169521781341,0.1540750699384204,-2.034392297587992,R2_Percent
13,1,Nancy Grace,Tristan MacManus,TV Personality,Eliminated Week 8,5,True,False,16.0,0.073732719,9.5,3,2.0,-3.58351893485611,0.0,0.10729660507986014,0.05335104920311577,1.180923747137717,R2_Percent
13,1,Ricki Lake,Derek Hough,Actor/Actress,3rd Place,3,True,False,20.0,0.092165899,4.0,3,9.0,-2.379546133050174,0.0,0.22434026124629347,0.014826213994040275,1.9184906602452196,R2_Percent
13,1,Rob Kardashian,Cheryl Burke,TV Personality,2nd Place,2,True,False,16.0,0.073732719,9.5,3,17.0,-1.791759468628055,0.0,0.18126901403191706,0.0265153270957429,1.7053089307546045,R2_Percent
13,2,Carson Kressley,Anna Trebunskaya,TV Personality,Eliminated Week 5,8,True,False,18.0,0.080717489,9.5,3,5.0,-2.7515353115071974,0.0,0.012470424670706663,0.15281604944794874,-1.1474476140771657,R2_Percent
13,2,Chaz Bono,Lacey Schwimmer,TV Personality,Eliminated Week 6,7,True,False,17.0,0.076233184,11.0,3,10.66666667,-2.086559008389186,0.0,0.034125430226593305,0.1299229104573463,-0.14076456778035767,R2_Percent
13,2,Chynna Phillips,Tony Dovolani,Singer/Rapper,Eliminated Week 4,9,True,False,21.0,0.094170404,5.5,3,6.0,-2.5973846319037484,0.0,0.006010593375100955,0.14304193524079087,-1.8772839536072086,R2_Percent
13,2,David Arquette,Kym Johnson,Actor/Actress,Eliminated Week 7,6,True,False,18.0,0.080717489,9.5,3,6.0,-2.5973846319037484,0.0,0.037075491211288475,0.12110686168935839,-0.057851291518043635,R2_Percent
13,2,Elisabetta Canalis,Valentin Chmerkovskiy,Actor/Actress,Eliminated Week 2,11,True,True,21.0,0.094170404,5.5,3,4.333333333,-2.8693183470302475,0.0,0.0051362824472929065,0.1442289016683676,-2.0344778700713446,R2_Percent
13,2,Hope Solo,Maksim Chmerkoskiy,Athlete,Eliminated Week 9,4,True,False,19.0,0.085201794,8.0,3,14.33333333,-1.8132656740852813,0.0,0.10994558817684885,0.0582961917768212,1.0291781618948481,R2_Percent
13,2,J.R. Martinez,Karina Smirnoff,Actor/Actress,1st Place,1,True,False,22.0,0.098654709,2.5,3,6.666666667,-2.5064128537713137,0.0,0.27189527791093515,0.011108054809986176,1.9346095559024192,R2_Percent
13,2,Kristin Cavallari,Mark Ballas,TV Personality,Eliminated Week 3,10,True,False,22.0,0.098654709,2.5,3,8.0,-2.346070203921255,0.0,0.005600104169318525,0.13763882486878415,-1.9480222293465896,R2_Percent
13,2,Nancy Grace,Tristan MacManus,TV Personality,Eliminated Week 8,5,True,False,21.0,0.094170404,5.5,3,2.333333333,-3.3393219752559826,0.0,0.09480145518051478,0.06180018975474244,0.8809773305698892,R2_Percent
13,2,Ricki Lake,Derek Hough,Actor/Actress,3rd Place,3,True,False,23.0,0.103139013,1.0,3,7.0,-2.463853239447083,0.0,0.2270826439552673,0.01626222406796335,1.754506592932711,R2_Percent
13,2,Rob Kardashian,Cheryl Burke,TV Personality,2nd Place,2,True,False,21.0,0.094170404,5.5,3,12.66666667,-1.9283350033340132,0.0,0.19585670867613297,0.023777856217890653,1.6065758851008414,R2_Percent
13,3,Carson Kressley,Anna Trebunskaya,TV Personality,Eliminated Week 5,8,True,False,23.0,0.097046414,8.0,3,3.666666667,-2.9992973376434744,0.0,0.012028673429360655,0.16819622881471613,-1.3870492519743083,R2_Percent
13,3,Chaz Bono,Lacey Schwimmer,TV Personality,Eliminated Week 6,7,True,False,18.0,0.075949367,10.0,3,7.666666667,-2.3802581301965917,0.0,0.03470667697080656,0.16570158305372204,-0.3274104156564634,R2_Percent
13,3,Chynna Phillips,Tony Dovolani,Singer/Rapper,Eliminated Week 4,9,True,False,26.0,0.109704641,2.5,3,6.0,-2.5938322302757864,0.0,0.006106086252184192,0.1578219600240841,-2.065056483985904,R2_Percent
13,3,David Arquette,Kym Johnson,Actor/Actress,Eliminated Week 7,6,True,False,24.0,0.101265823,5.5,3,10.0,-2.1418471070193092,0.0,0.036494227869352414,0.12825333083108645,-0.27718839648969007,R2_Percent
13,3,Hope Solo,Maksim Chmerkoskiy,Athlete,Eliminated Week 9,4,True,False,24.0,0.101265823,5.5,3,12.66666667,-1.9247826017037284,0.0,0.11619611565514636,0.06038151426673474,0.8809369117553214,R2_Percent
13,3,J.R. Martinez,Karina Smirnoff,Actor/Actress,1st Place,1,True,False,26.0,0.109704641,2.5,3,3.0,-3.1534480172076376,0.0,0.2741314140683986,0.012530328589800643,1.739265100791736,R2_Percent
13,3,Kristin Cavallari,Mark Ballas,TV Personality,Eliminated Week 3,10,True,True,24.0,0.101265823,5.5,3,7.333333333,-2.4194788433851038,0.0,0.005700917059764882,0.17158159999305087,-2.1337154544293915,R2_Percent
13,3,Nancy Grace,Tristan MacManus,TV Personality,Eliminated Week 8,5,True,False,21.0,0.088607595,9.0,3,11.33333333,-2.027436756203891,0.0,0.08698621554185014,0.0896946571710937,0.5914071600467061,R2_Percent
13,3,Ricki Lake,Derek Hough,Actor/Actress,3rd Place,3,True,False,27.0,0.113924051,1.0,3,6.0,-2.5938322302757864,0.0,0.22516866679787276,0.019126140827168524,1.5425072475778872,R2_Percent
13,3,Rob Kardashian,Cheryl Burke,TV Personality,2nd Place,2,True,False,24.0,0.101265823,5.5,3,16.0,-1.7065290360619982,0.0,0.20248100635526348,0.026712656428542772,1.4363035823641073,R2_Percent
13,4,Carson Kressley,Anna Trebunskaya,TV Personality,Eliminated Week 5,8,True,False,20.0,0.09569378,9.0,3,7.333333333,-2.658859955582262,0.0,0.011327248734623875,0.22475701664319692,-1.7008163437111696,R2_Percent
13,4,Chaz Bono,Lacey Schwimmer,TV Personality,Eliminated Week 6,7,True,False,21.0,0.100478469,7.0,3,6.0,-2.8332133424150396,0.0,0.034173290219264345,0.17309843062662428,-0.5965832079348439,R2_Percent
13,4,Chynna Phillips,Tony Dovolani,Singer/Rapper,Eliminated Week 4,9,True,True,21.0,0.100478469,7.0,3,3.666666667,-3.2386784496017755,0.0,0.0062855441270319905,0.2253036722728802,-2.2897751453357165,R2_Percent
13,4,David Arquette,Kym Johnson,Actor/Actress,Eliminated Week 7,6,True,False,23.0,0.110047847,5.0,3,10.66666667,-2.3223877190433346,0.0,0.03892281192517186,0.15118758523220308,-0.4664470555766105,R2_Percent
13,4,Hope Solo,Maksim Chmerkoskiy,Athlete,Eliminated Week 9,4,True,False,24.0,0.114832536,3.5,3,39.33333333,-1.0819452360293247,0.0,0.1195906299384891,0.06741336760337627,0.656046934318701,R2_Percent
13,4,J.R. Martinez,Karina Smirnoff,Actor/Actress,1st Place,1,True,False,26.0,0.124401914,2.0,3,7.0,-2.699681950003017,0.0,0.252156557071326,0.017591435321691253,1.402022593697183,R2_Percent
13,4,Nancy Grace,Tristan MacManus,TV Personality,Eliminated Week 8,5,True,False,21.0,0.100478469,7.0,3,7.666666667,-2.619639242405442,0.0,0.09971763329567344,0.09316293001891804,0.4743149657438656,R2_Percent
13,4,Ricki Lake,Derek Hough,Actor/Actress,3rd Place,3,True,False,29.0,0.138755981,1.0,3,11.66666667,-2.2401496209094454,0.0,0.22057606054856554,0.02070204568387113,1.2682150220724695,R2_Percent
13,4,Rob Kardashian,Cheryl Burke,TV Personality,2nd Place,2,True,False,24.0,0.114832536,3.5,3,16.66666667,-1.9074438674240763,0.0,0.21725022413985387,0.02678351659723883,1.2530222367261208,R2_Percent
13,5,Carson Kressley,Anna Trebunskaya,TV Personality,Eliminated Week 5,8,True,True,19.0,0.10106383,8.0,3,1.333333333,-3.279836522030699,0.0,0.011115937196471136,0.3110730332370216,-2.002353161315547,R2_Percent
13,5,Chaz Bono,Lacey Schwimmer,TV Personality,Eliminated Week 6,7,True,False,21.0,0.111702128,7.0,3,5.0,-2.3353749146708003,0.0,0.03061316382136432,0.2339701320279453,-0.9893029166544656,R2_Percent
13,5,David Arquette,Kym Johnson,Actor/Actress,Eliminated Week 7,6,True,False,25.0,0.132978723,2.5,3,5.666666667,-2.2300143990663073,0.0,0.038879659411553316,0.1769662026200293,-0.7502618037852151,R2_Percent
13,5,Hope Solo,Maksim Chmerkoskiy,Athlete,Eliminated Week 9,4,True,False,24.0,0.127659574,4.5,3,15.33333333,-1.333926375314161,0.0,0.1352217234037817,0.0748608078903259,0.4961828034171498,R2_Percent
13,5,J.R. Martinez,Karina Smirnoff,Actor/Actress,1st Place,1,True,False,28.0,0.14893617,1.0,3,2.333333333,-2.923161578846252,0.0,0.24580456424914776,0.021527356705081976,1.0938037425663973,R2_Percent
13,5,Nancy Grace,Tristan MacManus,TV Personality,Eliminated Week 8,5,True,False,22.0,0.117021277,6.0,3,2.333333333,-2.923161578846252,0.0,0.09987648923633557,0.11561394339028136,0.19320129162920743,R2_Percent
13,5,Ricki Lake,Derek Hough,Actor/Actress,3rd Place,3,True,False,24.0,0.127659574,4.5,3,6.666666667,-2.0902524568189746,0.0,0.22215724092132777,0.03291522737080391,0.992652400241814,R2_Percent
13,5,Rob Kardashian,Cheryl Burke,TV Personality,2nd Place,2,True,False,25.0,0.132978723,2.5,3,15.33333333,-1.333926375314161,0.0,0.21633122176001857,0.03307329675851053,0.9660776439006586,R2_Percent
13,6,Chaz Bono,Lacey Schwimmer,TV Personality,Eliminated Week 6,7,True,True,19.0,0.114457831,7.0,3,4.0,-2.391816225561582,0.0,0.030000829860163624,0.3630247851502158,-1.3008231749218344,R2_Percent
13,6,David Arquette,Kym Johnson,Actor/Actress,Eliminated Week 7,6,True,False,23.0,0.138554217,4.0,3,6.333333333,-2.0088239736988096,0.0,0.03912274712084019,0.2652039421966051,-1.0353441525803924,R2_Percent
13,6,Hope Solo,Maksim Chmerkoskiy,Athlete,Eliminated Week 9,4,True,False,20.0,0.120481928,6.0,3,10.33333333,-1.5735059029527285,0.0,0.14379992045411885,0.11697135649325087,0.26637467390969116,R2_Percent
13,6,J.R. Martinez,Karina Smirnoff,Actor/Actress,1st Place,1,True,False,29.0,0.174698795,1.5,3,3.0,-2.614959776602458,0.0,0.23135414267410753,0.030628789486381893,0.7419014035088808,R2_Percent
13,6,Nancy Grace,Tristan MacManus,TV Personality,Eliminated Week 8,5,True,False,24.0,0.144578313,3.0,3,2.333333333,-2.7972813332230797,0.0,0.09516314380242347,0.1475075546572126,-0.14645549630201163,R2_Percent
13,6,Ricki Lake,Derek Hough,Actor/Actress,3rd Place,3,True,False,29.0,0.174698795,1.5,3,5.666666667,-2.1041341533331344,0.0,0.2275035963442167,0.03176404227455059,0.7251178281656477,R2_Percent
13,6,Rob Kardashian,Cheryl Burke,TV Personality,2nd Place,2,True,False,22.0,0.13253012,5.0,3,16.0,-1.168040794711231,0.0,0.2330556197441297,0.04489952974178319,0.7492289182200186,R2_Percent
13,7,David Arquette,Kym Johnson,Actor/Actress,Eliminated Week 7,6,True,True,23.5,0.160409556,5.0,3,7.666666667,-1.8951950557782309,0.0,0.04081686474873903,0.41463370824095847,-1.2363413845614737,R2_Percent
13,7,Hope Solo,Maksim Chmerkoskiy,Athlete,Eliminated Week 9,4,True,False,25.0,0.170648464,3.0,3,11.0,-1.5697726555668938,0.0,0.14688415147941722,0.13811619300065386,0.04420745865223569,R2_Percent
13,7,J.R. Martinez,Karina Smirnoff,Actor/Actress,1st Place,1,True,False,24.0,0.163822526,4.0,3,5.0,-2.2629198356462834,0.0,0.2309630389688244,0.06654761291047809,0.49682096100565354,R2_Percent
13,7,Nancy Grace,Tristan MacManus,TV Personality,Eliminated Week 8,5,True,False,22.0,0.150170648,6.0,3,2.333333333,-2.8507064998795135,0.0,0.09382908368191063,0.2767492088063681,-0.4039618637220236,R2_Percent
13,7,Ricki Lake,Derek Hough,Actor/Actress,3rd Place,3,True,False,26.5,0.180887372,1.0,3,7.666666667,-1.8951950557782309,0.0,0.23241501663502542,0.055862917678773494,0.5030879061092984,R2_Percent
13,7,Rob Kardashian,Cheryl Burke,TV Personality,2nd Place,2,True,False,25.5,0.174061433,2.0,3,18.0,-1.1102403263655005,0.0,0.2550918444860833,0.04809035936276807,0.5961869225163096,R2_Percent
13,8,Hope Solo,Maksim Chmerkoskiy,Athlete,Eliminated Week 9,4,True,False,26.0,0.200772201,2.5,3,7.333333333,-1.6486586250304587,0.0,0.14916510938483302,0.23005762156633947,-0.21865673958228918,R2_Percent
13,8,J.R. Martinez,Karina Smirnoff,Actor/Actress,1st Place,1,True,False,30.0,0.231660232,1.0,3,4.333333333,-2.0949457273888785,0.0,0.24160299885563796,0.07171362337389184,0.2635853297691915,R2_Percent
13,8,Nancy Grace,Tristan MacManus,TV Personality,Eliminated Week 8,5,True,True,22.0,0.16988417,5.0,3,1.666666667,-2.7880929069488234,0.0,0.09168472907036343,0.5303665143914655,-0.7053547147046519,R2_Percent
13,8,Ricki Lake,Derek Hough,Actor/Actress,3rd Place,3,True,False,26.0,0.200772201,2.5,3,7.666666667,-1.6094379118187156,0.0,0.24230228077228874,0.09539422598316111,0.2664754920916573,R2_Percent
13,8,Rob Kardashian,Cheryl Burke,TV Personality,2nd Place,2,True,False,25.5,0.196911197,4.0,3,17.33333333,-0.860201265091643,0.0,0.2752448819168768,0.07246801468514208,0.39395063242609246,R2_Percent
13,9,Hope Solo,Maksim Chmerkoskiy,Athlete,Eliminated Week 9,4,True,True,24.4998,0.206750239,4.0,3,7.333333333,-1.4996230460903224,0.0,0.15368659832615325,0.6459864763825945,-0.45327329516173637,R2_Percent
13,9,J.R. Martinez,Karina Smirnoff,Actor/Actress,1st Place,1,True,False,28.0,0.236287917,3.0,3,6.333333333,-1.6274564175445707,0.0,0.26346775432764863,0.1731170662390284,0.08574223783426271,R2_Percent
13,9,Ricki Lake,Derek Hough,Actor/Actress,3rd Place,3,True,False,33.4999,0.282700771,1.0,3,6.0,-1.6739764331097666,0.0,0.2695641874391672,0.105389392278552,0.1086177861158863,R2_Percent
13,9,Rob Kardashian,Cheryl Burke,TV Personality,2nd Place,2,True,False,32.4998,0.274261073,2.0,3,13.66666667,-0.9343092369664436,0.0,0.3132814599070308,0.07550706509982504,0.25891327121158736,R2_Percent
13,10,J.R. Martinez,Karina Smirnoff,Actor/Actress,1st Place,1,True,False,28.1665,0.333332939,2.0,3,8.333333333,-1.3591433716086252,0.0,0.32262072314950135,0.3582242530119783,-0.02997897363184654,R2_Percent
13,10,Ricki Lake,Derek Hough,Actor/Actress,3rd Place,3,True,False,27.9999,0.331361332,3.0,3,9.666666667,-1.225611978965799,0.0,0.3098508572402156,0.41178126850354213,-0.07036529913496942,R2_Percent
13,10,Rob Kardashian,Cheryl Burke,TV Personality,2nd Place,2,True,False,28.3332,0.335305729,1.0,3,15.33333333,-0.7995275840084065,0.0,0.36752841961028315,0.2299944784844796,0.10034427276681596,R2_Percent
14,1,Donald Driver,Peta Murgatroyd,Athlete,1st Place,1,True,False,21.0,0.077777778,8.5,3,9.0,-2.351375256113478,0.0,0.2596736724727996,0.011965541259843726,2.1628267434316735,R2_Percent
14,1,Gavin DeGraw,Karina Smirnoff,Singer/Rapper,Eliminated Week 5,9,True,False,20.0,0.074074074,11.0,3,16.0,-1.82074700548366,0.0,0.005551549880702761,0.1368578940810423,-1.682521846847529,R2_Percent
14,1,Gladys Knight,Tristan MacManus,Singer/Rapper,Eliminated Week 6,8,True,False,23.0,0.085185185,5.5,3,3.0,-3.2676659864126325,0.0,0.012778390939666118,0.11507877439144268,-0.8488434569466785,R2_Percent
14,1,Jack Wagner,Anna Trebunskaya,Actor/Actress,Eliminated Week 3,11,True,False,23.0,0.085185185,5.5,3,9.0,-2.351375256113478,0.0,0.005156932382363172,0.12367451228464198,-1.7562570902384276,R2_Percent
14,1,Jaleel White,Kym Johnson,Actor/Actress,Eliminated Week 7,7,True,False,26.0,0.096296296,1.5,3,9.0,-2.351375256113478,0.0,0.009550219866797282,0.10681614654938215,-1.1400348164760494,R2_Percent
14,1,Katherine Jenkins,Mark Ballas,Singer/Rapper,2nd Place,2,True,False,26.0,0.096296296,1.5,3,5.0,-2.8622008791794684,0.0,0.27950644292459087,0.00832733219053852,2.2364263505330677,R2_Percent
14,1,Maria Menounos,Derek Hough,TV Personality,Eliminated Week 9,4,True,False,21.0,0.077777778,8.5,3,15.0,-1.881371627261492,0.0,0.09863658263600641,0.05482342595288306,1.1948432200416446,R2_Percent
14,1,Martina Navratilova,Tony Dovolani,Athlete,Eliminated Week 2,12,True,False,20.0,0.074074074,11.0,3,3.0,-3.2676659864126325,0.0,0.004750553361051192,0.1378979554429361,-1.8383378850802532,R2_Percent
14,1,Melissa Gilbert,Maksim Chmerkoskiy,Actor/Actress,Eliminated Week 8,5,True,False,20.0,0.074074074,11.0,3,5.0,-2.8622008791794684,0.0,0.045741489592950074,0.09360434273033007,0.42640676118651266,R2_Percent
14,1,Roshon Fegan,Chelsie Hightower,Actor/Actress,Eliminated Week 8,6,True,False,23.0,0.085185185,5.5,3,12.0,-2.089010991888294,0.0,0.062037095068009744,0.07224294049002672,0.731133520274079,R2_Percent
14,1,Sherri Sheperd,Valentin Chmerkovskiy,Actor/Actress,Eliminated Week 4,10,True,False,23.0,0.085185185,5.5,3,0.0,-4.653960339657523,0.0,0.007119550442143761,0.12140146981731896,-1.4337544101228428,R2_Percent
14,1,William Levy,Cheryl Burke,Actor/Actress,3rd Place,3,True,False,24.0,0.088888889,3.0,3,7.0,-2.5745188071651874,0.0,0.20949752043291917,0.01730966480961383,1.948112910244804,R2_Percent
14,2,Donald Driver,Peta Murgatroyd,Athlete,1st Place,1,True,False,24.0,0.089219331,5.0,3,6.333333333,-2.7320034406633797,0.0,0.265211653846813,0.009857044031705517,2.204807980869562,R2_Percent
14,2,Gavin DeGraw,Karina Smirnoff,Singer/Rapper,Eliminated Week 5,9,True,False,21.0,0.078066914,8.5,3,17.33333333,-1.8157127098474064,0.0,0.005986905663458346,0.12694208275068924,-1.5861455251698982,R2_Percent
14,2,Gladys Knight,Tristan MacManus,Singer/Rapper,Eliminated Week 6,8,True,False,19.0,0.07063197,11.0,3,9.0,-2.4218485127237828,0.0,0.011648851854952883,0.12908730012425115,-0.9205125981599935,R2_Percent
14,2,Jack Wagner,Anna Trebunskaya,Actor/Actress,Eliminated Week 3,11,True,False,21.0,0.078066914,8.5,3,4.666666667,-2.9898325494093294,0.0,0.005281083047001444,0.12779177978237938,-1.7115890208705156,R2_Percent
14,2,Jaleel White,Kym Johnson,Actor/Actress,Eliminated Week 7,7,True,False,22.0,0.081784387,7.0,3,10.66666667,-2.2676978327717623,0.0,0.009706814083321155,0.11832492856907485,-1.1028920983916959,R2_Percent
14,2,Katherine Jenkins,Mark Ballas,Singer/Rapper,2nd Place,2,True,False,26.0,0.096654275,1.5,3,3.0,-3.3381392429079373,0.0,0.2701255727603076,0.008771147433185997,2.223166715085543,R2_Percent
14,2,Maria Menounos,Derek Hough,TV Personality,Eliminated Week 9,4,True,False,25.0,0.092936803,3.5,3,8.0,-2.527209028256424,0.0,0.106383302986628,0.042702596769731004,1.29132841768375,R2_Percent
14,2,Martina Navratilova,Tony Dovolani,Athlete,Eliminated Week 2,12,True,True,17.0,0.063197026,12.0,3,9.333333333,-2.389058689969394,0.0,0.00432915118542651,0.14840522343877172,-1.9103487283736196,R2_Percent
14,2,Melissa Gilbert,Maksim Chmerkoskiy,Actor/Actress,Eliminated Week 8,5,True,False,20.0,0.074349442,10.0,3,7.666666667,-2.564949356152661,0.0,0.04385154489926935,0.09192559857894907,0.4050897295597536,R2_Percent
14,2,Roshon Fegan,Chelsie Hightower,Actor/Actress,Eliminated Week 8,6,True,False,26.0,0.096654275,1.5,3,11.0,-2.2395269561176057,0.0,0.06506060895729451,0.06092818630790777,0.7995990608431378,R2_Percent
14,2,Sherri Sheperd,Valentin Chmerkovskiy,Actor/Actress,Eliminated Week 4,10,True,False,23.0,0.085501859,6.0,3,0.0,-4.724433595577828,0.0,0.005625081759541874,0.11873301242015731,-1.6484847370775686,R2_Percent
14,2,William Levy,Cheryl Burke,Actor/Actress,3rd Place,3,True,False,25.0,0.092936803,3.5,3,13.66666667,-2.0388562605988887,0.0,0.20678942895598548,0.016531099793196984,1.9559808040015445,R2_Percent
14,3,Donald Driver,Peta Murgatroyd,Athlete,1st Place,1,True,False,26.0,0.092857143,4.0,3,3.333333333,-2.9957322717039907,0.0,0.26325987334759565,0.012195270731246646,2.0157346067600543,R2_Percent
14,3,Gavin DeGraw,Karina Smirnoff,Singer/Rapper,Eliminated Week 5,9,True,False,24.0,0.085714286,9.0,3,15.66666667,-1.6486586249404587,0.0,0.006541500251656164,0.14767378402625472,-1.6792405137051136,R2_Percent
14,3,Gladys Knight,Tristan MacManus,Singer/Rapper,Eliminated Week 6,8,True,False,24.0,0.085714286,9.0,3,2.666666667,-3.1627863558356886,0.0,0.012671947689647607,0.13936021533881304,-1.0180163421076154,R2_Percent
14,3,Jack Wagner,Anna Trebunskaya,Actor/Actress,Eliminated Week 3,11,True,True,24.0,0.085714286,9.0,3,2.666666667,-3.1627863558356886,0.0,0.0050549289028444695,0.1497633556895877,-1.9370432614902882,R2_Percent
14,3,Jaleel White,Kym Johnson,Actor/Actress,Eliminated Week 7,7,True,False,25.0,0.089285714,5.5,3,12.66666667,-1.847109563506248,0.0,0.010197294583354015,0.13792300391843854,-1.235284600962005,R2_Percent
14,3,Katherine Jenkins,Mark Ballas,Singer/Rapper,2nd Place,2,True,False,29.0,0.103571429,1.0,3,4.0,-2.852631428253061,0.0,0.2508615273505669,0.012390940376451512,1.9674940538913472,R2_Percent
14,3,Maria Menounos,Derek Hough,TV Personality,Eliminated Week 9,4,True,False,27.0,0.096428571,3.0,3,9.333333333,-2.1266944257970066,0.0,0.1054600142495281,0.05239341603687918,1.1009248200755422,R2_Percent
14,3,Melissa Gilbert,Maksim Chmerkoskiy,Actor/Actress,Eliminated Week 8,5,True,False,24.0,0.085714286,9.0,3,7.666666667,-2.302585092028661,0.0,0.045395515316942,0.10228532394149589,0.25800626945830907,R2_Percent
14,3,Roshon Fegan,Chelsie Hightower,Actor/Actress,Eliminated Week 8,6,True,False,25.0,0.089285714,5.5,3,8.333333333,-2.2284771200205435,0.0,0.06804456989071271,0.07983292819475468,0.6627558808940909,R2_Percent
14,3,Sherri Sheperd,Valentin Chmerkovskiy,Actor/Actress,Eliminated Week 4,10,True,False,24.0,0.085714286,9.0,3,0.0,-4.462069333753829,0.0,0.004716327838085768,0.15024342337980898,-2.0063765527520903,R2_Percent
14,3,William Levy,Cheryl Burke,Actor/Actress,3rd Place,3,True,False,28.0,0.1,2.0,3,9.333333333,-2.1266944257970066,0.0,0.22779650057906678,0.01593833836626925,1.8710456399377682,R2_Percent
14,4,Donald Driver,Peta Murgatroyd,Athlete,1st Place,1,True,False,27.0,0.115879828,1.0,3,3.0,-3.19526595682153,0.0,0.24852173476746037,0.01440093480779253,1.7543383820459957,R2_Percent
14,4,Gavin DeGraw,Karina Smirnoff,Singer/Rapper,Eliminated Week 5,9,True,False,23.0,0.098712446,5.0,3,22.0,-1.4460661040293,0.0,0.00707950179703837,0.16593787564731316,-1.803988385939146,R2_Percent
14,4,Gladys Knight,Tristan MacManus,Singer/Rapper,Eliminated Week 6,8,True,False,20.0,0.08583691,10.0,3,2.0,-3.482948028459422,0.0,0.012034941425035504,0.1788365854101153,-1.2733777193471905,R2_Percent
14,4,Jaleel White,Kym Johnson,Actor/Actress,Eliminated Week 7,7,True,False,22.0,0.094420601,7.0,3,26.66666667,-1.2613320007811049,0.0,0.011047750982229546,0.1664461827807931,-1.3589650472903447,R2_Percent
14,4,Katherine Jenkins,Mark Ballas,Singer/Rapper,2nd Place,2,True,False,24.0,0.103004292,4.0,3,4.666666667,-2.8469592632126277,0.0,0.24972307702454608,0.016080944426423546,1.7591606884974331,R2_Percent
14,4,Maria Menounos,Derek Hough,TV Personality,Eliminated Week 9,4,True,False,26.0,0.111587983,2.5,3,10.0,-2.183665046696838,0.0,0.10940637677031528,0.05585427086542468,0.9338772533471829,R2_Percent
14,4,Melissa Gilbert,Maksim Chmerkoskiy,Actor/Actress,Eliminated Week 8,5,True,False,22.0,0.094420601,7.0,3,3.333333333,-3.115223249412737,0.0,0.04818598625621787,0.11717279444212465,0.11387631369187912,R2_Percent
14,4,Roshon Fegan,Chelsie Hightower,Actor/Actress,Eliminated Week 8,6,True,False,26.0,0.111587983,2.5,3,7.0,-2.502118777482418,0.0,0.0698153619915127,0.08120293785635144,0.4846621478723751,R2_Percent
14,4,Sherri Sheperd,Valentin Chmerkovskiy,Actor/Actress,Eliminated Week 4,10,True,True,21.0,0.090128755,9.0,3,0.0,-4.58156031061642,0.0,0.004187784231656916,0.18494832753210763,-2.329020152454632,R2_Percent
14,4,William Levy,Cheryl Burke,Actor/Actress,3rd Place,3,True,False,22.0,0.094420601,7.0,3,9.0,-2.278975226412375,0.0,0.23999748475398738,0.01911914623155391,1.7194365195764474,R2_Percent
14,5,Donald Driver,Peta Murgatroyd,Athlete,1st Place,1,True,False,27.0,0.120535714,3.5,3,5.333333333,-2.3834371886401056,0.0,0.2335977407798052,0.02033026455562252,1.4099540946153082,R2_Percent
14,5,Gavin DeGraw,Karina Smirnoff,Singer/Rapper,Eliminated Week 5,9,True,True,19.0,0.084821429,9.0,3,15.66666667,-1.415853162797979,0.0,0.007949609574172758,0.24043501784161447,-1.970523667679321,R2_Percent
14,5,Gladys Knight,Tristan MacManus,Singer/Rapper,Eliminated Week 6,8,True,False,22.0,0.098214286,7.0,3,2.333333333,-3.025291073884079,0.0,0.011210814125142491,0.20541645057325278,-1.6267676256244576,R2_Percent
14,5,Jaleel White,Kym Johnson,Actor/Actress,Eliminated Week 7,7,True,False,24.0,0.107142857,6.0,3,7.0,-2.149822337631846,0.0,0.01325659481657994,0.18517702551705198,-1.4591513343569182,R2_Percent
14,5,Katherine Jenkins,Mark Ballas,Singer/Rapper,2nd Place,2,True,False,29.0,0.129464286,1.5,3,4.333333333,-2.555287445373344,0.0,0.25388955024364634,0.015424021281537652,1.4932528459144119,R2_Percent
14,5,Maria Menounos,Derek Hough,TV Personality,Eliminated Week 9,4,True,False,27.0,0.120535714,3.5,3,5.666666667,-2.3321438942041337,0.0,0.11450394922009158,0.06266221122610484,0.6969628284319905,R2_Percent
14,5,Melissa Gilbert,Maksim Chmerkoskiy,Actor/Actress,Eliminated Week 8,5,True,False,21.0,0.09375,8.0,3,5.666666667,-2.3321438942041337,0.0,0.04557083334723028,0.15485227340681676,-0.22437859267448232,R2_Percent
14,5,Roshon Fegan,Chelsie Hightower,Actor/Actress,Eliminated Week 8,6,True,False,26.0,0.116071429,5.0,3,7.0,-2.149822337631846,0.0,0.06979673320935102,0.09973499571993164,0.20194072154210732,R2_Percent
14,5,William Levy,Cheryl Burke,Actor/Actress,3rd Place,3,True,False,29.0,0.129464286,1.5,3,6.666666667,-2.192381951969845,0.0,0.2502241746839802,0.015967739878067377,1.4787107298313609,R2_Percent
14,6,Donald Driver,Peta Murgatroyd,Athlete,1st Place,1,True,False,33.9999,0.131782916,4.0,3,3.666666667,-2.436116484416783,0.0,0.2397539689684067,0.024982892627030802,1.1925252398857364,R2_Percent
14,6,Gladys Knight,Tristan MacManus,Singer/Rapper,Eliminated Week 6,8,True,True,24.0,0.093023508,8.0,3,2.333333333,-2.7725887207522812,0.0,0.010812652542919974,0.31370052428584605,-1.906371048179334,R2_Percent
14,6,Jaleel White,Kym Johnson,Actor/Actress,Eliminated Week 7,7,True,False,36.9998,0.143410467,2.0,3,10.0,-1.5786662532949982,0.0,0.012862883017012085,0.19110331091869828,-1.7327421498320839,R2_Percent
14,6,Katherine Jenkins,Mark Ballas,Singer/Rapper,2nd Place,2,True,False,38.9999,0.151162813,1.0,3,2.0,-2.87794923613233,0.0,0.25816484231006337,0.0174790211459935,1.2665102762256626,R2_Percent
14,6,Maria Menounos,Derek Hough,TV Personality,Eliminated Week 9,4,True,False,29.9999,0.116278998,6.0,3,11.0,-1.4916548763457724,0.0,0.1104459331725428,0.09819168698789245,0.41743808030543533,R2_Percent
14,6,Melissa Gilbert,Maksim Chmerkoskiy,Actor/Actress,Eliminated Week 8,5,True,False,30.0,0.116279385,5.0,3,3.0,-2.5902671641249935,0.0,0.04690889198629351,0.1790125348569951,-0.4388807762816039,R2_Percent
14,6,Roshon Fegan,Chelsie Hightower,Actor/Actress,Eliminated Week 8,6,True,False,27.9998,0.108526651,7.0,3,7.666666667,-1.8170772765709986,0.0,0.07015027991019483,0.15463392216912736,-0.03644823164631346,R2_Percent
14,6,William Levy,Cheryl Burke,Actor/Actress,3rd Place,3,True,False,36.0,0.139535262,3.0,3,5.666666667,-2.079441540842336,0.0,0.25090054809256673,0.020896107008416463,1.237968609522501,R2_Percent
14,7,Donald Driver,Peta Murgatroyd,Athlete,1st Place,1,True,False,26.5,0.144414169,3.5,3,5.0,-1.8545603698195008,0.0,0.24152288913800027,0.036944187985328336,0.9021015898876923,R2_Percent
14,7,Jaleel White,Kym Johnson,Actor/Actress,Eliminated Week 7,7,True,True,25.5,0.138964578,6.0,3,5.0,-1.8545603698195008,0.0,0.01368113608555429,0.3350990130113512,-1.968844701817206,R2_Percent
14,7,Katherine Jenkins,Mark Ballas,Singer/Rapper,2nd Place,2,True,False,27.0,0.147138965,2.0,3,3.0,-2.2600254776082207,0.0,0.24804526415491612,0.033852272946066506,0.9287485885114957,R2_Percent
14,7,Maria Menounos,Derek Hough,TV Personality,Eliminated Week 9,4,True,False,28.5,0.155313351,1.0,3,5.0,-1.8545603698195008,0.0,0.12170254035373974,0.10343122467235806,0.21671721592350215,R2_Percent
14,7,Melissa Gilbert,Maksim Chmerkoskiy,Actor/Actress,Eliminated Week 8,5,True,False,23.5,0.128065395,7.0,3,2.333333333,-2.4423470343105085,0.0,0.04617692771777198,0.27322611854469675,-0.7523823844552933,R2_Percent
14,7,Roshon Fegan,Chelsie Hightower,Actor/Actress,Eliminated Week 8,6,True,False,26.0,0.141689373,5.0,3,6.0,-1.7004096900835124,0.0,0.07385022377751366,0.18492810158000028,-0.2828236186175499,R2_Percent
14,7,William Levy,Cheryl Burke,Actor/Actress,3rd Place,3,True,False,26.5,0.144414169,3.5,3,5.0,-1.8545603698195008,0.0,0.2550210187725038,0.03251908126019882,0.9564833105673582,R2_Percent
14,8,Donald Driver,Peta Murgatroyd,Athlete,1st Place,1,True,False,27.5,0.168195719,3.5,3,4.0,-1.791759468628055,0.0,0.2534538966131487,0.04990587640758456,0.6178267271398328,R2_Percent
14,8,Katherine Jenkins,Mark Ballas,Singer/Rapper,2nd Place,2,True,False,27.5,0.168195719,3.5,3,2.333333333,-2.1972245765362195,0.0,0.2518090359426473,0.05068781849676943,0.6113157944143506,R2_Percent
14,8,Maria Menounos,Derek Hough,TV Personality,Eliminated Week 9,4,True,False,26.5,0.162079511,5.0,3,5.666666667,-1.504077396276274,0.0,0.11932930494464959,0.18785370466826962,-0.13546827223204594,R2_Percent
14,8,Melissa Gilbert,Maksim Chmerkoskiy,Actor/Actress,Eliminated Week 8,5,True,True,25.5,0.155963303,6.0,3,2.333333333,-2.1972245765362195,0.0,0.044557361760669933,0.40350958508272844,-1.1205778245296742,R2_Percent
14,8,Roshon Fegan,Chelsie Hightower,Actor/Actress,Eliminated Week 8,6,True,True,28.0,0.171253823,2.0,3,5.666666667,-1.504077396276274,0.0,0.07495047330898244,0.2620168342193055,-0.6005276724226734,R2_Percent
14,8,William Levy,Cheryl Burke,Actor/Actress,3rd Place,3,True,False,28.5,0.174311927,1.0,3,4.0,-1.791759468628055,0.0,0.2558999274299019,0.04602618112534244,0.6274312476302102,R2_Percent
14,9,Donald Driver,Peta Murgatroyd,Athlete,1st Place,1,True,False,28.5,0.247826087,3.0,3,5.666666667,-1.3862943606823905,0.0,0.2936000435542896,0.13801330777979381,0.20662737308116808,R2_Percent
14,9,Katherine Jenkins,Mark Ballas,Singer/Rapper,2nd Place,2,True,False,28.0,0.243478261,4.0,3,4.333333333,-1.6094379120091005,0.0,0.2834017136572322,0.15835464910357946,0.17127430201266836,R2_Percent
14,9,Maria Menounos,Derek Hough,TV Personality,Eliminated Week 9,4,True,True,29.5,0.256521739,1.0,3,8.666666667,-1.0147308043895629,0.0,0.13629789194544462,0.562249429333131,-0.5607481997063106,R2_Percent
14,9,William Levy,Cheryl Burke,Actor/Actress,3rd Place,3,True,False,29.0,0.252173913,2.0,3,4.0,-1.6739764330508382,0.0,0.2867003508430336,0.14138261378349565,0.1828465246124743,R2_Percent
14,10,Donald Driver,Peta Murgatroyd,Athlete,1st Place,1,True,False,29.6666,0.332089302,2.5,3,8.0,-0.8630462171026806,0.0,0.3469434010558528,0.2941610461270795,0.04077344309093306,R2_Percent
14,10,Katherine Jenkins,Mark Ballas,Singer/Rapper,2nd Place,2,True,False,30.0,0.335821397,1.0,3,4.333333333,-1.3862943607667657,0.0,0.3370063712502151,0.31192882975105657,0.011713621757615866,R2_Percent
14,10,William Levy,Cheryl Burke,Actor/Actress,3rd Place,3,True,False,29.6666,0.332089302,2.5,3,6.0,-1.1143606453158619,0.0,0.31605022769393215,0.39391012412186394,-0.05248706484854898,R2_Percent
15,1,Apolo Anton Ohno,Karina Smirnoff,Athlete,Eliminated Week 9,5,True,False,22.0,0.079566004,4.5,3,0.0,-4.897839786550912,0.0,0.14124692694893162,0.030350237759300902,1.6909117639395201,R2_Percent
15,1,Bristol Palin,Mark Ballas,TV Personality,Eliminated Week 4,9,True,False,19.5,0.070524412,11.0,3,11.0,-2.4129331490462445,0.0,0.006138371749613509,0.1185434269201892,-1.4450383301053016,R2_Percent
15,1,Drew Lachey,Anna Trebunskaya,Singer/Rapper,Eliminated Week 3,11,True,False,21.5,0.077757685,7.0,3,6.0,-2.9519296489813125,0.0,0.004806741656631279,0.11211199801874418,-1.6895784054287046,R2_Percent
15,1,Emmitt Smith,Cheryl Burke,Athlete,Eliminated Week 9,4,True,False,24.5,0.088607595,1.0,3,13.0,-2.25878246937851,0.0,0.09928313027288949,0.04142885797350912,1.3383778204057406,R2_Percent
15,1,Gilles Marini,Peta Murgatroyd,Actor/Actress,Eliminated Week 8,6,True,False,24.0,0.086799277,2.0,3,6.0,-2.9519296489813125,0.0,0.03391764325564674,0.07817027818198258,0.2643374792817399,R2_Percent
15,1,Helio Castroneves,Chelsie Hightower,Racing Driver,Eliminated Week 3,10,True,False,21.5,0.077757685,7.0,3,9.0,-2.595254705616866,0.0,0.005782272971016596,0.11108302000558322,-1.5048009967731566,R2_Percent
15,1,Joey Fatone,Kym Johnson,Singer/Rapper,Eliminated Week 2,12,True,False,20.5,0.074141049,10.0,3,8.0,-2.700615221125803,0.0,0.00454125736114104,0.11630212003954114,-1.7463939242342355,R2_Percent
15,1,Kelly Monaco,Valentin Chmerkovskiy,Actor/Actress,3rd Place,3,True,False,21.5,0.077757685,7.0,3,5.0,-3.106080328489523,0.0,0.23391045125098658,0.012859222159125527,2.1953405054161594,R2_Percent
15,1,Kirstie Alley,Maksim Chmerkoskiy,Actor/Actress,Eliminated Week 8,7,True,False,19.0,0.068716094,12.0,3,15.0,-2.12525107687363,0.0,0.012393443084126017,0.11366433161559776,-0.7424303005191568,R2_Percent
15,1,Melissa Rycroft,Tony Dovolani,TV Personality,1st Place,1,True,False,21.0,0.075949367,9.0,3,6.0,-2.9519296489813125,0.0,0.27411138841381816,0.00894578762803561,2.3539367010994603,R2_Percent
15,1,Pamela Anderson,Tristan MacManus,Model,Eliminated Week 1,13,True,True,17.0,0.061482821,13.0,3,21.0,-1.8067973459835045,0.0,0.004560324408263722,0.13105981426232335,-1.742204086577696,R2_Percent
15,1,Sabrina Bryan,Louis van Amstel,Actor/Actress,Eliminated Week 6,8,True,False,22.5,0.081374322,3.0,3,5.0,-3.106080328489523,0.0,0.011274865961509731,0.10191910814392491,-0.8370218525329622,R2_Percent
15,1,Shawn Johnson,Derek Hough,Athlete,2nd Place,2,True,False,22.0,0.079566004,4.5,3,16.0,-2.0646264551064597,0.0,0.16803318266542566,0.023561797292142566,1.8645636260285934,R2_Percent
15,2,Apolo Anton Ohno,Karina Smirnoff,Athlete,Eliminated Week 9,5,True,False,24.5,0.088768116,4.0,3,0.0,-4.581560310514032,0.0,0.11489415375893769,0.043018351496416,1.3182524966870968,R2_Percent
15,2,Bristol Palin,Mark Ballas,TV Personality,Eliminated Week 4,9,True,False,18.0,0.065217391,12.0,3,9.666666667,-2.2144367052022065,0.0,0.006572135957225378,0.1496139832057626,-1.5429199184447333,R2_Percent
15,2,Drew Lachey,Anna Trebunskaya,Singer/Rapper,Eliminated Week 3,11,True,False,22.5,0.081521739,8.0,3,7.0,-2.502118777380029,0.0,0.004837241343276268,0.1303667080596948,-1.8494142179136674,R2_Percent
15,2,Emmitt Smith,Cheryl Burke,Athlete,Eliminated Week 9,4,True,False,22.5,0.081521739,8.0,3,9.666666667,-2.2144367052022065,0.0,0.10829197744778293,0.049034309072154725,1.2590722683921143,R2_Percent
15,2,Gilles Marini,Peta Murgatroyd,Actor/Actress,Eliminated Week 8,6,True,False,25.5,0.092391304,2.0,3,7.333333333,-2.4612967829486077,0.0,0.03411833992306653,0.08919778441947603,0.10407626161805608,R2_Percent
15,2,Helio Castroneves,Chelsie Hightower,Racing Driver,Eliminated Week 3,10,True,False,23.0,0.083333333,6.0,3,3.333333333,-3.115223249310348,0.0,0.006113457637837284,0.1266169031469659,-1.6152662944533107,R2_Percent
15,2,Joey Fatone,Kym Johnson,Singer/Rapper,Eliminated Week 2,12,True,True,22.5,0.081521739,8.0,3,11.33333333,-2.069254695782962,0.0,0.0046893924077820405,0.13054901442900177,-1.8804557822636028,R2_Percent
15,2,Kelly Monaco,Valentin Chmerkovskiy,Actor/Actress,3rd Place,3,True,False,22.0,0.079710145,10.0,3,6.333333333,-2.5891301543041285,0.0,0.23127193042686991,0.015599891459760254,2.017835400424538,R2_Percent
15,2,Kirstie Alley,Maksim Chmerkoskiy,Actor/Actress,Eliminated Week 8,7,True,False,21.0,0.076086957,11.0,3,13.33333333,-1.9189724928064082,0.0,0.013695060511598856,0.12621635371202158,-0.8087235845269639,R2_Percent
15,2,Melissa Rycroft,Tony Dovolani,TV Personality,1st Place,1,True,False,23.5,0.085144928,5.0,3,5.0,-2.7898008494248656,0.0,0.27667889872975554,0.009647695438510562,2.1970988176715576,R2_Percent
15,2,Sabrina Bryan,Louis van Amstel,Actor/Actress,Eliminated Week 6,8,True,False,26.0,0.094202899,1.0,3,3.0,-3.195265956719141,0.0,0.011218322478189493,0.10887269484920539,-1.0082104285811297,R2_Percent
15,2,Shawn Johnson,Derek Hough,Athlete,2nd Place,2,True,False,25.0,0.09057971,3.0,3,9.666666667,-2.2144367052022065,0.0,0.18761908937767793,0.02126631071103039,1.8086549813900443,R2_Percent
15,3,Apolo Anton Ohno,Karina Smirnoff,Athlete,Eliminated Week 9,5,True,False,25.5,0.091726619,5.5,3,0.0,-4.469732206390188,0.0,0.09829294911397495,0.059943386695152936,0.9861964269632394,R2_Percent
15,3,Bristol Palin,Mark Ballas,TV Personality,Eliminated Week 4,9,True,False,22.5,0.080935252,11.0,3,19.66666667,-1.4412101181626684,0.0,0.0068618055277066626,0.15752511620776388,-1.6757852658105723,R2_Percent
15,3,Drew Lachey,Anna Trebunskaya,Singer/Rapper,Eliminated Week 3,11,True,True,24.0,0.086330935,9.5,3,9.666666667,-2.1026086001419046,0.0,0.005001300687392532,0.1523485821259231,-1.9920578532942321,R2_Percent
15,3,Emmitt Smith,Cheryl Burke,Athlete,Eliminated Week 9,4,True,False,25.0,0.089928058,8.0,3,9.333333333,-2.1343572984935815,0.0,0.11304531876340164,0.05303563541436755,1.126032919939485,R2_Percent
15,3,Gilles Marini,Peta Murgatroyd,Actor/Actress,Eliminated Week 8,6,True,False,25.5,0.091726619,5.5,3,5.666666667,-2.5726122288776403,0.0,0.03566330164594797,0.10834948873333723,-0.027633674409344916,R2_Percent
15,3,Helio Castroneves,Chelsie Hightower,Racing Driver,Eliminated Week 3,10,True,True,25.5,0.091726619,5.5,3,0.0,-4.469732206390188,0.0,0.005816776736784189,0.14366219855049728,-1.8410095863462939,R2_Percent
15,3,Kelly Monaco,Valentin Chmerkovskiy,Actor/Actress,3rd Place,3,True,False,27.0,0.097122302,1.5,3,4.333333333,-2.79575577997685,0.0,0.23953582190516887,0.014990335076741896,1.8769471058310243,R2_Percent
15,3,Kirstie Alley,Maksim Chmerkoskiy,Actor/Actress,Eliminated Week 8,7,True,False,24.0,0.086330935,9.5,3,8.333333333,-2.2361399927164274,0.0,0.014854935006328302,0.1388003884440922,-0.903423735677048,R2_Percent
15,3,Melissa Rycroft,Tony Dovolani,TV Personality,1st Place,1,True,False,27.0,0.097122302,1.5,3,3.0,-3.0834378518202974,0.0,0.27696650055962363,0.010523588337789453,2.0221406928891086,R2_Percent
15,3,Sabrina Bryan,Louis van Amstel,Actor/Actress,Eliminated Week 6,8,True,False,25.5,0.091726619,5.5,3,2.333333333,-3.265759408277585,0.0,0.010675312893182408,0.13721415783068044,-1.2338219998550581,R2_Percent
15,3,Shawn Johnson,Derek Hough,Athlete,2nd Place,2,True,False,26.5,0.095323741,3.0,3,14.0,-1.7616820134390891,0.0,0.19328597716048887,0.023607122583653828,1.6624149697696913,R2_Percent
15,4,Apolo Anton Ohno,Karina Smirnoff,Athlete,Eliminated Week 9,5,True,False,34.5,0.107309487,7.0,4,0.0,-4.214593683597159,0.0,0.08864978334047506,0.09606956412341547,0.435878383031388,R2_Percent
15,4,Bristol Palin,Mark Ballas,TV Personality,Eliminated Week 4,9,True,True,32.0,0.099533437,8.0,4,12.0,-1.6496443323817758,0.0,0.008051781950633786,0.2214871030116801,-1.9629217782369013,R2_Percent
15,4,Emmitt Smith,Cheryl Burke,Athlete,Eliminated Week 9,4,True,False,36.0,0.111975117,5.0,4,9.333333333,-1.879218773924208,0.0,0.11929590896952974,0.06880756693879556,0.7327918310609172,R2_Percent
15,4,Gilles Marini,Peta Murgatroyd,Actor/Actress,Eliminated Week 8,6,True,False,39.5,0.122861586,1.5,4,5.333333333,-2.368766998849705,0.0,0.0366579408149894,0.1355706459824267,-0.4471851344678825,R2_Percent
15,4,Kelly Monaco,Valentin Chmerkovskiy,Actor/Actress,3rd Place,3,True,False,37.5,0.116640747,3.0,4,3.666666667,-2.674148647895248,0.0,0.24121870550060442,0.02079740403943623,1.4368888081747917,R2_Percent
15,4,Kirstie Alley,Maksim Chmerkoskiy,Actor/Actress,Eliminated Week 8,7,True,False,30.0,0.093312597,9.0,4,11.0,-1.7296870400119362,0.0,0.01522173054682968,0.21950908024515386,-1.3260911573710206,R2_Percent
15,4,Melissa Rycroft,Tony Dovolani,TV Personality,1st Place,1,True,False,37.0,0.115085537,4.0,4,3.333333333,-2.7482566200857828,0.0,0.26727914446245044,0.016497522515590186,1.5394783916416765,R2_Percent
15,4,Sabrina Bryan,Louis van Amstel,Actor/Actress,Eliminated Week 6,8,True,False,35.5,0.110419907,6.0,4,2.0,-3.11598139944016,0.0,0.010233455792399558,0.19575173214719307,-1.7231528729605317,R2_Percent
15,4,Shawn Johnson,Derek Hough,Athlete,2nd Place,2,True,False,39.5,0.122861586,1.5,4,12.0,-1.6496443323817758,0.0,0.2133915486220878,0.025509380996308766,1.3143135291275632,R2_Percent
15,5,Apolo Anton Ohno,Karina Smirnoff,Athlete,Eliminated Week 9,5,True,False,28.25,0.127109111,3.5,3,0.0,-4.164077893798261,0.0,0.08196974998419845,0.12809019701300572,0.1068974483431126,R2_Percent
15,5,Emmitt Smith,Cheryl Burke,Athlete,Eliminated Week 9,4,True,False,28.0,0.125984252,6.0,3,10.66666667,-1.7073421265731477,0.0,0.12516469703631816,0.08606455021430066,0.5301776181227946,R2_Percent
15,5,Gilles Marini,Peta Murgatroyd,Actor/Actress,Eliminated Week 8,6,True,False,28.25,0.127109111,3.5,3,7.0,-2.084636357747592,0.0,0.037323441462193976,0.19533609168621674,-0.6798312415435277,R2_Percent
15,5,Kelly Monaco,Valentin Chmerkovskiy,Actor/Actress,3rd Place,3,True,False,25.75,0.115860517,8.0,3,9.333333333,-1.8287029838242352,0.0,0.23726665715614764,0.03282604248205888,1.1697318160962116,R2_Percent
15,5,Kirstie Alley,Maksim Chmerkoskiy,Actor/Actress,Eliminated Week 8,7,True,False,26.25,0.118110236,7.0,3,10.33333333,-1.7363296640100132,0.0,0.016205736110013712,0.2596609695633391,-1.5140875677965526,R2_Percent
15,5,Melissa Rycroft,Tony Dovolani,TV Personality,1st Place,1,True,False,28.25,0.127109111,3.5,3,2.333333333,-2.9601050940756584,0.0,0.26489563047396597,0.022731692370926947,1.2798830729118649,R2_Percent
15,5,Sabrina Bryan,Louis van Amstel,Actor/Actress,Eliminated Week 6,8,True,False,29.25,0.131608549,1.0,3,2.666666667,-2.8647949142558793,0.0,0.009770913580709398,0.24289136400963818,-2.0200428577723684,R2_Percent
15,5,Shawn Johnson,Derek Hough,Athlete,2nd Place,2,True,False,28.25,0.127109111,3.5,3,14.0,-1.4560276987004954,0.0,0.22740317419645265,0.032399092660513794,1.1272717116384645,R2_Percent
15,6,Apolo Anton Ohno,Karina Smirnoff,Athlete,Eliminated Week 9,5,True,False,30.0,0.132743363,1.5,3,0.0,-4.153661132954261,0.0,0.07424438644445239,0.1302397300400261,0.017415005961049224,R2_Percent
15,6,Emmitt Smith,Cheryl Burke,Athlete,Eliminated Week 9,4,True,False,26.5,0.117256637,8.0,3,9.666666667,-1.7865375245611868,0.0,0.12799116227837468,0.09071759948168086,0.5620140514137673,R2_Percent
15,6,Gilles Marini,Peta Murgatroyd,Actor/Actress,Eliminated Week 8,6,True,False,27.5,0.121681416,5.5,3,12.0,-1.5887117813696483,0.0,0.03763502417567062,0.2043747673746514,-0.6620120545636573,R2_Percent
15,6,Kelly Monaco,Valentin Chmerkovskiy,Actor/Actress,3rd Place,3,True,False,27.0,0.119469027,7.0,3,5.666666667,-2.2565411534300472,0.0,0.25492790390809544,0.026764131535625364,1.2510336099886974,R2_Percent
15,6,Kirstie Alley,Maksim Chmerkoskiy,Actor/Actress,Eliminated Week 8,7,True,False,27.5,0.121681416,5.5,3,7.333333333,-2.0333976023968376,0.0,0.016375683541159907,0.24985829709996102,-1.4941496418002576,R2_Percent
15,6,Melissa Rycroft,Tony Dovolani,TV Personality,1st Place,1,True,False,29.5,0.130530973,3.0,3,3.333333333,-2.687324069135194,0.0,0.2436450823052807,0.026820064491345642,1.2057654202256622,R2_Percent
15,6,Sabrina Bryan,Louis van Amstel,Actor/Actress,Eliminated Week 6,8,True,True,30.0,0.132743363,1.5,3,2.333333333,-2.9496883331849926,0.0,0.009363028232295722,0.24047615677129613,-2.0531783981652842,R2_Percent
15,6,Shawn Johnson,Derek Hough,Athlete,2nd Place,2,True,False,28.0,0.123893805,4.0,3,15.33333333,-1.3604531296926972,0.0,0.23581772911467047,0.030749253205413524,1.173112006940023,R2_Percent
15,7,Apolo Anton Ohno,Karina Smirnoff,Athlete,Eliminated Week 9,5,True,False,33.0,0.136364031,6.0,3,0.0,-4.462069333603829,0.0,0.06928899267486517,0.18916733236533018,-0.3507258098404674,R2_Percent
15,7,Emmitt Smith,Cheryl Burke,Athlete,Eliminated Week 9,4,True,False,34.4999,0.142561983,4.0,3,10.0,-2.064174068684246,0.0,0.13006915458378124,0.10044093045786928,0.27905439979264063,R2_Percent
15,7,Gilles Marini,Peta Murgatroyd,Actor/Actress,Eliminated Week 8,6,True,False,33.4998,0.138429326,5.0,3,5.333333333,-2.6162426504563747,0.0,0.041445403786312014,0.24135832605689106,-0.8646348778613459,R2_Percent
15,7,Kelly Monaco,Valentin Chmerkovskiy,Actor/Actress,3rd Place,3,True,False,36.0,0.148760761,3.0,3,6.0,-2.5161591919770863,0.0,0.25626770455816544,0.02873683668460658,0.9572107514645998,R2_Percent
15,7,Kirstie Alley,Maksim Chmerkoskiy,Actor/Actress,Eliminated Week 8,7,True,False,27.9999,0.115702401,7.0,3,35.33333333,-0.869333748562672,0.0,0.01572768202843441,0.3815228128259475,-1.833589521269921,R2_Percent
15,7,Melissa Rycroft,Tony Dovolani,TV Personality,1st Place,1,True,False,38.9999,0.161157078,1.0,3,3.666666667,-2.9216242993947747,0.0,0.23903941788851094,0.030079699429663487,0.887616599176086,R2_Percent
15,7,Shawn Johnson,Derek Hough,Athlete,2nd Place,2,True,False,37.9998,0.157024421,2.0,3,19.33333333,-1.4498077665029985,0.0,0.2481616444799308,0.02869406217969183,0.9250684585384077,R2_Percent
15,8,Apolo Anton Ohno,Karina Smirnoff,Athlete,Eliminated Week 9,5,True,False,29.2777,0.14691932,2.5,3,0.0,-4.394449146523056,0.0,0.06407744894398433,0.1929769475936837,-0.4357541675522534,R2_Percent
15,8,Emmitt Smith,Cheryl Burke,Athlete,Eliminated Week 9,4,True,False,29.0554,0.145803789,4.0,3,9.666666667,-2.027325539700814,0.0,0.12952788875377935,0.10505578997022574,0.268049556092844,R2_Percent
15,8,Gilles Marini,Peta Murgatroyd,Actor/Actress,Eliminated Week 8,6,True,True,29.2777,0.14691932,2.5,3,4.333333333,-2.7204727195951346,0.0,0.039549069368387195,0.24332731389347595,-0.9183044956044879,R2_Percent
15,8,Kelly Monaco,Valentin Chmerkovskiy,Actor/Actress,3rd Place,3,True,False,28.3333,0.142180197,5.0,3,6.333333333,-2.402018988873759,0.0,0.2534202732227291,0.0337080864383254,0.939202610479353,R2_Percent
15,8,Kirstie Alley,Maksim Chmerkoskiy,Actor/Actress,Eliminated Week 8,7,True,True,25.5,0.127962328,7.0,3,36.33333333,-0.7745625718683926,0.0,0.018450744709209575,0.35531382733063605,-1.6807419257180212,R2_Percent
15,8,Melissa Rycroft,Tony Dovolani,TV Personality,1st Place,1,True,False,30.0,0.150543915,1.0,3,3.333333333,-2.928112084037321,0.0,0.23290724647311034,0.037809875176095166,0.8547936314701514,R2_Percent
15,8,Shawn Johnson,Derek Hough,Athlete,2nd Place,2,True,False,27.8333,0.139671132,6.0,3,14.0,-1.6863989529808459,0.0,0.26206732852880005,0.031808159597557936,0.9727547908324138,R2_Percent
15,9,Apolo Anton Ohno,Karina Smirnoff,Athlete,Eliminated Week 9,5,True,True,28.611,0.202915325,3.0,3,0.0,-3.7917368351127916,0.0,0.06476730793864455,0.49525188459175123,-0.9968270742002964,R2_Percent
15,9,Emmitt Smith,Cheryl Burke,Athlete,Eliminated Week 9,4,True,True,27.0,0.191489769,5.0,3,17.0,-0.9013650814036642,0.0,0.13766309683906794,0.27701276024507143,-0.24281867012667568,R2_Percent
15,9,Kelly Monaco,Valentin Chmerkovskiy,Actor/Actress,3rd Place,3,True,False,27.111,0.192277005,4.0,3,6.0,-1.8458266898574787,0.0,0.27245857912664545,0.07690462230347063,0.43985855621236447,R2_Percent
15,9,Melissa Rycroft,Tony Dovolani,TV Personality,1st Place,1,True,False,28.7777,0.204097597,2.0,3,4.333333333,-2.1177604052057037,0.0,0.24244900153635957,0.09133044693453066,0.3231633421856205,R2_Percent
15,9,Shawn Johnson,Derek Hough,Athlete,2nd Place,2,True,False,29.5,0.209220303,1.0,3,12.0,-1.226787481743563,0.0,0.2826620145592823,0.05950028592517624,0.4766238459289873,R2_Percent
15,10,Kelly Monaco,Valentin Chmerkovskiy,Actor/Actress,3rd Place,3,True,False,29.1109,0.333121253,2.0,3,8.666666667,-1.4201959123472963,0.0,0.3423159576161707,0.30274026943770777,0.028221320641999337,R2_Percent
15,10,Melissa Rycroft,Tony Dovolani,TV Personality,1st Place,1,True,False,29.3331,0.335663928,1.0,3,8.333333333,-1.455287232213985,0.0,0.3071756016675106,0.41198265344022,-0.08009326614602497,R2_Percent
15,10,Shawn Johnson,Derek Hough,Athlete,2nd Place,2,True,False,28.9443,0.331214819,3.0,3,20.0,-0.644357016200037,0.0,0.3505084407163187,0.2852770771220721,0.05187194550402585,R2_Percent
16,1,Alexandra Raisman,Mark Ballas,Athlete,Eliminated Week 10,4,True,False,21.0,0.091703057,3.0,3,15.0,-2.4423470342192046,0.0,0.33490320450038547,0.005074100274279286,2.314232142207481,R2_Percent
16,1,Andy Dick,Sharna Burgess,Comedian,Eliminated Week 7,7,True,False,17.0,0.074235808,11.0,3,9.0,-2.91235066277494,0.0,0.019270091112467545,0.11821907767121512,-0.5410551954580938,R2_Percent
16,1,D. L. Hughley,Cheryl Burke,Comedian,Eliminated Week 5,9,True,False,12.0,0.052401747,12.0,3,0.0,-5.214935739208986,0.0,0.008075518264735411,0.16153450417760096,-1.4107723576354048,R2_Percent
16,1,Dorothy Hamill,Tristan MacManus,Athlete,Withdrew,12,True,False,21.0,0.091703057,3.0,3,5.0,-3.423176285314264,0.0,0.030162293053629104,0.09042242435868045,-0.09301683619670775,R2_Percent
16,1,Ingo Rademacher,Kym Johnson,Actor/Actress,Eliminated Week 9,5,True,False,20.0,0.087336245,5.5,3,12.0,-2.6499863987320644,0.0,0.11553601649623897,0.04204889253497229,1.249972906412923,R2_Percent
16,1,Jacoby Jones,Karina Smirnoff,Athlete,3rd Place,3,True,False,20.0,0.087336245,5.5,3,10.0,-2.817040483137888,0.0,0.18819151468098116,0.021159934226981193,1.7378507333478275,R2_Percent
16,1,Kellie Pickler,Derek Hough,Singer/Rapper,1st Place,1,True,False,21.0,0.091703057,3.0,3,11.0,-2.730029106287652,0.0,0.15480736770786027,0.027837244979498056,1.5425721489590678,R2_Percent
16,1,Lisa Vanderpump,Gleb Savchenko,TV Personality,Eliminated Week 4,10,True,False,18.0,0.07860262,9.0,3,9.0,-2.91235066277494,0.0,0.004671389474946528,0.13022308659381665,-1.9581528465405993,R2_Percent
16,1,Sean Lowe,Peta Murgatroyd,TV Personality,Eliminated Week 8,6,True,False,19.0,0.082969432,7.0,3,65.0,-1.0252810153037721,0.0,0.018056481263561325,0.11010803260636311,-0.6061047129747996,R2_Percent
16,1,Victor Ortiz,Lindsay Arnold,Athlete,Eliminated Week 6,8,True,False,18.0,0.07860262,9.0,3,13.0,-2.5758784266794414,0.0,0.0071331935524057725,0.12722798159816534,-1.534850368365402,R2_Percent
16,1,Wynonna Judd,Tony Dovolani,Singer/Rapper,Eliminated Week 3,11,True,False,18.0,0.07860262,9.0,3,4.0,-3.605497841494885,0.0,0.004751597550901601,0.13012440073406592,-1.9411285180689009,R2_Percent
16,1,Zendaya,Valentin Chmerkovskiy,Actor/Actress,2nd Place,2,True,False,24.0,0.104803493,1.0,3,19.0,-2.2192034831349945,0.0,0.11444133234188685,0.036020320244361644,1.2404529043126085,R2_Percent
16,2,Alexandra Raisman,Mark Ballas,Athlete,Eliminated Week 10,4,True,False,24.0,0.098360656,3.0,3,0.0,-4.7847100879064275,0.0,0.3458905115932314,0.004194599746224734,2.3859275876224317,R2_Percent
16,2,Andy Dick,Sharna Burgess,Comedian,Eliminated Week 7,7,True,False,20.0,0.081967213,6.0,3,5.333333333,-2.938883407537921,0.0,0.01844810224249729,0.10816497935962456,-0.5452331911645534,R2_Percent
16,2,D. L. Hughley,Cheryl Burke,Comedian,Eliminated Week 5,9,True,False,16.0,0.06557377,11.0,3,0.0,-4.7847100879064275,0.0,0.0059715410603356864,0.14209992159522075,-1.6731896687222227,R2_Percent
16,2,Dorothy Hamill,Tristan MacManus,Athlete,Withdrew,12,True,True,15.0,0.06147541,12.0,3,3.666666667,-3.2442650562902307,0.0,0.027238320921368662,0.1208147536823117,-0.1555698576786752,R2_Percent
16,2,Ingo Rademacher,Kym Johnson,Actor/Actress,Eliminated Week 9,5,True,False,20.0,0.081967213,6.0,3,3.333333333,-3.3183730283950514,0.0,0.11461293306094207,0.04358570080396867,1.2813659549725867,R2_Percent
16,2,Jacoby Jones,Karina Smirnoff,Athlete,3rd Place,3,True,False,23.0,0.094262295,4.0,3,5.0,-2.9929506286505942,0.0,0.182347879476731,0.02045655091162873,1.7457215914480715,R2_Percent
16,2,Kellie Pickler,Derek Hough,Singer/Rapper,1st Place,1,True,False,26.0,0.106557377,1.5,3,9.666666667,-2.417586484588352,0.0,0.15067530342359967,0.024568248982015234,1.5549325162537002,R2_Percent
16,2,Lisa Vanderpump,Gleb Savchenko,TV Personality,Eliminated Week 4,10,True,False,18.0,0.073770492,9.0,3,12.66666667,-2.169750320717384,0.0,0.004436424389312741,0.13342859646163913,-1.9703459625961854,R2_Percent
16,2,Sean Lowe,Peta Murgatroyd,TV Personality,Eliminated Week 8,6,True,False,20.0,0.081967213,6.0,3,37.66666667,-1.1297321970391492,0.0,0.02129477033113089,0.10529348821104706,-0.40173317866616093,R2_Percent
16,2,Victor Ortiz,Lindsay Arnold,Athlete,Eliminated Week 6,8,True,False,18.0,0.073770492,9.0,3,8.333333333,-2.5511178771195713,0.0,0.007082820896525538,0.13013252154623126,-1.5025224368100112,R2_Percent
16,2,Wynonna Judd,Tony Dovolani,Singer/Rapper,Eliminated Week 3,11,True,False,18.0,0.073770492,9.0,3,5.0,-2.9929506286505942,0.0,0.004186744349827467,0.13374384911412113,-2.0282712697805496,R2_Percent
16,2,Zendaya,Valentin Chmerkovskiy,Actor/Actress,2nd Place,2,True,False,26.0,0.106557377,1.5,3,17.0,-1.8943383413121144,0.0,0.11781464825449746,0.03351678958596709,1.308917915121568,R2_Percent
16,3,Alexandra Raisman,Mark Ballas,Athlete,Eliminated Week 10,4,True,False,23.0,0.097872507,4.5,3,2.0,-3.6287755262244668,0.0,0.28670231226245474,0.00908742621247177,2.0838719430258146,R2_Percent
16,3,Andy Dick,Sharna Burgess,Comedian,Eliminated Week 7,7,True,False,18.0,0.076595875,9.0,3,5.0,-2.935628347547855,0.0,0.020399945587770935,0.13769267719148445,-0.5590402613445213,R2_Percent
16,3,D. L. Hughley,Cheryl Burke,Comedian,Eliminated Week 5,9,True,False,16.0,0.068085222,10.0,3,0.0,-4.727387807359244,0.0,0.005719176489716835,0.17143846023063994,-1.830747670227245,R2_Percent
16,3,Ingo Rademacher,Kym Johnson,Actor/Actress,Eliminated Week 9,5,True,False,21.0,0.089361854,7.0,3,2.333333333,-3.523415011043307,0.0,0.11905153888098889,0.04803501395300713,1.204984004266103,R2_Percent
16,3,Jacoby Jones,Karina Smirnoff,Athlete,3rd Place,3,True,False,25.9998,0.110637635,1.5,3,4.0,-3.117949903965143,0.0,0.19950097285558993,0.01836499078730269,1.7212466178621466,R2_Percent
16,3,Kellie Pickler,Derek Hough,Singer/Rapper,1st Place,1,True,False,25.0,0.10638316,3.0,3,8.666666667,-2.4587042761374307,0.0,0.17751515653483216,0.023534408783450405,1.6044834992736712,R2_Percent
16,3,Lisa Vanderpump,Gleb Savchenko,TV Personality,Eliminated Week 4,10,True,False,21.0,0.089361854,7.0,3,10.0,-2.3294925448336,0.0,0.005462050842578269,0.14054850881970693,-1.8767481634989691,R2_Percent
16,3,Sean Lowe,Peta Murgatroyd,TV Personality,Eliminated Week 8,6,True,False,21.0,0.089361854,7.0,3,39.33333333,-1.030209561533091,0.0,0.027553111972543506,0.11406322604503646,-0.25845700844416447,R2_Percent
16,3,Victor Ortiz,Lindsay Arnold,Athlete,Eliminated Week 6,8,True,False,23.0,0.097872507,4.5,3,7.666666667,-2.567903567963563,0.0,0.008130303340146323,0.12645571505957093,-1.4789742608502212,R2_Percent
16,3,Wynonna Judd,Tony Dovolani,Singer/Rapper,Eliminated Week 3,11,True,True,15.0,0.063829896,11.0,3,3.666666667,-3.1869427752192374,0.0,0.004760635459344708,0.1800986357258869,-2.014191335729656,R2_Percent
16,3,Zendaya,Valentin Chmerkovskiy,Actor/Actress,2nd Place,2,True,False,25.9998,0.110637635,1.5,3,19.33333333,-1.7151262427622385,0.0,0.14520479577403367,0.030680937191442374,1.4035726356670428,R2_Percent
16,4,Alexandra Raisman,Mark Ballas,Athlete,Eliminated Week 10,4,True,False,27.0,0.120535714,1.0,3,0.0,-4.628235448682497,0.0,0.27300979209423504,0.010685557155294864,1.8160678432048865,R2_Percent
16,4,Andy Dick,Sharna Burgess,Comedian,Eliminated Week 7,7,True,False,21.0,0.09375,6.5,3,5.333333333,-2.7824087668543416,0.0,0.020503951338566473,0.14970915764071072,-0.7728222040203012,R2_Percent
16,4,D. L. Hughley,Cheryl Burke,Comedian,Eliminated Week 5,9,True,False,21.0,0.09375,6.5,3,0.0,-4.628235448682497,0.0,0.00515805066909157,0.17307767643031816,-2.1528810890040537,R2_Percent
16,4,Ingo Rademacher,Kym Johnson,Actor/Actress,Eliminated Week 9,5,True,False,23.0,0.102678571,5.0,3,1.666666667,-3.6474062019416036,0.0,0.11064145859143659,0.058694381388271384,0.9128550506755198,R2_Percent
16,4,Jacoby Jones,Karina Smirnoff,Athlete,3rd Place,3,True,False,24.0,0.107142857,4.0,3,5.333333333,-2.7824087668543416,0.0,0.19473189534717647,0.025415126611661856,1.47818389705811,R2_Percent
16,4,Kellie Pickler,Derek Hough,Singer/Rapper,1st Place,1,True,False,26.0,0.116071429,2.5,3,12.66666667,-2.013275679886949,0.0,0.18606631339248664,0.025352030094455243,1.4326633139754121,R2_Percent
16,4,Lisa Vanderpump,Gleb Savchenko,TV Personality,Eliminated Week 4,10,True,True,18.0,0.080357143,9.5,3,8.0,-2.4310108804425736,0.0,0.005865298374594433,0.19512532370374341,-2.0243864652438113,R2_Percent
16,4,Sean Lowe,Peta Murgatroyd,TV Personality,Eliminated Week 8,6,True,False,20.0,0.089285714,8.0,3,31.0,-1.1624995557963118,0.0,0.03200392085476239,0.14007734757957907,-0.32758139780859963,R2_Percent
16,4,Victor Ortiz,Lindsay Arnold,Athlete,Eliminated Week 6,8,True,False,18.0,0.080357143,9.5,3,9.0,-2.325650364898451,0.0,0.00839120765192381,0.1905220064156717,-1.666255370250392,R2_Percent
16,4,Zendaya,Valentin Chmerkovskiy,Actor/Actress,2nd Place,2,True,False,26.0,0.116071429,2.5,3,19.33333333,-1.6159738830712842,0.0,0.16362811168572666,0.031341392980293765,1.3041564214132293,R2_Percent
16,5,Alexandra Raisman,Mark Ballas,Athlete,Eliminated Week 10,4,True,False,25.0,0.119617225,4.0,3,0.0,-4.394449146658858,0.0,0.22878114636851948,0.021875524968332744,1.3930660614002304,R2_Percent
16,5,Andy Dick,Sharna Burgess,Comedian,Eliminated Week 7,7,True,False,18.0,0.086124402,8.5,3,5.666666667,-2.497329168607977,0.0,0.021230014880683466,0.21350539084177078,-0.9842838158325974,R2_Percent
16,5,D. L. Hughley,Cheryl Burke,Comedian,Eliminated Week 5,9,True,True,18.0,0.086124402,8.5,3,0.0,-4.394449146658858,0.0,0.004854776464392999,0.24924520735788322,-2.4597367341409,R2_Percent
16,5,Ingo Rademacher,Kym Johnson,Actor/Actress,Eliminated Week 9,5,True,False,21.0,0.100478469,6.5,3,2.0,-3.2958368633907487,0.0,0.10316135343852188,0.08593523419738608,0.5965945082519631,R2_Percent
16,5,Jacoby Jones,Karina Smirnoff,Athlete,3rd Place,3,True,False,26.0,0.124401914,3.0,3,3.666666667,-2.8540041120045667,0.0,0.20294772493293936,0.026690730983676053,1.273248640759424,R2_Percent
16,5,Kellie Pickler,Derek Hough,Singer/Rapper,1st Place,1,True,False,27.0,0.129186603,2.0,3,7.0,-2.3150076120665224,0.0,0.2092953638413144,0.024025026852532726,1.3040466859498898,R2_Percent
16,5,Sean Lowe,Peta Murgatroyd,TV Personality,Eliminated Week 8,6,True,False,24.0,0.114832536,5.0,3,30.66666667,-0.9391845514653747,0.0,0.03577265783369358,0.1418635092559247,-0.4625159385340374,R2_Percent
16,5,Victor Ortiz,Lindsay Arnold,Athlete,Eliminated Week 6,8,True,False,21.0,0.100478469,6.5,3,7.333333333,-2.2741856176267676,0.0,0.009015457390924742,0.20923121155741653,-1.8407592004536772,R2_Percent
16,5,Zendaya,Valentin Chmerkovskiy,Actor/Actress,2nd Place,2,True,False,29.0,0.138755981,1.0,3,15.66666667,-1.5810384373128223,0.0,0.18494150484901,0.027628163985077333,1.1803397925997041,R2_Percent
16,6,Alexandra Raisman,Mark Ballas,Athlete,Eliminated Week 10,4,True,False,26.0,0.137931034,2.0,3,0.0,-4.2145936836119375,0.0,0.20204270357145696,0.03627545951233299,0.9340865448943995,R2_Percent
16,6,Andy Dick,Sharna Burgess,Comedian,Eliminated Week 7,7,True,False,21.5,0.114058355,7.0,3,3.666666667,-2.6741486479100263,0.0,0.022515747515364243,0.24804977051378754,-1.260177580009629,R2_Percent
16,6,Ingo Rademacher,Kym Johnson,Actor/Actress,Eliminated Week 9,5,True,False,23.0,0.122015915,4.5,3,1.0,-3.5214465064353253,0.0,0.1015091944493052,0.10904797307494311,0.24575684610338427,R2_Percent
16,6,Jacoby Jones,Karina Smirnoff,Athlete,3rd Place,3,True,False,22.5,0.119363395,6.0,3,4.0,-2.60515577659117,0.0,0.20450133225402556,0.04224137689459062,0.9461819561679868,R2_Percent
16,6,Kellie Pickler,Derek Hough,Singer/Rapper,1st Place,1,True,False,27.0,0.143236074,1.0,3,5.0,-2.422834220022771,0.0,0.2177883658233852,0.029730543779307176,1.009131258300007,R2_Percent
16,6,Sean Lowe,Peta Murgatroyd,TV Personality,Eliminated Week 8,6,True,False,23.0,0.122015915,4.5,3,22.0,-1.079099474155251,0.0,0.03999554070579906,0.1950393297762957,-0.6856245684389674,R2_Percent
16,6,Victor Ortiz,Lindsay Arnold,Athlete,Eliminated Week 6,8,True,True,20.0,0.106100796,8.0,3,7.0,-2.1351521478529345,0.0,0.009491461898869338,0.3024588167740929,-2.123999886979877,R2_Percent
16,6,Zendaya,Valentin Chmerkovskiy,Actor/Actress,2nd Place,2,True,False,25.5,0.135278515,3.0,3,17.0,-1.3242219321065132,0.0,0.20215565378179431,0.03715672967464992,0.9346454299626961,R2_Percent
16,7,Alexandra Raisman,Mark Ballas,Athlete,Eliminated Week 10,4,True,False,32.0,0.173913043,1.0,3,0.0,-4.116323462802108,0.0,0.18553968604531335,0.04369972361222195,0.5362565615244534,R2_Percent
16,7,Andy Dick,Sharna Burgess,Comedian,Eliminated Week 7,7,True,True,17.0,0.092391304,7.0,3,4.0,-2.5068855552746743,0.0,0.022760130771276126,0.4398453015287701,-1.5620018836820018,R2_Percent
16,7,Ingo Rademacher,Kym Johnson,Actor/Actress,Eliminated Week 9,5,True,False,25.0,0.135869565,5.0,3,1.0,-3.4231762853088292,0.0,0.09593301149125297,0.1460373666808972,-0.12336208765791952,R2_Percent
16,7,Jacoby Jones,Karina Smirnoff,Athlete,3rd Place,3,True,False,27.0,0.14673913,4.0,3,5.0,-2.324563998685164,0.0,0.21075894951192287,0.044514576106287736,0.663702822456833,R2_Percent
16,7,Kellie Pickler,Derek Hough,Singer/Rapper,1st Place,1,True,False,29.0,0.157608696,3.0,3,5.333333333,-2.270496777521321,0.0,0.21900293463459639,0.03715727834826189,0.7020728912986726,R2_Percent
16,7,Sean Lowe,Peta Murgatroyd,TV Personality,Eliminated Week 8,6,True,False,24.0,0.130434783,6.0,3,24.33333333,-0.8842024172066935,0.0,0.04241703085001257,0.2549460552028606,-0.9394622860054441,R2_Percent
16,7,Zendaya,Valentin Chmerkovskiy,Actor/Actress,2nd Place,2,True,False,30.0,0.163043478,2.0,3,14.66666667,-1.364788155289237,0.0,0.22358825669562565,0.0337996985207006,0.7227939820654061,R2_Percent
16,8,Alexandra Raisman,Mark Ballas,Athlete,Eliminated Week 10,4,True,False,28.0,0.180064309,2.0,3,2.0,-2.8965256216717017,0.0,0.17294827301869967,0.09401781668074839,0.1839121770206752,R2_Percent
16,8,Ingo Rademacher,Kym Johnson,Actor/Actress,Eliminated Week 9,5,True,False,24.0,0.154340836,5.0,3,0.0,-3.995137906717589,0.0,0.09325845144382207,0.254634003381914,-0.43370568635340007,R2_Percent
16,8,Jacoby Jones,Karina Smirnoff,Athlete,3rd Place,3,True,False,26.0,0.167202572,4.0,3,6.666666667,-1.9582559841377085,0.0,0.22355591232753877,0.06580648966074748,0.440581176904856,R2_Percent
16,8,Kellie Pickler,Derek Hough,Singer/Rapper,1st Place,1,True,False,27.5,0.176848875,3.0,3,4.666666667,-2.260536855745169,0.0,0.22431712430360323,0.05964133966418328,0.44398041127163435,R2_Percent
16,8,Sean Lowe,Peta Murgatroyd,TV Personality,Eliminated Week 8,6,True,True,21.0,0.135048232,6.0,3,20.0,-0.9506154741687695,0.0,0.045685228193851554,0.4790610807928739,-1.1473053614973188,R2_Percent
16,8,Zendaya,Valentin Chmerkovskiy,Actor/Actress,2nd Place,2,True,False,29.0,0.186495177,1.0,3,15.0,-1.2225491895715581,0.0,0.2402350107124846,0.04683926981953308,0.5125372826535534,R2_Percent
16,9,Alexandra Raisman,Mark Ballas,Athlete,Eliminated Week 10,4,True,False,29.5,0.209219858,1.5,3,0.0,-3.455264599776291,0.0,0.193999793446712,0.14680133042010438,0.042375453620037334,R2_Percent
16,9,Ingo Rademacher,Kym Johnson,Actor/Actress,Eliminated Week 9,5,True,True,25.5,0.180851064,5.0,3,1.0,-2.762117420799679,0.0,0.08179952678638554,0.5543008347103618,-0.8212101821505972,R2_Percent
16,9,Jacoby Jones,Karina Smirnoff,Athlete,3rd Place,3,True,False,29.5,0.209219858,1.5,3,4.666666667,-1.7206635469372038,0.0,0.24388565263985446,0.09161272428461324,0.27121783799173216,R2_Percent
16,9,Kellie Pickler,Derek Hough,Singer/Rapper,1st Place,1,True,False,29.0,0.205673759,3.0,3,5.0,-1.6635051331871247,0.0,0.22496514771360646,0.11328644227845859,0.19046385042063138,R2_Percent
16,9,Zendaya,Valentin Chmerkovskiy,Actor/Actress,2nd Place,2,True,False,27.5,0.195035461,4.0,3,16.0,-0.622051258700467,0.0,0.2553498794134416,0.09399866830646199,0.31715304011819634,R2_Percent
16,10,Alexandra Raisman,Mark Ballas,Athlete,Eliminated Week 10,4,True,False,29.0,0.24786346,3.0,3,0.0,-3.4760986866225583,0.0,0.19522294765770035,0.4013980920174456,-0.23634096774053948,R2_Percent
16,10,Jacoby Jones,Karina Smirnoff,Athlete,3rd Place,3,True,False,27.9999,0.239315589,4.0,3,3.666666667,-1.9356536481444573,0.0,0.27004398647679145,0.21455250659091119,0.08810166407476377,R2_Percent
16,10,Kellie Pickler,Derek Hough,Singer/Rapper,1st Place,1,True,False,30.0,0.256410476,1.5,3,8.666666667,-1.2074151481685618,0.0,0.2434478961141069,0.23471165193343618,-0.015580253903389907,R2_Percent
16,10,Zendaya,Valentin Chmerkovskiy,Actor/Actress,2nd Place,2,True,False,30.0,0.256410476,1.5,3,16.0,-0.6428853456094796,0.0,0.2912851697514013,0.14933774945820694,0.16381955756916566,R2_Percent
17,1,Amber Riley,Derek Hough,Actor/Actress,1st Place,1,True,False,27.0,0.10546875,1.0,3,6.0,-2.649209699664991,0.0,0.1868009298103632,0.01878369999799086,1.693008129610088,R2_Percent
17,1,Bill Engvall,Emma Slater,Comedian,Eliminated Week 11,4,True,False,18.0,0.0703125,10.0,3,5.0,-2.8033603792565347,0.0,0.2467416300085131,0.014860881851635182,1.9713063830563158,R2_Percent
17,1,Bill Nye,Tyne Stecklein,TV Personality,Eliminated Week 3,11,True,False,14.0,0.0546875,12.0,3,11.0,-2.11021319952159,0.0,0.0051929805664194155,0.16892930426045338,-1.8897275511533236,R2_Percent
17,1,Brant Daugherty,Peta Murgatroyd,Actor/Actress,Eliminated Week 8,7,True,False,22.0,0.0859375,6.5,3,8.0,-2.3978952716983706,0.0,0.024422401367947332,0.10483210727370058,-0.3415345737801447,R2_Percent
17,1,Christina Milian,Mark Ballas,Singer/Rapper,Eliminated Week 5,9,True,False,22.0,0.0859375,6.5,3,5.0,-2.8033603792565347,0.0,0.005952075873881513,0.12482808687250066,-1.7532953286663209,R2_Percent
17,1,Corbin Bleu,Karina Smirnoff,Actor/Actress,2nd Place,2,True,False,24.0,0.09375,2.5,3,10.0,-2.1972245764362195,0.0,0.15685472173334927,0.027849008257954087,1.518284663935793,R2_Percent
17,1,Elizabeth Berkley Lauren,Valentin Chmerkovskiy,Actor/Actress,Eliminated Week 9,6,True,False,24.0,0.09375,2.5,3,10.0,-2.1972245764362195,0.0,0.09766132389424304,0.04872928279262919,1.044470240954319,R2_Percent
17,1,Jack Osbourne,Cheryl Burke,TV Personality,3rd Place,3,True,False,23.0,0.08984375,4.5,3,5.0,-2.8033603792565347,0.0,0.19260424096124798,0.020610937530276985,1.723602144906601,R2_Percent
17,1,Keyshawn Johnson,Sharna Burgess,Athlete,Eliminated Week 2,12,True,False,17.0,0.06640625,11.0,3,6.0,-2.649209699664991,0.0,0.00486732951165009,0.15168337383497704,-1.954489941948149,R2_Percent
17,1,Leah Remini,Tony Dovolani,Actor/Actress,Eliminated Week 10,5,True,False,21.0,0.08203125,8.5,3,17.0,-1.7047480916884252,0.0,0.05686697365221973,0.08004766263559446,0.5036793709702457,R2_Percent
17,1,"Nicole ""Snooki"" Polizzi",Sasha Farber,TV Personality,Eliminated Week 7,8,True,False,23.0,0.08984375,4.5,3,0.0,-4.59511984023459,0.0,0.016109249505773544,0.10929090110852181,-0.7576417632531278,R2_Percent
17,1,Valerie Harper,Tristan MacManus,Actor/Actress,Eliminated Week 4,10,True,False,21.0,0.08203125,8.5,3,4.0,-2.9856819357204896,0.0,0.005926143114391842,0.1295547535837658,-1.7576617746322976,R2_Percent
17,2,Amber Riley,Derek Hough,Actor/Actress,1st Place,1,True,False,24.0,0.090225564,5.0,3,8.333333333,-2.615830477699409,0.0,0.1844488148979138,0.022239383619738925,1.6924618087565582,R2_Percent
17,2,Bill Engvall,Emma Slater,Comedian,Eliminated Week 11,4,True,False,21.0,0.078947368,8.0,3,4.666666667,-3.1148216428387747,0.0,0.24039759367445743,0.01457996574429296,1.9573840027305804,R2_Percent
17,2,Bill Nye,Tyne Stecklein,TV Personality,Eliminated Week 3,11,True,False,17.0,0.063909774,12.0,3,14.33333333,-2.119393592102443,0.0,0.005443461222499936,0.15485889880647338,-1.8304950775267157,R2_Percent
17,2,Brant Daugherty,Peta Murgatroyd,Actor/Actress,Eliminated Week 8,7,True,False,23.0,0.086466165,7.0,3,4.666666667,-3.1148216428387747,0.0,0.024985960690068417,0.10402227477155035,-0.30659609547663624,R2_Percent
17,2,Christina Milian,Mark Ballas,Singer/Rapper,Eliminated Week 5,9,True,False,25.0,0.093984962,2.5,3,6.333333333,-2.8569925341529854,0.0,0.005783480414395282,0.11616790750132744,-1.7699045409214529,R2_Percent
17,2,Corbin Bleu,Karina Smirnoff,Actor/Actress,2nd Place,2,True,False,26.0,0.097744361,1.0,3,8.666666667,-2.5807391578651093,0.0,0.16348964144723446,0.025251869487580493,1.5718394430607683,R2_Percent
17,2,Elizabeth Berkley Lauren,Valentin Chmerkovskiy,Actor/Actress,Eliminated Week 9,6,True,False,25.0,0.093984962,2.5,3,3.0,-3.4631283362270886,0.0,0.10273271034566424,0.04646475846568838,1.1072203798688127,R2_Percent
17,2,Jack Osbourne,Cheryl Burke,TV Personality,3rd Place,3,True,False,24.0,0.090225564,5.0,3,6.333333333,-2.8569925341529854,0.0,0.18714863165923112,0.02167905720316593,1.7069929326514692,R2_Percent
17,2,Keyshawn Johnson,Sharna Burgess,Athlete,Eliminated Week 2,12,True,True,18.0,0.067669173,11.0,3,10.0,-2.4515274265796694,0.0,0.004797820386457671,0.15036772963963763,-1.9567484615758821,R2_Percent
17,2,Leah Remini,Tony Dovolani,Actor/Actress,Eliminated Week 10,5,True,False,24.0,0.090225564,5.0,3,21.66666667,-1.7285272833203547,0.0,0.06234039955234415,0.07052774924669944,0.607699493357089,R2_Percent
17,2,"Nicole ""Snooki"" Polizzi",Sasha Farber,TV Personality,Eliminated Week 7,8,True,False,20.0,0.07518797,9.0,3,0.0,-4.8494226877719795,0.0,0.012877801975785166,0.12975494741432972,-0.9694051381475359,R2_Percent
17,2,Valerie Harper,Tristan MacManus,Actor/Actress,Eliminated Week 4,10,True,False,19.0,0.071428571,10.0,3,27.66666667,-1.49368769239162,0.0,0.005553683733948385,0.14408545809951523,-1.810448746777055,R2_Percent
17,3,Amber Riley,Derek Hough,Actor/Actress,1st Place,1,True,False,24.0,0.094117647,7.0,3,6.0,-2.3581549430782,0.0,0.19181168157324188,0.02491209234389542,1.5379212076612379,R2_Percent
17,3,Bill Engvall,Emma Slater,Comedian,Eliminated Week 11,4,True,False,24.0,0.094117647,7.0,3,4.0,-2.694627179276556,0.0,0.23475930843440987,0.01660031945774395,1.7399679119415319,R2_Percent
17,3,Bill Nye,Tyne Stecklein,TV Personality,Eliminated Week 3,11,True,True,16.0,0.062745098,10.5,3,9.666666667,-1.9369414783340393,0.0,0.00591034500443984,0.19421729083834946,-1.9418886518035146,R2_Percent
17,3,Brant Daugherty,Peta Murgatroyd,Actor/Actress,Eliminated Week 8,7,True,False,27.0,0.105882353,1.0,3,3.333333333,-2.8377280227664596,0.0,0.023965486903806094,0.10891858887227998,-0.5419781082102797,R2_Percent
17,3,Christina Milian,Mark Ballas,Singer/Rapper,Eliminated Week 5,9,True,False,26.0,0.101960784,2.5,3,6.333333333,-2.3116349275368138,0.0,0.005843925849031755,0.13414850826003763,-1.953190052488415,R2_Percent
17,3,Corbin Bleu,Karina Smirnoff,Actor/Actress,2nd Place,2,True,False,26.0,0.101960784,2.5,3,10.33333333,-1.8763168568837807,0.0,0.16639582124498684,0.02941329491674495,1.395776557457917,R2_Percent
17,3,Elizabeth Berkley Lauren,Valentin Chmerkovskiy,Actor/Actress,Eliminated Week 9,6,True,False,25.0,0.098039216,4.5,3,0.0,-4.304065085790656,0.0,0.09412115254448636,0.060439121417383924,0.8259899513597708,R2_Percent
17,3,Jack Osbourne,Cheryl Burke,TV Personality,3rd Place,3,True,False,22.0,0.08627451,9.0,3,5.333333333,-2.458238401576536,0.0,0.18939372150831657,0.027449252077178014,1.5252351729237705,R2_Percent
17,3,Leah Remini,Tony Dovolani,Actor/Actress,Eliminated Week 10,5,True,False,24.0,0.094117647,7.0,3,14.66666667,-1.5525297794636008,0.0,0.07005129913575069,0.07874425141865614,0.5306349605427254,R2_Percent
17,3,"Nicole ""Snooki"" Polizzi",Sasha Farber,TV Personality,Eliminated Week 7,8,True,False,25.0,0.098039216,4.5,3,0.0,-4.304065085790656,0.0,0.010783886545512692,0.13286344034694178,-1.3405398244200788,R2_Percent
17,3,Valerie Harper,Tristan MacManus,Actor/Actress,Eliminated Week 4,10,True,False,16.0,0.062745098,10.5,3,3.333333333,-2.8377280227664596,0.0,0.006963371256017428,0.1922938400507887,-1.7779291249646663,R2_Percent
17,4,Amber Riley,Derek Hough,Actor/Actress,1st Place,1,True,False,27.0,0.113924051,2.0,3,4.0,-2.5546399865108276,0.0,0.19758740112220138,0.025070269854698717,1.392429793459944,R2_Percent
17,4,Bill Engvall,Emma Slater,Comedian,Eliminated Week 11,4,True,False,21.0,0.088607595,8.5,3,4.0,-2.5546399865108276,0.0,0.2344739456226267,0.022473229084426487,1.5635932453086454,R2_Percent
17,4,Brant Daugherty,Peta Murgatroyd,Actor/Actress,Eliminated Week 8,7,True,False,21.0,0.088607595,8.5,3,2.666666667,-2.8647949142558793,0.0,0.023142307255735566,0.16563461609156116,-0.7520888049779224,R2_Percent
17,4,Christina Milian,Mark Ballas,Singer/Rapper,Eliminated Week 5,9,True,False,24.0,0.101265823,5.5,3,10.66666667,-1.7073421265731477,0.0,0.0060820521608867415,0.17267154946569194,-2.0884090648276015,R2_Percent
17,4,Corbin Bleu,Karina Smirnoff,Actor/Actress,2nd Place,2,True,False,27.0,0.113924051,2.0,3,7.333333333,-2.0438143632995036,0.0,0.17972506988857098,0.029681187978539032,1.2976770634157258,R2_Percent
17,4,Elizabeth Berkley Lauren,Valentin Chmerkovskiy,Actor/Actress,Eliminated Week 9,6,True,False,27.0,0.113924051,2.0,3,0.0,-4.164077893798261,0.0,0.07425549891061166,0.08043008402104007,0.4137606040246537,R2_Percent
17,4,Jack Osbourne,Cheryl Burke,TV Personality,3rd Place,3,True,False,24.0,0.101265823,5.5,3,13.0,-1.525020570156812,0.0,0.1925182840646057,0.029643343109164246,1.3664399010530452,R2_Percent
17,4,Leah Remini,Tony Dovolani,Actor/Actress,Eliminated Week 10,5,True,False,24.0,0.101265823,5.5,3,10.33333333,-1.7363296640100132,0.0,0.07592894492678419,0.08922970437487539,0.4360467374698773,R2_Percent
17,4,"Nicole ""Snooki"" Polizzi",Sasha Farber,TV Personality,Eliminated Week 7,8,True,False,24.0,0.101265823,5.5,3,0.0,-4.164077893798261,0.0,0.009681296328138534,0.1668961861852214,-1.6235554197996964,R2_Percent
17,4,Valerie Harper,Tristan MacManus,Actor/Actress,Eliminated Week 4,10,True,True,18.0,0.075949367,10.0,3,2.333333333,-2.9601050940756584,0.0,0.006605199719838488,0.21826982983478152,-2.005894055126671,R2_Percent
17,5,Amber Riley,Derek Hough,Actor/Actress,1st Place,1,True,False,26.0,0.110638298,6.5,3,9.666666667,-1.5246966834883848,0.0,0.1899851735471162,0.03922258222001564,1.145457994876703,R2_Percent
17,5,Bill Engvall,Emma Slater,Comedian,Eliminated Week 11,4,True,False,24.0,0.10212766,8.0,3,3.333333333,-2.4254832282633534,0.0,0.2331064001888536,0.028279045818291312,1.3500069622259894,R2_Percent
17,5,Brant Daugherty,Peta Murgatroyd,Actor/Actress,Eliminated Week 8,7,True,False,27.0,0.114893617,4.0,3,2.333333333,-2.6878474924146905,0.0,0.02183533049197328,0.18462876154118976,-1.0179587175719176,R2_Percent
17,5,Christina Milian,Mark Ballas,Singer/Rapper,Eliminated Week 5,9,True,True,28.0,0.119148936,1.5,3,4.333333333,-2.217843863682705,0.0,0.006735168481510752,0.20455771281723534,-2.194145214912478,R2_Percent
17,5,Corbin Bleu,Karina Smirnoff,Actor/Actress,2nd Place,2,True,False,28.0,0.119148936,1.5,3,7.666666667,-1.7323360481534078,0.0,0.18171102485690913,0.03913500808315614,1.1009296094374728,R2_Percent
17,5,Elizabeth Berkley Lauren,Valentin Chmerkovskiy,Actor/Actress,Eliminated Week 9,6,True,False,26.0,0.110638298,6.5,3,0.0,-3.8918202932106265,0.0,0.06085716618162906,0.13291924448299652,0.0070415402037601466,R2_Percent
17,5,Jack Osbourne,Cheryl Burke,TV Personality,3rd Place,3,True,False,27.0,0.114893617,4.0,3,4.0,-2.2823823846965263,0.0,0.2199936804804986,0.028371883116703543,1.292110780574717,R2_Percent
17,5,Leah Remini,Tony Dovolani,Actor/Actress,Eliminated Week 10,5,True,False,22.0,0.093617021,9.0,3,8.666666667,-1.623136756250883,0.0,0.07696325770804555,0.13407400026152994,0.2418400950713847,R2_Percent
17,5,"Nicole ""Snooki"" Polizzi",Sasha Farber,TV Personality,Eliminated Week 7,8,True,False,27.0,0.114893617,4.0,3,0.0,-3.8918202932106265,0.0,0.008812798063463674,0.20881176165888182,-1.9252830499056313,R2_Percent
17,6,Amber Riley,Derek Hough,Actor/Actress,1st Place,1,True,False,31.9999,0.138528185,1.0,3,5.333333333,-2.167548808417243,0.0,0.21002414331075395,0.037091481028596884,0.9917542606055856,R2_Percent
17,6,Bill Engvall,Emma Slater,Comedian,Eliminated Week 11,4,True,False,23.9999,0.103896031,8.0,3,3.333333333,-2.5470384297431994,0.0,0.23091243984219256,0.042236771080255274,1.0865703587126307,R2_Percent
17,6,Brant Daugherty,Peta Murgatroyd,Actor/Actress,Eliminated Week 8,7,True,False,31.0,0.134199599,3.0,3,1.666666667,-3.0325462445249,0.0,0.02092382606511805,0.23081906550853287,-1.31457971887366,R2_Percent
17,6,Corbin Bleu,Karina Smirnoff,Actor/Actress,2nd Place,2,True,False,26.9999,0.116883089,6.0,3,15.0,-1.2407867771510117,0.0,0.18620637466950213,0.0570023314532802,0.8713873682111426,R2_Percent
17,6,Elizabeth Berkley Lauren,Valentin Chmerkovskiy,Actor/Actress,Eliminated Week 9,6,True,False,31.9998,0.138527752,2.0,3,0.0,-4.013375494203293,0.0,0.052616185200580985,0.16421495933960634,-0.39244445580422915,R2_Percent
17,6,Jack Osbourne,Cheryl Burke,TV Personality,3rd Place,3,True,False,26.9998,0.116882656,7.0,3,4.333333333,-2.339399065189955,0.0,0.21427841496057748,0.04371824863124215,1.0118079422875086,R2_Percent
17,6,Leah Remini,Tony Dovolani,Actor/Actress,Eliminated Week 10,5,True,False,27.9999,0.121212108,5.0,3,17.66666667,-1.0866360971945868,0.0,0.07674066177363974,0.15397969324084726,-0.015036523286935895,R2_Percent
17,6,"Nicole ""Snooki"" Polizzi",Sasha Farber,TV Personality,Eliminated Week 7,8,True,False,30.0,0.12987058,4.0,3,0.0,-4.013375494203293,0.0,0.008297954177635175,0.27093744971763906,-2.2394592318520425,R2_Percent
17,7,Amber Riley,Derek Hough,Actor/Actress,1st Place,1,True,False,29.5,0.133182844,1.5,3,4.0,-2.0193376168656467,0.0,0.2073375004093362,0.037853436814978415,1.0034131450481165,R2_Percent
17,7,Bill Engvall,Emma Slater,Comedian,Eliminated Week 11,4,True,False,25.0,0.112866817,8.0,3,3.333333333,-2.1624384604673454,0.0,0.2244374396638158,0.03902176315705114,1.0826622458950692,R2_Percent
17,7,Brant Daugherty,Peta Murgatroyd,Actor/Actress,Eliminated Week 8,7,True,False,28.5,0.128668172,3.5,3,2.0,-2.5301632401294154,0.0,0.01913843285322108,0.2339737723655667,-1.379236252682804,R2_Percent
17,7,Corbin Bleu,Karina Smirnoff,Actor/Actress,2nd Place,2,True,False,29.5,0.133182844,1.5,3,6.666666667,-1.5918936022572578,0.0,0.2050133667931181,0.038694171011359677,0.9921404236233018,R2_Percent
17,7,Elizabeth Berkley Lauren,Valentin Chmerkovskiy,Actor/Actress,Eliminated Week 9,6,True,False,27.0,0.121896163,5.5,3,0.0,-3.6287755262864136,0.0,0.045788662590842286,0.19389650163902744,-0.5068982384663223,R2_Percent
17,7,Jack Osbourne,Cheryl Burke,TV Personality,3rd Place,3,True,False,28.5,0.128668172,3.5,3,4.0,-2.0193376168656467,0.0,0.20751819202404106,0.03943625582760128,1.004284250974474,R2_Percent
17,7,Leah Remini,Tony Dovolani,Actor/Actress,Eliminated Week 10,5,True,False,26.5,0.119638826,7.0,3,9.666666667,-1.2616519155370887,0.0,0.08302688745012553,0.13930878950036932,0.08822974326162628,R2_Percent
17,7,"Nicole ""Snooki"" Polizzi",Sasha Farber,TV Personality,Eliminated Week 7,8,True,True,27.0,0.121896163,5.5,3,0.0,-3.6287755262864136,0.0,0.007739518215499968,0.27781530968404605,-2.2845953176534617,R2_Percent
17,8,Amber Riley,Derek Hough,Actor/Actress,1st Place,1,True,False,28.0,0.145833333,3.5,3,5.333333333,-1.8997481066921094,0.0,0.20691551309403122,0.053754162179393467,0.6763226619356538,R2_Percent
17,8,Bill Engvall,Emma Slater,Comedian,Eliminated Week 11,4,True,False,24.0,0.125,7.0,3,3.666666667,-2.2051297558805096,0.0,0.22931390272877855,0.05296485254030998,0.7791039204924741,R2_Percent
17,8,Brant Daugherty,Peta Murgatroyd,Actor/Actress,Eliminated Week 8,7,True,True,27.0,0.140625,5.0,3,1.666666667,-2.7647455430820034,0.0,0.018973008348631762,0.3336323715854798,-1.7129705428010473,R2_Percent
17,8,Corbin Bleu,Karina Smirnoff,Actor/Actress,2nd Place,2,True,False,30.0,0.15625,1.5,3,9.0,-1.4429897043888507,0.0,0.20778913077301273,0.048313346587526146,0.6805358723937962,R2_Percent
17,8,Elizabeth Berkley Lauren,Valentin Chmerkovskiy,Actor/Actress,Eliminated Week 9,6,True,False,25.0,0.130208333,6.0,3,0.0,-3.7455747935728962,0.0,0.04279754560609354,0.29392114178875844,-0.8995071434185138,R2_Percent
17,8,Jack Osbourne,Cheryl Burke,TV Personality,3rd Place,3,True,False,30.0,0.15625,1.5,3,6.0,-1.7996646481461545,0.0,0.2088519353549183,0.04783044960370068,0.6856376589124654,R2_Percent
17,8,Leah Remini,Tony Dovolani,Actor/Actress,Eliminated Week 10,5,True,False,28.0,0.145833333,3.5,3,9.666666667,-1.3784511832464879,0.0,0.08535896409453385,0.16958367571483138,-0.20912242751482826,R2_Percent
17,9,Amber Riley,Derek Hough,Actor/Actress,1st Place,1,True,False,25.5,0.161904762,5.0,3,4.333333333,-1.981001468135118,0.0,0.2105479026567907,0.09085806793966514,0.4028061962418039,R2_Percent
17,9,Bill Engvall,Emma Slater,Comedian,Eliminated Week 11,4,True,False,21.0,0.133333333,6.0,3,4.666666667,-1.9203768462400066,0.0,0.23139446017551152,0.0977401431894418,0.4972168769472467,R2_Percent
17,9,Corbin Bleu,Karina Smirnoff,Actor/Actress,2nd Place,2,True,False,29.0,0.184126984,1.0,3,7.666666667,-1.4954936525313016,0.0,0.21496749192729472,0.07063220082466151,0.4235798193006587,R2_Percent
17,9,Elizabeth Berkley Lauren,Valentin Chmerkovskiy,Actor/Actress,Eliminated Week 9,6,True,True,28.0,0.177777778,2.0,3,0.0,-3.6549778985026227,0.0,0.03981988072343336,0.39266370972876696,-1.262540693818789,R2_Percent
17,9,Jack Osbourne,Cheryl Burke,TV Personality,3rd Place,3,True,False,27.0,0.171428571,3.5,3,3.666666667,-2.1145328605221407,0.0,0.21765825092227947,0.0776394950529779,0.4360191793534771,R2_Percent
17,9,Leah Remini,Tony Dovolani,Actor/Actress,Eliminated Week 10,5,True,False,27.0,0.171428571,3.5,3,12.33333333,-1.064710736883463,0.0,0.08561201359469034,0.2704663832644868,-0.49708137802439717,R2_Percent
17,10,Amber Riley,Derek Hough,Actor/Actress,1st Place,1,True,False,39.5,0.225714286,1.0,4,2.666666667,-2.3642786607679174,0.0,0.21660174613486124,0.10827966986135626,0.13519179698609507,R2_Percent
17,10,Bill Engvall,Emma Slater,Comedian,Eliminated Week 11,4,True,False,30.0,0.171428571,5.0,4,5.333333333,-1.817734954991235,0.0,0.24814353088939867,0.13424788345392688,0.27113873322524396,R2_Percent
17,10,Corbin Bleu,Karina Smirnoff,Actor/Actress,2nd Place,2,True,False,37.5,0.214285714,2.0,4,8.0,-1.4663370682831707,0.0,0.22412113626513125,0.11235529535956414,0.16931809346765192,R2_Percent
17,10,Jack Osbourne,Cheryl Burke,TV Personality,3rd Place,3,True,False,35.5,0.202857143,3.0,4,4.666666667,-1.9289605899175581,0.0,0.21935213696477876,0.13094297840180763,0.14780977071222795,R2_Percent
17,10,Leah Remini,Tony Dovolani,Actor/Actress,Eliminated Week 10,5,True,True,32.5,0.185714286,4.0,4,13.33333333,-1.0009738189877357,0.0,0.09178144974583011,0.5141741729233451,-0.7234583943912188,R2_Percent
17,11,Amber Riley,Derek Hough,Actor/Actress,1st Place,1,True,False,31.3332,0.273653836,1.0,3,5.666666667,-1.6094379119041005,0.0,0.22335702883888606,0.2562214944153087,-0.108806572174832,R2_Percent
17,11,Bill Engvall,Emma Slater,Comedian,Eliminated Week 11,4,True,False,25.4999,0.222707717,4.0,3,8.0,-1.3093333196333918,0.0,0.2848416985126459,0.23192968745559067,0.13435549259511378,R2_Percent
17,11,Corbin Bleu,Karina Smirnoff,Actor/Actress,2nd Place,2,True,False,29.6664,0.259096554,2.0,3,7.666666667,-1.3470736475635323,0.0,0.24977140089087066,0.22905719095646768,0.0029680135680859587,R2_Percent
17,11,Jack Osbourne,Cheryl Burke,TV Personality,3rd Place,3,True,False,27.9999,0.244541893,3.0,3,8.0,-1.3093333196333918,0.0,0.24202987175759738,0.2827916271726329,-0.028516933988367826,R2_Percent
18,1,Amy Purdy,Derek Hough,Athlete,2nd Place,2,True,False,24.0,0.091603053,4.0,3,7.0,-2.740840022375201,0.0,0.19508869499330905,0.020264013892453088,1.828453084585911,R2_Percent
18,1,Billy Dee Williams,Emma Slater,Actor/Actress,Withdrew,10,True,False,15.0,0.057251908,12.0,3,4.0,-3.2108436506909364,0.0,0.16609303511789042,0.03687694125957274,1.66754686719287,R2_Percent
18,1,Candace Cameron Bure,Mark Ballas,Actor/Actress,3rd Place,3,True,False,25.0,0.095419847,2.0,3,7.0,-2.740840022375201,0.0,0.1911608575655985,0.02028529330912824,1.8081140431279075,R2_Percent
18,1,Charlie White,Sharna Burgess,Athlete,Eliminated Week 9,5,True,False,27.0,0.103053435,1.0,3,23.0,-1.6422277347404246,0.0,0.04885707378309406,0.07244073543165626,0.4438979575237427,R2_Percent
18,1,Cody Simpson,Witney Carson,Singer/Rapper,Eliminated Week 5,9,True,False,22.0,0.083969466,6.0,3,8.0,-2.6230569868910396,0.0,0.003993196988504009,0.13258043915469286,-2.060409056362444,R2_Percent
18,1,Danica McKellar,Valentin Chmerkovskiy,Actor/Actress,Eliminated Week 8,6,True,False,24.0,0.091603053,4.0,3,13.0,-2.181224235104064,0.0,0.020270209887987233,0.10576206447476505,-0.4358489016638311,R2_Percent
18,1,Diana Nyad,Henry Byalikov,Athlete,Eliminated Week 2,12,True,True,18.0,0.06870229,11.0,3,3.0,-3.433987201385146,0.0,0.0045284822512541316,0.15238833402958935,-1.9346143772042852,R2_Percent
18,1,Drew Carey,Cheryl Burke,Comedian,Eliminated Week 6,8,True,False,21.0,0.080152672,8.0,3,6.0,-2.874371414778295,0.0,0.006850009247810153,0.13378888631286892,-1.5207512143677286,R2_Percent
18,1,James Maslow,Peta Murgatroyd,Actor/Actress,Eliminated Week 10,4,True,False,21.0,0.080152672,8.0,3,4.0,-3.2108436506909364,0.0,0.17590050556998837,0.027070255084715292,1.724917309242967,R2_Percent
18,1,Meryl Davis,Maksim Chmerkoskiy,Athlete,1st Place,1,True,False,24.0,0.091603053,4.0,3,8.0,-2.6230569868910396,0.0,0.17464010494443133,0.024584646125822944,1.7177260964739187,R2_Percent
18,1,NeNe Leakes,Tony Dovolani,TV Personality,Eliminated Week 7,7,True,False,21.0,0.080152672,8.0,3,26.0,-1.5244446991414484,0.0,0.007444862722362747,0.133038779385602,-1.4374769896238488,R2_Percent
18,1,Sean Avery,Karina Smirnoff,Athlete,Eliminated Week 2,11,True,False,20.0,0.076335878,10.0,3,3.0,-3.433987201385146,0.0,0.005172966927770043,0.1409196115391333,-1.8015548189251793,R2_Percent
18,2,Amy Purdy,Derek Hough,Athlete,2nd Place,2,True,False,24.0,0.098360656,4.5,3,5.666666667,-2.7013612113879235,0.0,0.19762871430387008,0.02338981782693701,1.6398617256728771,R2_Percent
18,2,Billy Dee Williams,Emma Slater,Actor/Actress,Withdrew,10,True,True,15.0,0.06147541,11.0,3,5.666666667,-2.7013612113879235,0.0,0.15899070701971055,0.0477571944033575,1.4223173897086276,R2_Percent
18,2,Candace Cameron Bure,Mark Ballas,Actor/Actress,3rd Place,3,True,False,21.0,0.086065574,8.5,3,11.66666667,-2.0595073257081604,0.0,0.19235878540912282,0.027613957575628394,1.6128339378477858,R2_Percent
18,2,Charlie White,Sharna Burgess,Athlete,Eliminated Week 9,5,True,False,25.0,0.102459016,2.0,3,12.33333333,-2.008214031872978,0.0,0.05609242285696092,0.08574119864184931,0.3804723740816217,R2_Percent
18,2,Cody Simpson,Witney Carson,Singer/Rapper,Eliminated Week 5,9,True,False,22.0,0.090163934,6.0,3,11.0,-2.1135745471980267,0.0,0.004077957147537218,0.15746023193379974,-2.2409322004952634,R2_Percent
18,2,Danica McKellar,Valentin Chmerkovskiy,Actor/Actress,Eliminated Week 8,6,True,False,24.0,0.098360656,4.5,3,8.0,-2.401256619373882,0.0,0.021898050506317247,0.12313333584066107,-0.5601307495028922,R2_Percent
18,2,Drew Carey,Cheryl Burke,Comedian,Eliminated Week 6,8,True,False,21.0,0.086065574,8.5,3,7.0,-2.5190396548923024,0.0,0.006815466585353515,0.15949863855256505,-1.7273338371131186,R2_Percent
18,2,James Maslow,Peta Murgatroyd,Actor/Actress,Eliminated Week 10,4,True,False,25.0,0.102459016,2.0,3,4.0,-2.9890432833930376,0.0,0.1688843439301341,0.02952535484892322,1.4826857608153707,R2_Percent
18,2,Meryl Davis,Maksim Chmerkoskiy,Athlete,1st Place,1,True,False,25.0,0.102459016,2.0,3,4.666666667,-2.863880140613934,0.0,0.17974698733391778,0.026644376092635418,1.5450218717620685,R2_Percent
18,2,NeNe Leakes,Tony Dovolani,TV Personality,Eliminated Week 7,7,True,False,21.0,0.086065574,8.5,3,16.33333333,-1.745849767519718,0.0,0.008645900053849142,0.1567629102111808,-1.4894431380218918,R2_Percent
18,2,Sean Avery,Karina Smirnoff,Athlete,Eliminated Week 2,11,True,True,21.0,0.086065574,8.5,3,2.0,-3.499868905834584,0.0,0.00486066485322672,0.16247298407246255,-2.0653531347551852,R2_Percent
18,3,Amy Purdy,Derek Hough,Athlete,2nd Place,2,True,False,36.0,0.115755627,3.5,4,3.0,-3.184974270737922,0.0,0.23325380709832902,0.022263783126387268,1.542188326238539,R2_Percent
18,3,Candace Cameron Bure,Mark Ballas,Actor/Actress,3rd Place,3,True,False,32.0,0.102893891,7.0,4,7.0,-2.49182709138631,0.0,0.2478387740456415,0.02190409682418088,1.6028395947799678,R2_Percent
18,3,Charlie White,Sharna Burgess,Athlete,Eliminated Week 9,5,True,False,36.0,0.115755627,3.5,4,8.0,-2.3740440558641858,0.0,0.06899638235581312,0.10516029405233182,0.3241152382762006,R2_Percent
18,3,Cody Simpson,Witney Carson,Singer/Rapper,Eliminated Week 5,9,True,False,35.0,0.112540193,6.0,4,22.33333333,-1.421385680621801,0.0,0.005125412241836391,0.19825845596998104,-2.2757278760996353,R2_Percent
18,3,Danica McKellar,Valentin Chmerkovskiy,Actor/Actress,Eliminated Week 8,6,True,False,36.0,0.115755627,3.5,4,5.666666667,-2.6741486478885976,0.0,0.026162559939131753,0.15764434648344117,-0.6456094565189183,R2_Percent
18,3,Drew Carey,Cheryl Burke,Comedian,Eliminated Week 6,8,True,False,30.0,0.096463023,9.0,4,6.0,-2.6253584838382134,0.0,0.008268599174651111,0.2240391096979716,-1.7974737270109162,R2_Percent
18,3,James Maslow,Peta Murgatroyd,Actor/Actress,Eliminated Week 10,4,True,False,36.0,0.115755627,3.5,4,6.333333333,-2.5788384683115457,0.0,0.1941542950788241,0.0322178659852321,1.3587143430888564,R2_Percent
18,3,Meryl Davis,Maksim Chmerkoskiy,Athlete,1st Place,1,True,False,39.0,0.125401929,1.0,4,4.333333333,-2.8972921989528073,0.0,0.20532781392852675,0.026462717184903707,1.4146689589652353,R2_Percent
18,3,NeNe Leakes,Tony Dovolani,TV Personality,Eliminated Week 7,7,True,False,31.0,0.099678457,8.0,4,25.0,-1.3131720958812019,0.0,0.010872356137246204,0.21204933067557047,-1.5237154017193293,R2_Percent
18,4,Amy Purdy,Derek Hough,Athlete,2nd Place,2,True,False,34.0,0.114478114,3.0,4,3.333333333,-2.8946361549858954,0.0,0.21972988888149095,0.026003086458078663,1.450613280840646,R2_Percent
18,4,Candace Cameron Bure,Mark Ballas,Actor/Actress,3rd Place,3,True,False,28.0,0.094276094,9.0,4,5.333333333,-2.5151465338275507,0.0,0.25341933170016084,0.02289080109843714,1.593259820880146,R2_Percent
18,4,Charlie White,Sharna Burgess,Athlete,Eliminated Week 9,5,True,False,33.0,0.111111111,4.5,4,9.666666667,-1.9938496106128498,0.0,0.06831610860722359,0.11229941517750618,0.28235985616931386,R2_Percent
18,4,Cody Simpson,Witney Carson,Singer/Rapper,Eliminated Week 5,9,True,False,31.0,0.104377104,8.0,4,15.66666667,-1.5475625080800555,0.0,0.006058529678292298,0.21556483523693418,-2.1403185900656903,R2_Percent
18,4,Danica McKellar,Valentin Chmerkovskiy,Actor/Actress,Eliminated Week 8,6,True,False,32.0,0.107744108,6.5,4,3.666666667,-2.820528182812943,0.0,0.025785331650576882,0.1732930730115389,-0.6919799437919087,R2_Percent
18,4,Drew Carey,Cheryl Burke,Comedian,Eliminated Week 6,8,True,False,33.0,0.111111111,4.5,4,6.333333333,-2.3685430597971586,0.0,0.008419132458014018,0.19780891764737427,-1.811278943907733,R2_Percent
18,4,James Maslow,Peta Murgatroyd,Actor/Actress,Eliminated Week 10,4,True,False,35.0,0.117845118,2.0,4,4.333333333,-2.6869967905321706,0.0,0.2048177027086114,0.029001215000278906,1.3803345950729768,R2_Percent
18,4,Meryl Davis,Maksim Chmerkoskiy,Athlete,1st Place,1,True,False,39.0,0.131313131,1.0,4,5.0,-2.5692137549764813,0.0,0.20106306906145766,0.02645721850094731,1.361832901903079,R2_Percent
18,4,NeNe Leakes,Tony Dovolani,TV Personality,Eliminated Week 7,7,True,False,32.0,0.107744108,6.5,4,16.0,-1.5277598809930912,0.0,0.012390905254172318,0.19668143786890438,-1.4248229771008292,R2_Percent
18,5,Amy Purdy,Derek Hough,Athlete,2nd Place,2,True,False,37.0,0.114906832,3.5,4,4.333333333,-2.7803708612132314,0.0,0.21402715608333095,0.026946942750137485,1.407308006294825,R2_Percent
18,5,Candace Cameron Bure,Mark Ballas,Actor/Actress,3rd Place,3,True,False,35.0,0.108695652,7.0,4,4.0,-2.8449093821808025,0.0,0.2532146489605073,0.019730883549522096,1.5754426456288635,R2_Percent
18,5,Charlie White,Sharna Burgess,Athlete,Eliminated Week 9,5,True,False,37.0,0.114906832,3.5,4,10.66666667,-1.997611522490742,0.0,0.07029286212566759,0.10483779134331644,0.29387536091425187,R2_Percent
18,5,Cody Simpson,Witney Carson,Singer/Rapper,Eliminated Week 5,9,True,True,34.0,0.105590062,8.0,4,13.0,-1.8152899661053585,0.0,0.006704741531397747,0.2088246831375404,-2.055979930906926,R2_Percent
18,5,Danica McKellar,Valentin Chmerkovskiy,Actor/Actress,Eliminated Week 8,6,True,False,39.0,0.121118012,2.0,4,11.66666667,-1.9153734243345217,0.0,0.024246685519303143,0.15276882135859726,-0.7705149698362501,R2_Percent
18,5,Drew Carey,Cheryl Burke,Comedian,Eliminated Week 6,8,True,False,28.0,0.086956522,9.0,4,4.666666667,-2.719746239370326,0.0,0.00873520493692547,0.24430651283891386,-1.791433493368299,R2_Percent
18,5,James Maslow,Peta Murgatroyd,Actor/Actress,Eliminated Week 10,4,True,False,40.0,0.124223602,1.0,4,6.0,-2.508437146051018,0.0,0.20622919277783494,0.026562871368539714,1.370193238362434,R2_Percent
18,5,Meryl Davis,Maksim Chmerkoskiy,Athlete,1st Place,1,True,False,36.0,0.111801242,5.5,4,5.666666667,-2.5572273101090217,0.0,0.2034401394947382,0.030670132869939748,1.3565769085317567,R2_Percent
18,5,NeNe Leakes,Tony Dovolani,TV Personality,Eliminated Week 7,7,True,False,36.0,0.111801242,5.5,4,17.0,-1.5639755379609606,0.0,0.013109368570294613,0.18535136078349312,-1.3854677656206569,R2_Percent
18,6,Amy Purdy,Derek Hough,Athlete,2nd Place,2,True,False,38.0,0.134751773,2.0,4,3.333333333,-2.7433183384577946,0.0,0.21486032602904828,0.03225162593036416,1.1325136948396621,R2_Percent
18,6,Candace Cameron Bure,Mark Ballas,Actor/Actress,3rd Place,3,True,False,32.0,0.113475177,7.5,4,3.0,-2.8233610459249205,0.0,0.2432791189251134,0.03014629432456693,1.2567349459132295,R2_Percent
18,6,Charlie White,Sharna Burgess,Athlete,Eliminated Week 9,5,True,False,36.0,0.127659574,3.5,4,10.0,-1.8117601353176527,0.0,0.07240884619192621,0.13255821792035133,0.04485400109921478,R2_Percent
18,6,Danica McKellar,Valentin Chmerkovskiy,Actor/Actress,Eliminated Week 8,6,True,False,36.0,0.127659574,3.5,4,4.0,-2.6002174949473775,0.0,0.026747892069937752,0.20409775603648786,-0.9510188066866154,R2_Percent
18,6,Drew Carey,Cheryl Burke,Comedian,Eliminated Week 6,8,True,True,32.0,0.113475177,7.5,4,5.0,-2.4178959383778675,0.0,0.008601068741857898,0.27704682988345397,-2.0855880079524804,R2_Percent
18,6,James Maslow,Peta Murgatroyd,Actor/Actress,Eliminated Week 10,4,True,False,35.0,0.124113475,5.0,4,8.666666667,-1.9409718666787457,0.0,0.2135078840209706,0.03612200572111917,1.1261992836857304,R2_Percent
18,6,Meryl Davis,Maksim Chmerkoskiy,Athlete,1st Place,1,True,False,40.0,0.141843972,1.0,4,6.333333333,-2.217225243165211,0.0,0.20687067348309487,0.032526364927364555,1.0946193564359137,R2_Percent
18,6,NeNe Leakes,Tony Dovolani,TV Personality,Eliminated Week 7,7,True,False,33.0,0.117021277,6.0,4,19.0,-1.2139231348374868,0.0,0.013724190538050924,0.255250905256292,-1.6183144673346548,R2_Percent
18,7,Amy Purdy,Derek Hough,Athlete,2nd Place,2,True,False,37.5,0.148221344,2.0,4,3.666666667,-2.7990219775066945,0.0,0.21065608444077627,0.04709074144441547,0.805920034017305,R2_Percent
18,7,Candace Cameron Bure,Mark Ballas,Actor/Actress,3rd Place,3,True,False,37.0,0.146245059,3.0,4,5.666666667,-2.442347034082248,0.0,0.22859538729746057,0.04049577014919341,0.8876467349909306,R2_Percent
18,7,Charlie White,Sharna Burgess,Athlete,Eliminated Week 9,5,True,False,35.5,0.140316206,5.0,4,10.33333333,-1.9117187838377243,0.0,0.07411961036546734,0.1844366943030594,-0.2386266935184752,R2_Percent
18,7,Danica McKellar,Valentin Chmerkovskiy,Actor/Actress,Eliminated Week 8,6,True,False,36.0,0.14229249,4.0,4,13.0,-1.7004096900052512,0.0,0.025229776773235908,0.28735623498321805,-1.3162819231730023,R2_Percent
18,7,James Maslow,Peta Murgatroyd,Actor/Actress,Eliminated Week 10,4,True,False,35.0,0.138339921,6.0,4,6.333333333,-2.347036854477923,0.0,0.23275327112542588,0.04195576033817275,0.9056721321881495,R2_Percent
18,7,Meryl Davis,Maksim Chmerkoskiy,Athlete,1st Place,1,True,False,39.0,0.154150198,1.0,4,7.333333333,-2.2192034830880383,0.0,0.21409167792743694,0.04310184234819242,0.8220974866993481,R2_Percent
18,7,NeNe Leakes,Tony Dovolani,TV Personality,Eliminated Week 7,7,True,True,33.0,0.130434783,7.0,4,23.33333333,-1.1476198675097655,0.0,0.01455419207019719,0.3555629564337485,-1.8664277712042558,R2_Percent
18,8,Amy Purdy,Derek Hough,Athlete,2nd Place,2,True,False,40.0,0.17699115,1.5,4,8.333333333,-1.558144617599745,0.0,0.20565522276199708,0.07646159144492262,0.4439662622820807,R2_Percent
18,8,Candace Cameron Bure,Mark Ballas,Actor/Actress,3rd Place,3,True,False,36.0,0.159292035,5.0,4,3.666666667,-2.251291797577548,0.0,0.23230655729189117,0.07025799864625647,0.5658230386312272,R2_Percent
18,8,Charlie White,Sharna Burgess,Athlete,Eliminated Week 9,5,True,False,40.0,0.17699115,1.5,4,8.333333333,-1.558144617599745,0.0,0.07514916684763596,0.26251353718066694,-0.5627597988222177,R2_Percent
18,8,Danica McKellar,Valentin Chmerkovskiy,Actor/Actress,Eliminated Week 8,6,True,True,38.0,0.168141593,3.0,4,4.333333333,-2.1177604052057037,0.0,0.02791798359281784,0.4460206669456553,-1.5529637740361033,R2_Percent
18,8,James Maslow,Peta Murgatroyd,Actor/Actress,Eliminated Week 10,4,True,False,36.0,0.159292035,5.0,4,4.666666667,-2.057135783316842,0.0,0.2376806222093878,0.06677840163684466,0.5886930205612677,R2_Percent
18,8,Meryl Davis,Maksim Chmerkoskiy,Athlete,1st Place,1,True,False,36.0,0.159292035,5.0,4,9.0,-1.4891517461087462,0.0,0.22129044729627007,0.07796780414565392,0.5172412513837453,R2_Percent
18,9,Amy Purdy,Derek Hough,Athlete,2nd Place,2,True,False,39.0,0.204188482,2.0,4,4.333333333,-1.9636097255047142,0.0,0.2272137333415794,0.1181912376647613,0.2085077327568352,R2_Percent
18,9,Candace Cameron Bure,Mark Ballas,Actor/Actress,3rd Place,3,True,False,36.0,0.188481675,5.0,4,4.0,-2.0281482465322855,0.0,0.22602197377783523,0.13866007713926148,0.20324882534225192,R2_Percent
18,9,Charlie White,Sharna Burgess,Athlete,Eliminated Week 9,5,True,True,38.0,0.19895288,3.5,4,11.0,-1.1526795096217188,0.0,0.07458839568051022,0.5255105859023603,-0.9053984570796612,R2_Percent
18,9,James Maslow,Peta Murgatroyd,Actor/Actress,Eliminated Week 10,4,True,False,38.0,0.19895288,3.5,4,4.0,-2.0281482465322855,0.0,0.23601227961166382,0.11427728468389482,0.24650043761573553,R2_Percent
18,9,Meryl Davis,Maksim Chmerkoskiy,Athlete,1st Place,1,True,False,40.0,0.209424084,1.0,4,9.666666667,-1.2704625452072689,0.0,0.23616361758841126,0.10336081460972213,0.24714146136483867,R2_Percent
18,10,Amy Purdy,Derek Hough,Athlete,2nd Place,2,True,False,29.6666,0.258720951,2.0,3,4.666666667,-1.6665963256858136,0.0,0.24388504143839448,0.23799814663172228,-0.023647759331988982,R2_Percent
18,10,Candace Cameron Bure,Mark Ballas,Actor/Actress,3rd Place,3,True,False,25.9998,0.226742969,4.0,3,6.0,-1.4552872321782706,0.0,0.23912650868542587,0.3367996433578274,-0.04335199502511905,R2_Percent
18,10,James Maslow,Peta Murgatroyd,Actor/Actress,Eliminated Week 10,4,True,False,29.0,0.252907565,3.0,3,6.0,-1.4552872321782706,0.0,0.24677507452802586,0.2446659389281304,-0.011867439645255662,R2_Percent
18,10,Meryl Davis,Maksim Chmerkoskiy,Athlete,1st Place,1,True,False,30.0,0.261628515,1.0,3,9.333333333,-1.0658224655870543,0.0,0.2702133753481538,0.18053627108232004,0.0788671940023637,R2_Percent
19,1,Alfonso Ribeiro,Witney Carson,Actor/Actress,1st Place,1,True,False,36.0,0.096774194,1.0,4,3.0,-3.295836863304329,0.0,0.2210574915550984,0.01250606949517411,1.9307463333310975,R2_Percent
19,1,Antonio Sabato Jr.,Cheryl Burke,Actor/Actress,Eliminated Week 7,8,True,False,25.0,0.067204301,10.5,4,0.0,-4.68213121632422,0.0,0.01831964877681108,0.11238550259051569,-0.5597022896478795,R2_Percent
19,1,Bethany Mota,Derek Hough,Social Media Personality,Eliminated Week 11,4,True,False,32.0,0.086021505,3.5,4,22.0,-1.5466370107255047,0.0,0.12953023620432075,0.03288252261205298,1.3962378609510075,R2_Percent
19,1,Betsey Johnson,Tony Dovolani,Fashion Designer,Eliminated Week 4,10,True,False,20.0,0.053763441,13.0,4,15.0,-1.9095425042094385,0.0,0.006344125205492098,0.14290283626916897,-1.6201472569522806,R2_Percent
19,1,Janel Parrish,Valentin Chmerkovskiy,Actor/Actress,3rd Place,3,True,False,29.0,0.077956989,7.5,4,7.0,-2.602689684094384,0.0,0.1824764230253157,0.021514556551909182,1.738944498635922,R2_Percent
19,1,Jonathan Bennett,Allison Holker,Actor/Actress,Eliminated Week 6,9,True,False,30.0,0.080645161,6.0,4,9.0,-2.379546133050174,0.0,0.007527550519436719,0.10960680301563094,-1.4491067844706738,R2_Percent
19,1,Lea Thompson,Artem Chigvintsev,Actor/Actress,Eliminated Week 9,6,True,False,32.0,0.086021505,3.5,4,6.0,-2.7362210765260495,0.0,0.057523535693363076,0.06494446686656657,0.5845177033238715,R2_Percent
19,1,Lolo Jones,Keo Motsepe,Athlete,Eliminated Week 1,13,True,True,22.0,0.059139785,12.0,4,4.0,-3.0726933125301192,0.0,0.004590897503513284,0.13809198846599677,-1.9436009376460865,R2_Percent
19,1,Michael Waltrip,Emma Slater,Racing Driver,Eliminated Week 8,7,True,False,25.0,0.067204301,10.5,4,4.0,-3.0726933125301192,0.0,0.04565734882823744,0.08679466096016245,0.3534880989447562,R2_Percent
19,1,Randy Couture,Karina Smirnoff,Athlete,Eliminated Week 3,11,True,False,31.0,0.083333333,5.0,4,3.0,-3.295836863304329,0.0,0.00568617712394686,0.10873303877435835,-1.729638313507416,R2_Percent
19,1,Sadie Robertson,Mark Ballas,TV Personality,2nd Place,2,True,False,34.0,0.091397849,2.0,4,9.0,-2.379546133050174,0.0,0.18004570732459904,0.019388194089656523,1.7255342710980175,R2_Percent
19,1,Tavis Smiley,Sharna Burgess,Radio Personality,Eliminated Week 2,12,True,False,29.0,0.077956989,7.5,4,9.0,-2.379546133050174,0.0,0.004918774538225241,0.11523401961506034,-1.8746170552558947,R2_Percent
19,1,Tommy Chong,Peta Murgatroyd,Comedian,Eliminated Week 10,5,True,False,27.0,0.072580645,9.0,4,4.0,-3.0726933125301192,0.0,0.1363220837016402,0.03501534069374721,1.4473438711955593,R2_Percent
19,2,Alfonso Ribeiro,Witney Carson,Actor/Actress,1st Place,1,True,False,32.0,0.08839779,4.0,4,6.666666667,-2.6934514001299066,0.0,0.20670162095799766,0.01911595156832217,1.7062722519164322,R2_Percent
19,2,Antonio Sabato Jr.,Cheryl Burke,Actor/Actress,Eliminated Week 7,8,True,False,31.0,0.085635359,5.5,4,0.0,-4.730333317579352,0.0,0.01480548340854013,0.12034859443051066,-0.930006444092125,R2_Percent
19,2,Bethany Mota,Derek Hough,Social Media Personality,Eliminated Week 11,4,True,False,33.0,0.091160221,3.0,4,22.0,-1.5948391124907821,0.0,0.1478366253542086,0.032485442454009604,1.3711037244741349,R2_Percent
19,2,Betsey Johnson,Tony Dovolani,Fashion Designer,Eliminated Week 4,10,True,False,28.0,0.077348066,9.5,4,10.0,-2.3324380550840123,0.0,0.006984385291314177,0.1401404875910753,-1.681327072091278,R2_Percent
19,2,Janel Parrish,Valentin Chmerkovskiy,Actor/Actress,3rd Place,3,True,False,34.0,0.093922652,2.0,4,7.333333333,-2.6100697913925948,0.0,0.18532920783757342,0.022204848430988952,1.5971296886446702,R2_Percent
19,2,Jonathan Bennett,Allison Holker,Actor/Actress,Eliminated Week 6,9,True,False,30.0,0.082872928,7.0,4,18.0,-1.7858943491497539,0.0,0.007786440454625185,0.13200565908522421,-1.572620239154875,R2_Percent
19,2,Lea Thompson,Artem Chigvintsev,Actor/Actress,Eliminated Week 9,6,True,False,35.0,0.096685083,1.0,4,4.333333333,-3.056356893278514,0.0,0.05775826201933056,0.07223848123251178,0.4312623476179966,R2_Percent
19,2,Michael Waltrip,Emma Slater,Racing Driver,Eliminated Week 8,7,True,False,24.0,0.066298343,12.0,4,4.0,-3.1208954142119185,0.0,0.04405163773434506,0.10958861831388411,0.16035847385649415,R2_Percent
19,2,Randy Couture,Karina Smirnoff,Athlete,Eliminated Week 3,11,True,False,28.0,0.077348066,9.5,4,6.666666667,-2.6934514001299066,0.0,0.005316906567182086,0.14236668798677649,-1.9541123949220813,R2_Percent
19,2,Sadie Robertson,Mark Ballas,TV Personality,2nd Place,2,True,False,31.0,0.085635359,5.5,4,12.33333333,-2.140066162866859,0.0,0.18692653721388422,0.02365424770185366,1.6057116337247006,R2_Percent
19,2,Tavis Smiley,Sharna Burgess,Radio Personality,Eliminated Week 2,12,True,True,28.0,0.077348066,9.5,4,5.333333333,-2.884506636677513,0.0,0.005146527231929077,0.14259613821592584,-1.9866818935010804,R2_Percent
19,2,Tommy Chong,Peta Murgatroyd,Comedian,Eliminated Week 10,5,True,False,28.0,0.077348066,9.5,4,4.666666667,-2.9957322714657555,0.0,0.13135636592906988,0.04325484298891709,1.252909923527011,R2_Percent
19,3,Alfonso Ribeiro,Witney Carson,Actor/Actress,1st Place,1,True,False,32.0,0.090651558,5.0,4,2.333333333,-3.1484533583716976,0.0,0.2096652673316973,0.0218829474149209,1.5555660517782626,R2_Percent
19,3,Antonio Sabato Jr.,Cheryl Burke,Actor/Actress,Eliminated Week 7,8,True,False,29.0,0.082152975,8.5,4,0.0,-4.352426157160967,0.0,0.012026809293351317,0.1535565609475539,-1.3028079764788802,R2_Percent
19,3,Bethany Mota,Derek Hough,Social Media Personality,Eliminated Week 11,4,True,False,40.0,0.113314448,1.5,4,19.66666667,-1.323904068013555,0.0,0.15914693257911552,0.0284739923786921,1.2798816376317734,R2_Percent
19,3,Betsey Johnson,Tony Dovolani,Fashion Designer,Eliminated Week 4,10,True,False,29.0,0.082152975,8.5,4,9.666666667,-1.985302550036642,0.0,0.0069077604922018615,0.16116893183947792,-1.857300753531509,R2_Percent
19,3,Janel Parrish,Valentin Chmerkovskiy,Actor/Actress,3rd Place,3,True,False,40.0,0.113314448,1.5,4,6.333333333,-2.3599959992237913,0.0,0.1825856715925606,0.022815802623531965,1.4172732541189166,R2_Percent
19,3,Jonathan Bennett,Allison Holker,Actor/Actress,Eliminated Week 6,9,True,False,32.0,0.090651558,5.0,4,6.333333333,-2.3599959992237913,0.0,0.00857303049577156,0.1464064431537055,-1.6413249552599865,R2_Percent
19,3,Lea Thompson,Artem Chigvintsev,Actor/Actress,Eliminated Week 9,6,True,False,31.0,0.087818697,7.0,4,4.0,-2.7429882509402,0.0,0.053826431005743754,0.0980460377076568,0.19581838702443524,R2_Percent
19,3,Michael Waltrip,Emma Slater,Racing Driver,Eliminated Week 8,7,True,False,28.0,0.079320113,10.0,4,2.333333333,-3.1484533583716976,0.0,0.04149985963843826,0.11937524615183541,-0.0642561971135169,R2_Percent
19,3,Randy Couture,Karina Smirnoff,Athlete,Eliminated Week 3,11,True,True,26.0,0.073654391,11.0,4,3.666666667,-2.8119811222447706,0.0,0.0053742620776363005,0.1771991222261677,-2.1083249654308784,R2_Percent
19,3,Sadie Robertson,Mark Ballas,TV Personality,2nd Place,2,True,False,32.0,0.090651558,5.0,4,9.0,-2.0498410711569215,0.0,0.19467945852565252,0.025212759515167615,1.481408161467441,R2_Percent
19,3,Tommy Chong,Peta Murgatroyd,Comedian,Eliminated Week 10,5,True,False,34.0,0.09631728,3.0,4,3.333333333,-2.8860890944188218,0.0,0.125714516967831,0.04586215604129015,1.0440673557939417,R2_Percent
19,4,Alfonso Ribeiro,Witney Carson,Actor/Actress,1st Place,1,True,False,40.0,0.125,1.0,4,3.0,-3.016351558645672,0.0,0.19648022761831857,0.02254194185742735,1.2935076259031613,R2_Percent
19,4,Antonio Sabato Jr.,Cheryl Burke,Actor/Actress,Eliminated Week 7,8,True,False,29.0,0.090625,6.5,4,0.0,-4.402645913640563,0.0,0.01064563825494048,0.18068398023151852,-1.621903922797034,R2_Percent
19,4,Bethany Mota,Derek Hough,Social Media Personality,Eliminated Week 11,4,True,False,33.0,0.103125,5.0,4,18.33333333,-1.4408151996789198,0.0,0.1744646354993033,0.03413153496281432,1.1746678816728737,R2_Percent
19,4,Betsey Johnson,Tony Dovolani,Fashion Designer,Eliminated Week 4,10,True,True,29.0,0.090625,6.5,4,9.666666667,-2.035522306878738,0.0,0.00714275416923784,0.1867662842205708,-2.020955737573587,R2_Percent
19,4,Janel Parrish,Valentin Chmerkovskiy,Actor/Actress,3rd Place,3,True,False,36.0,0.1125,4.0,4,5.666666667,-2.5055259356463484,0.0,0.1857402467584759,0.0280794156272747,1.2372949973267158,R2_Percent
19,4,Jonathan Bennett,Allison Holker,Actor/Actress,Eliminated Week 6,9,True,False,24.0,0.075,10.0,4,18.33333333,-1.4408151996789198,0.0,0.008370563397226279,0.21399166198969014,-1.862332983803166,R2_Percent
19,4,Lea Thompson,Artem Chigvintsev,Actor/Actress,Eliminated Week 9,6,True,False,39.0,0.121875,2.0,4,5.333333333,-2.556819230072057,0.0,0.05264153598334916,0.09041820812530336,-0.02354871192944713,R2_Percent
19,4,Michael Waltrip,Emma Slater,Racing Driver,Eliminated Week 8,7,True,False,25.0,0.078125,9.0,4,3.0,-3.016351558645672,0.0,0.038980102091149646,0.155568433578175,-0.3240028643949205,R2_Percent
19,4,Sadie Robertson,Mark Ballas,TV Personality,2nd Place,2,True,False,37.0,0.115625,3.0,4,5.666666667,-2.5055259356463484,0.0,0.20306636066446543,0.023144042509932183,1.3264786479108328,R2_Percent
19,4,Tommy Chong,Peta Murgatroyd,Comedian,Eliminated Week 10,5,True,False,28.0,0.0875,8.0,4,2.666666667,-3.1033629353587866,0.0,0.12246793556353339,0.06467449689729354,0.8207950676845706,R2_Percent
19,5,Alfonso Ribeiro,Witney Carson,Actor/Actress,1st Place,1,True,False,34.0,0.128787879,2.5,4,11.66666667,-2.1675488080562726,0.0,0.19218269984927736,0.0305445700633401,1.037843825456644,R2_Percent
19,5,Antonio Sabato Jr.,Cheryl Burke,Actor/Actress,Eliminated Week 7,8,True,False,28.0,0.106060606,6.0,4,29.33333333,-1.2942754621477055,0.0,0.009454978598292791,0.21295942917825747,-1.9740612172636998,R2_Percent
19,5,Bethany Mota,Derek Hough,Social Media Personality,Eliminated Week 11,4,True,False,32.0,0.121212121,5.0,4,26.0,-1.4106858138371854,0.0,0.18852847196356257,0.03396498871217288,1.0186463845431957,R2_Percent
19,5,Janel Parrish,Valentin Chmerkovskiy,Actor/Actress,3rd Place,3,True,False,33.0,0.125,4.0,4,6.666666667,-2.6696407515033944,0.0,0.1884769274292697,0.03278644772740441,1.0183729426524584,R2_Percent
19,5,Jonathan Bennett,Allison Holker,Actor/Actress,Eliminated Week 6,9,True,False,24.0,0.090909091,7.0,4,4.0,-3.0970847656039573,0.0,0.009746454248463517,0.24507283426606,-1.9436991037955886,R2_Percent
19,5,Lea Thompson,Artem Chigvintsev,Actor/Actress,Eliminated Week 9,6,True,False,34.0,0.128787879,2.5,4,4.0,-3.0970847656039573,0.0,0.05451318567394951,0.11221407689151407,-0.22216004446003776,R2_Percent
19,5,Michael Waltrip,Emma Slater,Racing Driver,Eliminated Week 8,7,True,False,20.0,0.075757576,9.0,4,4.0,-3.0970847656039573,0.0,0.038571014102225964,0.2153621180294168,-0.5681015914507911,R2_Percent
19,5,Sadie Robertson,Mark Ballas,TV Personality,2nd Place,2,True,False,36.0,0.136363636,1.0,4,13.0,-2.067465349845656,0.0,0.1997336151380854,0.02647532059087469,1.076381898600598,R2_Percent
19,5,Tommy Chong,Peta Murgatroyd,Comedian,Eliminated Week 10,5,True,False,23.0,0.087121212,8.0,4,3.0,-3.3202283163648336,0.0,0.11879265299687317,0.0906202145409596,0.5567769057172215,R2_Percent
19,6,Alfonso Ribeiro,Witney Carson,Actor/Actress,1st Place,1,True,False,39.0,0.133105802,1.0,4,4.0,-2.61006979144083,0.0,0.20765820727197443,0.026191373258798528,1.1116824340237064,R2_Percent
19,6,Antonio Sabato Jr.,Cheryl Burke,Actor/Actress,Eliminated Week 7,8,True,False,28.0,0.09556314,8.5,4,0.0,-4.2195076984349305,0.0,0.013479011057201552,0.23406839763189344,-1.6230773207341416,R2_Percent
19,6,Bethany Mota,Derek Hough,Social Media Personality,Eliminated Week 11,4,True,False,36.0,0.122866894,2.0,4,24.66666667,-0.9743145716545507,0.0,0.19423205302828792,0.03275668218325509,1.044842534058701,R2_Percent
19,6,Janel Parrish,Valentin Chmerkovskiy,Actor/Actress,3rd Place,3,True,False,33.0,0.112627986,4.0,4,9.666666667,-1.8523840904345634,0.0,0.17863790160689333,0.041815843071170374,0.961149801154197,R2_Percent
19,6,Jonathan Bennett,Allison Holker,Actor/Actress,Eliminated Week 6,9,True,True,32.0,0.109215017,5.5,4,3.0,-2.8332133424150396,0.0,0.008357133183882244,0.2159376530109861,-2.1010956121203184,R2_Percent
19,6,Lea Thompson,Artem Chigvintsev,Actor/Actress,Eliminated Week 9,6,True,False,32.0,0.109215017,5.5,4,3.0,-2.8332133424150396,0.0,0.05000967210066311,0.14566350806693346,-0.3119946310840555,R2_Percent
19,6,Michael Waltrip,Emma Slater,Racing Driver,Eliminated Week 8,7,True,False,30.0,0.102389078,7.0,4,3.666666667,-2.67906266275921,0.0,0.036406790330297534,0.17668842597958578,-0.6294557550374562,R2_Percent
19,6,Sadie Robertson,Mark Ballas,TV Personality,2nd Place,2,True,False,35.0,0.119453925,3.0,4,7.666666667,-2.060023455058481,0.0,0.2032298124989567,0.0310724254533172,1.0901263601786766,R2_Percent
19,6,Tommy Chong,Peta Murgatroyd,Comedian,Eliminated Week 10,5,True,False,28.0,0.09556314,8.5,4,3.333333333,-2.7531706349491953,0.0,0.10798941892184317,0.0958056913440601,0.4578221895606906,R2_Percent
19,7,Alfonso Ribeiro,Witney Carson,Actor/Actress,1st Place,1,True,False,34.0,0.131528046,3.0,4,4.0,-2.600217495006784,0.0,0.2025602264878037,0.04100604384474839,0.8446538986518827,R2_Percent
19,7,Antonio Sabato Jr.,Cheryl Burke,Actor/Actress,Eliminated Week 7,8,True,True,29.5,0.114119923,7.0,4,0.0,-4.209655402054217,0.0,0.011464256934446691,0.29425702112936936,-2.0271492558695785,R2_Percent
19,7,Bethany Mota,Derek Hough,Social Media Personality,Eliminated Week 11,4,True,False,37.5,0.145067698,1.0,4,21.66666667,-1.0887599918354358,0.0,0.20747571774826212,0.03444230385856663,0.868630951492801,R2_Percent
19,7,Janel Parrish,Valentin Chmerkovskiy,Actor/Actress,3rd Place,3,True,False,33.5,0.12959381,4.0,4,12.66666667,-1.594695630014767,0.0,0.1877731085862509,0.04802712575597331,0.7688510063244439,R2_Percent
19,7,Lea Thompson,Artem Chigvintsev,Actor/Actress,Eliminated Week 9,6,True,False,35.0,0.135396518,2.0,4,2.666666667,-2.910372422730017,0.0,0.04738665420975424,0.17136940677458148,-0.6080427261300506,R2_Percent
19,7,Michael Waltrip,Emma Slater,Racing Driver,Eliminated Week 8,7,True,False,28.0,0.108317215,8.0,4,5.666666667,-2.3125354228416692,0.0,0.035941349340254655,0.24664436815539295,-0.884494933532165,R2_Percent
19,7,Sadie Robertson,Mark Ballas,TV Personality,2nd Place,2,True,False,31.0,0.119922631,5.0,4,10.33333333,-1.7819071725394988,0.0,0.2010407533465255,0.04642197654993122,0.8371242820449626,R2_Percent
19,7,Tommy Chong,Peta Murgatroyd,Comedian,Eliminated Week 10,5,True,False,30.0,0.116054159,6.0,4,2.333333333,-3.0056826025416146,0.0,0.10635793334670215,0.1178317539314367,0.20042677701770403,R2_Percent
19,8,Alfonso Ribeiro,Witney Carson,Actor/Actress,1st Place,1,True,False,41.0,0.165322581,2.0,4,2.666666667,-2.749599202424491,0.0,0.1975048476337335,0.045153891427471816,0.5287346035538729,R2_Percent
19,8,Bethany Mota,Derek Hough,Social Media Personality,Eliminated Week 11,4,True,False,40.0,0.161290323,3.0,4,18.0,-1.104443208741102,0.0,0.213578396860673,0.04029651014133928,0.6069754382114788,R2_Percent
19,8,Janel Parrish,Valentin Chmerkovskiy,Actor/Actress,3rd Place,3,True,False,43.0,0.173387097,1.0,4,9.333333333,-1.7135072718696795,0.0,0.2016478146160046,0.04023326177457391,0.549494158283126,R2_Percent
19,8,Lea Thompson,Artem Chigvintsev,Actor/Actress,Eliminated Week 9,6,True,False,32.0,0.129032258,5.0,4,3.0,-2.662587825656073,0.0,0.04437396130795327,0.2705463553476032,-0.9643756850900963,R2_Percent
19,8,Michael Waltrip,Emma Slater,Racing Driver,Eliminated Week 8,7,True,True,25.0,0.100806452,7.0,4,4.0,-2.43944427462853,0.0,0.03726900151253954,0.3778064261984317,-1.138866602982973,R2_Percent
19,8,Sadie Robertson,Mark Ballas,TV Personality,2nd Place,2,True,False,38.0,0.153225806,4.0,4,10.66666667,-1.59214641461085,0.0,0.20545703282813424,0.04695784116604026,0.5682084006132753,R2_Percent
19,8,Tommy Chong,Peta Murgatroyd,Comedian,Eliminated Week 10,5,True,False,29.0,0.116935484,6.0,4,2.666666667,-2.749599202424491,0.0,0.10016894524096179,0.17900571394453985,-0.15017031258868369,R2_Percent
19,9,Alfonso Ribeiro,Witney Carson,Actor/Actress,1st Place,1,True,False,38.5,0.179906542,1.5,4,2.666666667,-2.720098538087138,0.0,0.19397987223461644,0.0834970975688762,0.28957070082323666,R2_Percent
19,9,Bethany Mota,Derek Hough,Social Media Personality,Eliminated Week 11,4,True,False,37.0,0.172897196,3.0,4,28.66666667,-0.6293574424624595,0.0,0.22250517450182192,0.06813205830610956,0.42676665603424824,R2_Percent
19,9,Janel Parrish,Valentin Chmerkovskiy,Actor/Actress,3rd Place,3,True,False,38.5,0.179906542,1.5,4,6.0,-2.0734713739759383,0.0,0.21604651843178657,0.06777835237690194,0.39731004611739307,R2_Percent
19,9,Lea Thompson,Artem Chigvintsev,Actor/Actress,Eliminated Week 9,6,True,True,35.0,0.163551402,5.0,4,3.0,-2.6330871613149327,0.0,0.044690196293855684,0.39959426564260386,-1.1784295462098235,R2_Percent
19,9,Sadie Robertson,Mark Ballas,TV Personality,2nd Place,2,True,False,36.5,0.170560748,4.0,4,7.666666667,-1.8598972737923478,0.0,0.22096403931175393,0.07067542426000713,0.41981626874178346,R2_Percent
19,9,Tommy Chong,Peta Murgatroyd,Comedian,Eliminated Week 10,5,True,False,28.5,0.13317757,6.0,4,1.666666667,-3.0385522686022632,0.0,0.10181419922616557,0.3103228018455012,-0.355034125506838,R2_Percent
19,10,Alfonso Ribeiro,Witney Carson,Actor/Actress,1st Place,1,True,False,37.5,0.205479452,3.0,4,9.666666667,-1.646251885018865,0.0,0.19427167113512037,0.1565052678433269,0.017932579064379367,R2_Percent
19,10,Bethany Mota,Derek Hough,Social Media Personality,Eliminated Week 11,4,True,False,38.0,0.208219178,2.0,4,21.66666667,-0.8924800828013082,0.0,0.2529777923056159,0.08755938407562613,0.2819767403508574,R2_Percent
19,10,Janel Parrish,Valentin Chmerkovskiy,Actor/Actress,3rd Place,3,True,False,39.0,0.21369863,1.0,4,6.0,-2.067465349854692,0.0,0.22184420300157034,0.11158586872112497,0.15065038014655777,R2_Percent
19,10,Sadie Robertson,Mark Ballas,TV Personality,2nd Place,2,True,False,37.0,0.202739726,4.0,4,10.33333333,-1.5856272635583124,0.0,0.23003266743594472,0.11454640147065633,0.18689636409191476,R2_Percent
19,10,Tommy Chong,Peta Murgatroyd,Comedian,Eliminated Week 10,5,True,True,31.0,0.169863014,5.0,4,2.666666667,-2.714092513970221,0.0,0.10087366612174874,0.5298030778892656,-0.6374560636537092,R2_Percent
19,11,Alfonso Ribeiro,Witney Carson,Actor/Actress,1st Place,1,True,False,40.0,0.255864085,1.0,4,4.666666667,-2.1155465453060573,0.0,0.23531201761010057,0.2691923176541715,-0.05801235093968715,R2_Percent
19,11,Bethany Mota,Derek Hough,Social Media Personality,Eliminated Week 11,4,True,False,38.0,0.243070881,4.0,4,20.33333333,-0.7898768068267744,0.0,0.27782687852224897,0.20326358662278407,0.10807346164460518,R2_Percent
19,11,Janel Parrish,Valentin Chmerkovskiy,Actor/Actress,3rd Place,3,True,False,38.9998,0.249466204,3.0,4,6.666666667,-1.8132656736648372,0.0,0.23289446716141873,0.2925827550591653,-0.06833929861093341,R2_Percent
19,11,Sadie Robertson,Mark Ballas,TV Personality,2nd Place,2,True,False,39.3332,0.251598831,2.0,4,11.33333333,-1.3378419774954733,0.0,0.2539666367062317,0.23496134066387905,0.018278187906015375,R2_Percent
20,1,Charlotte McKinney,Keo Motsepe,Model,Eliminated Week 3,11,True,False,22.0,0.06918239,11.5,4,15.0,-2.4423470342192046,0.0,0.004784260083626288,0.14052416590483405,-1.8395603005360799,R2_Percent
20,1,Chris Soules,Witney Carson,TV Personality,Eliminated Week 8,5,True,False,26.0,0.081761006,6.0,4,55.0,-1.1895840665452648,0.0,0.04041780480414396,0.08909372381016359,0.2943787198423564,R2_Percent
20,1,Michael Sam,Peta Murgatroyd,Athlete,Eliminated Week 4,10,True,False,26.0,0.081761006,6.0,4,21.0,-2.123893303414306,0.0,0.004668585122833059,0.12490863331959506,-1.8640356267936073,R2_Percent
20,1,Nastia Liukin,Derek Hough,Athlete,Eliminated Week 9,4,True,False,30.0,0.094339623,3.0,4,14.0,-2.506885555280109,0.0,0.09832329324612343,0.04576359294149019,1.1833692788639218,R2_Percent
20,1,Noah Galloway,Sharna Burgess,Motivational Speaker,3rd Place,3,True,False,26.0,0.081761006,6.0,4,5.0,-3.423176285314264,0.0,0.30467465523548076,0.0073301217796059494,2.3143528221145004,R2_Percent
20,1,Patti LaBelle,Artem Chigvintsev,Singer/Rapper,Eliminated Week 6,8,True,False,25.0,0.078616352,9.0,4,5.0,-3.423176285314264,0.0,0.010411671169924034,0.12187826721944638,-1.0619642762155224,R2_Percent
20,1,Redfoo,Emma Slater,Singer/Rapper,Eliminated Week 2,12,True,False,22.0,0.06918239,11.5,4,5.0,-3.423176285314264,0.0,0.004497982694586215,0.1409049152948258,-1.901262674840891,R2_Percent
20,1,Riker Lynch,Allison Holker,Actor/Actress,2nd Place,2,True,False,31.0,0.097484277,2.0,4,11.0,-2.730029106287652,0.0,0.22015605317272657,0.014044491323066899,1.9894449464850281,R2_Percent
20,1,Robert Herjavec,Kym Johnson,Entrepreneur,Eliminated Week 8,6,True,False,28.0,0.088050314,4.0,4,7.0,-3.1354942136291495,0.0,0.0753539044688916,0.06034243220740825,0.9173040604858074,R2_Percent
20,1,Rumer Willis,Valentin Chmerkovskiy,Actor/Actress,1st Place,1,True,False,32.0,0.100628931,1.0,4,6.0,-3.269025605925101,0.0,0.21299342030278054,0.014588116831114958,1.9563695936218573,R2_Percent
20,1,Suzanne Somers,Tony Dovolani,Actor/Actress,Eliminated Week 5,9,True,False,25.0,0.078616352,9.0,4,10.0,-2.817040483137888,0.0,0.007796779391317658,0.12492806733052834,-1.3511809311327188,R2_Percent
20,1,Willow Shields,Mark Ballas,Actor/Actress,Eliminated Week 7,7,True,False,25.0,0.078616352,9.0,4,18.0,-2.2704967774741243,0.0,0.01592159030756584,0.11569347203792057,-0.637215611894653,R2_Percent
20,2,Charlotte McKinney,Keo Motsepe,Model,Eliminated Week 3,11,True,False,26.0,0.074927954,11.0,4,15.0,-2.1449561478948325,0.0,0.00507162242503741,0.13756861970940693,-1.810162209011389,R2_Percent
20,2,Chris Soules,Witney Carson,TV Personality,Eliminated Week 8,5,True,False,21.0,0.060518732,12.0,4,27.0,-1.5853403603254814,0.0,0.04953765718224948,0.10354771906196236,0.4689101511445485,R2_Percent
20,2,Michael Sam,Peta Murgatroyd,Athlete,Eliminated Week 4,10,True,False,28.0,0.080691643,7.5,4,19.33333333,-1.9052832949753822,0.0,0.005129782755708406,0.1302031632429907,-1.798759669891307,R2_Percent
20,2,Nastia Liukin,Derek Hough,Athlete,Eliminated Week 9,4,True,False,34.0,0.097982709,1.0,4,6.666666667,-2.8806629419016536,0.0,0.10421748071191092,0.04334147054817176,1.212656896037549,R2_Percent
20,2,Noah Galloway,Sharna Burgess,Motivational Speaker,3rd Place,3,True,False,27.0,0.077809798,10.0,4,4.666666667,-3.182943813130086,0.0,0.2900911610736739,0.009051615426651255,2.2363722417511163,R2_Percent
20,2,Patti LaBelle,Artem Chigvintsev,Singer/Rapper,Eliminated Week 6,8,True,False,28.0,0.080691643,7.5,4,6.666666667,-2.8806629419016536,0.0,0.009882129855387577,0.12448408803377188,-1.1430949194271327,R2_Percent
20,2,Redfoo,Emma Slater,Singer/Rapper,Eliminated Week 2,12,True,True,31.0,0.089337176,5.0,4,3.666666667,-3.377099827041632,0.0,0.004291357090613221,0.12094126190398638,-1.97721995930832,R2_Percent
20,2,Riker Lynch,Allison Holker,Actor/Actress,2nd Place,2,True,False,32.0,0.09221902,3.0,4,7.0,-2.8381033276006113,0.0,0.2270617393950897,0.014331938613632302,1.9913989798535108,R2_Percent
20,2,Robert Herjavec,Kym Johnson,Entrepreneur,Eliminated Week 8,6,True,False,28.0,0.080691643,7.5,4,16.33333333,-2.0649134404793092,0.0,0.0734175361661092,0.06828263052788812,0.8623398390681064,R2_Percent
20,2,Rumer Willis,Valentin Chmerkovskiy,Actor/Actress,1st Place,1,True,False,32.0,0.09221902,3.0,4,6.666666667,-2.8806629419016536,0.0,0.20595093628842642,0.017496924363906197,1.8938149867024834,R2_Percent
20,2,Suzanne Somers,Tony Dovolani,Actor/Actress,Eliminated Week 5,9,True,False,28.0,0.080691643,7.5,4,5.333333333,-3.071718178385187,0.0,0.007976862876532891,0.12674612360012838,-1.3572777694351406,R2_Percent
20,2,Willow Shields,Mark Ballas,Actor/Actress,Eliminated Week 7,7,True,False,32.0,0.09221902,3.0,4,6.333333333,-2.9251147044803925,0.0,0.017371734179260866,0.1040044449675038,-0.5789785674840244,R2_Percent
20,3,Charlotte McKinney,Keo Motsepe,Model,Eliminated Week 3,11,True,True,22.0,0.07028754,10.5,4,9.333333333,-2.415337574377498,0.0,0.005466737273271543,0.16934122004732843,-1.938293616863715,R2_Percent
20,3,Chris Soules,Witney Carson,TV Personality,Eliminated Week 8,5,True,False,28.0,0.089456869,7.0,4,17.33333333,-1.8419915942681793,0.0,0.05429356304416085,0.089052960646922,0.35743009682182364,R2_Percent
20,3,Michael Sam,Peta Murgatroyd,Athlete,Eliminated Week 4,10,True,False,24.0,0.076677316,9.0,4,29.0,-1.3495151092339204,0.0,0.005579689143423742,0.15924651344646062,-1.917842513007138,R2_Percent
20,3,Nastia Liukin,Derek Hough,Athlete,Eliminated Week 9,4,True,False,34.0,0.108626198,1.5,4,8.666666667,-2.4820289487322325,0.0,0.10114083838057959,0.04771553605491449,0.9795384061404645,R2_Percent
20,3,Noah Galloway,Sharna Burgess,Motivational Speaker,3rd Place,3,True,False,30.0,0.095846645,5.0,4,3.0,-3.364418127270074,0.0,0.28392234915202297,0.00956811763265561,2.011725203512062,R2_Percent
20,3,Patti LaBelle,Artem Chigvintsev,Singer/Rapper,Eliminated Week 6,8,True,False,22.0,0.07028754,10.5,4,4.333333333,-3.07673605560371,0.0,0.010083797340487154,0.16211019366086368,-1.326045666796329,R2_Percent
20,3,Riker Lynch,Allison Holker,Actor/Actress,2nd Place,2,True,False,34.0,0.108626198,1.5,4,6.666666667,-2.7138305624684174,0.0,0.22467893851949233,0.014844100330037736,1.7776968644580609,R2_Percent
20,3,Robert Herjavec,Kym Johnson,Entrepreneur,Eliminated Week 8,6,True,False,29.0,0.092651757,6.0,4,10.66666667,-2.2939767171831846,0.0,0.08268319771398616,0.0660691154753163,0.7780408310669703,R2_Percent
20,3,Rumer Willis,Valentin Chmerkovskiy,Actor/Actress,1st Place,1,True,False,33.0,0.10543131,3.0,4,6.666666667,-2.7138305624684174,0.0,0.20781758785948126,0.0179424532177118,1.6996851346986088,R2_Percent
20,3,Suzanne Somers,Tony Dovolani,Actor/Actress,Eliminated Week 5,9,True,False,25.0,0.079872204,8.0,4,4.0,-3.141274576534198,0.0,0.007691255420069482,0.15145642795368827,-1.5968915550064602,R2_Percent
20,3,Willow Shields,Mark Ballas,Actor/Actress,Eliminated Week 7,7,True,False,32.0,0.102236422,4.0,4,5.0,-2.9589530201257985,0.0,0.016642046153025013,0.11265336153410097,-0.8250431850243479,R2_Percent
20,4,Chris Soules,Witney Carson,TV Personality,Eliminated Week 8,5,True,False,27.0,0.083076923,10.0,4,13.33333333,-1.8807069547893804,0.0,0.05641935930424331,0.12467886547272244,0.18407941302918807,R2_Percent
20,4,Michael Sam,Peta Murgatroyd,Athlete,Eliminated Week 4,10,True,True,30.0,0.092307692,7.5,4,14.0,-1.8352445805092124,0.0,0.006517917925623028,0.183121793937429,-1.9741779482743322,R2_Percent
20,4,Nastia Liukin,Derek Hough,Athlete,Eliminated Week 9,4,True,False,36.0,0.110769231,2.0,4,9.0,-2.2407096883040434,0.0,0.10445688251137271,0.06094427336774756,0.8000414420590461,R2_Percent
20,4,Noah Galloway,Sharna Burgess,Motivational Speaker,3rd Place,3,True,False,32.0,0.098461538,6.0,4,3.333333333,-3.076957711352354,0.0,0.2711640933716061,0.014162676910088495,1.7539912115752294,R2_Percent
20,4,Patti LaBelle,Artem Chigvintsev,Singer/Rapper,Eliminated Week 6,8,True,False,30.0,0.092307692,7.5,4,5.666666667,-2.646174795892208,0.0,0.00992653972751214,0.17731608656199987,-1.553520985839101,R2_Percent
20,4,Riker Lynch,Allison Holker,Actor/Actress,2nd Place,2,True,False,34.0,0.104615385,4.5,4,7.333333333,-2.4230312449499984,0.0,0.22636837535487,0.020406315920614586,1.5734307150906497,R2_Percent
20,4,Robert Herjavec,Kym Johnson,Entrepreneur,Eliminated Week 8,6,True,False,34.0,0.104615385,4.5,4,16.0,-1.7100814376289317,0.0,0.08762319497798098,0.07573443395533395,0.6243128090939856,R2_Percent
20,4,Rumer Willis,Valentin Chmerkovskiy,Actor/Actress,1st Place,1,True,False,35.0,0.107692308,3.0,4,7.0,-2.463853239383253,0.0,0.2141528830936161,0.02224728933652973,1.5179572302809425,R2_Percent
20,4,Suzanne Somers,Tony Dovolani,Actor/Actress,Eliminated Week 5,9,True,False,28.0,0.086153846,9.0,4,3.666666667,-3.002849739205226,0.0,0.00738778945781651,0.19249966611974945,-1.8489043725814713,R2_Percent
20,4,Willow Shields,Mark Ballas,Actor/Actress,Eliminated Week 7,7,True,False,39.0,0.12,1.0,4,4.666666667,-2.8086937251323354,0.0,0.015982964275359033,0.12888859841778486,-1.077209514434136,R2_Percent
20,5,Chris Soules,Witney Carson,TV Personality,Eliminated Week 8,5,True,False,27.0,0.09540636,7.5,4,11.66666667,-1.6999519191740213,0.0,0.055748565873652095,0.14645787785537867,-0.04946788961566827,R2_Percent
20,5,Nastia Liukin,Derek Hough,Athlete,Eliminated Week 9,4,True,False,38.0,0.134275618,2.5,4,4.666666667,-2.5043247343723642,0.0,0.10748037774925519,0.06220259851013612,0.6069887229559551,R2_Percent
20,5,Noah Galloway,Sharna Burgess,Motivational Speaker,3rd Place,3,True,False,28.0,0.098939929,5.5,4,5.666666667,-2.3418058050669424,0.0,0.2608671579527725,0.02038102280054441,1.493691729005162,R2_Percent
20,5,Patti LaBelle,Artem Chigvintsev,Singer/Rapper,Eliminated Week 6,8,True,False,27.0,0.09540636,7.5,4,4.0,-2.629487877222057,0.0,0.010068900087308983,0.22553872378083165,-1.7608681013031213,R2_Percent
20,5,Riker Lynch,Allison Holker,Actor/Actress,2nd Place,2,True,False,38.0,0.134275618,2.5,4,7.0,-2.1594842484963213,0.0,0.22867398614487322,0.019784560128126592,1.3619777725398001,R2_Percent
20,5,Robert Herjavec,Kym Johnson,Entrepreneur,Eliminated Week 8,6,True,False,24.0,0.084805654,9.0,4,10.33333333,-1.811177554777125,0.0,0.09662207851330261,0.11001382647477895,0.5004876957562512,R2_Percent
20,5,Rumer Willis,Valentin Chmerkovskiy,Actor/Actress,1st Place,1,True,False,39.0,0.137809187,1.0,4,9.666666667,-1.8718021762299568,0.0,0.21827543215005996,0.021110871563264442,1.3154381401515305,R2_Percent
20,5,Suzanne Somers,Tony Dovolani,Actor/Actress,Eliminated Week 5,9,True,True,28.0,0.098939929,5.5,4,4.0,-2.629487877222057,0.0,0.007013170375445392,0.22452239068412375,-2.1225297118944413,R2_Percent
20,5,Willow Shields,Mark Ballas,Actor/Actress,Eliminated Week 7,7,True,False,34.0,0.120141343,4.0,4,3.333333333,-2.77258872072632,0.0,0.01525033115333025,0.16998812820281547,-1.3457183575954685,R2_Percent
20,6,Chris Soules,Witney Carson,TV Personality,Eliminated Week 8,5,True,False,35.0,0.123674912,5.0,4,12.33333333,-1.4872702781995961,0.0,0.05367516521956148,0.17373131660438848,-0.3337465157789308,R2_Percent
20,6,Nastia Liukin,Derek Hough,Athlete,Eliminated Week 9,4,True,False,36.5,0.128975265,2.5,4,8.0,-1.8803128658461479,0.0,0.09980208778047879,0.10685051690120743,0.28649216505624775,R2_Percent
20,6,Noah Galloway,Sharna Burgess,Motivational Speaker,3rd Place,3,True,False,34.0,0.120141343,6.5,4,2.666666667,-2.778254458007662,0.0,0.2682784925259633,0.023630203617586505,1.2753286544968248,R2_Percent
20,6,Patti LaBelle,Artem Chigvintsev,Singer/Rapper,Eliminated Week 6,8,True,True,34.0,0.120141343,6.5,4,3.0,-2.6912430812430324,0.0,0.009696459175886072,0.27221314106472316,-2.044936152231818,R2_Percent
20,6,Riker Lynch,Allison Holker,Actor/Actress,2nd Place,2,True,False,38.0,0.134275618,1.0,4,8.0,-1.8803128658461479,0.0,0.22672444133473144,0.030621161185239366,1.107038427578582,R2_Percent
20,6,Robert Herjavec,Kym Johnson,Entrepreneur,Eliminated Week 8,6,True,False,33.5,0.118374558,8.0,4,7.333333333,-1.957273906969832,0.0,0.09797140188811587,0.12017266337307901,0.26797868092893007,R2_Percent
20,6,Rumer Willis,Valentin Chmerkovskiy,Actor/Actress,1st Place,1,True,False,35.5,0.125441696,4.0,4,6.333333333,-2.0851072783886258,0.0,0.22987063533645094,0.032312380285769104,1.120819757940669,R2_Percent
20,6,Willow Shields,Mark Ballas,Actor/Actress,Eliminated Week 7,7,True,False,36.5,0.128975265,2.5,4,3.333333333,-2.61120037375988,0.0,0.013981316738812075,0.24046861696800687,-1.678975017990504,R2_Percent
20,7,Chris Soules,Witney Carson,TV Personality,Eliminated Week 8,5,True,False,31.0,0.122047244,6.5,4,11.0,-1.603866866909769,0.0,0.0542990452407794,0.2789883976208068,-0.6207839357184763,R2_Percent
20,7,Nastia Liukin,Derek Hough,Athlete,Eliminated Week 9,4,True,False,41.0,0.161417323,1.0,4,8.666666667,-1.8200899752249033,0.0,0.10390619252898284,0.12032270168336323,0.028197917724502974,R2_Percent
20,7,Noah Galloway,Sharna Burgess,Motivational Speaker,3rd Place,3,True,False,38.0,0.149606299,3.0,4,2.666666667,-2.7894905313465492,0.0,0.2601693620555547,0.030717971658899133,0.9460422320118238,R2_Percent
20,7,Riker Lynch,Allison Holker,Actor/Actress,2nd Place,2,True,False,37.0,0.145669291,4.5,4,9.0,-1.7861884236042793,0.0,0.23666273918522635,0.03981480994938058,0.8513455067765057,R2_Percent
20,7,Robert Herjavec,Kym Johnson,Entrepreneur,Eliminated Week 8,6,True,False,31.0,0.122047244,6.5,4,6.666666667,-2.0518915891122123,0.0,0.09807386308569792,0.1844577405190227,-0.029569679727314446,R2_Percent
20,7,Rumer Willis,Valentin Chmerkovskiy,Actor/Actress,1st Place,1,True,False,37.0,0.145669291,4.5,4,12.0,-1.5238241592744806,0.0,0.2333894611824571,0.041065865173951534,0.8374179859120519,R2_Percent
20,7,Willow Shields,Mark Ballas,Actor/Actress,Eliminated Week 7,7,True,True,39.0,0.153543307,2.0,4,2.666666667,-2.7894905313465492,0.0,0.013499336721301734,0.30463251339457614,-2.0126500269790935,R2_Percent
20,8,Chris Soules,Witney Carson,TV Personality,Eliminated Week 8,5,True,True,32.0,0.151300236,4.0,4,15.33333333,-1.0917863234284897,0.0,0.05260439410190962,0.39246623308858714,-0.9920183793274524,R2_Percent
20,8,Nastia Liukin,Derek Hough,Athlete,Eliminated Week 9,4,True,False,38.0,0.179669031,3.0,4,6.0,-1.9390841832143328,0.0,0.10643254776929352,0.18046616207598817,-0.2873066034241286,R2_Percent
20,8,Noah Galloway,Sharna Burgess,Motivational Speaker,3rd Place,3,True,False,31.5,0.14893617,5.0,4,2.0,-2.7863820426745525,0.0,0.24863182783030174,0.06292777128827892,0.5611551655201372,R2_Percent
20,8,Riker Lynch,Allison Holker,Actor/Actress,2nd Place,2,True,False,39.0,0.184397163,2.0,4,5.333333333,-2.039167641750764,0.0,0.24447554879679903,0.046810260139734675,0.5442972653519085,R2_Percent
20,8,Robert Herjavec,Kym Johnson,Entrepreneur,Eliminated Week 8,6,True,True,31.0,0.146572104,6.0,4,9.333333333,-1.549619416709138,0.0,0.09451724892644192,0.2761623185280959,-0.40603568747555896,R2_Percent
20,8,Rumer Willis,Valentin Chmerkovskiy,Actor/Actress,1st Place,1,True,False,40.0,0.189125296,1.0,4,4.666666667,-2.150393276659131,0.0,0.2533384325752543,0.041167254879315225,0.5799082393550945,R2_Percent
20,9,Nastia Liukin,Derek Hough,Athlete,Eliminated Week 9,4,True,True,40.0,0.25477707,1.5,4,9.333333333,-1.0203600914999442,0.0,0.1274217908654197,0.5947659684819032,-0.6189395670574638,R2_Percent
20,9,Noah Galloway,Sharna Burgess,Motivational Speaker,3rd Place,3,True,False,38.0,0.242038217,4.0,4,2.333333333,-2.151762202476206,0.0,0.287253241828671,0.1480990928694923,0.19392186393563893,R2_Percent
20,9,Riker Lynch,Allison Holker,Actor/Actress,2nd Place,2,True,False,40.0,0.25477707,1.5,4,7.666666667,-1.196250757839539,0.0,0.2892290315283458,0.12886973371061605,0.20077653242161597,R2_Percent
20,9,Rumer Willis,Valentin Chmerkovskiy,Actor/Actress,1st Place,1,True,False,39.0,0.248407643,3.0,4,5.333333333,-1.5099083166638116,0.0,0.29609593577756343,0.12826520493798843,0.22424117070020888,R2_Percent
20,10,Noah Galloway,Sharna Burgess,Motivational Speaker,3rd Place,3,True,False,36.0,0.310344828,3.0,4,7.0,-1.3328056756798476,0.0,0.32155571875686106,0.4500132660066197,-0.035632075804536034,R2_Percent
20,10,Riker Lynch,Allison Holker,Actor/Actress,2nd Place,2,True,False,40.0,0.344827586,1.5,4,11.33333333,-0.8999415937870597,0.0,0.3421094147028674,0.26749069614181725,0.02632769873245705,R2_Percent
20,10,Rumer Willis,Valentin Chmerkovskiy,Actor/Actress,1st Place,1,True,False,40.0,0.344827586,1.5,4,9.0,-1.1096621244414713,0.0,0.33633486654027167,0.282496037851563,0.009304377072078984,R2_Percent
21,1,Alek Skarlatos,Lindsay Arnold,Military,3rd Place,3,True,False,22.0,0.088,5.5,3,5.0,-2.978925153270943,0.0,0.14959795688587588,0.026592477383734492,1.567007730256759,R2_Percent
21,1,Alexa PenaVega,Mark Ballas,Actor/Actress,Eliminated Week 9,6,True,False,22.0,0.088,5.5,3,12.0,-2.2057352660964358,0.0,0.0420495589545501,0.0734901821294835,0.2979052197578508,R2_Percent
21,1,Andy Grammer,Allison Holker,Singer/Rapper,Eliminated Week 8,7,True,False,21.0,0.084,7.5,3,12.0,-2.2057352660964358,0.0,0.011101362514968783,0.10225547844316528,-1.0338758281288625,R2_Percent
21,1,Bindi Irwin,Derek Hough,TV Personality,1st Place,1,True,False,24.0,0.096,1.5,3,9.0,-2.468099530291619,0.0,0.13692556582858065,0.027793182810050998,1.4784937850487498,R2_Percent
21,1,Carlos PenaVega,Witney Carson,Actor/Actress,Eliminated Week 11,4,True,False,23.0,0.092,3.5,3,5.0,-2.978925153270943,0.0,0.19285468003409476,0.01701284032482658,1.820993274091656,R2_Percent
21,1,Chaka Khan,Keo Motsepe,Singer/Rapper,Eliminated Week 2,13,True,False,13.0,0.052,12.0,3,8.0,-2.5734600458183343,0.0,0.004421338467076638,0.1473881120408996,-1.954501207156108,R2_Percent
21,1,Gary Busey,Anna Trebunskaya,Actor/Actress,Eliminated Week 4,10,True,False,15.0,0.06,10.0,3,6.0,-2.824774473724637,0.0,0.005531525833540001,0.13522794933448903,-1.7304799812690372,R2_Percent
21,1,Hayes Grier,Emma Slater,Social Media Personality,Eliminated Week 7,8,True,False,21.0,0.084,7.5,3,9.0,-2.468099530291619,0.0,0.007479541863126071,0.10581655828711335,-1.4287721361449255,R2_Percent
21,1,Kim Zolciak-Biermann,Tony Dovolani,TV Personality,Withdrew,11,True,False,12.0,0.048,13.0,3,0.0,-4.770684612665665,0.0,0.14180176374593065,0.04177872836033708,1.5134863742749622,R2_Percent
21,1,Nick Carter,Sharna Burgess,Singer/Rapper,2nd Place,2,True,False,24.0,0.096,1.5,3,3.0,-3.384390260395774,0.0,0.160592046599697,0.02222239300878015,1.6379235992354795,R2_Percent
21,1,Paula Deen,Louis van Amstel,TV Personality,Eliminated Week 6,9,True,False,15.0,0.06,10.0,3,20.0,-1.726162186180337,0.0,0.005206363673686028,0.13564419283083864,-1.7910620172343779,R2_Percent
21,1,Tamar Braxton,Valentin Chmerkovskiy,Singer/Rapper,Withdrew,5,True,False,23.0,0.092,3.5,3,9.0,-2.468099530291619,0.0,0.13758062796074072,0.028685918966701206,1.483266452408662,R2_Percent
21,1,Victor Espinoza,Karina Smirnoff,Athlete,Eliminated Week 2,12,True,False,15.0,0.06,10.0,3,7.0,-2.691243081310829,0.0,0.004857667638132702,0.13609198607958012,-1.8603852651408077,R2_Percent
21,2,Alek Skarlatos,Lindsay Arnold,Military,3rd Place,3,True,False,22.5,0.083179298,5.5,3,9.0,-2.577688381894452,0.0,0.15072418867021325,0.028176685637349982,1.5374359065610266,R2_Percent
21,2,Alexa PenaVega,Mark Ballas,Actor/Actress,Eliminated Week 9,6,True,False,23.0,0.085027726,3.0,3,8.333333333,-2.6466812533230697,0.0,0.046536728301439324,0.07412705462032373,0.3622261618143851,R2_Percent
21,2,Andy Grammer,Allison Holker,Singer/Rapper,Eliminated Week 8,7,True,False,22.0,0.081330869,8.0,3,15.66666667,-2.0668627584551276,0.0,0.0122119933712466,0.10618174219376927,-0.9755971628858598,R2_Percent
21,2,Bindi Irwin,Derek Hough,TV Personality,1st Place,1,True,False,24.0,0.088724584,2.0,3,10.33333333,-2.452525239389465,0.0,0.14652421948995548,0.027820669490142017,1.5091750405918924,R2_Percent
21,2,Carlos PenaVega,Witney Carson,Actor/Actress,Eliminated Week 11,4,True,False,22.5,0.083179298,5.5,3,5.333333333,-3.0344467836805173,0.0,0.19523364394813242,0.018500568284955745,1.7961813204672055,R2_Percent
21,2,Chaka Khan,Keo Motsepe,Singer/Rapper,Eliminated Week 2,13,True,True,15.0,0.055452865,13.0,3,7.0,-2.800831932879495,0.0,0.004688575932151126,0.1455988088107046,-1.9328867978015234,R2_Percent
21,2,Gary Busey,Anna Trebunskaya,Actor/Actress,Eliminated Week 4,10,True,False,16.5,0.060998152,12.0,3,7.0,-2.800831932879495,0.0,0.00569088231765958,0.13686137652314584,-1.7391503942198043,R2_Percent
21,2,Hayes Grier,Emma Slater,Social Media Personality,Eliminated Week 7,8,True,False,22.5,0.083179298,5.5,3,12.33333333,-2.2900063100218375,0.0,0.007990323186809966,0.10859045593098116,-1.399784487079275,R2_Percent
21,2,Kim Zolciak-Biermann,Tony Dovolani,TV Personality,Withdrew,11,True,True,18.5,0.068391867,10.0,3,0.0,-4.880273463038497,0.0,0.1179202090571631,0.04418203574012617,1.291992506360467,R2_Percent
21,2,Nick Carter,Sharna Burgess,Singer/Rapper,2nd Place,2,True,False,22.5,0.083179298,5.5,3,9.0,-2.577688381894452,0.0,0.1540853411008466,0.027295613811987578,1.5594909169627225,R2_Percent
21,2,Paula Deen,Louis van Amstel,TV Personality,Eliminated Week 6,9,True,False,18.5,0.068391867,10.0,3,21.66666667,-1.7593780589692256,0.0,0.006048554653210087,0.1271928171728705,-1.6781963517461342,R2_Percent
21,2,Tamar Braxton,Valentin Chmerkovskiy,Singer/Rapper,Withdrew,5,True,False,24.5,0.090573013,1.0,3,10.33333333,-2.452525239389465,0.0,0.1472252022980334,0.02715830193531368,1.5139477079518047,R2_Percent
21,2,Victor Espinoza,Karina Smirnoff,Athlete,Eliminated Week 2,12,True,True,18.5,0.068391867,10.0,3,2.666666667,-3.580990488393085,0.0,0.005120137673139183,0.12831386984832968,-1.8448343669769067,R2_Percent
21,3,Alek Skarlatos,Lindsay Arnold,Military,3rd Place,3,True,False,33.0,0.108196721,3.5,4,5.666666667,-2.7694588276203365,0.0,0.1756522071378529,0.031399641625532104,1.2956847559040239,R2_Percent
21,3,Alexa PenaVega,Mark Ballas,Actor/Actress,Eliminated Week 9,6,True,False,36.0,0.118032787,1.5,4,8.333333333,-2.4329865915405517,0.0,0.05154656059258427,0.09246655832835535,0.06966430013047792,R2_Percent
21,3,Andy Grammer,Allison Holker,Singer/Rapper,Eliminated Week 8,7,True,False,29.0,0.095081967,8.0,4,15.0,-1.893990091246853,0.0,0.014654907753669571,0.1627906049460433,-1.1880459086596433,R2_Percent
21,3,Bindi Irwin,Derek Hough,TV Personality,1st Place,1,True,False,32.0,0.104918033,5.0,4,9.0,-2.3639937200938386,0.0,0.1690192800478117,0.034483427730690276,1.257191603266088,R2_Percent
21,3,Carlos PenaVega,Witney Carson,Actor/Actress,Eliminated Week 11,4,True,False,31.0,0.101639344,6.0,4,4.666666667,-2.931977756827817,0.0,0.21302514772648085,0.023465579640809177,1.4885890349107922,R2_Percent
21,3,Gary Busey,Anna Trebunskaya,Actor/Actress,Eliminated Week 4,10,True,False,25.0,0.081967213,9.0,4,5.0,-2.87481934315094,0.0,0.006376549268550311,0.19927139041010142,-2.02019410423615,R2_Percent
21,3,Hayes Grier,Emma Slater,Social Media Personality,Eliminated Week 7,8,True,False,30.0,0.098360656,7.0,4,11.0,-2.1816721634771064,0.0,0.009423275915845748,0.16582342584396498,-1.6296383983729186,R2_Percent
21,3,Nick Carter,Sharna Burgess,Singer/Rapper,2nd Place,2,True,False,36.0,0.118032787,1.5,4,5.333333333,-2.820752122026571,0.0,0.18319527380211262,0.026643169054477563,1.3377314656107053,R2_Percent
21,3,Paula Deen,Louis van Amstel,TV Personality,Eliminated Week 6,9,True,False,20.0,0.06557377,10.0,4,22.66666667,-1.502511225187871,0.0,0.007393096975670667,0.23044371553688134,-1.8722744645556646,R2_Percent
21,3,Tamar Braxton,Valentin Chmerkovskiy,Singer/Rapper,Withdrew,5,True,False,33.0,0.108196721,3.5,4,9.666666667,-2.2994551989914758,0.0,0.16971370077942136,0.03321248688314462,1.2612917160022894,R2_Percent
21,4,Alek Skarlatos,Lindsay Arnold,Military,3rd Place,3,True,False,24.0,0.101694915,6.0,3,20.33333333,-1.5968591298865757,0.0,0.17081961167109083,0.03489447278347727,1.2511412845005836,R2_Percent
21,4,Alexa PenaVega,Mark Ballas,Actor/Actress,Eliminated Week 9,6,True,False,21.0,0.088983051,8.0,3,3.666666667,-3.1166848816399177,0.0,0.05202919085683253,0.12093566205852917,0.062338111015193015,R2_Percent
21,4,Andy Grammer,Allison Holker,Singer/Rapper,Eliminated Week 8,7,True,False,23.0,0.097457627,7.0,3,11.0,-2.17222327424986,0.0,0.015627129656996697,0.1574681226267881,-1.1404583283100505,R2_Percent
21,4,Bindi Irwin,Derek Hough,TV Personality,1st Place,1,True,False,28.0,0.118644068,1.0,3,4.333333333,-2.983153489431466,0.0,0.17301349642019495,0.029119053635750226,1.2639027927518427,R2_Percent
21,4,Carlos PenaVega,Witney Carson,Actor/Actress,Eliminated Week 11,4,True,False,25.0,0.105932203,5.0,3,2.333333333,-3.453157117529702,0.0,0.20863682427809033,0.023449254220448783,1.4511282448701108,R2_Percent
21,4,Gary Busey,Anna Trebunskaya,Actor/Actress,Eliminated Week 4,10,True,True,16.0,0.06779661,10.0,3,4.0,-3.047692010374871,0.0,0.006196647880654892,0.22785447602764186,-2.0654583312637302,R2_Percent
21,4,Hayes Grier,Emma Slater,Social Media Personality,Eliminated Week 7,8,True,False,27.0,0.11440678,3.0,3,7.333333333,-2.536866387491547,0.0,0.009822338489169623,0.14172506535944235,-1.6048075833225957,R2_Percent
21,4,Nick Carter,Sharna Burgess,Singer/Rapper,2nd Place,2,True,False,27.0,0.11440678,3.0,3,3.666666667,-3.1166848816399177,0.0,0.18249423320449507,0.027711093394249146,1.3172517609512426,R2_Percent
21,4,Paula Deen,Louis van Amstel,TV Personality,Eliminated Week 6,9,True,False,18.0,0.076271186,9.0,3,22.66666667,-1.4930623359565165,0.0,0.008076542677561818,0.20661125149883483,-1.800502918169459,R2_Percent
21,4,Tamar Braxton,Valentin Chmerkovskiy,Singer/Rapper,Withdrew,5,True,False,27.0,0.11440678,3.0,3,16.0,-1.8239165802398138,0.0,0.17328398486491325,0.030231548394838312,1.2654649669768623,R2_Percent
21,5,Alek Skarlatos,Lindsay Arnold,Military,3rd Place,3,True,False,29.0,0.096345515,7.5,4,12.66666667,-2.0294311202252966,0.0,0.20056835254820243,0.039516671202394514,1.1762195280945957,R2_Percent
21,5,Alexa PenaVega,Mark Ballas,Actor/Actress,Eliminated Week 9,6,True,False,40.0,0.132890365,1.0,4,4.333333333,-2.970414463807201,0.0,0.04773766820678174,0.11860876495703711,-0.2592147948971648,R2_Percent
21,5,Andy Grammer,Allison Holker,Singer/Rapper,Eliminated Week 8,7,True,False,36.0,0.119601329,4.0,4,13.0,-2.0053335689082568,0.0,0.015902681557999027,0.1816955668253103,-1.3584478245675,R2_Percent
21,5,Bindi Irwin,Derek Hough,TV Personality,1st Place,1,True,False,37.0,0.122923588,3.0,4,14.66666667,-1.892855585347828,0.0,0.16049616967029243,0.044892284969185625,0.9533345062825865,R2_Percent
21,5,Carlos PenaVega,Witney Carson,Actor/Actress,Eliminated Week 11,4,True,False,39.0,0.129568106,2.0,4,3.0,-3.258096535546482,0.0,0.19118258076195063,0.031545228590941464,1.1282933206453838,R2_Percent
21,5,Hayes Grier,Emma Slater,Social Media Personality,Eliminated Week 7,8,True,False,30.0,0.099667774,6.0,4,6.666666667,-2.6075089706053327,0.0,0.009726889455833814,0.23255163756780775,-1.8500414118695532,R2_Percent
21,5,Nick Carter,Sharna Burgess,Singer/Rapper,2nd Place,2,True,False,35.0,0.11627907,5.0,4,6.333333333,-2.651960733203439,0.0,0.17472341643219447,0.041787434880075115,1.0382686751009507,R2_Percent
21,5,Paula Deen,Louis van Amstel,TV Personality,Eliminated Week 6,9,True,False,26.0,0.086378738,9.0,4,22.66666667,-1.480323310312885,0.0,0.008755426820840538,0.2661072298492986,-1.95526185480408,R2_Percent
21,5,Tamar Braxton,Valentin Chmerkovskiy,Singer/Rapper,Withdrew,5,True,False,29.0,0.096345515,7.5,4,11.66666667,-2.105417027123886,0.0,0.19090681454590488,0.043295181157949586,1.1268498560147806,R2_Percent
21,6,Alek Skarlatos,Lindsay Arnold,Military,3rd Place,3,True,False,30.0,0.095846645,7.5,4,8.0,-2.3136349281695194,0.0,0.2077693610175385,0.03541836092944404,1.2205937178339612,R2_Percent
21,6,Alexa PenaVega,Mark Ballas,Actor/Actress,Eliminated Week 9,6,True,False,30.0,0.095846645,7.5,4,4.333333333,-2.8368830713014286,0.0,0.04384664186062896,0.16676594567102462,-0.3351367719264067,R2_Percent
21,6,Andy Grammer,Allison Holker,Singer/Rapper,Eliminated Week 8,7,True,False,40.0,0.127795527,2.0,4,12.33333333,-1.9205923406385232,0.0,0.01594477914192164,0.16050735764925741,-1.3467034562636775,R2_Percent
21,6,Bindi Irwin,Derek Hough,TV Personality,1st Place,1,True,False,40.0,0.127795527,2.0,4,9.333333333,-2.1754845898514263,0.0,0.17144220383363762,0.036914810375629124,1.0284113005357074,R2_Percent
21,6,Carlos PenaVega,Witney Carson,Actor/Actress,Eliminated Week 11,4,True,False,38.0,0.121405751,5.0,4,2.0,-3.412247214815407,0.0,0.17720036915044587,0.03713584511983478,1.061446216024383,R2_Percent
21,6,Hayes Grier,Emma Slater,Social Media Personality,Eliminated Week 7,8,True,False,32.0,0.102236422,6.0,4,6.666666667,-2.473977578025375,0.0,0.009209500349729711,0.21780040943890733,-1.8955993074343158,R2_Percent
21,6,Nick Carter,Sharna Burgess,Singer/Rapper,2nd Place,2,True,False,39.0,0.124600639,4.0,4,6.666666667,-2.473977578025375,0.0,0.1739506199906987,0.037155106364853537,1.0429365603945049,R2_Percent
21,6,Paula Deen,Louis van Amstel,TV Personality,Eliminated Week 6,9,True,True,24.0,0.076677316,9.0,4,23.66666667,-1.3054067014767359,0.0,0.009027396844286249,0.27779384022058007,-1.915570858112689,R2_Percent
21,6,Tamar Braxton,Valentin Chmerkovskiy,Singer/Rapper,Withdrew,5,True,False,40.0,0.127795527,2.0,4,9.0,-2.208274412612804,0.0,0.1916091278111129,0.030508324230469057,1.1396225989485325,R2_Percent
21,7,Alek Skarlatos,Lindsay Arnold,Military,3rd Place,3,True,False,26.5,0.119909502,8.0,3,4.0,-2.4218485127592855,0.0,0.21108959952602094,0.0434308433734168,0.9897925317553832,R2_Percent
21,7,Alexa PenaVega,Mark Ballas,Actor/Actress,Eliminated Week 9,6,True,False,27.5,0.124434389,5.0,3,4.666666667,-2.296685369879005,0.0,0.04264877009442363,0.2044793032672277,-0.6094917175436525,R2_Percent
21,7,Andy Grammer,Allison Holker,Singer/Rapper,Eliminated Week 8,7,True,False,28.0,0.126696833,3.0,3,10.66666667,-1.5745506527301771,0.0,0.016569586674426522,0.2561023753984169,-1.554921266972545,R2_Percent
21,7,Bindi Irwin,Derek Hough,TV Personality,1st Place,1,True,False,29.0,0.131221719,1.0,3,8.0,-1.8340618483579072,0.0,0.17778794182473012,0.053464033163270176,0.8181013481323869,R2_Percent
21,7,Carlos PenaVega,Witney Carson,Actor/Actress,Eliminated Week 11,4,True,False,28.0,0.126696833,3.0,3,3.666666667,-2.4908413840943324,0.0,0.16583757804290436,0.06247269203440001,0.7485187099525058,R2_Percent
21,7,Hayes Grier,Emma Slater,Social Media Personality,Eliminated Week 7,8,True,True,28.0,0.126696833,3.0,3,6.0,-2.0853762764599773,0.0,0.009196175914428735,0.27458726097185104,-2.1437024177203927,R2_Percent
21,7,Nick Carter,Sharna Burgess,Singer/Rapper,2nd Place,2,True,False,27.0,0.122171946,6.5,3,3.333333333,-2.5649493563035484,0.0,0.18302401362873089,0.05542636609915986,0.8471272123584153,R2_Percent
21,7,Tamar Braxton,Valentin Chmerkovskiy,Singer/Rapper,Withdrew,5,True,False,27.0,0.122171946,6.5,3,8.0,-1.8340618483579072,0.0,0.19384633429433484,0.050037125692257586,0.9045756000378993,R2_Percent
21,8,Alek Skarlatos,Lindsay Arnold,Military,3rd Place,3,True,False,25.0,0.128866378,6.0,3,5.333333333,-1.960835798591872,0.0,0.20165085394121735,0.06736034583914655,0.621987195619105,R2_Percent
21,8,Alexa PenaVega,Mark Ballas,Actor/Actress,Eliminated Week 9,6,True,False,26.9998,0.139174657,5.0,3,3.333333333,-2.340325419993132,0.0,0.04345511154286927,0.27255918863820255,-0.9128220737151542,R2_Percent
21,8,Andy Grammer,Allison Holker,Singer/Rapper,Eliminated Week 8,7,True,True,23.9998,0.123710692,7.0,3,9.333333333,-1.471287573527835,0.0,0.017290880367780165,0.4039601419191878,-1.8343713443183973,R2_Percent
21,8,Bindi Irwin,Derek Hough,TV Personality,1st Place,1,True,False,28.0,0.144330343,3.5,3,6.0,-1.8607523400499273,0.0,0.18533818919985168,0.06790286476519473,0.537631645497318,R2_Percent
21,8,Carlos PenaVega,Witney Carson,Actor/Actress,Eliminated Week 11,4,True,False,28.9998,0.149483967,2.0,3,3.0,-2.420368127503207,0.0,0.17291971435070563,0.07272927408626792,0.46827684742163833,R2_Percent
21,8,Nick Carter,Sharna Burgess,Singer/Rapper,2nd Place,2,True,False,33.0,0.170103619,1.0,3,3.333333333,-2.340325419993132,0.0,0.18078053196766888,0.0555649680593575,0.5127332045299544,R2_Percent
21,8,Tamar Braxton,Valentin Chmerkovskiy,Singer/Rapper,Withdrew,5,True,False,28.0,0.144330343,3.5,3,7.666666667,-1.6471782398370327,0.0,0.198564718629907,0.05992321669264275,0.606564524965536,R2_Percent
21,9,Alek Skarlatos,Lindsay Arnold,Military,3rd Place,3,True,False,25.5,0.155015198,5.0,3,4.666666667,-2.254382990108848,0.0,0.20530640424685404,0.11290347719517128,0.3200266724503459,R2_Percent
21,9,Alexa PenaVega,Mark Ballas,Actor/Actress,Eliminated Week 9,6,True,True,30.0,0.182370821,1.5,3,4.333333333,-2.3150076119870473,0.0,0.04316929654062663,0.40361351616392716,-1.2393473313291672,R2_Percent
21,9,Bindi Irwin,Derek Hough,TV Personality,1st Place,1,True,False,30.0,0.182370821,1.5,3,23.33333333,-0.797136893943506,0.0,0.18601203191738372,0.1046205638758906,0.22133451368295418,R2_Percent
21,9,Carlos PenaVega,Witney Carson,Actor/Actress,Eliminated Week 11,4,True,False,27.0,0.164133739,4.0,3,3.666666667,-2.4485390043329986,0.0,0.17807337142362228,0.13398761934696993,0.17771881870456993,R2_Percent
21,9,Nick Carter,Sharna Burgess,Singer/Rapper,2nd Place,2,True,False,27.5,0.167173252,3.0,3,4.333333333,-2.3150076119870473,0.0,0.18210525680358994,0.1253249699970389,0.20010800832579187,R2_Percent
21,9,Tamar Braxton,Valentin Chmerkovskiy,Singer/Rapper,Withdrew,5,True,True,24.5,0.14893617,6.0,3,7.666666667,-1.829499796493808,0.0,0.2053336390679234,0.11954985342100209,0.32015931816550525,R2_Percent
21,10,Alek Skarlatos,Lindsay Arnold,Military,3rd Place,3,True,False,28.5,0.240506329,3.0,3,7.0,-1.1657515911589307,0.0,0.2533656877166306,0.25490219738819386,0.016391514886360314,R2_Percent
21,10,Bindi Irwin,Derek Hough,TV Personality,1st Place,1,True,False,31.5,0.265822785,1.5,3,7.0,-1.1657515911589307,0.0,0.2808140652341464,0.15480379924157328,0.11925042452040169,R2_Percent
21,10,Carlos PenaVega,Witney Carson,Actor/Actress,Eliminated Week 11,4,True,False,31.5,0.265822785,1.5,3,4.333333333,-1.5712166991691785,0.0,0.2310680506903629,0.2477318048301819,-0.07573007737065107,R2_Percent
21,10,Nick Carter,Sharna Burgess,Singer/Rapper,2nd Place,2,True,False,27.0,0.227848101,4.0,3,3.333333333,-1.7788560638507882,0.0,0.23475219635886008,0.3425621985400509,-0.05991186203611093,R2_Percent
21,11,Alek Skarlatos,Lindsay Arnold,Military,3rd Place,3,True,False,27.9999,0.237287489,4.0,3,6.333333333,-1.199416987490013,0.0,0.25904398991796457,0.2556738520221475,0.03801116287732456,R2_Percent
21,11,Bindi Irwin,Derek Hough,TV Personality,1st Place,1,True,False,30.0,0.254237504,2.0,3,5.333333333,-1.346020461636673,0.0,0.27383789368692424,0.1894009473157073,0.09354957278355769,R2_Percent
21,11,Carlos PenaVega,Witney Carson,Actor/Actress,Eliminated Week 11,4,True,False,30.0,0.254237504,2.0,3,4.0,-1.5824092395458158,0.0,0.23855260287341218,0.26437667216352184,-0.04439688651277446,R2_Percent
21,11,Nick Carter,Sharna Burgess,Singer/Rapper,2nd Place,2,True,False,30.0,0.254237504,2.0,3,4.666666667,-1.457246096590241,0.0,0.22856551352169882,0.2905485284986235,-0.08716384914810782,R2_Percent
22,1,Antonio Brown,Sharna Burgess,Athlete,Eliminated Week 9,5,True,False,21.0,0.088607595,5.5,3,11.0,-2.730029106287652,0.0,0.05011695408720866,0.07424739806420073,0.5572489560528124,R2_Percent
22,1,Doug Flutie,Karina Smirnoff,Athlete,Eliminated Week 6,9,True,False,15.0,0.063291139,11.0,3,5.0,-3.423176285314264,0.0,0.007802830109509983,0.14070026949825754,-1.3026238972867066,R2_Percent
22,1,Geraldo Rivera,Edyta Sliwinska,Journalist,Eliminated Week 2,12,True,False,13.0,0.054852321,12.0,3,6.0,-3.269025605925101,0.0,0.0045896477991932754,0.15708137536366718,-1.8333071107997891,R2_Percent
22,1,Ginger Zee,Valentin Chmerkovskiy,News Anchor,3rd Place,3,True,False,23.0,0.097046414,2.0,3,13.0,-2.5758784266794414,0.0,0.260393787729551,0.00939475173573537,2.2050846536782145,R2_Percent
22,1,Jodie Sweetin,Keo Motsepe,Actor/Actress,Eliminated Week 8,6,True,False,20.0,0.084388186,8.5,3,30.0,-1.780948552530291,0.0,0.026199367617650137,0.09686781668398486,-0.0913751259814315,R2_Percent
22,1,Kim Fields,Sasha Farber,Actor/Actress,Eliminated Week 7,8,True,False,20.0,0.084388186,8.5,3,57.0,-1.1544927467453248,0.0,0.010006561905997427,0.11288821932106505,-1.0538693313314034,R2_Percent
22,1,Marla Maples,Tony Dovolani,TV Personality,Eliminated Week 4,10,True,False,21.0,0.088607595,5.5,3,8.0,-3.0177111782283217,0.0,0.005280673814717059,0.11342992517212702,-1.6930566937267033,R2_Percent
22,1,Mischa Barton,Artem Chigvintsev,Actor/Actress,Eliminated Week 3,11,True,False,16.0,0.067510549,10.0,3,8.0,-3.0177111782283217,0.0,0.005201442962789127,0.1385648834784531,-1.7081743197888495,R2_Percent
22,1,Nyle DiMarco,Peta Murgatroyd,Model,1st Place,1,True,False,23.0,0.097046414,2.0,3,8.0,-3.0177111782283217,0.0,0.20365512750678424,0.016061616520361,1.9593176120859706,R2_Percent
22,1,Paige VanZant,Mark Ballas,Athlete,2nd Place,2,True,False,21.0,0.088607595,5.5,3,10.0,-2.817040483137888,0.0,0.18746983922616714,0.020270647909441056,1.8765075752847986,R2_Percent
22,1,Von Miller,Witney Carson,Athlete,Eliminated Week 7,7,True,False,21.0,0.088607595,5.5,3,13.0,-2.5758784266794414,0.0,0.010658796375429398,0.10780806099031386,-0.9907248977359104,R2_Percent
22,1,Wanya Morris,Lindsay Arnold,Singer/Rapper,Eliminated Week 9,4,True,False,23.0,0.097046414,2.0,3,3.0,-3.828641391889095,0.0,0.22862497086500239,0.01268503526239328,2.074972579548999,R2_Percent
22,2,Antonio Brown,Sharna Burgess,Athlete,Eliminated Week 9,5,True,False,19.0,0.080508475,9.5,3,12.0,-2.4367573047692495,0.0,0.05138750997705224,0.08015844245588902,0.5598082644230561,R2_Percent
22,2,Doug Flutie,Karina Smirnoff,Athlete,Eliminated Week 6,9,True,False,20.0,0.084745763,6.5,3,3.666666667,-3.4612616191700845,0.0,0.007438509124898729,0.11667023511967384,-1.3729164396276003,R2_Percent
22,2,Geraldo Rivera,Edyta Sliwinska,Journalist,Eliminated Week 2,12,True,True,13.0,0.055084746,12.0,3,10.66666667,-2.5449708889930722,0.0,0.0044150299509062105,0.15890046724732257,-1.8945722640240834,R2_Percent
22,2,Ginger Zee,Valentin Chmerkovskiy,News Anchor,3rd Place,3,True,False,21.0,0.088983051,3.5,3,8.666666667,-2.733023120483598,0.0,0.27284237852337934,0.009122678188476287,2.229307378443403,R2_Percent
22,2,Jodie Sweetin,Keo Motsepe,Actor/Actress,Eliminated Week 8,6,True,False,21.0,0.088983051,3.5,3,22.33333333,-1.851823709498841,0.0,0.0299355011161935,0.09061909978814024,0.01945822242641526,R2_Percent
22,2,Kim Fields,Sasha Farber,Actor/Actress,Eliminated Week 7,8,True,False,19.0,0.080508475,9.5,3,16.0,-2.1684933184436503,0.0,0.012370843894492174,0.11590629062292163,-0.8642444768183857,R2_Percent
22,2,Marla Maples,Tony Dovolani,TV Personality,Eliminated Week 4,10,True,False,20.0,0.084745763,6.5,3,10.33333333,-2.5739584264086774,0.0,0.005237540070047511,0.11912275550561845,-1.7237349461294926,R2_Percent
22,2,Mischa Barton,Artem Chigvintsev,Actor/Actress,Eliminated Week 3,11,True,False,15.0,0.063559322,11.0,3,5.333333333,-3.1558799705813083,0.0,0.005190336350055685,0.14559811516503166,-1.7327883795438181,R2_Percent
22,2,Nyle DiMarco,Peta Murgatroyd,Model,1st Place,1,True,False,20.0,0.084745763,6.5,3,12.0,-2.4367573047692495,0.0,0.201703030880378,0.018600836566926973,1.927209589568205,R2_Percent
22,2,Paige VanZant,Mark Ballas,Athlete,2nd Place,2,True,False,24.0,0.101694915,1.5,3,12.66666667,-2.3867468840064707,0.0,0.19011843892566205,0.01768120007338822,1.8680603587630509,R2_Percent
22,2,Von Miller,Witney Carson,Athlete,Eliminated Week 7,7,True,False,20.0,0.084745763,6.5,3,20.66666667,-1.9259316813068483,0.0,0.011074819583967398,0.11272845316042442,-0.9749128565423939,R2_Percent
22,2,Wanya Morris,Lindsay Arnold,Singer/Rapper,Eliminated Week 9,4,True,False,24.0,0.101694915,1.5,3,2.333333333,-3.79773385468844,0.0,0.20828606160296706,0.01489142610618691,1.9593255490616441,R2_Percent
22,3,Antonio Brown,Sharna Burgess,Athlete,Eliminated Week 9,5,True,False,20.0,0.084388186,9.0,3,10.66666667,-2.1316272937489535,0.0,0.053279880992451255,0.0957101285061651,0.41243935389028386,R2_Percent
22,3,Doug Flutie,Karina Smirnoff,Athlete,Eliminated Week 6,9,True,False,20.0,0.084388186,9.0,3,4.0,-2.9789251532980616,0.0,0.00691329452937386,0.1483494670348228,-1.6296731375127005,R2_Percent
22,3,Ginger Zee,Valentin Chmerkovskiy,News Anchor,3rd Place,3,True,False,21.0,0.088607595,6.5,3,5.0,-2.796603596831885,0.0,0.27063890624357045,0.011787200381856235,2.0376660443799004,R2_Percent
22,3,Jodie Sweetin,Keo Motsepe,Actor/Actress,Eliminated Week 8,6,True,False,23.0,0.097046414,3.5,3,19.33333333,-1.576101491873955,0.0,0.03214838157655779,0.10369061387848726,-0.09275732906257259,R2_Percent
22,3,Kim Fields,Sasha Farber,Actor/Actress,Eliminated Week 7,8,True,False,22.0,0.092827004,5.0,3,6.333333333,-2.595932901713168,0.0,0.012433611929183911,0.1300126979581938,-1.0427159938105992,R2_Percent
22,3,Marla Maples,Tony Dovolani,TV Personality,Eliminated Week 4,10,True,False,21.0,0.088607595,6.5,3,7.0,-2.508921524789826,0.0,0.005416589376326907,0.1445804883258732,-1.8736530876941597,R2_Percent
22,3,Mischa Barton,Artem Chigvintsev,Actor/Actress,Eliminated Week 3,11,True,True,18.0,0.075949367,11.0,3,7.333333333,-2.468099530358738,0.0,0.00492314018147272,0.16371761471554672,-1.969172863536962,R2_Percent
22,3,Nyle DiMarco,Peta Murgatroyd,Model,1st Place,1,True,False,25.0,0.105485232,1.0,3,8.666666667,-2.3196795253287403,0.0,0.21245387163624876,0.017416926676118407,1.7956054514332205,R2_Percent
22,3,Paige VanZant,Mark Ballas,Athlete,2nd Place,2,True,False,23.0,0.097046414,3.5,3,7.0,-2.508921524789826,0.0,0.20019912042631724,0.021179495659210824,1.7361930346823387,R2_Percent
22,3,Von Miller,Witney Carson,Athlete,Eliminated Week 7,7,True,False,20.0,0.084388186,9.0,3,10.66666667,-2.1316272937489535,0.0,0.0122922543257034,0.14099578930026926,-1.0541501043164063,R2_Percent
22,3,Wanya Morris,Lindsay Arnold,Singer/Rapper,Eliminated Week 9,4,True,False,24.0,0.101265823,2.0,3,1.333333333,-3.7410652032401965,0.0,0.18930094878279366,0.022559577563456494,1.6802186315476573,R2_Percent
22,4,Antonio Brown,Sharna Burgess,Athlete,Eliminated Week 9,5,True,False,35.0,0.109717868,3.5,4,13.66666667,-1.8541650344890774,0.0,0.05700300232154175,0.09070075434715523,0.2654352630542075,R2_Percent
22,4,Doug Flutie,Karina Smirnoff,Athlete,Eliminated Week 6,9,True,False,24.0,0.07523511,10.0,4,2.666666667,-3.2404593938294224,0.0,0.0069837167232677175,0.20159487766633072,-1.8340874188013123,R2_Percent
22,4,Ginger Zee,Valentin Chmerkovskiy,News Anchor,3rd Place,3,True,False,36.0,0.112852665,1.5,4,4.666666667,-2.805141323505267,0.0,0.2654806311412547,0.012273620218975578,1.8038732099328956,R2_Percent
22,4,Jodie Sweetin,Keo Motsepe,Actor/Actress,Eliminated Week 8,6,True,False,27.0,0.084639498,9.0,4,13.33333333,-1.8771545531587548,0.0,0.03545303276507971,0.1409332439474741,-0.20945987588615217,R2_Percent
22,4,Kim Fields,Sasha Farber,Actor/Actress,Eliminated Week 7,8,True,False,32.0,0.10031348,6.5,4,10.33333333,-2.111994144124733,0.0,0.011630612219982569,0.152216454909026,-1.3240280691128534,R2_Percent
22,4,Marla Maples,Tony Dovolani,TV Personality,Eliminated Week 4,10,True,True,28.0,0.087774295,8.0,4,4.666666667,-2.805141323505267,0.0,0.005617507988636686,0.18139113196580636,-2.0517805285264106,R2_Percent
22,4,Nyle DiMarco,Peta Murgatroyd,Model,1st Place,1,True,False,34.0,0.106583072,5.0,4,7.333333333,-2.419478843321047,0.0,0.22488149855185005,0.01911445765022278,1.6379049146595814,R2_Percent
22,4,Paige VanZant,Mark Ballas,Athlete,2nd Place,2,True,False,36.0,0.112852665,1.5,4,10.33333333,-2.111994144124733,0.0,0.20354014933255854,0.022040901121964877,1.538194603739276,R2_Percent
22,4,Von Miller,Witney Carson,Athlete,Eliminated Week 7,7,True,False,32.0,0.10031348,6.5,4,16.0,-1.7065290359979415,0.0,0.012881661161185524,0.15042715062223774,-1.2218639911992062,R2_Percent
22,4,Wanya Morris,Lindsay Arnold,Singer/Rapper,Eliminated Week 9,4,True,False,35.0,0.109717868,3.5,4,0.666666667,-4.028916751019147,0.0,0.17652818779464272,0.029307407550806623,1.395811892139974,R2_Percent
22,5,Antonio Brown,Sharna Burgess,Athlete,Eliminated Week 9,5,True,False,26.0,0.094202899,9.0,4,9.666666667,-2.0517169928194616,0.0,0.06259972924601456,0.13762565186779294,0.11174361043774467,R2_Percent
22,5,Doug Flutie,Karina Smirnoff,Athlete,Eliminated Week 6,9,True,False,28.0,0.101449275,7.5,4,2.666666667,-3.1195576212756473,0.0,0.006743845442601384,0.21788851843560153,-2.1163870398422118,R2_Percent
22,5,Ginger Zee,Valentin Chmerkovskiy,News Anchor,3rd Place,3,True,False,32.0,0.115942029,3.0,4,4.0,-2.8094026936663528,0.0,0.26006639276168503,0.017333708998406815,1.53591961267783,R2_Percent
22,5,Jodie Sweetin,Keo Motsepe,Actor/Actress,Eliminated Week 8,6,True,False,35.0,0.126811594,2.0,4,9.666666667,-2.0517169928194616,0.0,0.03666564852771203,0.12921147036303954,-0.4231770332026683,R2_Percent
22,5,Kim Fields,Sasha Farber,Actor/Actress,Eliminated Week 7,8,True,False,28.0,0.101449275,7.5,4,4.333333333,-2.744864172695032,0.0,0.011855938893480918,0.20761080195887552,-1.5521884280335951,R2_Percent
22,5,Nyle DiMarco,Peta Murgatroyd,Model,1st Place,1,True,False,37.0,0.134057971,1.0,4,10.0,-2.0209453342075374,0.0,0.2302772193254272,0.019355679303827457,1.4142665420300693,R2_Percent
22,5,Paige VanZant,Mark Ballas,Athlete,2nd Place,2,True,False,31.0,0.112318841,4.0,4,9.333333333,-2.083465691172449,0.0,0.21770907792163702,0.026769161955514015,1.3581423240823245,R2_Percent
22,5,Von Miller,Witney Carson,Athlete,Eliminated Week 7,7,True,False,29.0,0.105072464,6.0,4,24.33333333,-1.1867195559461794,0.0,0.014107394390496391,0.19639724219700236,-1.378318257736053,R2_Percent
22,5,Wanya Morris,Lindsay Arnold,Singer/Rapper,Eliminated Week 9,4,True,False,30.0,0.108695652,5.0,4,0.0,-4.418840599460453,0.0,0.1599747534909455,0.04780776491994002,1.04999866958656,R2_Percent
22,6,Antonio Brown,Sharna Burgess,Athlete,Eliminated Week 9,5,True,False,27.0,0.118942731,3.0,3,10.0,-2.000660663169295,0.0,0.06495960945543208,0.1064655721064506,0.14840744756362959,R2_Percent
22,6,Doug Flutie,Karina Smirnoff,Athlete,Eliminated Week 6,9,True,True,21.0,0.092511013,9.0,3,2.0,-3.2999436453278386,0.0,0.006619441899023824,0.23723865217313098,-2.1353471750823956,R2_Percent
22,6,Ginger Zee,Valentin Chmerkovskiy,News Anchor,3rd Place,3,True,False,24.0,0.105726872,7.0,3,6.333333333,-2.406125770953217,0.0,0.25205073930007843,0.020581475402363773,1.5042721774788221,R2_Percent
22,6,Jodie Sweetin,Keo Motsepe,Actor/Actress,Eliminated Week 8,6,True,False,25.0,0.110132159,4.5,3,19.66666667,-1.3700338397752387,0.0,0.036120275873990366,0.15196954965774714,-0.43850386996701995,R2_Percent
22,6,Kim Fields,Sasha Farber,Actor/Actress,Eliminated Week 7,8,True,False,24.0,0.105726872,7.0,3,4.0,-2.789118022646292,0.0,0.010878667551754812,0.20111884587721107,-1.6385544699355874,R2_Percent
22,6,Nyle DiMarco,Peta Murgatroyd,Model,1st Place,1,True,False,25.0,0.110132159,4.5,3,10.0,-2.000660663169295,0.0,0.24634806560844322,0.020835411775420993,1.4813872005566604,R2_Percent
22,6,Paige VanZant,Mark Ballas,Athlete,2nd Place,2,True,False,28.0,0.123348018,2.0,3,9.666666667,-2.0314323217816925,0.0,0.2285422197352493,0.021759219649763996,1.4063627261545966,R2_Percent
22,6,Von Miller,Witney Carson,Athlete,Eliminated Week 7,7,True,False,24.0,0.105726872,7.0,3,10.66666667,-1.9418201629028982,0.0,0.016354862777750473,0.19097379725213998,-1.230832965471179,R2_Percent
22,6,Wanya Morris,Lindsay Arnold,Singer/Rapper,Eliminated Week 9,4,True,False,29.0,0.127753304,1.0,3,0.0,-4.398555928573726,0.0,0.13812611779827755,0.049057476105771616,0.9028089287024728,R2_Percent
22,7,Antonio Brown,Sharna Burgess,Athlete,Eliminated Week 9,5,True,False,26.0,0.121495327,6.0,3,15.33333333,-1.4360558703655404,0.0,0.06585947682499414,0.1499996133414571,-0.09656741113794118,R2_Percent
22,7,Ginger Zee,Valentin Chmerkovskiy,News Anchor,3rd Place,3,True,False,27.5,0.128504673,3.0,3,5.0,-2.4375044096518845,0.0,0.2560782791058615,0.023253979631503306,1.2613924311861309,R2_Percent
22,7,Jodie Sweetin,Keo Motsepe,Actor/Actress,Eliminated Week 8,6,True,False,25.5,0.119158879,8.0,3,8.0,-2.0320393019252014,0.0,0.03898435281306158,0.19769668740726098,-0.6209303886082983,R2_Percent
22,7,Kim Fields,Sasha Farber,Actor/Actress,Eliminated Week 7,8,True,True,26.0,0.121495327,6.0,3,3.333333333,-2.7629268097232647,0.0,0.009897670024066284,0.2545688226418784,-1.9917913659735016,R2_Percent
22,7,Nyle DiMarco,Peta Murgatroyd,Model,1st Place,1,True,False,28.0,0.130841121,1.0,3,7.0,-2.149822337486215,0.0,0.25677467759845163,0.022596849553650735,1.2641082151608911,R2_Percent
22,7,Paige VanZant,Mark Ballas,Athlete,2nd Place,2,True,False,27.5,0.128504673,3.0,3,6.666666667,-2.192381951824214,0.0,0.23570295154544438,0.0281925943633599,1.1784815880203507,R2_Percent
22,7,Von Miller,Witney Carson,Athlete,Eliminated Week 7,7,True,True,26.0,0.121495327,6.0,3,15.33333333,-1.4360558703655404,0.0,0.016140348521980093,0.23998269551542017,-1.5027684880224859,R2_Percent
22,7,Wanya Morris,Lindsay Arnold,Singer/Rapper,Eliminated Week 9,4,True,False,27.5,0.128504673,3.0,3,0.0,-4.229263873157717,0.0,0.12056224356614026,0.08370875754546948,0.5080754193748545,R2_Percent
22,8,Antonio Brown,Sharna Burgess,Athlete,Eliminated Week 9,5,True,False,27.0,0.159763314,5.0,3,9.0,-1.7107904062073196,0.0,0.07466494312837346,0.2904116660910907,-0.5792920236074562,R2_Percent
22,8,Ginger Zee,Valentin Chmerkovskiy,News Anchor,3rd Place,3,True,False,30.0,0.177514793,1.5,3,3.0,-2.6270811372514746,0.0,0.2663549020505217,0.04011321115027436,0.6925269343126736,R2_Percent
22,8,Jodie Sweetin,Keo Motsepe,Actor/Actress,Eliminated Week 8,6,True,True,30.0,0.177514793,1.5,3,7.0,-1.933933957383196,0.0,0.03873018224055262,0.3448687038832638,-1.235683504499634,R2_Percent
22,8,Nyle DiMarco,Peta Murgatroyd,Model,1st Place,1,True,False,29.0,0.171597633,3.0,3,6.666666667,-1.976493571728441,0.0,0.2670351621511867,0.04214869588174489,0.6950776397537395,R2_Percent
22,8,Paige VanZant,Mark Ballas,Athlete,2nd Place,2,True,False,28.0,0.165680473,4.0,3,23.66666667,-0.807922694859179,0.0,0.2395585776099979,0.057791052533917656,0.5864952664423635,R2_Percent
22,8,Wanya Morris,Lindsay Arnold,Singer/Rapper,Eliminated Week 9,4,True,False,25.0,0.147928994,6.0,3,0.0,-4.013375494221365,0.0,0.1136562328193677,0.22466667045970867,-0.15912431240168617,R2_Percent
22,9,Antonio Brown,Sharna Burgess,Athlete,Eliminated Week 9,5,True,True,27.5,0.191637631,5.0,3,8.333333333,-1.3773256907764158,0.0,0.07651136884348847,0.4810774699947671,-0.8278081647676414,R2_Percent
22,9,Ginger Zee,Valentin Chmerkovskiy,News Anchor,3rd Place,3,True,False,28.0,0.195121951,4.0,3,5.0,-1.8191584427995027,0.0,0.2564018126264895,0.0850135778618251,0.3814982876560205,R2_Percent
22,9,Nyle DiMarco,Peta Murgatroyd,Model,1st Place,1,True,False,28.5,0.198606272,3.0,3,8.666666667,-1.3422343709086186,0.0,0.27148886928752464,0.07132725176997831,0.4386736345426337,R2_Percent
22,9,Paige VanZant,Mark Ballas,Athlete,2nd Place,2,True,False,29.5,0.205574913,2.0,3,9.333333333,-1.2755429965013814,0.0,0.28855237957106145,0.056833840837807716,0.4996291208820833,R2_Percent
22,9,Wanya Morris,Lindsay Arnold,Singer/Rapper,Eliminated Week 9,4,True,True,30.0,0.209059233,1.0,3,0.666666667,-3.1000922864582336,0.0,0.10704556967143597,0.30574785953562167,-0.4919928783130963,R2_Percent
22,10,Ginger Zee,Valentin Chmerkovskiy,News Anchor,3rd Place,3,True,False,28.3332,0.325670463,3.0,3,7.333333333,-1.3962446915892568,0.0,0.3122488987012167,0.42803623651137856,-0.06421880793793028,R2_Percent
22,10,Nyle DiMarco,Peta Murgatroyd,Model,1st Place,1,True,False,28.9998,0.333332567,2.0,3,9.333333333,-1.1811333120427627,0.0,0.3379003465409764,0.31241599000398923,0.01473158933259433,R2_Percent
22,10,Paige VanZant,Mark Ballas,Athlete,2nd Place,2,True,False,29.6666,0.34099697,1.0,3,14.0,-0.8084580268266932,0.0,0.3498507547578069,0.2595477734846322,0.049487218605336225,R2_Percent
23,1,Amber Rose,Maksim Chmerkoskiy,Model,Eliminated Week 6,9,True,False,24.0,0.072727273,9.5,4,12.0,-1.999398833267838,0.0,0.004591146767583027,0.11546833061333857,-1.7350885938754605,R2_Percent
23,1,Babyface,Allison Holker,Singer/Rapper,Eliminated Week 4,11,True,False,26.0,0.078787879,5.5,4,5.0,-2.7725887206397815,0.0,0.004385028293719016,0.10925242049478338,-1.7810223489842314,R2_Percent
23,1,Calvin Johnson Jr.,Lindsay Arnold,Athlete,3rd Place,3,True,False,26.0,0.078787879,5.5,4,0.0,-4.564348181867836,0.0,0.33190975778065,0.0049429897301034855,2.545644690879664,R2_Percent
23,1,Jake T. Austin,Jenna Johnson,Actor/Actress,Eliminated Week 2,13,True,False,22.0,0.066666667,11.5,4,0.0,-4.564348181867836,0.0,0.0042616321762787976,0.1226573004990369,-1.8095662003015707,R2_Percent
23,1,James Hinchcliffe,Sharna Burgess,Racing Driver,2nd Place,2,True,False,31.0,0.093939394,1.5,4,2.0,-3.4657358995997267,0.0,0.19671642068881276,0.015372479467564374,2.0225447756142163,R2_Percent
23,1,Jana Kramer,Gleb Savchenko,Singer/Rapper,Eliminated Week 11,4,True,False,27.0,0.081818182,3.5,4,6.0,-2.6184380410410943,0.0,0.14680332495664378,0.027630308174522493,1.729875338317313,R2_Percent
23,1,Laurie Hernandez,Valentin Chmerkovskiy,Athlete,1st Place,1,True,False,31.0,0.093939394,1.5,4,11.0,-2.0794415408798357,0.0,0.14637523305165448,0.02473928662109634,1.7269549868963616,R2_Percent
23,1,Marilu Henner,Derek Hough,Actor/Actress,Eliminated Week 9,6,True,False,27.0,0.081818182,3.5,4,9.0,-2.2617630975137906,0.0,0.053365116967643476,0.06682453991056699,0.7179388650304128,R2_Percent
23,1,Maureen McCormick,Artem Chigvintsev,Actor/Actress,Eliminated Week 7,8,True,False,22.0,0.066666667,11.5,4,4.0,-2.954910277113736,0.0,0.008939446210199618,0.11735231364847747,-1.0687447850761087,R2_Percent
23,1,Rick Perry,Emma Slater,Politician,Eliminated Week 3,12,True,False,20.0,0.060606061,13.0,4,7.0,-2.4849066485880003,0.0,0.004501960905086808,0.12959396980017057,-1.7547053686271634,R2_Percent
23,1,Ryan Lochte,Cheryl Burke,Athlete,Eliminated Week 8,7,True,False,24.0,0.072727273,9.5,4,2.0,-3.4657358995997267,0.0,0.034784604882528526,0.08680068143411544,0.28995647328968593,R2_Percent
23,1,Terra Jole,Sasha Farber,TV Personality,Eliminated Week 10,5,True,False,25.0,0.075757576,7.5,4,16.0,-1.731134846846914,0.0,0.05858785134909576,0.06735584957881811,0.8113089330534009,R2_Percent
23,1,Vanilla Ice,Witney Carson,Singer/Rapper,Eliminated Week 4,10,True,False,25.0,0.075757576,7.5,4,9.0,-2.2617630975137906,0.0,0.004778475970104034,0.11200953002740574,-1.6950967662165182,R2_Percent
23,2,Amber Rose,Maksim Chmerkoskiy,Model,Eliminated Week 6,9,True,False,24.0,0.068181818,11.0,4,11.33333333,-1.983793466471118,0.0,0.005273779673267871,0.12269781571476449,-1.6398204832429961,R2_Percent
23,2,Babyface,Allison Holker,Singer/Rapper,Eliminated Week 4,11,True,False,30.0,0.085227273,3.0,4,7.0,-2.4166575481033203,0.0,0.004609644003301388,0.10509786630152752,-1.7744171629654124,R2_Percent
23,2,Calvin Johnson Jr.,Lindsay Arnold,Athlete,3rd Place,3,True,False,28.0,0.079545455,6.0,4,0.0,-4.496099081937323,0.0,0.287312436440103,0.0076641342897602865,2.358002458063298,R2_Percent
23,2,Jake T. Austin,Jenna Johnson,Actor/Actress,Eliminated Week 2,13,True,True,24.0,0.068181818,11.0,4,0.0,-4.496099081937323,0.0,0.003689014544089979,0.1245495210142902,-1.9972084331179372,R2_Percent
23,2,James Hinchcliffe,Sharna Burgess,Racing Driver,2nd Place,2,True,False,29.0,0.082386364,4.5,4,1.666666667,-3.5152698344047635,0.0,0.1924118607974452,0.018295936428416378,1.9570703886069567,R2_Percent
23,2,Jana Kramer,Gleb Savchenko,Singer/Rapper,Eliminated Week 11,4,True,False,29.0,0.082386364,4.5,4,7.333333333,-2.375835553667899,0.0,0.15714971501065442,0.025532927988142988,1.7546311554748542,R2_Percent
23,2,Laurie Hernandez,Valentin Chmerkovskiy,Athlete,1st Place,1,True,False,32.0,0.090909091,1.0,4,11.33333333,-1.983793466471118,0.0,0.1665249734561838,0.021559167876664852,1.812577494619898,R2_Percent
23,2,Marilu Henner,Derek Hough,Actor/Actress,Eliminated Week 9,6,True,False,27.0,0.076704545,7.0,4,4.666666667,-2.761498033874707,0.0,0.059875225559394694,0.067564923027956,0.7896950286145559,R2_Percent
23,2,Maureen McCormick,Artem Chigvintsev,Actor/Actress,Eliminated Week 7,8,True,False,26.0,0.073863636,8.5,4,4.666666667,-2.761498033874707,0.0,0.009226234326066942,0.11201844611427905,-1.0805168110214032,R2_Percent
23,2,Rick Perry,Emma Slater,Politician,Eliminated Week 3,12,True,False,22.0,0.0625,13.0,4,5.0,-2.70433962018149,0.0,0.004914219157161211,0.12990797444416882,-1.7104349226495388,R2_Percent
23,2,Ryan Lochte,Cheryl Burke,Athlete,Eliminated Week 8,7,True,False,24.0,0.068181818,11.0,4,3.0,-3.1098047275424325,0.0,0.03387998872127206,0.0936294571689111,0.2202567426006104,R2_Percent
23,2,Terra Jole,Sasha Farber,TV Personality,Eliminated Week 10,5,True,False,31.0,0.088068182,2.0,4,7.0,-2.4166575481033203,0.0,0.06982436702407462,0.05523768025240309,0.9434152523330448,R2_Percent
23,2,Vanilla Ice,Witney Carson,Singer/Rapper,Eliminated Week 4,10,True,False,26.0,0.073863636,8.5,4,13.66666667,-1.8105217448152018,0.0,0.005308541286984936,0.11624414937871543,-1.6332507073159301,R2_Percent
23,3,Amber Rose,Maksim Chmerkoskiy,Model,Eliminated Week 6,9,True,False,25.0,0.076923077,9.0,4,14.33333333,-1.7953761092448688,0.0,0.0058659637345884865,0.13552540886786402,-1.7452554352651464,R2_Percent
23,3,Babyface,Allison Holker,Singer/Rapper,Eliminated Week 4,11,True,False,25.0,0.076923077,9.0,4,7.333333333,-2.405141680182546,0.0,0.0050229928650908666,0.13660953056107675,-1.9003962791753932,R2_Percent
23,3,Calvin Johnson Jr.,Lindsay Arnold,Athlete,3rd Place,3,True,False,32.0,0.098461538,1.0,4,0.0,-4.525405208217303,0.0,0.2564832430752787,0.01034810938908757,2.032641109841044,R2_Percent
23,3,James Hinchcliffe,Sharna Burgess,Racing Driver,2nd Place,2,True,False,29.0,0.089230769,4.0,4,2.0,-3.426792925704749,0.0,0.1862305252477539,0.021934571740346857,1.7125630658699451,R2_Percent
23,3,Jana Kramer,Gleb Savchenko,Singer/Rapper,Eliminated Week 11,4,True,False,26.0,0.08,7.0,4,10.0,-2.127509943812872,0.0,0.17051437350462068,0.027767235224743562,1.6243973717557123,R2_Percent
23,3,Laurie Hernandez,Valentin Chmerkovskiy,Athlete,1st Place,1,True,False,31.0,0.095384615,2.0,4,8.0,-2.3281806390884916,0.0,0.18697186372942043,0.02055064373644478,1.716535920699621,R2_Percent
23,3,Marilu Henner,Derek Hough,Actor/Actress,Eliminated Week 9,6,True,False,28.0,0.086153846,5.5,4,4.666666667,-2.7908041603742952,0.0,0.06074331520427682,0.07393774813000262,0.592234814881849,R2_Percent
23,3,Maureen McCormick,Artem Chigvintsev,Actor/Actress,Eliminated Week 7,8,True,False,28.0,0.086153846,5.5,4,5.333333333,-2.679578525547043,0.0,0.009665360151950231,0.11982123540920461,-1.2458738480054534,R2_Percent
23,3,Rick Perry,Emma Slater,Politician,Eliminated Week 3,12,True,True,23.0,0.070769231,11.5,4,7.0,-2.4459636746166344,0.0,0.005063676571950535,0.14473535833771467,-1.8923294087905393,R2_Percent
23,3,Ryan Lochte,Cheryl Burke,Athlete,Eliminated Week 8,7,True,False,25.0,0.076923077,9.0,4,1.666666667,-3.5445759608514105,0.0,0.03486033840191901,0.1030393325615035,0.036927524006314466,R2_Percent
23,3,Terra Jole,Sasha Farber,TV Personality,Eliminated Week 10,5,True,False,30.0,0.092307692,3.0,4,6.666666667,-2.4885232889417708,0.0,0.07243942717660519,0.06245895864783373,0.7683285019328956,R2_Percent
23,3,Vanilla Ice,Witney Carson,Singer/Rapper,Eliminated Week 4,10,True,False,23.0,0.070769231,11.5,4,13.33333333,-1.8628173900135563,0.0,0.00613892033654525,0.14327186739417735,-1.6997733377508495,R2_Percent
23,4,Amber Rose,Maksim Chmerkoskiy,Model,Eliminated Week 6,9,True,False,24.0,0.091954023,4.5,3,33.33333333,-0.9599823911672334,0.0,0.006515700240703745,0.14566524985157508,-1.8464865417194893,R2_Percent
23,4,Babyface,Allison Holker,Singer/Rapper,Eliminated Week 4,11,True,True,18.0,0.068965517,11.0,3,5.666666667,-2.598979104611956,0.0,0.0054048462051479755,0.18292805830427988,-2.0334052313211965,R2_Percent
23,4,Calvin Johnson Jr.,Lindsay Arnold,Athlete,3rd Place,3,True,False,23.0,0.088122605,7.0,3,0.0,-4.496099081926171,0.0,0.23276882087518525,0.017797017657165473,1.7293445481133631,R2_Percent
23,4,James Hinchcliffe,Sharna Burgess,Racing Driver,2nd Place,2,True,False,28.0,0.107279693,2.0,3,1.0,-3.8029519058495587,0.0,0.18439407344789593,0.023457486339115326,1.4963739431266587,R2_Percent
23,4,Jana Kramer,Gleb Savchenko,Singer/Rapper,Eliminated Week 11,4,True,False,23.0,0.088122605,7.0,3,6.0,-2.5501889405565716,0.0,0.18972365801923954,0.026732609950485996,1.5248673541448117,R2_Percent
23,4,Laurie Hernandez,Valentin Chmerkovskiy,Athlete,1st Place,1,True,False,30.0,0.114942529,1.0,3,6.333333333,-2.5036689250253583,0.0,0.1956710828781871,0.019612644770676663,1.5557338731553478,R2_Percent
23,4,Marilu Henner,Derek Hough,Actor/Actress,Eliminated Week 9,6,True,False,21.0,0.08045977,10.0,3,5.333333333,-2.6502723990313486,0.0,0.06109348789746991,0.09694029054204922,0.39170405161539434,R2_Percent
23,4,Maureen McCormick,Artem Chigvintsev,Actor/Actress,Eliminated Week 7,8,True,False,24.0,0.091954023,4.5,3,3.0,-3.10980472753128,0.0,0.010201734704740732,0.14067772063699988,-1.398143452903507,R2_Percent
23,4,Ryan Lochte,Cheryl Burke,Athlete,Eliminated Week 8,7,True,False,22.0,0.084291188,9.0,3,1.0,-3.8029519058495587,0.0,0.033568173370266,0.12127305408645932,-0.2071228308771497,R2_Percent
23,4,Terra Jole,Sasha Farber,TV Personality,Eliminated Week 10,5,True,False,25.0,0.095785441,3.0,3,7.0,-2.416657548092168,0.0,0.0737871284012608,0.07438564277161008,0.580483076662014,R2_Percent
23,4,Vanilla Ice,Witney Carson,Singer/Rapper,Eliminated Week 4,10,True,True,23.0,0.088122605,7.0,3,10.0,-2.098203817279315,0.0,0.006871293959902982,0.15053022508958314,-1.7933487899962464,R2_Percent
23,5,Amber Rose,Maksim Chmerkoskiy,Model,Eliminated Week 6,9,True,False,24.0,0.104347826,7.5,3,11.66666667,-1.4622802674640514,0.0,0.008366689267679072,0.22991639882404777,-2.062249610934593,R2_Percent
23,5,Calvin Johnson Jr.,Lindsay Arnold,Athlete,3rd Place,3,True,False,24.0,0.104347826,7.5,3,0.0,-4.001254133750398,0.0,0.2231626927304282,0.030190034357964506,1.2213931995545912,R2_Percent
23,5,James Hinchcliffe,Sharna Burgess,Racing Driver,2nd Place,2,True,False,29.0,0.126086957,1.0,3,1.666666667,-3.020424884030338,0.0,0.17831510997988873,0.03755955510760626,0.9970443962609883,R2_Percent
23,5,Jana Kramer,Gleb Savchenko,Singer/Rapper,Eliminated Week 11,4,True,False,26.0,0.113043478,4.0,3,8.333333333,-1.76766191715997,0.0,0.2003465335900349,0.034500567158176614,1.1135406654439541,R2_Percent
23,5,Laurie Hernandez,Valentin Chmerkovskiy,Athlete,1st Place,1,True,False,25.0,0.108695652,5.0,3,7.666666667,-1.841769889194461,0.0,0.20406773731134095,0.034705509764002475,1.1319441146562927,R2_Percent
23,5,Marilu Henner,Derek Hough,Actor/Actress,Eliminated Week 9,6,True,False,27.0,0.117391304,2.5,3,3.0,-2.6149597767305073,0.0,0.06502546145252618,0.11897407946334576,-0.011728961867067345,R2_Percent
23,5,Maureen McCormick,Artem Chigvintsev,Actor/Actress,Eliminated Week 7,8,True,False,24.0,0.104347826,7.5,3,3.333333333,-2.5349170692390217,0.0,0.0103320148398754,0.22568493661750963,-1.8512605581819312,R2_Percent
23,5,Ryan Lochte,Cheryl Burke,Athlete,Eliminated Week 8,7,True,False,24.0,0.104347826,7.5,3,1.0,-3.3081069559237855,0.0,0.0323819103315072,0.18322762835836184,-0.7089079259405249,R2_Percent
23,5,Terra Jole,Sasha Farber,TV Personality,Eliminated Week 10,5,True,False,27.0,0.117391304,2.5,3,9.0,-1.698669045676352,0.0,0.07800185049671923,0.10524129034898509,0.17022468100829058,R2_Percent
23,6,Amber Rose,Maksim Chmerkoskiy,Model,Eliminated Week 6,9,True,True,28.0,0.091803279,9.0,4,16.33333333,-1.2020478757297244,0.0,0.008571209579876686,0.24325535340173707,-2.033743627506444,R2_Percent
23,6,Calvin Johnson Jr.,Lindsay Arnold,Athlete,3rd Place,3,True,False,37.0,0.121311475,3.5,4,0.0,-4.05467930001676,0.0,0.20922110991316703,0.02762465796151612,1.1612391435741802,R2_Percent
23,6,James Hinchcliffe,Sharna Burgess,Racing Driver,2nd Place,2,True,False,38.0,0.124590164,2.0,4,3.0,-2.6683849432218696,0.0,0.1748269722103293,0.03706989014784832,0.9816442632482014,R2_Percent
23,6,Jana Kramer,Gleb Savchenko,Singer/Rapper,Eliminated Week 11,4,True,False,40.0,0.131147541,1.0,4,6.666666667,-2.017797377726734,0.0,0.21231567209660324,0.02444660538148684,1.1759216951731228,R2_Percent
23,6,Laurie Hernandez,Valentin Chmerkovskiy,Athlete,1st Place,1,True,False,37.0,0.121311475,3.5,4,5.666666667,-2.1575593199825454,0.0,0.21048935197915394,0.027295494102242517,1.1672825760884664,R2_Percent
23,6,Marilu Henner,Derek Hough,Actor/Actress,Eliminated Week 9,6,True,False,34.0,0.11147541,5.0,4,3.0,-2.6683849432218696,0.0,0.062062856875954676,0.12182480985178144,-0.05400479927645965,R2_Percent
23,6,Maureen McCormick,Artem Chigvintsev,Actor/Actress,Eliminated Week 7,8,True,False,31.0,0.101639344,6.0,4,3.666666667,-2.514234263529135,0.0,0.010238950587887602,0.2181930719870732,-1.8559533586243062,R2_Percent
23,6,Ryan Lochte,Cheryl Burke,Athlete,Eliminated Week 8,7,True,False,30.0,0.098360656,7.5,4,1.0,-3.3615321223401478,0.0,0.030511413955590698,0.18581637422844074,-0.7640516496727958,R2_Percent
23,6,Terra Jole,Sasha Farber,TV Personality,Eliminated Week 10,5,True,False,30.0,0.098360656,7.5,4,9.333333333,-1.7193043894405835,0.0,0.08176246280143684,0.1144737429378739,0.22166575699603464,R2_Percent
23,7,Calvin Johnson Jr.,Lindsay Arnold,Athlete,3rd Place,3,True,False,37.0,0.13430127,1.5,4,0.0,-3.6971782528870336,0.0,0.20086215669348725,0.04078788433032626,0.8601087870842867,R2_Percent
23,7,James Hinchcliffe,Sharna Burgess,Racing Driver,2nd Place,2,True,False,37.0,0.13430127,1.5,4,5.333333333,-1.8513515658378255,0.0,0.18378346090936704,0.047933234985148655,0.7712481235814302,R2_Percent
23,7,Jana Kramer,Gleb Savchenko,Singer/Rapper,Eliminated Week 11,4,True,False,34.5,0.12522686,4.0,4,9.333333333,-1.3618033407452657,0.0,0.21812209052086987,0.037751202918923685,0.9425448561611411,R2_Percent
23,7,Laurie Hernandez,Valentin Chmerkovskiy,Athlete,1st Place,1,True,False,34.5,0.12522686,4.0,4,5.666666667,-1.8000582713794855,0.0,0.21018206267091932,0.040693350936298466,0.9054640220995925,R2_Percent
23,7,Marilu Henner,Derek Hough,Actor/Actress,Eliminated Week 9,6,True,False,32.0,0.11615245,8.0,4,3.666666667,-2.156733215037504,0.0,0.06035811001892619,0.18271664515856795,-0.3422147765245791,R2_Percent
23,7,Maureen McCormick,Artem Chigvintsev,Actor/Actress,Eliminated Week 7,8,True,True,33.0,0.119782214,6.5,4,2.333333333,-2.493205451484431,0.0,0.01043128916462497,0.283022390429651,-2.0977002351517307,R2_Percent
23,7,Ryan Lochte,Cheryl Burke,Athlete,Eliminated Week 8,7,True,False,33.0,0.119782214,6.5,4,1.0,-3.004031074343755,0.0,0.02941189519091882,0.23654194780389762,-1.0611109072729463,R2_Percent
23,7,Terra Jole,Sasha Farber,TV Personality,Eliminated Week 10,5,True,False,34.5,0.12522686,4.0,4,5.0,-1.9054187870200896,0.0,0.08684893483088658,0.1305533434371864,0.02166013002280541,R2_Percent
23,8,Calvin Johnson Jr.,Lindsay Arnold,Athlete,3rd Place,3,True,False,30.0,0.14925388,3.5,3,0.0,-3.2451931306318946,0.0,0.19069460046575817,0.0579932423313874,0.5129688347033683,R2_Percent
23,8,James Hinchcliffe,Sharna Burgess,Racing Driver,2nd Place,2,True,False,34.9998,0.174128531,1.0,3,2.666666667,-1.945910148277391,0.0,0.20200258300510124,0.04119580030229243,0.5705761212567523,R2_Percent
23,8,Jana Kramer,Gleb Savchenko,Singer/Rapper,Eliminated Week 11,4,True,False,30.0,0.14925388,3.5,3,3.333333333,-1.7788560638897493,0.0,0.2306194689864418,0.03976414182660232,0.7030646685759222,R2_Percent
23,8,Laurie Hernandez,Valentin Chmerkovskiy,Athlete,1st Place,1,True,False,33.0,0.164179268,2.0,3,4.333333333,-1.5712166992081398,0.0,0.20649913994514674,0.043374602643498954,0.5925918842612065,R2_Percent
23,8,Marilu Henner,Derek Hough,Actor/Actress,Eliminated Week 9,6,True,False,23.0,0.114427975,7.0,3,1.666666667,-2.264363879099335,0.0,0.059571112859449195,0.27833992198767965,-0.6505335902086959,R2_Percent
23,8,Ryan Lochte,Cheryl Burke,Athlete,Eliminated Week 8,7,True,True,26.0,0.129353363,5.0,3,1.0,-2.5520459513552827,0.0,0.02801559830160437,0.32571649368957745,-1.4049429259539885,R2_Percent
23,8,Terra Jole,Sasha Farber,TV Personality,Eliminated Week 10,5,True,False,24.0,0.119403104,6.0,3,5.666666667,-1.3480731478776797,0.0,0.0825974964364984,0.21361579721896193,-0.3237249926345649,R2_Percent
23,9,Calvin Johnson Jr.,Lindsay Arnold,Athlete,3rd Place,3,True,False,37.0,0.162995595,4.0,4,0.0,-3.3900240781085995,0.0,0.19732604091575237,0.10108472505276409,0.2874461881457292,R2_Percent
23,9,James Hinchcliffe,Sharna Burgess,Racing Driver,2nd Place,2,True,False,36.0,0.158590308,5.5,4,5.666666667,-1.4929040956943846,0.0,0.21604860163636277,0.08829075054772552,0.37809218738101247,R2_Percent
23,9,Jana Kramer,Gleb Savchenko,Singer/Rapper,Eliminated Week 11,4,True,False,40.0,0.176211454,1.5,4,4.0,-1.7805861680478323,0.0,0.22909679811601363,0.06607269483247936,0.43673341087016937,R2_Percent
23,9,Laurie Hernandez,Valentin Chmerkovskiy,Athlete,1st Place,1,True,False,40.0,0.176211454,1.5,4,5.666666667,-1.4929040956943846,0.0,0.2121814337051744,0.0775277410457372,0.3600305254629601,R2_Percent
23,9,Marilu Henner,Derek Hough,Actor/Actress,Eliminated Week 9,6,True,True,36.0,0.158590308,5.5,4,3.0,-2.003729719213709,0.0,0.05838293910657207,0.39184094297027877,-0.930387494001201,R2_Percent
23,9,Terra Jole,Sasha Farber,TV Personality,Eliminated Week 10,5,True,False,38.0,0.167400881,3.0,4,5.333333333,-1.5441973901611459,0.0,0.08696418652012487,0.27518314555101514,-0.53191481785867,R2_Percent
23,10,Calvin Johnson Jr.,Lindsay Arnold,Athlete,3rd Place,3,True,False,28.0,0.19112628,5.0,3,0.0,-3.1918471500743455,0.0,0.20307611347972365,0.17974073870134022,0.07363352232719086,R2_Percent
23,10,James Hinchcliffe,Sharna Burgess,Racing Driver,2nd Place,2,True,False,29.5,0.201365188,3.0,3,4.0,-1.5824092395869116,0.0,0.24995885928422742,0.10475395881394546,0.28134901176639093,R2_Percent
23,10,Jana Kramer,Gleb Savchenko,Singer/Rapper,Eliminated Week 11,4,True,False,29.0,0.197952218,4.0,3,4.0,-1.5824092395869116,0.0,0.23289513112776083,0.12712305205736732,0.2106409415613009,R2_Percent
23,10,Laurie Hernandez,Valentin Chmerkovskiy,Athlete,1st Place,1,True,False,30.0,0.204778157,1.5,3,7.666666667,-1.0323629028350756,0.0,0.2236917948762777,0.13001192270135403,0.17032185899210997,R2_Percent
23,10,Terra Jole,Sasha Farber,TV Personality,Eliminated Week 10,5,True,True,30.0,0.204778157,1.5,3,3.666666667,-1.6514021109676729,0.0,0.09037810123201034,0.45837032772599284,-0.7359453346469927,R2_Percent
23,11,Calvin Johnson Jr.,Lindsay Arnold,Athlete,3rd Place,3,True,False,38.3331,0.251916163,3.0,4,0.0,-3.0757749790762454,0.0,0.21755364287620582,0.3231444563699651,-0.13476693588927635,R2_Percent
23,11,James Hinchcliffe,Sharna Burgess,Racing Driver,2nd Place,2,True,False,38.9998,0.256297559,2.0,4,4.666666667,-1.3411739254136292,0.0,0.28202808156713244,0.16855961360666302,0.12479425608318301,R2_Percent
23,11,Jana Kramer,Gleb Savchenko,Singer/Rapper,Eliminated Week 11,4,True,False,35.5,0.233297692,4.0,4,4.666666667,-1.3411739254136292,0.0,0.2466994293753339,0.29253889155370627,-0.009041679420494553,R2_Percent
23,11,Laurie Hernandez,Valentin Chmerkovskiy,Athlete,1st Place,1,True,False,39.3332,0.258488586,1.0,4,8.333333333,-0.8421827595393891,0.0,0.25371884618132784,0.21575703846966562,0.01901435922658784,R2_Percent
24,1,Bonner Bolton,Sharna Burgess,Athlete,Eliminated Week 8,5,True,False,22.0,0.072847682,9.0,4,7.0,-2.8478121417523687,0.0,0.09426273790270621,0.05705101017559056,1.1946922500979753,R2_Percent
24,1,Charo,Keo Motsepe,Actor/Actress,Eliminated Week 3,11,True,False,21.0,0.069536424,10.0,4,5.0,-3.1354942136291495,0.0,0.004985916913463947,0.1368749366825436,-1.7447763962633192,R2_Percent
24,1,Chris Kattan,Witney Carson,Comedian,Eliminated Week 2,12,True,False,17.0,0.056291391,12.0,4,2.0,-3.828641391889095,0.0,0.0045803464157777,0.155724760805418,-1.8296190853610501,R2_Percent
24,1,David Ross,Lindsay Arnold,Athlete,2nd Place,2,True,False,28.0,0.092715232,4.0,4,8.0,-2.730029106287652,0.0,0.22868443628805724,0.013271757058398757,2.0809493284935443,R2_Percent
24,1,Erika Jayne,Gleb Savchenko,Singer/Rapper,Eliminated Week 5,9,True,False,24.0,0.079470199,7.5,4,13.0,-2.2881963545562316,0.0,0.005810167392998201,0.12364136812135919,-1.5917843356234405,R2_Percent
24,1,Heather Morris,Maksim Chmerkoskiy,Actor/Actress,Eliminated Week 6,8,True,False,28.0,0.092715232,4.0,4,12.0,-2.3623043266341295,0.0,0.008431050057796681,0.10642325226004191,-1.2194723909867495,R2_Percent
24,1,Mr. T,Kym Herjavec,Actor/Actress,Eliminated Week 4,10,True,False,20.0,0.066225166,11.0,4,6.0,-2.981343534130463,0.0,0.005454280069461686,0.14060268071524662,-1.654993082951459,R2_Percent
24,1,Nancy Kerrigan,Artem Chigvintsev,Athlete,Eliminated Week 7,7,True,False,28.0,0.092715232,4.0,4,9.0,-2.624668590783159,0.0,0.034771660269360696,0.08296829288480512,0.1974089776737631,R2_Percent
24,1,Nick Viall,Peta Murgatroyd,TV Personality,Eliminated Week 7,6,True,False,24.0,0.079470199,7.5,4,44.0,-1.1205911950802183,0.0,0.011703858520070195,0.11694214550396896,-0.8914751417837485,R2_Percent
24,1,Normani,Valentin Chmerkovskiy,Singer/Rapper,3rd Place,3,True,False,27.0,0.089403974,6.0,4,5.0,-3.1354942136291495,0.0,0.2708710229295576,0.009190747940303006,2.2502490601802427,R2_Percent
24,1,Rashad Jennings,Emma Slater,Athlete,1st Place,1,True,False,31.0,0.102649007,2.0,4,4.0,-3.3178157699631043,0.0,0.24969308805560636,0.009906363585922567,2.1688387986483098,R2_Percent
24,1,Simone Biles,Sasha Farber,Athlete,Eliminated Week 9,4,True,False,32.0,0.105960265,1.0,4,11.0,-2.4423470342192046,0.0,0.0807514351851435,0.04740268426640167,1.0399820178759323,R2_Percent
24,2,Bonner Bolton,Sharna Burgess,Athlete,Eliminated Week 8,5,True,False,28.0,0.085365854,6.0,4,11.0,-2.233592220573761,0.0,0.09461560186321126,0.051709291299385146,1.1760566816542837,R2_Percent
24,2,Charo,Keo Motsepe,Actor/Actress,Eliminated Week 3,11,True,False,25.0,0.076219512,9.5,4,3.666666667,-3.178053827876517,0.0,0.00488187137623518,0.13166092320271738,-1.7882370802706535,R2_Percent
24,2,Chris Kattan,Witney Carson,Comedian,Eliminated Week 2,12,True,True,22.0,0.067073171,11.5,4,2.666666667,-3.419215884019379,0.0,0.004135759102935137,0.14456527189370777,-1.9540948138245604,R2_Percent
24,2,David Ross,Lindsay Arnold,Athlete,2nd Place,2,True,False,27.0,0.082317073,8.0,4,5.0,-2.926739400200373,0.0,0.23450953918406958,0.014185319761365672,2.08373056051905,R2_Percent
24,2,Erika Jayne,Gleb Savchenko,Singer/Rapper,Eliminated Week 5,9,True,False,28.0,0.085365854,6.0,4,14.0,-2.010448669446218,0.0,0.0062242771916152795,0.1192345487325827,-1.5453083835509471,R2_Percent
24,2,Heather Morris,Maksim Chmerkoskiy,Actor/Actress,Eliminated Week 6,8,True,False,30.0,0.091463415,3.0,4,3.666666667,-3.178053827876517,0.0,0.009061244048105743,0.10957896030589029,-1.169759282581859,R2_Percent
24,2,Mr. T,Kym Herjavec,Actor/Actress,Eliminated Week 4,10,True,False,22.0,0.067073171,11.5,4,5.333333333,-2.872672179080974,0.0,0.005423306033201556,0.1428166311832674,-1.6830601066419273,R2_Percent
24,2,Nancy Kerrigan,Artem Chigvintsev,Athlete,Eliminated Week 7,7,True,False,28.0,0.085365854,6.0,4,14.0,-2.010448669446218,0.0,0.03576979460235988,0.0901824567733735,0.20333810571506392,R2_Percent
24,2,Nick Viall,Peta Murgatroyd,TV Personality,Eliminated Week 7,6,True,False,25.0,0.076219512,9.5,4,27.0,-1.3862943607198905,0.0,0.01433874478759027,0.12040313822507709,-0.7108004062690896,R2_Percent
24,2,Normani,Valentin Chmerkovskiy,Singer/Rapper,3rd Place,3,True,False,32.0,0.097560976,1.5,4,2.333333333,-3.5145260637091584,0.0,0.26615010440666004,0.009107207037330289,2.210294746540469,R2_Percent
24,2,Rashad Jennings,Emma Slater,Athlete,1st Place,1,True,False,32.0,0.097560976,1.5,4,3.0,-3.332204507375204,0.0,0.2395541370909638,0.011710024015687999,2.105013728077509,R2_Percent
24,2,Simone Biles,Sasha Farber,Athlete,Eliminated Week 9,4,True,False,29.0,0.088414634,4.0,4,8.333333333,-2.4849066486237144,0.0,0.08533562031305254,0.054846227569614714,1.0728262506326613,R2_Percent
24,3,Bonner Bolton,Sharna Burgess,Athlete,Eliminated Week 8,5,True,False,24.0,0.076190476,10.0,4,4.666666667,-2.53276266969939,0.0,0.10586359231128667,0.06371305399120804,1.0701819003440844,R2_Percent
24,3,Charo,Keo Motsepe,Actor/Actress,Eliminated Week 3,11,True,True,24.0,0.076190476,10.0,4,2.333333333,-3.0633909200392075,0.0,0.0048430636819856085,0.1655400165572381,-2.0144219874390266,R2_Percent
24,3,David Ross,Lindsay Arnold,Athlete,2nd Place,2,True,False,31.0,0.098412698,5.0,4,5.666666667,-2.3702437403992622,0.0,0.2350958263955707,0.015224040035394617,1.8680237028655116,R2_Percent
24,3,Erika Jayne,Gleb Savchenko,Singer/Rapper,Eliminated Week 5,9,True,False,26.0,0.082539683,7.5,4,7.333333333,-2.147100189389053,0.0,0.0069790035789624606,0.15278217941589867,-1.6490633472046365,R2_Percent
24,3,Heather Morris,Maksim Chmerkoskiy,Actor/Actress,Eliminated Week 6,8,True,False,33.0,0.104761905,2.5,4,4.333333333,-2.5933872915584724,0.0,0.008619474520335301,0.12193259548786184,-1.4379453777588402,R2_Percent
24,3,Mr. T,Kym Herjavec,Actor/Actress,Eliminated Week 4,10,True,False,24.0,0.076190476,10.0,4,5.666666667,-2.3702437403992622,0.0,0.00554699661038193,0.1644422657588444,-1.8787128700577207,R2_Percent
24,3,Nancy Kerrigan,Artem Chigvintsev,Athlete,Eliminated Week 7,7,True,False,33.0,0.104761905,2.5,4,4.333333333,-2.5933872915584724,0.0,0.04094991697381257,0.08982724006778299,0.12038028273717091,R2_Percent
24,3,Nick Viall,Peta Murgatroyd,TV Personality,Eliminated Week 7,6,True,False,26.0,0.082539683,7.5,4,14.66666667,-1.5158284126951096,0.0,0.016561666512406564,0.1395523852224411,-0.784878721357397,R2_Percent
24,3,Normani,Valentin Chmerkovskiy,Singer/Rapper,3rd Place,3,True,False,34.0,0.107936508,1.0,4,2.0,-3.168751435359256,0.0,0.2514961448030929,0.011915578776882093,1.935458160549239,R2_Percent
24,3,Rashad Jennings,Emma Slater,Athlete,1st Place,1,True,False,28.0,0.088888889,6.0,4,2.666666667,-2.968080740238519,0.0,0.23410319422274786,0.016815058331770515,1.8637925190389475,R2_Percent
24,3,Simone Biles,Sasha Farber,Athlete,Eliminated Week 9,4,True,False,32.0,0.101587302,4.0,4,6.666666667,-2.2304817981701905,0.0,0.08994112038941746,0.05825558635467766,0.9071857382826675,R2_Percent
24,4,Bonner Bolton,Sharna Burgess,Athlete,Eliminated Week 8,5,True,False,32.0,0.098159509,5.5,4,3.666666667,-2.537092401572009,0.0,0.10667343458523994,0.06651935411652597,0.8585088676485999,R2_Percent
24,4,David Ross,Lindsay Arnold,Athlete,2nd Place,2,True,False,31.0,0.095092025,7.0,4,5.666666667,-2.1804174580339906,0.0,0.244983767186139,0.018526603548645968,1.6899286652657004,R2_Percent
24,4,Erika Jayne,Gleb Savchenko,Singer/Rapper,Eliminated Week 5,9,True,False,30.0,0.09202454,8.5,4,7.0,-1.9980959014375361,0.0,0.0072020338638032885,0.18048736542643157,-1.8368998194853392,R2_Percent
24,4,Heather Morris,Maksim Chmerkoskiy,Actor/Actress,Eliminated Week 6,8,True,False,35.0,0.107361963,3.0,4,2.666666667,-2.778254458024611,0.0,0.008676309323114273,0.15397039698668993,-1.6506670416384663,R2_Percent
24,4,Mr. T,Kym Herjavec,Actor/Actress,Eliminated Week 4,10,True,True,28.0,0.085889571,10.0,4,3.0,-2.6912430812599815,0.0,0.005860206701088686,0.19370372210188416,-2.0430784105107085,R2_Percent
24,4,Nancy Kerrigan,Artem Chigvintsev,Athlete,Eliminated Week 7,7,True,False,33.0,0.101226994,4.0,4,4.666666667,-2.3429363873667657,0.0,0.04022681378553561,0.12109052285648024,-0.1167295038374843,R2_Percent
24,4,Nick Viall,Peta Murgatroyd,TV Personality,Eliminated Week 7,6,True,False,30.0,0.09202454,8.5,4,12.33333333,-1.4872702782165452,0.0,0.017548267123007524,0.16367299271707766,-0.9463080810938238,R2_Percent
24,4,Normani,Valentin Chmerkovskiy,Singer/Rapper,3rd Place,3,True,False,32.0,0.098159509,5.5,4,2.333333333,-2.873564637858936,0.0,0.24195174127493335,0.018520395547124726,1.6774750033504753,R2_Percent
24,4,Rashad Jennings,Emma Slater,Athlete,1st Place,1,True,False,39.0,0.119631902,1.0,4,1.333333333,-3.230239581081954,0.0,0.2334275602161953,0.016387010492750664,1.641608507655219,R2_Percent
24,4,Simone Biles,Sasha Farber,Athlete,Eliminated Week 9,4,True,False,36.0,0.110429448,2.0,4,6.333333333,-2.085107278405575,0.0,0.0934498659409431,0.06712163620638908,0.7261618126458275,R2_Percent
24,5,Bonner Bolton,Sharna Burgess,Athlete,Eliminated Week 8,5,True,False,30.0,0.098684211,8.0,4,4.0,-2.629487877121095,0.0,0.10639664162028105,0.09242126045412591,0.6178873535626114,R2_Percent
24,5,David Ross,Lindsay Arnold,Athlete,2nd Place,2,True,False,29.0,0.095394737,9.0,4,6.666666667,-2.2020438627329963,0.0,0.25813114674554655,0.022720957707080224,1.5041811173619535,R2_Percent
24,5,Erika Jayne,Gleb Savchenko,Singer/Rapper,Eliminated Week 5,9,True,True,32.0,0.105263158,6.5,4,8.666666667,-1.9702422488717737,0.0,0.007480145875953004,0.22120966069086942,-2.0370343651986484,R2_Percent
24,5,Heather Morris,Maksim Chmerkoskiy,Actor/Actress,Eliminated Week 6,8,True,False,34.0,0.111842105,4.5,4,4.0,-2.629487877121095,0.0,0.00840050593555499,0.20607273033993392,-1.9209947246689227,R2_Percent
24,5,Nancy Kerrigan,Artem Chigvintsev,Athlete,Eliminated Week 7,7,True,False,36.0,0.118421053,3.0,4,4.0,-2.629487877121095,0.0,0.04087275971931047,0.1424692125633728,-0.33882283950248954,R2_Percent
24,5,Nick Viall,Peta Murgatroyd,TV Personality,Eliminated Week 7,6,True,False,34.0,0.111842105,4.5,4,13.33333333,-1.5763379636652466,0.0,0.018319129759882823,0.18763161541531387,-1.1413408031997074,R2_Percent
24,5,Normani,Valentin Chmerkovskiy,Singer/Rapper,3rd Place,3,True,False,39.0,0.128289474,1.0,4,2.333333333,-3.034952984635926,0.0,0.24296821824063558,0.019214988966154235,1.4436439865260922,R2_Percent
24,5,Rashad Jennings,Emma Slater,Athlete,1st Place,1,True,False,32.0,0.105263158,6.5,4,5.0,-2.4471663205582517,0.0,0.2203003297090524,0.0295943087564199,1.3457050913161954,R2_Percent
24,5,Simone Biles,Sasha Farber,Athlete,Eliminated Week 9,4,True,False,38.0,0.125,2.0,4,12.33333333,-1.6486586252260356,0.0,0.09713112239378323,0.07866526510672968,0.5267751838029154,R2_Percent
24,6,Bonner Bolton,Sharna Burgess,Athlete,Eliminated Week 8,5,True,False,31.5,0.117100372,6.0,4,2.666666667,-2.5719180254609637,0.0,0.10276124415084076,0.11574481775865067,0.3293649173284131,R2_Percent
24,6,David Ross,Lindsay Arnold,Athlete,2nd Place,2,True,False,31.0,0.115241636,7.0,4,5.666666667,-1.974081025335343,0.0,0.2629171960202716,0.025924746396913757,1.2687957763889484,R2_Percent
24,6,Heather Morris,Maksim Chmerkoskiy,Actor/Actress,Eliminated Week 6,8,True,True,37.0,0.137546468,1.0,4,2.333333333,-2.6672282053252885,0.0,0.008211767963297143,0.23317669855806994,-2.19747511923708,R2_Percent
24,6,Nancy Kerrigan,Artem Chigvintsev,Athlete,Eliminated Week 7,7,True,False,33.5,0.124535316,5.0,4,4.0,-2.261763097597124,0.0,0.03882999077578573,0.19742888153864416,-0.6438504559959013,R2_Percent
24,6,Nick Viall,Peta Murgatroyd,TV Personality,Eliminated Week 7,6,True,False,30.5,0.1133829,8.0,4,10.66666667,-1.4144652374727773,0.0,0.018349851261600457,0.2662304480247172,-1.3934218933527676,R2_Percent
24,6,Normani,Valentin Chmerkovskiy,Singer/Rapper,3rd Place,3,True,False,36.0,0.133828996,2.0,4,2.666666667,-2.5719180254609637,0.0,0.2326164248090318,0.028959853823433423,1.146347489374194,R2_Percent
24,6,Rashad Jennings,Emma Slater,Athlete,1st Place,1,True,False,35.0,0.130111524,3.0,4,2.666666667,-2.5719180254609637,0.0,0.2315835647097499,0.03028975688009593,1.1418974168748734,R2_Percent
24,6,Simone Biles,Sasha Farber,Athlete,Eliminated Week 9,4,True,False,34.5,0.128252788,4.0,4,9.333333333,-1.5358260947419295,0.0,0.10472996030942264,0.10224479701947485,0.34834186861932026,R2_Percent
24,7,Bonner Bolton,Sharna Burgess,Athlete,Eliminated Week 8,5,True,False,31.0,0.122529644,7.0,4,2.0,-2.5902671641124932,0.0,0.09845100146878373,0.17802425701455465,-0.03173370768993236,R2_Percent
24,7,David Ross,Lindsay Arnold,Athlete,2nd Place,2,True,False,32.0,0.126482213,6.0,4,3.666666667,-2.148434412238216,0.0,0.27006224481830354,0.03387000625871652,0.9773597837103007,R2_Percent
24,7,Nancy Kerrigan,Artem Chigvintsev,Athlete,Eliminated Week 7,7,True,True,36.0,0.14229249,4.0,4,2.333333333,-2.4849066486880003,0.0,0.03848694882034167,0.26031505510634845,-0.9709734929391035,R2_Percent
24,7,Nick Viall,Peta Murgatroyd,TV Personality,Eliminated Week 7,6,True,True,34.0,0.134387352,5.0,4,9.333333333,-1.353504537942061,0.0,0.018371009818309247,0.3392514635466476,-1.7105188163099827,R2_Percent
24,7,Normani,Valentin Chmerkovskiy,Singer/Rapper,3rd Place,3,True,False,42.0,0.166007905,1.0,4,2.0,-2.5902671641124932,0.0,0.2347616812973627,0.03254406054830962,0.837278192352763,R2_Percent
24,7,Rashad Jennings,Emma Slater,Athlete,1st Place,1,True,False,39.0,0.154150198,2.5,4,6.666666667,-1.6519975262876787,0.0,0.22918893413315292,0.038372599196011103,0.8132540181959456,R2_Percent
24,7,Simone Biles,Sasha Farber,Athlete,Eliminated Week 9,4,True,False,39.0,0.154150198,2.5,4,7.0,-1.6094379119341002,0.0,0.11067817964374616,0.11762255832941187,0.08533402268000931,R2_Percent
24,8,Bonner Bolton,Sharna Burgess,Athlete,Eliminated Week 8,5,True,True,29.0,0.166189112,5.0,4,1.666666667,-2.1972245763112195,0.0,0.09737863790139252,0.5024772835279455,-0.6298296768102911,R2_Percent
24,8,David Ross,Lindsay Arnold,Athlete,2nd Place,2,True,False,32.5,0.186246418,4.0,4,5.666666667,-1.2809338450520642,0.0,0.27495247412151813,0.07760136297981429,0.40816172134537837,R2_Percent
24,8,Normani,Valentin Chmerkovskiy,Singer/Rapper,3rd Place,3,True,False,39.5,0.226361032,1.0,4,3.0,-1.791759468628055,0.0,0.24121034813459175,0.07306530695082632,0.277232826637071,R2_Percent
24,8,Rashad Jennings,Emma Slater,Athlete,1st Place,1,True,False,37.5,0.214899713,2.0,4,2.333333333,-1.9740810254020096,0.0,0.2688932686635278,0.06267926557332845,0.3858779900903762,R2_Percent
24,8,Simone Biles,Sasha Farber,Athlete,Eliminated Week 9,4,True,False,36.0,0.206303725,3.0,4,6.333333333,-1.1856236653759213,0.0,0.11756527117896969,0.28417678096808546,-0.4414428612625345,R2_Percent
24,9,David Ross,Lindsay Arnold,Athlete,2nd Place,2,True,False,35.0,0.231023102,4.0,4,4.333333333,-1.6462518850764702,0.0,0.3126071711563555,0.13512843624913348,0.2779951435394077,R2_Percent
24,9,Normani,Valentin Chmerkovskiy,Singer/Rapper,3rd Place,3,True,False,38.0,0.250825083,3.0,4,9.0,-1.0176432258336794,0.0,0.2702953115073842,0.16716545226539567,0.1325628930730297,R2_Percent
24,9,Rashad Jennings,Emma Slater,Athlete,1st Place,1,True,False,38.5,0.254125413,2.0,4,2.0,-2.22161602951406,0.0,0.288042605364433,0.13700899925641463,0.19615618994350442,R2_Percent
24,9,Simone Biles,Sasha Farber,Athlete,Eliminated Week 9,4,True,True,40.0,0.264026403,1.0,4,8.333333333,-1.0866360973365832,0.0,0.12905491197182725,0.5606971122290563,-0.6067142265559418,R2_Percent
24,10,David Ross,Lindsay Arnold,Athlete,2nd Place,2,True,False,36.3333,0.31502925,3.0,4,5.333333333,-1.0809127112908892,0.0,0.34429068226092796,0.3529818046000912,0.03397997047829665,R2_Percent
24,10,Normani,Valentin Chmerkovskiy,Singer/Rapper,3rd Place,3,True,False,39.3332,0.341039996,2.0,4,7.0,-0.8472978601181559,0.0,0.34884674098152674,0.26441131326398504,0.04712635151402289,R2_Percent
24,10,Rashad Jennings,Emma Slater,Athlete,1st Place,1,True,False,39.6666,0.343930754,1.0,4,3.333333333,-1.4604023328840516,0.0,0.3068625767575453,0.3826068821359238,-0.0811063219923196,R2_Percent
25,1,Barbara Corcoran,Keo Motsepe,Entrepreneur,Eliminated Week 2,13,True,False,14.0,0.058577406,13.0,3,2.0,-3.70540875199848,0.0,0.004407503425830204,0.13653015613492095,-1.840199183005253,R2_Percent
25,1,Debbie Gibson,Alan Bersten,Singer/Rapper,Eliminated Week 2,12,True,False,17.0,0.071129707,10.0,3,5.0,-3.0122615734718683,0.0,0.004727409186525854,0.12088990910578436,-1.770130283820816,R2_Percent
25,1,Derek Fisher,Sharna Burgess,Athlete,Eliminated Week 4,11,True,False,18.0,0.075313808,8.0,3,5.0,-3.0122615734718683,0.0,0.0055919572078567395,0.1152566736151054,-1.6021782430516203,R2_Percent
25,1,Drew Scott,Emma Slater,TV Personality,Eliminated Week 10,4,True,False,16.0,0.066945607,11.0,3,16.0,-1.9708076999593935,0.0,0.1867839324652097,0.02250347742324802,1.9064449118873499,R2_Percent
25,1,Frankie Muniz,Witney Carson,Actor/Actress,3rd Place,3,True,False,19.0,0.079497908,5.5,3,2.0,-3.70540875199848,0.0,0.25517110913042257,0.010471402540487161,2.2184267407577374,R2_Percent
25,1,Jordan Fisher,Lindsay Arnold,Actor/Actress,1st Place,1,True,False,22.0,0.092050209,1.5,3,4.0,-3.194583129859156,0.0,0.19707074378924166,0.016105456229004885,1.9600551742364596,R2_Percent
25,1,Lindsey Stirling,Mark Ballas,Musician,2nd Place,2,True,False,22.0,0.092050209,1.5,3,12.0,-2.2390716863332583,0.0,0.1546296177845232,0.024054020617570837,1.7175250991098243,R2_Percent
25,1,Nick Lachey,Peta Murgatroyd,Singer/Rapper,Eliminated Week 6,9,True,False,18.0,0.075313808,8.0,3,14.0,-2.0959708428177133,0.0,0.009523187601342768,0.1110526567107845,-1.069777970734371,R2_Percent
25,1,Nikki Bella,Artem Chigvintsev,Athlete,Eliminated Week 7,8,True,False,20.0,0.083682008,4.0,3,16.0,-1.9708076999593935,0.0,0.006549548307906865,0.1055322179798665,-1.4441115089233547,R2_Percent
25,1,Sasha Pieterse,Gleb Savchenko,Actor/Actress,Eliminated Week 5,10,True,False,18.0,0.075313808,8.0,3,9.0,-2.501435950519211,0.0,0.005766455583367051,0.11506673519114408,-1.5714499874424324,R2_Percent
25,1,Terrell Owens,Cheryl Burke,Athlete,Eliminated Week 8,6,True,False,15.0,0.062761506,12.0,3,11.0,-2.3191143939285896,0.0,0.04322573010882491,0.09093064940418069,0.4429283267514099,R2_Percent
25,1,Vanessa Lachey,Maksim Chmerkoskiy,TV Personality,Eliminated Week 7,7,True,False,21.0,0.087866109,3.0,3,8.0,-2.6067964660414815,0.0,0.020888921997078272,0.08858269673225833,-0.2842886251087294,R2_Percent
25,1,Victoria Arlen,Valentin Chmerkovskiy,Athlete,Eliminated Week 9,5,True,False,19.0,0.079497908,5.5,3,5.0,-3.0122615734718683,0.0,0.10566388341187014,0.0430239483156442,1.3367555493437964,R2_Percent
25,2,Barbara Corcoran,Keo Motsepe,Entrepreneur,Eliminated Week 2,13,True,True,17.0,0.062157221,13.0,3,4.666666667,-3.0883650733882773,0.0,0.003984911515817211,0.13258958302565815,-1.9545692766654217,R2_Percent
25,2,Debbie Gibson,Alan Bersten,Singer/Rapper,Eliminated Week 2,12,True,True,20.5,0.074954296,7.5,3,5.333333333,-2.977139438620468,0.0,0.004641107931969925,0.11675774082401229,-1.8021312681722914,R2_Percent
25,2,Derek Fisher,Sharna Burgess,Athlete,Eliminated Week 4,11,True,False,19.0,0.069469835,11.5,3,6.0,-2.8770559801978215,0.0,0.005484150414741979,0.12199387623444416,-1.635222195100052,R2_Percent
25,2,Drew Scott,Emma Slater,TV Personality,Eliminated Week 10,4,True,False,20.5,0.074954296,7.5,3,10.66666667,-2.3662303568565926,0.0,0.20657492384279852,0.017313176254940423,1.9935787895718569,R2_Percent
25,2,Frankie Muniz,Witney Carson,Actor/Actress,3rd Place,3,True,False,24.0,0.087751371,1.5,3,6.0,-2.8770559801978215,0.0,0.2301978102031374,0.012270947784292318,2.101854599309211,R2_Percent
25,2,Jordan Fisher,Lindsay Arnold,Actor/Actress,1st Place,1,True,False,24.0,0.087751371,1.5,3,5.666666667,-2.925846144228444,0.0,0.1891675745701295,0.018084281366146465,1.9055488758163877,R2_Percent
25,2,Lindsey Stirling,Mark Ballas,Musician,2nd Place,2,True,False,22.5,0.08226691,4.5,3,12.66666667,-2.2080063518394684,0.0,0.1653008540017453,0.023866217004630326,1.7706827868391632,R2_Percent
25,2,Nick Lachey,Peta Murgatroyd,Singer/Rapper,Eliminated Week 6,9,True,False,19.0,0.069469835,11.5,3,7.333333333,-2.7027025933772344,0.0,0.010411008843256868,0.11644316298530127,-0.9942205954422183,R2_Percent
25,2,Nikki Bella,Artem Chigvintsev,Athlete,Eliminated Week 7,8,True,False,19.5,0.071297989,9.5,3,21.33333333,-1.7168857998990061,0.0,0.00719466620485565,0.11798106337611447,-1.3637444377398915,R2_Percent
25,2,Sasha Pieterse,Gleb Savchenko,Actor/Actress,Eliminated Week 5,10,True,False,22.5,0.08226691,4.5,3,7.0,-2.7435245877953225,0.0,0.00600598407913529,0.10756372870094749,-1.5443280656182141,R2_Percent
25,2,Terrell Owens,Cheryl Burke,Athlete,Eliminated Week 8,6,True,False,19.5,0.071297989,9.5,3,13.66666667,-2.1373887847041737,0.0,0.045731571036025306,0.08196414614532115,0.48570450733430215,R2_Percent
25,2,Vanessa Lachey,Maksim Chmerkoskiy,TV Personality,Eliminated Week 7,7,True,False,23.5,0.085923218,3.0,3,6.0,-2.8770559801978215,0.0,0.02151203757804061,0.08974435546179638,-0.2684717185433151,R2_Percent
25,2,Victoria Arlen,Valentin Chmerkovskiy,Athlete,Eliminated Week 9,5,True,False,22.0,0.080438757,6.0,3,5.0,-3.031206659729048,0.0,0.10379339977834647,0.04342772083639509,1.3053179984104823,R2_Percent
25,3,Derek Fisher,Sharna Burgess,Athlete,Eliminated Week 4,11,True,False,21.0,0.086065574,8.0,3,4.333333333,-3.143613338089841,0.0,0.005421547777681051,0.15529872174837006,-1.993415984570277,R2_Percent
25,3,Drew Scott,Emma Slater,TV Personality,Eliminated Week 10,4,True,False,23.0,0.094262295,3.5,3,13.66666667,-2.1320124275971564,0.0,0.20730535244262038,0.021321506648550956,1.6503955118062186,R2_Percent
25,3,Frankie Muniz,Witney Carson,Actor/Actress,3rd Place,3,True,False,21.0,0.086065574,8.0,3,4.0,-3.208151859010328,0.0,0.23542513111923133,0.017661868103558628,1.777595621249973,R2_Percent
25,3,Jordan Fisher,Lindsay Arnold,Actor/Actress,1st Place,1,True,False,25.0,0.102459016,2.0,3,6.666666667,-2.7807078450002005,0.0,0.18658851787051683,0.023999994083987675,1.5451084260429027,R2_Percent
25,3,Lindsey Stirling,Mark Ballas,Musician,2nd Place,2,True,False,27.0,0.110655738,1.0,3,13.33333333,-2.155001946262077,0.0,0.1720532693539557,0.025481785978318138,1.464006807317914,R2_Percent
25,3,Nick Lachey,Peta Murgatroyd,Singer/Rapper,Eliminated Week 6,9,True,False,21.0,0.086065574,8.0,3,8.333333333,-2.5839975511213824,0.0,0.010047865093302756,0.14865431555761552,-1.3764371436810696,R2_Percent
25,3,Nikki Bella,Artem Chigvintsev,Athlete,Eliminated Week 7,8,True,False,21.0,0.086065574,8.0,3,23.33333333,-1.6257426210662478,0.0,0.007905855270471386,0.15169461368988943,-1.6161936686759826,R2_Percent
25,3,Sasha Pieterse,Gleb Savchenko,Actor/Actress,Eliminated Week 5,10,True,False,19.0,0.077868852,11.0,3,17.0,-1.9272180153345604,0.0,0.005834740541659151,0.1671545243588194,-1.91996752821123,R2_Percent
25,3,Terrell Owens,Cheryl Burke,Athlete,Eliminated Week 8,6,True,False,21.0,0.086065574,8.0,3,9.666666667,-2.4504661585955203,0.0,0.048433280316851186,0.10342153450264883,0.19638986018661175,R2_Percent
25,3,Vanessa Lachey,Maksim Chmerkoskiy,TV Personality,Eliminated Week 7,7,True,False,23.0,0.094262295,3.5,3,7.666666667,-2.658105523099005,0.0,0.020751430395396415,0.12433534289133279,-0.6511821480742122,R2_Percent
25,3,Victoria Arlen,Valentin Chmerkovskiy,Athlete,Eliminated Week 9,5,True,False,22.0,0.090163934,5.0,3,4.666666667,-3.082988716288479,0.0,0.1002330098183139,0.0609757924369086,0.9237002466091515,R2_Percent
25,4,Derek Fisher,Sharna Burgess,Athlete,Eliminated Week 4,11,True,True,23.0,0.084870849,10.0,3,2.666666667,-3.247551622114093,0.0,0.005133343169029391,0.15870629304759692,-2.0547125729694273,R2_Percent
25,4,Drew Scott,Emma Slater,TV Personality,Eliminated Week 10,4,True,False,24.0,0.088560886,6.5,3,10.33333333,-2.119086372421703,0.0,0.21349472026494723,0.021387200782606447,1.6731423931609635,R2_Percent
25,4,Frankie Muniz,Witney Carson,Actor/Actress,3rd Place,3,True,False,24.0,0.088560886,6.5,3,2.0,-3.448222317095436,0.0,0.22731675010211655,0.01876793649418935,1.7358747099859726,R2_Percent
25,4,Jordan Fisher,Lindsay Arnold,Actor/Actress,1st Place,1,True,False,29.0,0.10701107,1.0,3,4.333333333,-2.872858173630069,0.0,0.18724180726014006,0.023024118608461222,1.5419311587265359,R2_Percent
25,4,Lindsey Stirling,Mark Ballas,Musician,2nd Place,2,True,False,26.0,0.095940959,3.0,3,13.33333333,-1.884246781456956,0.0,0.17728535694650957,0.028086264966287515,1.4872909107715582,R2_Percent
25,4,Nick Lachey,Peta Murgatroyd,Singer/Rapper,Eliminated Week 6,9,True,False,22.0,0.081180812,11.0,3,5.333333333,-2.7010079169728174,0.0,0.009870630229982937,0.15714310809099669,-1.40090600526844,R2_Percent
25,4,Nikki Bella,Artem Chigvintsev,Athlete,Eliminated Week 7,8,True,False,24.0,0.088560886,6.5,3,18.33333333,-1.5850038867141634,0.0,0.00858128051498039,0.14835213530192795,-1.5408865632294753,R2_Percent
25,4,Sasha Pieterse,Gleb Savchenko,Actor/Actress,Eliminated Week 5,10,True,False,24.0,0.088560886,6.5,3,5.0,-2.755075138107713,0.0,0.0064273826610146,0.15140326437459406,-1.8299023055461743,R2_Percent
25,4,Terrell Owens,Cheryl Burke,Athlete,Eliminated Week 8,6,True,False,24.0,0.088560886,6.5,3,10.66666667,-2.0900988349924003,0.0,0.04793779129077665,0.10226830344156433,0.17943444581517848,R2_Percent
25,4,Vanessa Lachey,Maksim Chmerkoskiy,TV Personality,Eliminated Week 7,7,True,False,24.0,0.088560886,6.5,3,8.666666667,-2.278151066579281,0.0,0.02057063670497882,0.1324583189375274,-0.666605053491933,R2_Percent
25,4,Victoria Arlen,Valentin Chmerkovskiy,Athlete,Eliminated Week 9,5,True,False,27.0,0.099630996,2.0,3,2.666666667,-3.247551622114093,0.0,0.09614030085552384,0.05840305595424798,0.8753388820452404,R2_Percent
25,5,Drew Scott,Emma Slater,TV Personality,Eliminated Week 10,4,True,False,25.0,0.095785441,6.5,3,10.66666667,-2.2376655457328485,0.0,0.2211172707786048,0.023631974169598606,1.490765095194455,R2_Percent
25,5,Frankie Muniz,Witney Carson,Actor/Actress,3rd Place,3,True,False,29.0,0.111111111,2.0,3,6.333333333,-2.701971153641349,0.0,0.21338914222182218,0.02199445479849546,1.4551893550454689,R2_Percent
25,5,Jordan Fisher,Lindsay Arnold,Actor/Actress,1st Place,1,True,False,30.0,0.114942529,1.0,3,7.666666667,-2.534917069123637,0.0,0.18610837775838765,0.02745170709714858,1.3184010775512198,R2_Percent
25,5,Lindsey Stirling,Mark Ballas,Musician,2nd Place,2,True,False,28.0,0.107279693,3.0,3,15.33333333,-1.9011933098691864,0.0,0.19053524312777786,0.028304308232210255,1.3419090781586507,R2_Percent
25,5,Nick Lachey,Peta Murgatroyd,Singer/Rapper,Eliminated Week 6,9,True,False,22.0,0.084291188,10.0,3,7.0,-2.6149597767305073,0.0,0.009632950300021906,0.19444402563961816,-1.6427385581761509,R2_Percent
25,5,Nikki Bella,Artem Chigvintsev,Athlete,Eliminated Week 7,8,True,False,27.0,0.103448276,4.5,3,21.66666667,-1.5735059026396008,0.0,0.00930055417806162,0.16275036929269598,-1.6778541151697894,R2_Percent
25,5,Sasha Pieterse,Gleb Savchenko,Actor/Actress,Eliminated Week 5,10,True,True,24.0,0.091954023,8.5,3,7.333333333,-2.574137782304919,0.0,0.006200024709739539,0.18682347296861737,-2.0833748251075623,R2_Percent
25,5,Terrell Owens,Cheryl Burke,Athlete,Eliminated Week 8,6,True,False,25.0,0.095785441,6.5,3,13.66666667,-2.0088239735541307,0.0,0.05046780441577917,0.1185744811729675,0.013407494054884256,R2_Percent
25,5,Vanessa Lachey,Maksim Chmerkoskiy,TV Personality,Eliminated Week 7,7,True,False,24.0,0.091954023,8.5,3,6.0,-2.7484911691597915,0.0,0.021870692853764744,0.16110374219291645,-0.8227805878494394,R2_Percent
25,5,Victoria Arlen,Valentin Chmerkovskiy,Athlete,Eliminated Week 9,5,True,False,27.0,0.103448276,4.5,3,3.666666667,-3.153956276415575,0.0,0.09137793965604035,0.0749214644357316,0.6070759862982636,R2_Percent
25,6,Drew Scott,Emma Slater,TV Personality,Eliminated Week 10,4,True,False,30.0,0.098039216,8.0,4,9.0,-2.112231363643902,0.0,0.21701137750538402,0.033054056345526536,1.2428001144986387,R2_Percent
25,6,Frankie Muniz,Witney Carson,Actor/Actress,3rd Place,3,True,False,31.0,0.10130719,6.5,4,2.333333333,-3.210843650758678,0.0,0.22080639017083717,0.03091948349485334,1.2601365864075118,R2_Percent
25,6,Jordan Fisher,Lindsay Arnold,Actor/Actress,1st Place,1,True,False,39.0,0.12745098,2.0,4,6.666666667,-2.377934529081835,0.0,0.1887505695177181,0.03269642396508568,1.1032767368692393,R2_Percent
25,6,Lindsey Stirling,Mark Ballas,Musician,2nd Place,2,True,False,40.0,0.130718954,1.0,4,16.0,-1.5816031129221237,0.0,0.19518724100414328,0.02983074491439466,1.1368096395666532,R2_Percent
25,6,Nick Lachey,Peta Murgatroyd,Singer/Rapper,Eliminated Week 6,9,True,True,26.0,0.08496732,9.0,4,5.0,-2.6230569868587814,0.0,0.00929413539659361,0.26639866861034717,-1.9077660698387573,R2_Percent
25,6,Nikki Bella,Artem Chigvintsev,Athlete,Eliminated Week 7,8,True,False,36.0,0.117647059,4.5,4,21.33333333,-1.3087361265208624,0.0,0.009638393881995031,0.19497249325261673,-1.8713951835778013,R2_Percent
25,6,Terrell Owens,Cheryl Burke,Athlete,Eliminated Week 8,6,True,False,37.0,0.120915033,3.0,4,6.666666667,-2.377934529081835,0.0,0.051945259625259914,0.1267346177826777,-0.18695920397786137,R2_Percent
25,6,Vanessa Lachey,Maksim Chmerkoskiy,TV Personality,Eliminated Week 7,7,True,False,36.0,0.117647059,4.5,4,4.666666667,-2.6802154005588608,0.0,0.020841928309372815,0.1753817772185515,-1.1001829267226182,R2_Percent
25,6,Victoria Arlen,Valentin Chmerkovskiy,Athlete,Eliminated Week 9,5,True,False,31.0,0.10130719,6.5,4,2.0,-3.316204166040949,0.0,0.08652470458869606,0.11001173441594661,0.32328030677499525,R2_Percent
25,7,Drew Scott,Emma Slater,TV Personality,Eliminated Week 10,4,True,False,28.5,0.13255814,2.5,3,10.0,-1.9630779519740682,0.0,0.21844897164474888,0.033683114943262274,1.0063414036722802,R2_Percent
25,7,Frankie Muniz,Witney Carson,Actor/Actress,3rd Place,3,True,False,30.0,0.139534884,1.0,3,1.333333333,-3.5136753618830707,0.0,0.2125219066541901,0.03335058588087808,0.9788340289829176,R2_Percent
25,7,Jordan Fisher,Lindsay Arnold,Actor/Actress,1st Place,1,True,False,27.0,0.125581395,4.5,3,5.666666667,-2.4638532393736785,0.0,0.19652037426202862,0.04426540805383549,0.9005550675406682,R2_Percent
25,7,Lindsey Stirling,Mark Ballas,Musician,2nd Place,2,True,False,25.5,0.118604651,6.0,3,12.0,-1.796023867420459,0.0,0.21008426903570396,0.041593472201890795,0.9672976871426353,R2_Percent
25,7,Nikki Bella,Artem Chigvintsev,Athlete,Eliminated Week 7,8,True,True,24.0,0.111627907,8.0,3,27.0,-1.028768715029594,0.0,0.010335091814771626,0.2934979041897387,-2.044665967243628,R2_Percent
25,7,Terrell Owens,Cheryl Burke,Athlete,Eliminated Week 8,6,True,False,24.5,0.113953488,7.0,3,7.666666667,-2.2014889751888798,0.0,0.05055332190144699,0.19632194589834748,-0.4571823857360062,R2_Percent
25,7,Vanessa Lachey,Maksim Chmerkoskiy,TV Personality,Eliminated Week 7,7,True,True,27.0,0.125581395,4.5,3,4.666666667,-2.6263721686552772,0.0,0.020334195808115196,0.23403623310469784,-1.3679070528073107,R2_Percent
25,7,Victoria Arlen,Valentin Chmerkovskiy,Athlete,Eliminated Week 9,5,True,False,28.5,0.13255814,2.5,3,2.0,-3.262360934205339,0.0,0.08120186887899467,0.12325133572734932,0.016727218448443687,R2_Percent
25,8,Drew Scott,Emma Slater,TV Personality,Eliminated Week 10,4,True,False,23.5,0.150159744,6.0,3,10.66666667,-1.4619317746812155,0.0,0.23221128856367754,0.07846540185880889,0.47162545805611283,R2_Percent
25,8,Frankie Muniz,Witney Carson,Actor/Actress,3rd Place,3,True,False,26.5,0.169329073,3.0,3,1.666666667,-2.9378382931954357,0.0,0.2037672645445006,0.08565436048599953,0.340956256774039,R2_Percent
25,8,Jordan Fisher,Lindsay Arnold,Actor/Actress,1st Place,1,True,False,30.0,0.191693291,1.0,3,5.0,-2.1269080781527183,0.0,0.20782314532710294,0.06672657222883839,0.360665229454412,R2_Percent
25,8,Lindsey Stirling,Mark Ballas,Musician,2nd Place,2,True,False,27.0,0.172523962,2.0,3,14.33333333,-1.1886384402878074,0.0,0.22337393922365364,0.06904820224013565,0.43282499889151,R2_Percent
25,8,Terrell Owens,Cheryl Burke,Athlete,Eliminated Week 8,6,True,True,25.5,0.162939297,4.0,3,10.66666667,-1.4619317746812155,0.0,0.05236227652719222,0.380604592148958,-1.0178358072563949,R2_Percent
25,8,Victoria Arlen,Valentin Chmerkovskiy,Athlete,Eliminated Week 9,5,True,False,24.0,0.153354633,5.0,3,2.0,-2.8200552578737748,0.0,0.08046208581387324,0.3195008710372596,-0.588236135919679,R2_Percent
25,9,Drew Scott,Emma Slater,TV Personality,Eliminated Week 10,4,True,False,24.0,0.177777778,5.0,3,21.0,-0.8979415930160594,0.0,0.24984249348475981,0.12830744312153694,0.29405443861290814,R2_Percent
25,9,Frankie Muniz,Witney Carson,Actor/Actress,3rd Place,3,True,False,25.5,0.188888889,4.0,3,2.0,-2.8903717561517204,0.0,0.2049197874927007,0.1766214835638452,0.09584236740623872,R2_Percent
25,9,Jordan Fisher,Lindsay Arnold,Actor/Actress,1st Place,1,True,False,29.0,0.214814815,1.0,3,6.333333333,-1.9965538812387147,0.0,0.21837809551146414,0.12172421379770954,0.1594516889251034,R2_Percent
25,9,Lindsey Stirling,Mark Ballas,Musician,2nd Place,2,True,False,28.5,0.211111111,2.0,3,17.66666667,-1.0622446440849331,0.0,0.2452526019799883,0.0977831909400971,0.2755124532510941,R2_Percent
25,9,Victoria Arlen,Valentin Chmerkovskiy,Athlete,Eliminated Week 9,5,True,True,28.0,0.207407407,3.0,3,2.0,-2.8903717561517204,0.0,0.08160702153108704,0.47556366857681115,-0.8248609481953443,R2_Percent
25,10,Drew Scott,Emma Slater,TV Personality,Eliminated Week 10,4,True,False,37.5,0.239787146,4.0,4,36.0,-0.5531599873668641,0.0,0.2877212515321593,0.1852727092456743,0.14848894991822081,R2_Percent
25,10,Frankie Muniz,Witney Carson,Actor/Actress,3rd Place,3,True,False,38.8887,0.248666943,3.0,4,2.0,-3.065465609372408,0.0,0.20829470982333045,0.36090722366291245,-0.17454923386534804,R2_Percent
25,10,Jordan Fisher,Lindsay Arnold,Actor/Actress,1st Place,1,True,False,40.0,0.255772955,1.5,4,6.0,-2.2181677502106014,0.0,0.2329473453733696,0.26731968912270765,-0.06269074239314165,R2_Percent
25,10,Lindsey Stirling,Mark Ballas,Musician,2nd Place,2,True,False,40.0,0.255772955,1.5,4,16.33333333,-1.3114464700927986,0.0,0.2710366932711406,0.18650037796870567,0.08875102634026888,R2_Percent
26,1,Adam Rippon,Jenna Johnson,Athlete,1st Place,1,True,False,24.0,0.114285714,1.5,3,17.0,-1.7443572297612489,0.0,0.22419747409174878,0.017760345229706615,1.6733017212312205,R2_Percent
26,1,Arike Ogunbowale,Gleb Savchenko,Athlete,Eliminated Week 2,7,True,False,20.0,0.095238095,7.0,3,13.0,-1.9956716578786629,0.0,0.01063365714619808,0.1600617286233452,-1.375201349746937,R2_Percent
26,1,Chris Mazdzer,Witney Carson,Athlete,Eliminated Week 3,5,True,False,21.0,0.1,5.5,3,17.0,-1.7443572297612489,0.0,0.06424519086909415,0.09218771070173717,0.4234813476609707,R2_Percent
26,1,Jamie Anderson,Artem Chigvintsev,Athlete,Eliminated Week 1,10,True,True,19.0,0.09047619,8.0,3,7.0,-2.5552874452623,0.0,0.006152468794916824,0.17467431796349098,-1.922372091691754,R2_Percent
26,1,Jennie Finch Daigle,Keo Motsepe,Athlete,Eliminated Week 3,6,True,False,21.0,0.1,5.5,3,0.0,-4.634728977929636,0.0,0.04809419906108817,0.10739164668409064,0.1339360451717107,R2_Percent
26,1,Johnny Damon,Emma Slater,Athlete,Eliminated Week 1,9,True,True,18.0,0.085714286,9.0,3,7.0,-2.5552874452623,0.0,0.005188971864000578,0.1843872953280905,-2.0926899448948024,R2_Percent
26,1,Josh Norman,Sharna Burgess,Athlete,2nd Place,2,True,False,24.0,0.114285714,1.5,3,13.0,-1.9956716578786629,0.0,0.25547520272466057,0.013214808631585629,1.8038998279920366,R2_Percent
26,1,Kareem Abdul-Jabbar,Lindsay Arnold,Athlete,Eliminated Week 2,8,True,False,17.0,0.080952381,10.0,3,0.0,-4.634728977929636,0.0,0.009624334231148874,0.1849572688982736,-1.4749308160347525,R2_Percent
26,1,Mirai Nagasu,Alan Bersten,Athlete,Eliminated Week 3,4,True,False,23.0,0.10952381,3.5,3,10.0,-2.2368337144949018,0.0,0.11460847406761042,0.05234138693244265,1.002296223263944,R2_Percent
26,1,Tonya Harding,Sasha Farber,Athlete,3rd Place,3,True,False,23.0,0.10952381,3.5,3,9.0,-2.3321438942055903,0.0,0.26178002714953347,0.013023491007236999,1.8282790370483635,R2_Percent
26,2,Adam Rippon,Jenna Johnson,Athlete,1st Place,1,True,False,37.0,0.138317757,1.5,4,15.33333333,-1.6094379122157327,0.0,0.2375763477740496,0.024701564650733126,1.2752000444950666,R2_Percent
26,2,Arike Ogunbowale,Gleb Savchenko,Athlete,Eliminated Week 2,7,True,True,35.0,0.130841121,3.0,4,7.333333333,-2.2823823848140776,0.0,0.011009008405105348,0.2256529048419897,-1.796575108069037,R2_Percent
26,2,Chris Mazdzer,Witney Carson,Athlete,Eliminated Week 3,5,True,False,33.0,0.123364486,4.5,4,8.333333333,-2.1690536996077885,0.0,0.0684771701588687,0.14068020259319344,0.031211415732155717,R2_Percent
26,2,Jennie Finch Daigle,Keo Motsepe,Athlete,Eliminated Week 3,6,True,False,31.5,0.117757009,6.5,4,0.0,-4.402645913787501,0.0,0.03703728244725398,0.19966733749827553,-0.5833639526011226,R2_Percent
26,2,Josh Norman,Sharna Burgess,Athlete,2nd Place,2,True,False,31.5,0.117757009,6.5,4,6.666666667,-2.365763993584433,0.0,0.2647229955219671,0.023210810349988738,1.3833949877293077,R2_Percent
26,2,Kareem Abdul-Jabbar,Lindsay Arnold,Athlete,Eliminated Week 2,8,True,True,29.5,0.110280374,8.0,4,13.66666667,-1.7170685759199258,0.0,0.007207137328791361,0.2840834483482013,-2.2202171609544443,R2_Percent
26,2,Mirai Nagasu,Alan Bersten,Athlete,Eliminated Week 3,4,True,False,37.0,0.138317757,1.5,4,10.66666667,-1.94591014814715,0.0,0.11485192414611184,0.078793495200788,0.5483546909197191,R2_Percent
26,2,Tonya Harding,Sasha Farber,Athlete,3rd Place,3,True,False,33.0,0.123364486,4.5,4,11.66666667,-1.8636720499879975,0.0,0.259118134217852,0.02321023651683009,1.361995082748356,R2_Percent
26,3,Adam Rippon,Jenna Johnson,Athlete,1st Place,1,True,False,41.0,0.194312796,1.0,4,11.0,-1.3862943607198905,0.0,0.25278337779483706,0.03331776899033825,0.6811514485728831,R2_Percent
26,3,Chris Mazdzer,Witney Carson,Athlete,Eliminated Week 3,5,True,True,33.0,0.156398104,5.0,4,6.333333333,-1.8787708456085939,0.0,0.06741944531140706,0.2749173689772062,-0.6404479767318543,R2_Percent
26,3,Jennie Finch Daigle,Keo Motsepe,Athlete,Eliminated Week 3,6,True,True,29.0,0.137440758,6.0,4,0.0,-3.8712010061078908,0.0,0.03074019151989945,0.4651385406180152,-1.4258104907376214,R2_Percent
26,3,Josh Norman,Sharna Burgess,Athlete,2nd Place,2,True,False,38.0,0.180094787,2.0,4,6.0,-1.9252908611668633,0.0,0.2563584918484434,0.0368437178560377,0.6951953645303988,R2_Percent
26,3,Mirai Nagasu,Alan Bersten,Athlete,Eliminated Week 3,4,True,True,35.0,0.165876777,3.5,4,8.666666667,-1.6025174690584922,0.0,0.11932176903903781,0.1539012397766655,-0.06955767360153553,R2_Percent
26,3,Tonya Harding,Sasha Farber,Athlete,3rd Place,3,True,False,35.0,0.165876777,3.5,4,10.0,-1.4733057376731566,0.0,0.2733767244863752,0.03588136378173725,0.7594693279677294,R2_Percent
26,4,Adam Rippon,Jenna Johnson,Athlete,1st Place,1,True,False,29.0,0.339181287,1.0,3,9.666666667,-0.9037119494144865,0.0,0.3256815410249833,0.33552897253486813,-0.02170307866834109,R2_Percent
26,4,Josh Norman,Sharna Burgess,Athlete,2nd Place,2,True,False,28.5,0.333333333,2.0,3,6.0,-1.3249254143927245,0.0,0.3154322911371549,0.39066698131476896,-0.05367906374047238,R2_Percent
26,4,Tonya Harding,Sasha Farber,Athlete,3rd Place,3,True,False,28.0,0.32748538,3.0,3,7.666666667,-1.1113513141285483,0.0,0.3588861678378617,0.2738040461503628,0.0753821424088138,R2_Percent
27,1,Alexis Ren,Alan Bersten,Social Media Personality,4th Place,4,True,False,22.0,0.08627451,3.5,3,31.0,-2.311916419413555,0.0,0.11959582271926739,0.036969754388623696,1.5529145934169828,R2_Percent
27,1,Bobby Bones,Sharna Burgess,Radio Personality,1st Place,1,True,False,20.0,0.078431373,6.0,3,100.0,-1.162531806061595,0.0,0.16213159781727615,0.02663411887170196,1.8572050172814023,R2_Percent
27,1,Danelle Umstead,Artem Chigvintsev,Athlete,Eliminated Week 2,12,True,False,18.0,0.070588235,10.0,3,0.0,-5.777652290922657,0.0,0.0049502713425498964,0.12671841998986388,-1.63176092863819,R2_Percent
27,1,DeMarcus Ware,Lindsay Arnold,Athlete,Eliminated Week 7,7,True,False,23.0,0.090196078,1.5,3,0.0,-5.777652290922657,0.0,0.005727640846953834,0.10451085914770013,-1.48589959400058,R2_Percent
27,1,Evanna Lynch,Keo Motsepe,Actor/Actress,3rd Place,3,True,False,18.0,0.070588235,10.0,3,49.0,-1.8656293171485103,0.0,0.2137788519857918,0.01760470736514924,2.1337387583652134,R2_Percent
27,1,Joe Amabile,Jenna Johnson,TV Personality,Eliminated Week 8,6,True,False,14.0,0.054901961,13.0,3,0.0,-5.777652290922657,0.0,0.1296387813859157,0.04522738001586496,1.6335486578507867,R2_Percent
27,1,John Schneider,Emma Slater,Actor/Actress,Eliminated Week 7,8,True,False,18.0,0.070588235,10.0,3,17.0,-2.8872805635320473,0.0,0.01299166992972816,0.11744403885135121,-0.6668949429517241,R2_Percent
27,1,Juan Pablo Di Pace,Cheryl Burke,Actor/Actress,Eliminated Week 8,5,True,False,22.0,0.08627451,3.5,3,0.0,-5.777652290922657,0.0,0.1387927420918362,0.030835145671109104,1.7017784359077182,R2_Percent
27,1,Mary Lou Retton,Sasha Farber,Athlete,Eliminated Week 6,9,True,False,20.0,0.078431373,6.0,3,0.0,-5.777652290922657,0.0,0.0029278664819698094,0.1199351510930794,-2.1569293257539695,R2_Percent
27,1,Milo Manheim,Witney Carson,Actor/Actress,2nd Place,2,True,False,20.0,0.078431373,6.0,3,0.0,-5.777652290922657,0.0,0.19499965960598944,0.019521793854553368,2.041794492558756,R2_Percent
27,1,Nancy McKeon,Valentin Chmerkovskiy,Actor/Actress,Eliminated Week 3,11,True,False,19.5,0.076470588,8.0,3,0.0,-5.777652290922657,0.0,0.0050541995827918665,0.1197476324659657,-1.610983822141202,R2_Percent
27,1,Nikki Glaser,Gleb Savchenko,Comedian,Eliminated Week 1,13,True,True,17.5,0.068627451,12.0,3,100.0,-1.162531806061595,0.0,0.004985429632206135,0.1290458856525815,-1.624683735696853,R2_Percent
27,1,Tinashe,Brandon Armstrong,Singer/Rapper,Eliminated Week 4,10,True,False,23.0,0.090196078,1.5,3,13.0,-3.138594991300255,0.0,0.004425466577723593,0.105805112632456,-1.7438276061983393,R2_Percent
27,2,Alexis Ren,Alan Bersten,Social Media Personality,4th Place,4,True,False,24.5,0.090573013,4.0,3,48.33333333,-1.4828322877880311,0.0,0.13604667080905783,0.03547391616716915,1.6419084306086627,R2_Percent
27,2,Bobby Bones,Sharna Burgess,Radio Personality,1st Place,1,True,False,19.5,0.072088725,10.0,3,25.66666667,-2.0980179263112375,0.0,0.2131948760930162,0.02037521924228487,2.091117094695586,R2_Percent
27,2,Danelle Umstead,Artem Chigvintsev,Athlete,Eliminated Week 2,12,True,True,18.5,0.068391867,11.0,3,0.0,-5.381432251523677,0.0,0.003862477277968171,0.15260065363832911,-1.9197808044926037,R2_Percent
27,2,DeMarcus Ware,Lindsay Arnold,Athlete,Eliminated Week 7,7,True,False,23.5,0.086876155,6.0,3,23.33333333,-2.189585120020564,0.0,0.004322819795179315,0.12758259813791617,-1.8071816442866864,R2_Percent
27,2,Evanna Lynch,Keo Motsepe,Actor/Actress,3rd Place,3,True,False,24.0,0.088724584,5.0,3,21.66666667,-2.2605368556431302,0.0,0.2587097417380983,0.011323550176555829,2.2846171810165026,R2_Percent
27,2,Joe Amabile,Jenna Johnson,TV Personality,Eliminated Week 8,6,True,False,17.5,0.064695009,12.0,3,0.0,-5.381432251523677,0.0,0.10115139409482489,0.06300494113213649,1.345528781996373,R2_Percent
27,2,John Schneider,Emma Slater,Actor/Actress,Eliminated Week 7,8,True,False,21.5,0.07948244,8.0,3,18.33333333,-2.4196015504269757,0.0,0.013924026177243141,0.12494820202186956,-0.6374737140162081,R2_Percent
27,2,Juan Pablo Di Pace,Cheryl Burke,Actor/Actress,Eliminated Week 8,5,True,False,26.0,0.096118299,2.0,3,0.0,-5.381432251523677,0.0,0.10829382382915516,0.04375905574073384,1.4137585600533045,R2_Percent
27,2,Mary Lou Retton,Sasha Farber,Athlete,Eliminated Week 6,9,True,False,23.0,0.085027726,7.0,3,38.66666667,-1.7009210681816571,0.0,0.00219852312853554,0.13246431648187182,-2.4833037342455606,R2_Percent
27,2,Milo Manheim,Witney Carson,Actor/Actress,2nd Place,2,True,False,26.0,0.096118299,2.0,3,3.333333333,-3.915095199525121,0.0,0.14984231561008,0.029547274613499697,1.7384939479286226,R2_Percent
27,2,Nancy McKeon,Valentin Chmerkovskiy,Actor/Actress,Eliminated Week 3,11,True,False,20.5,0.075785582,9.0,3,11.33333333,-2.869126647789003,0.0,0.00384166236344143,0.14232844737077183,-1.9251843839039002,R2_Percent
27,2,Tinashe,Brandon Armstrong,Singer/Rapper,Eliminated Week 4,10,True,False,26.0,0.096118299,2.0,3,14.66666667,-2.6298969586150607,0.0,0.004611669083400174,0.11659182527686163,-1.7424997153540926,R2_Percent
27,3,Alexis Ren,Alan Bersten,Social Media Personality,4th Place,4,True,False,26.0,0.095940959,5.5,3,24.0,-1.7670112989990856,0.0,0.15947767673184265,0.03294935182972467,1.578636995005374,R2_Percent
27,3,Bobby Bones,Sharna Burgess,Radio Personality,1st Place,1,True,False,23.0,0.084870849,8.0,3,18.0,-2.041448144516004,0.0,0.21655778352586819,0.0213295912710995,1.8845904507039015,R2_Percent
27,3,DeMarcus Ware,Lindsay Arnold,Athlete,Eliminated Week 7,7,True,False,26.0,0.095940959,5.5,3,23.0,-1.807833293494952,0.0,0.005392734051965014,0.14136540635887013,-1.8082144580523882,R2_Percent
27,3,Evanna Lynch,Keo Motsepe,Actor/Actress,3rd Place,3,True,False,27.0,0.099630996,3.0,3,0.0,-4.985887109819287,0.0,0.2736231204152215,0.010818059671617095,2.118484726989266,R2_Percent
27,3,Joe Amabile,Jenna Johnson,TV Personality,Eliminated Week 8,6,True,False,18.0,0.066420664,11.0,3,0.0,-4.985887109819287,0.0,0.08136504176000353,0.0911306341808989,0.9056787587248548,R2_Percent
27,3,John Schneider,Emma Slater,Actor/Actress,Eliminated Week 7,8,True,False,21.0,0.077490775,10.0,3,15.66666667,-2.1724764066145834,0.0,0.014670663351394341,0.15416788586873162,-0.8074171502705622,R2_Percent
27,3,Juan Pablo Di Pace,Cheryl Burke,Actor/Actress,Eliminated Week 8,5,True,False,30.0,0.110701107,1.0,3,0.0,-4.985887109819287,0.0,0.08711033176615883,0.05679577595632413,0.9739085367817862,R2_Percent
27,3,Mary Lou Retton,Sasha Farber,Athlete,Eliminated Week 6,9,True,False,24.0,0.088560886,7.0,3,26.0,-1.6900502579063152,0.0,0.002944547629709596,0.15512675963337624,-2.4133117605361853,R2_Percent
27,3,Milo Manheim,Witney Carson,Actor/Actress,2nd Place,2,True,False,27.0,0.099630996,3.0,3,0.0,-4.985887109819287,0.0,0.14971275414563684,0.034896622636893256,1.5154515261996533,R2_Percent
27,3,Nancy McKeon,Valentin Chmerkovskiy,Actor/Actress,Eliminated Week 3,11,True,True,22.0,0.081180812,9.0,3,5.0,-3.1941276527856757,0.0,0.00439743586000691,0.16406538273822152,-2.0122453476656297,R2_Percent
27,3,Tinashe,Brandon Armstrong,Singer/Rapper,Eliminated Week 4,10,True,False,27.0,0.099630996,3.0,3,23.66666667,-1.7804343191881813,0.0,0.004747910762192556,0.1373545298542428,-1.935562277880071,R2_Percent
27,4,Alexis Ren,Alan Bersten,Social Media Personality,4th Place,4,True,False,25.0,0.107758621,4.0,3,10.66666667,-2.826467953942399,0.0,0.19590561083293018,0.02764577309717118,1.4700427008541903,R2_Percent
27,4,Bobby Bones,Sharna Burgess,Radio Personality,1st Place,1,True,False,20.0,0.086206897,9.0,3,17.33333333,-2.3744828312809,0.0,0.24698608623738758,0.020913056518882187,1.7017417390209155,R2_Percent
27,4,DeMarcus Ware,Lindsay Arnold,Athlete,Eliminated Week 7,7,True,False,22.0,0.094827586,7.0,3,52.0,-1.3129118148141685,0.0,0.007555805035265426,0.1852922709902064,-1.7852741183295624,R2_Percent
27,4,Evanna Lynch,Keo Motsepe,Actor/Actress,3rd Place,3,True,False,24.0,0.103448276,5.5,3,0.0,-5.283203709037989,0.0,0.2148167359371074,0.024082116960784047,1.562195008648004,R2_Percent
27,4,Joe Amabile,Jenna Johnson,TV Personality,Eliminated Week 8,6,True,False,15.0,0.064655172,10.0,3,0.0,-5.283203709037989,0.0,0.0806340406425505,0.12351939314918928,0.5823306358325524,R2_Percent
27,4,John Schneider,Emma Slater,Actor/Actress,Eliminated Week 7,8,True,False,21.0,0.090517241,8.0,3,18.0,-2.338764748534706,0.0,0.017692037919960324,0.17536498486216917,-0.9344755616545234,R2_Percent
27,4,Juan Pablo Di Pace,Cheryl Burke,Actor/Actress,Eliminated Week 8,5,True,False,24.0,0.103448276,5.5,3,0.0,-5.283203709037989,0.0,0.08632771372178309,0.08111915204786344,0.650560413889484,R2_Percent
27,4,Mary Lou Retton,Sasha Farber,Athlete,Eliminated Week 6,9,True,False,26.0,0.112068966,2.5,3,54.0,-1.2758705431473358,0.0,0.004143985888176812,0.16258817979755935,-2.385932165409043,R2_Percent
27,4,Milo Manheim,Witney Carson,Actor/Actress,2nd Place,2,True,False,29.0,0.125,1.0,3,7.0,-3.2037621845956528,0.0,0.13980460293776176,0.039915526462164556,1.1326554894228176,R2_Percent
27,4,Tinashe,Brandon Armstrong,Singer/Rapper,Eliminated Week 4,10,True,True,26.0,0.112068966,2.5,3,28.0,-1.9159078980722042,0.0,0.006133380847076971,0.15955954611401055,-1.9938441422748356,R2_Percent
27,5,Alexis Ren,Alan Bersten,Social Media Personality,4th Place,4,True,False,29.0,0.130630631,1.5,3,18.66666667,-2.226911357439761,0.0,0.19951749107493935,0.029377849021699667,1.1763169236901352,R2_Percent
27,5,Bobby Bones,Sharna Burgess,Radio Personality,1st Place,1,True,False,21.0,0.094594595,8.0,3,17.0,-2.3154647548648533,0.0,0.2647765743231334,0.02228761708011092,1.4593013712447738,R2_Percent
27,5,DeMarcus Ware,Lindsay Arnold,Athlete,Eliminated Week 7,7,True,False,26.0,0.117117117,4.0,3,20.0,-2.161314075182304,0.0,0.010906293916813073,0.1984780683398019,-1.7302449372066002,R2_Percent
27,5,Evanna Lynch,Keo Motsepe,Actor/Actress,3rd Place,3,True,False,24.0,0.108108108,6.5,3,35.66666667,-1.6039684360614928,0.0,0.16457868309993745,0.050569702367487014,0.9838037892077024,R2_Percent
27,5,Joe Amabile,Jenna Johnson,TV Personality,Eliminated Week 8,6,True,False,17.0,0.076576577,9.0,3,0.0,-5.205836495540648,0.0,0.0775043391066097,0.15514945600013885,0.23074893990669582,R2_Percent
27,5,John Schneider,Emma Slater,Actor/Actress,Eliminated Week 7,8,True,False,24.0,0.108108108,6.5,3,15.0,-2.4332477903946166,0.0,0.020367273696920145,0.19763199300850767,-1.1056556012063201,R2_Percent
27,5,Juan Pablo Di Pace,Cheryl Burke,Actor/Actress,Eliminated Week 8,5,True,False,29.0,0.130630631,1.5,3,0.0,-5.205836495540648,0.0,0.08297701994436188,0.08838970243360061,0.29897871796362746,R2_Percent
27,5,Mary Lou Retton,Sasha Farber,Athlete,Eliminated Week 6,9,True,False,25.0,0.112612613,5.0,3,60.33333333,-1.0895130445901704,0.0,0.005869241398876296,0.21720970500376668,-2.3498595914506177,R2_Percent
27,5,Milo Manheim,Witney Carson,Actor/Actress,2nd Place,2,True,False,27.0,0.121621622,3.0,3,6.666666667,-3.168954584091202,0.0,0.17350308343840878,0.04090590674488673,1.0366103878506028,R2_Percent
27,6,Alexis Ren,Alan Bersten,Social Media Personality,4th Place,4,True,False,27.0,0.11790393,4.0,3,54.33333333,-1.1475936754516483,0.0,0.19098103630477054,0.03403054562099477,1.1276644296917098,R2_Percent
27,6,Bobby Bones,Sharna Burgess,Radio Personality,1st Place,1,True,False,22.0,0.096069869,7.5,3,16.66666667,-2.2892895493354173,0.0,0.24688894164602812,0.02466043533840604,1.3844288994878708,R2_Percent
27,6,DeMarcus Ware,Lindsay Arnold,Athlete,Eliminated Week 7,7,True,False,26.0,0.113537118,5.0,3,0.0,-5.160969157961568,0.0,0.011707563746906123,0.19305700329187264,-1.6642746000393551,R2_Percent
27,6,Evanna Lynch,Keo Motsepe,Actor/Actress,3rd Place,3,True,False,29.0,0.126637555,3.0,3,0.0,-5.160969157961568,0.0,0.20561558620148407,0.027286381977263578,1.2014986320174326,R2_Percent
27,6,Joe Amabile,Jenna Johnson,TV Personality,Eliminated Week 8,6,True,False,22.0,0.096069869,7.5,3,0.0,-5.160969157961568,0.0,0.06629979520963092,0.13592298682372012,0.0696771012796222,R2_Percent
27,6,John Schneider,Emma Slater,Actor/Actress,Eliminated Week 7,8,True,False,19.0,0.082969432,9.0,3,27.33333333,-1.8169302070750475,0.0,0.01955708066886242,0.23929869992818997,-1.1511723036536303,R2_Percent
27,6,Juan Pablo Di Pace,Cheryl Burke,Actor/Actress,Eliminated Week 8,5,True,False,30.0,0.131004367,1.5,3,0.0,-5.160969157961568,0.0,0.07098130882516601,0.09347058177206849,0.13790687933655385,R2_Percent
27,6,Mary Lou Retton,Sasha Farber,Athlete,Eliminated Week 6,9,True,True,24.0,0.104803493,6.0,3,57.66666667,-1.0890974686708819,0.0,0.006993131144209486,0.21922389029538747,-2.1795813048766526,R2_Percent
27,6,Milo Manheim,Witney Carson,Actor/Actress,2nd Place,2,True,False,30.0,0.131004367,1.5,3,9.333333333,-2.8255942579230258,0.0,0.1809755562529423,0.033049474952097056,1.0738522667564487,R2_Percent
27,7,Alexis Ren,Alan Bersten,Social Media Personality,4th Place,4,True,False,27.5,0.126436782,4.0,3,19.66666667,-1.9273049603758916,0.0,0.2318318779985229,0.031599498603074753,1.0883112524060419,R2_Percent
27,7,Bobby Bones,Sharna Burgess,Radio Personality,1st Place,1,True,False,26.5,0.12183908,6.5,3,14.0,-2.247776855552384,0.0,0.24944973247270552,0.027940512000597804,1.161556229072794,R2_Percent
27,7,DeMarcus Ware,Lindsay Arnold,Athlete,Eliminated Week 7,7,True,True,26.5,0.12183908,6.5,3,16.0,-2.1226137127097506,0.0,0.008267121882908329,0.2730573583262351,-2.2454147632974983,R2_Percent
27,7,Evanna Lynch,Keo Motsepe,Actor/Actress,3rd Place,3,True,False,29.5,0.135632184,1.0,3,48.33333333,-1.057227072284985,0.0,0.14974310293138324,0.06293567319493706,0.6512199859503465,R2_Percent
27,7,Joe Amabile,Jenna Johnson,TV Personality,Eliminated Week 8,6,True,False,23.5,0.108045977,8.0,3,0.0,-4.955827043401261,0.0,0.0625200427745552,0.1862825691058731,-0.22221400303807895,R2_Percent
27,7,John Schneider,Emma Slater,Actor/Actress,Eliminated Week 7,8,True,True,27.0,0.124137931,5.0,3,25.66666667,-1.6724127109379887,0.0,0.022032952163275867,0.2345906535279818,-1.2651620344252152,R2_Percent
27,7,Juan Pablo Di Pace,Cheryl Burke,Actor/Actress,Eliminated Week 8,5,True,False,28.0,0.128735632,3.0,3,0.0,-4.955827043401261,0.0,0.06693466322047775,0.14693417567177128,-0.1539842249811473,R2_Percent
27,7,Milo Manheim,Witney Carson,Actor/Actress,2nd Place,2,True,False,29.0,0.133333333,2.0,3,10.33333333,-2.5280788206943856,0.0,0.20922050655617103,0.03665955956952907,0.9856875583127576,R2_Percent
27,8,Alexis Ren,Alan Bersten,Social Media Personality,4th Place,4,True,False,29.0,0.180124224,2.5,3,18.0,-0.96089503777568,0.0,0.22284216653691397,0.06309628535757912,0.45342439184196626,R2_Percent
27,8,Bobby Bones,Sharna Burgess,Radio Personality,1st Place,1,True,False,22.5,0.139751553,6.0,3,17.33333333,-0.9966131205500719,0.0,0.2321638476995174,0.08461816191191046,0.49440400682900365,R2_Percent
27,8,Evanna Lynch,Keo Motsepe,Actor/Actress,3rd Place,3,True,False,29.0,0.180124224,2.5,3,0.0,-3.905334012236857,0.0,0.20164054841500614,0.07709626690425914,0.3534472933323636,R2_Percent
27,8,Joe Amabile,Jenna Johnson,TV Personality,Eliminated Week 8,6,True,True,23.0,0.142857143,5.0,3,0.0,-3.905334012236857,0.0,0.05646144780927437,0.43246242465552326,-0.9194812900573819,R2_Percent
27,8,Juan Pablo Di Pace,Cheryl Burke,Actor/Actress,Eliminated Week 8,5,True,True,30.0,0.186335404,1.0,3,0.0,-3.905334012236857,0.0,0.06044826309031984,0.2761284448612949,-0.8512515120004502,R2_Percent
27,8,Milo Manheim,Witney Carson,Actor/Actress,2nd Place,2,True,False,27.5,0.170807453,4.0,3,8.333333333,-1.6717417952000009,0.0,0.22644372644896846,0.06659841630943296,0.46945711005449864,R2_Percent
27,9,Alexis Ren,Alan Bersten,Social Media Personality,4th Place,4,True,False,28.5,0.246753247,3.0,3,21.0,-1.3975939159692785,0.0,0.2620362516261696,0.21139041188703994,0.06659229405674083,R2_Percent
27,9,Bobby Bones,Sharna Burgess,Radio Personality,1st Place,1,True,False,27.0,0.233766234,4.0,3,18.0,-1.5441973900972783,0.0,0.27753513787547573,0.20643075965638394,0.12405698302697976,R2_Percent
27,9,Evanna Lynch,Keo Motsepe,Actor/Actress,3rd Place,3,True,False,30.0,0.25974026,1.5,3,33.66666667,-0.9428577589059923,0.0,0.17250948768000338,0.43578254012269435,-0.35143832911577433,R2_Percent
27,9,Milo Manheim,Witney Carson,Actor/Actress,2nd Place,2,True,False,30.0,0.25974026,1.5,3,12.33333333,-1.8983692038688131,0.0,0.2879191228183512,0.1463962883338818,0.16078905203205363,R2_Percent
28,1,Ally Brooke,Sasha Farber,Singer/Rapper,3rd Place,3,True,False,16.0,0.081218274,7.5,3,8.0,-2.9901612265156468,0.0,0.11588491625009066,3.677428900757907e-13,0.5332829815927925,R3_Bottom2
28,1,Hannah Brown,Alan Bersten,TV Personality,1st Place,1,True,False,20.0,0.101522843,2.0,3,12.0,-2.622436447002295,0.0,0.11113842619930564,3.6197852549488266e-23,0.49146189146397723,R3_Bottom2
28,1,James Van Der Beek,Emma Slater,Actor/Actress,Eliminated Week 10,5,True,False,21.0,0.106598985,1.0,3,2.0,-4.088773511205979,0.0,0.07339577179370933,1.4377425154173926e-19,0.07655171320787874,R3_Bottom2
28,1,Karamo Brown,Jenna Johnson,TV Personality,Eliminated Week 7,8,True,False,17.0,0.086294416,5.5,3,11.0,-2.7024791545610882,0.0,0.044771196464995625,2.5233544610383165e-06,-0.41774961916330317,R3_Bottom2
28,1,Kate Flannery,Pasha Pashkov,Actor/Actress,Eliminated Week 8,7,True,False,15.0,0.076142132,9.5,3,8.0,-2.9901612265156468,0.0,0.0886772134276687,8.389845873880212e-06,0.2656883457091154,R3_Bottom2
28,1,Kel Mitchell,Witney Carson,Actor/Actress,2nd Place,2,True,False,16.0,0.081218274,7.5,3,4.0,-3.5779478898266546,0.0,0.0735229210420597,6.804717066992478e-07,0.07828259275275512,R3_Bottom2
28,1,Lamar Odom,Peta Murgatroyd,Athlete,Eliminated Week 4,10,True,False,11.0,0.055837563,12.0,3,6.0,-3.241475654228299,0.0,0.08186954749042141,0.9803827932691589,0.18581248043797333,R3_Bottom2
28,1,Lauren Alaina,Gleb Savchenko,Singer/Rapper,4th Place,4,True,False,19.0,0.096446701,3.0,3,24.0,-1.9685099802565542,0.0,0.12400241369460925,1.4506633566688782e-22,0.6009864149316737,R3_Bottom2
28,1,Mary Wilson,Brandon Armstrong,Singer/Rapper,Eliminated Week 2,12,True,False,17.0,0.086294416,5.5,3,5.0,-3.395626333629367,0.0,0.04309070857851829,3.937107199394669e-06,-0.45600722011828115,R3_Bottom2
28,1,Ray Lewis,Cheryl Burke,Athlete,Withdrew,11,True,False,15.0,0.076142132,9.5,3,10.0,-2.7894905314151117,0.0,0.06636935814168271,0.019598309017433396,-0.02407913956226404,R3_Bottom2
28,1,Sailor Brinkley-Cook,Valentin Chmerkovskiy,Model,Eliminated Week 6,9,True,False,18.0,0.091370558,4.0,3,73.0,-0.8833207123946933,0.0,0.007155511305821473,3.366381057088204e-06,-2.251431743977105,R3_Bottom2
28,1,Sean Spicer,Lindsay Arnold,Politician,Eliminated Week 9,6,True,False,12.0,0.060913706,11.0,3,4.0,-3.5779478898266546,0.0,0.17012201561111734,5.52741865694189e-10,0.9172013027247883,R3_Bottom2
28,2,Ally Brooke,Sasha Farber,Singer/Rapper,3rd Place,3,True,False,20.0,0.091324201,4.0,3,6.0,-2.645837015184357,0.0,0.11642885233843596,4.1555148279124435e-22,0.5235181931030872,R3_Bottom2
28,2,Hannah Brown,Alan Bersten,TV Personality,1st Place,1,True,False,24.0,0.109589041,1.0,3,11.33333333,-2.0794415411433493,0.0,0.11603244204233046,8.313961959700969e-29,0.5201076409816197,R3_Bottom2
28,2,James Van Der Beek,Emma Slater,Actor/Actress,Eliminated Week 10,5,True,False,20.0,0.091324201,4.0,3,2.0,-3.4931348736921954,0.0,0.06516938050797824,4.5655486035214716e-15,-0.056772449288409854,R3_Bottom2
28,2,Karamo Brown,Jenna Johnson,TV Personality,Eliminated Week 7,8,True,False,19.0,0.086757991,6.5,3,10.0,-2.193851891953854,0.0,0.04634924390766334,6.856924024961688e-08,-0.39755720459527605,R3_Bottom2
28,2,Kate Flannery,Pasha Pashkov,Actor/Actress,Eliminated Week 8,7,True,False,21.0,0.095890411,2.0,3,4.0,-2.98230925124176,0.0,0.08940638599963777,1.8324799272275398e-22,0.25942992758931316,R3_Bottom2
28,2,Kel Mitchell,Witney Carson,Actor/Actress,2nd Place,2,True,False,20.0,0.091324201,4.0,3,3.333333333,-3.125410094655767,0.0,0.06916161161131132,1.054787586435844e-15,0.0026837793918124686,R3_Bottom2
28,2,Lamar Odom,Peta Murgatroyd,Athlete,Eliminated Week 4,10,True,False,12.0,0.054794521,12.0,3,7.333333333,-2.471483628305103,0.0,0.0796552637639285,0.013652800459902411,0.1439459365462747,R3_Bottom2
28,2,Lauren Alaina,Gleb Savchenko,Singer/Rapper,4th Place,4,True,False,19.0,0.086757991,6.5,3,7.666666667,-2.432262915118898,0.0,0.14059353018087703,5.3999188796770176e-20,0.7121107787322556,R3_Bottom2
28,2,Mary Wilson,Brandon Armstrong,Singer/Rapper,Eliminated Week 2,12,True,True,15.0,0.068493151,10.5,3,5.333333333,-2.7459204736456,0.0,0.041271503928962665,0.9306303331769209,-0.5135898994863137,R3_Bottom2
28,2,Ray Lewis,Cheryl Burke,Athlete,Withdrew,11,True,True,15.0,0.068493151,10.5,3,11.66666667,-2.0527732935488125,0.0,0.06789211589025945,0.002111367263843646,-0.01584226952487977,R3_Bottom2
28,2,Sailor Brinkley-Cook,Valentin Chmerkovskiy,Model,Eliminated Week 6,9,True,False,18.0,0.082191781,8.0,3,10.0,-2.193851891953854,0.0,0.009223382399732385,0.053605430530087,-2.0120203588737717,R3_Bottom2
28,2,Sean Spicer,Lindsay Arnold,Politician,Eliminated Week 9,6,True,False,16.0,0.073059361,9.0,3,8.0,-2.394522587216678,0.0,0.15881628742888304,2.8897731337557285e-16,0.833985925424289,R3_Bottom2
28,3,Ally Brooke,Sasha Farber,Singer/Rapper,3rd Place,3,True,False,24.0,0.121212121,1.5,3,4.333333333,-2.505525935823134,0.0,0.12955837812507237,1.062374870920146e-21,0.4699620633486043,R3_Bottom2
28,3,Hannah Brown,Alan Bersten,TV Personality,1st Place,1,True,False,21.0,0.106060606,5.0,3,11.0,-1.6945957202248607,0.0,0.13677941586424244,3.2200502729010485e-15,0.5242000124927901,R3_Bottom2
28,3,James Van Der Beek,Emma Slater,Actor/Actress,Eliminated Week 10,5,True,False,23.0,0.116161616,3.5,3,1.333333333,-3.332204507512959,0.0,0.06802644922532675,1.0865874239647103e-11,-0.1742729237983831,R3_Bottom2
28,3,Karamo Brown,Jenna Johnson,TV Personality,Eliminated Week 7,8,True,False,16.0,0.080808081,8.0,3,9.0,-1.8769172769099263,0.0,0.05402945478526652,0.019920286528311123,-0.4046401557034403,R3_Bottom2
28,3,Kate Flannery,Pasha Pashkov,Actor/Actress,Eliminated Week 8,7,True,False,24.0,0.121212121,1.5,3,4.666666667,-2.4449013139574345,0.0,0.09460041886203488,2.2262921021205378e-18,0.15549239121964792,R3_Bottom2
28,3,Kel Mitchell,Witney Carson,Actor/Actress,2nd Place,2,True,False,20.0,0.101010101,6.5,3,4.333333333,-2.505525935823134,0.0,0.07374368844493868,5.039214213972924e-06,-0.09357410139534666,R3_Bottom2
28,3,Lamar Odom,Peta Murgatroyd,Athlete,Eliminated Week 4,10,True,False,12.0,0.060606061,10.0,3,6.0,-2.2335922205686587,0.0,0.0917956306917221,0.9800746083221934,0.12539518799752924,R3_Bottom2
28,3,Lauren Alaina,Gleb Savchenko,Singer/Rapper,4th Place,4,True,False,20.0,0.101010101,6.5,3,11.0,-1.6945957202248607,0.0,0.15244830199984455,1.213839047415753e-13,0.632656022747704,R3_Bottom2
28,3,Sailor Brinkley-Cook,Valentin Chmerkovskiy,Model,Eliminated Week 6,9,True,False,23.0,0.116161616,3.5,3,0.0,-4.179502364023972,0.0,0.010092220766362289,6.550765984815057e-08,-2.0824046066231965,R3_Bottom2
28,3,Sean Spicer,Lindsay Arnold,Politician,Eliminated Week 9,6,True,False,15.0,0.075757576,9.0,3,3.666666667,-2.639057328138728,0.0,0.18892604123518938,4.1663124186817633e-10,0.8471861097140903,R3_Bottom2
28,4,Ally Brooke,Sasha Farber,Singer/Rapper,3rd Place,3,True,False,32.0,0.113475177,2.5,4,6.0,-2.19191952426448,0.0,0.12568983935618505,7.311186622331993e-17,0.47360694637701706,R3_Bottom2
28,4,Hannah Brown,Alan Bersten,TV Personality,1st Place,1,True,False,32.0,0.113475177,2.5,4,12.66666667,-1.522869895476394,0.0,0.14432300686506735,2.1258227333632274e-18,0.6118435573418556,R3_Bottom2
28,4,James Van Der Beek,Emma Slater,Actor/Actress,Eliminated Week 10,5,True,False,28.0,0.09929078,6.5,4,1.0,-3.4446824905217523,0.0,0.06312226398387051,0.002892700413530117,-0.2151367896370573,R3_Bottom2
28,4,Karamo Brown,Jenna Johnson,TV Personality,Eliminated Week 7,8,True,False,28.0,0.09929078,6.5,4,6.666666667,-2.1009477460931216,0.0,0.05616810291551305,0.012535927686278226,-0.33186130147003234,R3_Bottom2
28,4,Kate Flannery,Pasha Pashkov,Actor/Actress,Eliminated Week 8,7,True,False,26.0,0.092198582,8.0,4,4.666666667,-2.4032286176622186,0.0,0.09361420509768817,0.0005269197694115402,0.17897180236928648,R3_Bottom2
28,4,Kel Mitchell,Witney Carson,Actor/Actress,2nd Place,2,True,False,32.0,0.113475177,2.5,4,5.333333333,-2.292002982779858,0.0,0.07418769961527279,1.0169169073552012e-11,-0.05361197041114302,R3_Bottom2
28,4,Lamar Odom,Peta Murgatroyd,Athlete,Eliminated Week 4,10,True,True,20.0,0.070921986,10.0,4,6.0,-2.19191952426448,0.0,0.09320159062930779,0.9824951054350328,0.1745544549204955,R3_Bottom2
28,4,Lauren Alaina,Gleb Savchenko,Singer/Rapper,4th Place,4,True,False,32.0,0.113475177,2.5,4,6.333333333,-2.145399508715734,0.0,0.15926819685776059,1.6348302095370476e-19,0.7103792204437311,R3_Bottom2
28,4,Sailor Brinkley-Cook,Valentin Chmerkovskiy,Model,Eliminated Week 6,9,True,False,31.0,0.109929078,5.0,4,0.0,-4.137829667948364,0.0,0.00710235591234598,0.0015493362469452567,-2.3997837858155604,R3_Bottom2
28,4,Sean Spicer,Lindsay Arnold,Politician,Eliminated Week 9,6,True,False,21.0,0.074468085,9.0,4,4.0,-2.5283917605275974,0.0,0.18332273876698868,1.043863271163174e-08,0.8510378658814071,R3_Bottom2
28,5,Ally Brooke,Sasha Farber,Singer/Rapper,3rd Place,3,True,False,27.0,0.125581395,1.0,3,5.0,-2.1202635353667576,0.0,0.141176817040753,1.491062795223933e-18,0.5450621772257733,R3_Bottom2
28,5,Hannah Brown,Alan Bersten,TV Personality,1st Place,1,True,False,25.0,0.11627907,4.0,3,9.0,-1.6094379119341002,0.0,0.17028101531118278,5.490601800923221e-15,0.7324991544504447,R3_Bottom2
28,5,James Van Der Beek,Emma Slater,Actor/Actress,Eliminated Week 10,5,True,False,26.0,0.120930233,2.5,3,1.0,-3.218875822368201,0.0,0.06415684520105053,2.72641478217224e-10,-0.24362015754693728,R3_Bottom2
28,5,Karamo Brown,Jenna Johnson,TV Personality,Eliminated Week 7,8,True,False,21.0,0.097674419,8.0,3,6.333333333,-1.9195928401015763,0.0,0.06162902812082985,0.9453940678175442,-0.2838179538191586,R3_Bottom2
28,5,Kate Flannery,Pasha Pashkov,Actor/Actress,Eliminated Week 8,7,True,False,24.0,0.111627907,5.5,3,3.0,-2.5257286430582555,0.0,0.10290864696751666,9.041188142569195e-08,0.22889072294585824,R3_Bottom2
28,5,Kel Mitchell,Witney Carson,Actor/Actress,2nd Place,2,True,False,26.0,0.120930233,2.5,3,6.333333333,-1.9195928401015763,0.0,0.08431559261946145,5.644488032271314e-12,0.029615864643946832,R3_Bottom2
28,5,Lauren Alaina,Gleb Savchenko,Singer/Rapper,4th Place,4,True,False,23.0,0.106976744,7.0,3,7.666666667,-1.7525387554593888,0.0,0.16937242231147642,2.255458740738515e-09,0.727149023603223,R3_Bottom2
28,5,Sailor Brinkley-Cook,Valentin Chmerkovskiy,Model,Eliminated Week 6,9,True,False,24.0,0.111627907,5.5,3,0.0,-3.912023000428146,0.0,0.005897301691727131,0.0546056689144696,-2.6304560431752724,R3_Bottom2
28,5,Sean Spicer,Lindsay Arnold,Politician,Eliminated Week 9,6,True,False,19.0,0.088372093,9.0,3,2.666666667,-2.61274001984334,0.0,0.20026233073600222,1.7032235477855573e-07,0.8946772116721222,R3_Bottom2
28,6,Ally Brooke,Sasha Farber,Singer/Rapper,3rd Place,3,True,False,25.0,0.109649123,6.5,3,6.0,-1.9459101483553134,0.0,0.1424185987081733,0.03411486784806293,0.5769633013196701,R3_Bottom2
28,6,Hannah Brown,Alan Bersten,TV Personality,1st Place,1,True,False,24.0,0.105263158,8.0,3,9.666666667,-1.5246966834883848,0.0,0.17486834092948902,0.0508705343012318,0.7822260551945053,R3_Bottom2
28,6,James Van Der Beek,Emma Slater,Actor/Actress,Eliminated Week 10,5,True,False,27.0,0.118421053,2.0,3,1.0,-3.1986731151006813,0.0,0.06112870413221831,0.0002266049680489174,-0.2688257527762486,R3_Bottom2
28,6,Karamo Brown,Jenna Johnson,TV Personality,Eliminated Week 7,8,True,False,25.0,0.109649123,6.5,3,6.0,-1.9459101483553134,0.0,0.062113537211516835,0.6936577998475911,-0.25284334232874445,R3_Bottom2
28,6,Kate Flannery,Pasha Pashkov,Actor/Actress,Eliminated Week 8,7,True,False,27.0,0.118421053,2.0,3,3.333333333,-2.4254832282633534,0.0,0.0992403149700987,2.0755064376482986e-07,0.21573703460528196,R3_Bottom2
28,6,Kel Mitchell,Witney Carson,Actor/Actress,2nd Place,2,True,False,26.0,0.114035088,4.5,3,5.666666667,-1.994700312439745,0.0,0.08996049163487849,0.023542090859083587,0.11756329407953264,R3_Bottom2
28,6,Lauren Alaina,Gleb Savchenko,Singer/Rapper,4th Place,4,True,False,26.0,0.114035088,4.5,3,6.0,-1.9459101483553134,0.0,0.17193562401204432,8.515510716565077e-08,0.7653128297185279,R3_Bottom2
28,6,Sailor Brinkley-Cook,Valentin Chmerkovskiy,Model,Eliminated Week 6,9,True,True,27.0,0.118421053,2.0,3,0.0,-3.8918202932106265,0.0,0.004767675911230141,0.09074080882717508,-2.819948342220418,R3_Bottom2
28,6,Sean Spicer,Lindsay Arnold,Politician,Eliminated Week 9,6,True,False,21.0,0.092105263,9.0,3,2.333333333,-2.6878474924146905,0.0,0.19356671249035076,0.10684700064305563,0.8838149224078933,R3_Bottom2
28,7,Ally Brooke,Sasha Farber,Singer/Rapper,3rd Place,3,True,False,27.0,0.133663366,2.0,3,4.666666667,-2.3084502114343692,0.0,0.14823943917635532,8.914830128002448e-13,0.2598670544899191,R3_Bottom2
28,7,Hannah Brown,Alan Bersten,TV Personality,1st Place,1,True,False,26.0,0.128712871,4.0,3,12.66666667,-1.4280914891900078,0.0,0.18140213153633492,6.585674566008919e-12,0.4617545438219167,R3_Bottom2
28,7,James Van Der Beek,Emma Slater,Actor/Actress,Eliminated Week 10,5,True,False,27.0,0.133663366,2.0,3,1.0,-3.3499040844772363,0.0,0.0592606258412512,7.620063168434322e-07,-0.6570166412372648,R3_Bottom2
28,7,Karamo Brown,Jenna Johnson,TV Personality,Eliminated Week 7,8,True,True,24.5,0.121287129,6.0,3,8.333333333,-1.8094590458050872,0.0,0.062414079049671785,0.38945511989342657,-0.6051708685442877,R3_Bottom2
28,7,Kate Flannery,Pasha Pashkov,Actor/Actress,Eliminated Week 8,7,True,False,24.0,0.118811881,7.0,3,4.0,-2.4336133543130813,0.0,0.09814910306590593,0.6101684484702221,-0.15247396198667124,R3_Bottom2
28,7,Kel Mitchell,Witney Carson,Actor/Actress,2nd Place,2,True,False,25.5,0.126237624,5.0,3,4.333333333,-2.36907483330926,0.0,0.09450898545289652,0.0003451375731631425,-0.19026683012889967,R3_Bottom2
28,7,Lauren Alaina,Gleb Savchenko,Singer/Rapper,4th Place,4,True,False,27.0,0.133663366,2.0,3,11.0,-1.5581446176241813,0.0,0.16915169440235908,2.042428565777229e-14,0.39183416806901916,R3_Bottom2
28,7,Sean Spicer,Lindsay Arnold,Politician,Eliminated Week 9,6,True,False,21.0,0.103960396,8.0,3,3.0,-2.656756905342291,0.0,0.18687394147522537,3.053204937386552e-05,0.49147253551626846,R3_Bottom2
28,8,Ally Brooke,Sasha Farber,Singer/Rapper,3rd Place,3,True,False,30.0,0.155441059,3.0,3,4.333333333,-2.102608600166952,0.0,0.15440942164857044,1.3039318998864131e-06,0.15739452137099277,R3_Bottom2
28,8,Hannah Brown,Alan Bersten,TV Personality,1st Place,1,True,False,30.9998,0.160621391,2.0,3,10.0,-1.3786897612995337,0.0,0.20181946743433574,5.24922788614948e-12,0.42516043681985793,R3_Bottom2
28,8,James Van Der Beek,Emma Slater,Actor/Actress,Eliminated Week 10,5,True,False,31.9998,0.16580276,1.0,3,1.0,-3.083437851751595,0.0,0.06004867906255574,1.0996484312965442e-05,-0.7870575844068843,R3_Bottom2
28,8,Kate Flannery,Pasha Pashkov,Actor/Actress,Eliminated Week 8,7,True,True,25.9998,0.134714548,5.0,3,5.333333333,-1.9307583433597009,0.0,0.10296078189894055,0.829446578544681,-0.24786497793784948,R3_Bottom2
28,8,Kel Mitchell,Witney Carson,Actor/Actress,2nd Place,2,True,False,29.9998,0.155440023,4.0,3,3.333333333,-2.3102479647706775,0.0,0.0991672905712459,0.016552127219793766,-0.28540490762540704,R3_Bottom2
28,8,Lauren Alaina,Gleb Savchenko,Singer/Rapper,4th Place,4,True,False,24.0,0.124352847,6.0,3,9.333333333,-1.4412101182875146,0.0,0.18794702897712648,0.009395259085981465,0.35394702697002367,R3_Bottom2
28,8,Sean Spicer,Lindsay Arnold,Politician,Eliminated Week 9,6,True,False,20.0,0.103627373,7.0,3,3.333333333,-2.3102479647706775,0.0,0.19364733040722518,0.1445937347280819,0.38382548480926637,R3_Bottom2
28,9,Ally Brooke,Sasha Farber,Singer/Rapper,3rd Place,3,True,False,40.0,0.191846523,1.0,4,5.0,-2.0296091671781484,0.0,0.16953089966446383,9.06915421880396e-09,0.10749946715727396,R3_Bottom2
28,9,Hannah Brown,Alan Bersten,TV Personality,1st Place,1,True,False,35.5,0.170263789,4.0,4,10.33333333,-1.3936204011104392,0.0,0.22870232879339694,2.364188852191815e-05,0.4068855417660142,R3_Bottom2
28,9,James Van Der Beek,Emma Slater,Actor/Actress,Eliminated Week 10,5,True,False,36.0,0.172661871,3.0,4,1.333333333,-2.974070774965825,0.0,0.06501701342383873,0.010221984475358922,-0.850886761325666,R3_Bottom2
28,9,Kel Mitchell,Witney Carson,Actor/Actress,2nd Place,2,True,False,37.0,0.177458034,2.0,4,4.666666667,-2.0867675809145023,0.0,0.10703728808950656,0.005133251037102145,-0.3523584813818992,R3_Bottom2
28,9,Lauren Alaina,Gleb Savchenko,Singer/Rapper,4th Place,4,True,False,35.0,0.167865707,5.0,4,12.66666667,-1.2064088585530677,0.0,0.21430666849899577,0.02516043619481451,0.3418722776286677,R3_Bottom2
28,9,Sean Spicer,Lindsay Arnold,Politician,Eliminated Week 9,6,True,True,25.0,0.119904077,6.0,4,5.666666667,-1.924248651546433,0.0,0.21540580152979827,0.9594606773350481,0.3469879561556093,R3_Bottom2
28,10,Ally Brooke,Sasha Farber,Singer/Rapper,3rd Place,3,True,False,29.5,0.214545455,1.0,3,5.0,-1.85456036974124,0.0,0.21181557301059414,1.0210304155689284e-05,0.1624057494307595,R3_Bottom2
28,10,Hannah Brown,Alan Bersten,TV Personality,1st Place,1,True,False,27.0,0.196363636,3.5,3,15.33333333,-0.8531118301350545,0.0,0.2883447984491504,0.0034820167400173596,0.47084677288491145,R3_Bottom2
28,10,James Van Der Beek,Emma Slater,Actor/Actress,Eliminated Week 10,5,True,True,25.5,0.185454545,5.0,3,1.0,-2.9531726571315717,0.0,0.08087625249480197,0.9385694542641961,-0.8003899684964578,R3_Bottom2
28,10,Kel Mitchell,Witney Carson,Actor/Actress,2nd Place,2,True,False,28.5,0.207272727,2.0,3,4.333333333,-1.9723434053802622,0.0,0.13490686751392164,0.05204683400180898,-0.28872553789458133,R3_Bottom2
28,10,Lauren Alaina,Gleb Savchenko,Singer/Rapper,4th Place,4,True,False,27.0,0.196363636,3.5,3,7.666666667,-1.4868355897740422,0.0,0.2840565085315318,0.00589148468982183,0.4558629840753683,R3_Bottom2
28,11,Ally Brooke,Sasha Farber,Singer/Rapper,3rd Place,3,True,False,30.0,0.256410256,1.0,3,7.0,-1.4566751574428147,0.0,0.2265868627932283,0.00047374285853678017,-0.051096959395660835,R3_Bottom2
28,11,Hannah Brown,Alan Bersten,TV Personality,1st Place,1,True,False,29.0,0.247863248,3.0,3,12.0,-0.971167341826178,0.0,0.32951610358498973,0.0012516212257774595,0.323399894548204,R3_Bottom2
28,11,Kel Mitchell,Witney Carson,Actor/Actress,2nd Place,2,True,False,29.5,0.252136752,2.0,3,3.333333333,-2.0697796300430054,0.0,0.14480735417166313,0.28761905173426444,-0.4988210638519385,R3_Bottom2
28,11,Lauren Alaina,Gleb Savchenko,Singer/Rapper,4th Place,4,True,False,28.5,0.243589744,4.0,3,8.0,-1.3388921218341163,0.0,0.29908967945011894,0.7106555841814213,0.22651812869939525,R3_Bottom2
29,1,AJ McLean,Cheryl Burke,Singer/Rapper,Eliminated Week 9,7,True,False,18.0,0.069230769,8.0,3,12.0,-2.3695245745999243,0.0,0.08258720120088374,2.0503618180438825e-19,0.3039824417148935,R3_Bottom2
29,1,Anne Heche,Keo Motsepe,Actor/Actress,Eliminated Week 4,13,True,False,18.0,0.069230769,8.0,3,7.0,-2.855032389713356,0.0,0.03651146013937897,2.48466932770185e-08,-0.5122460899348313,R3_Bottom2
29,1,Carole Baskin,Pasha Pashkov,TV Personality,Eliminated Week 3,14,True,False,11.0,0.042307692,15.0,3,14.0,-2.226423731101815,0.0,0.06035798425311207,0.04888956058514801,-0.009579039731339278,R3_Bottom2
29,1,Charles Oakley,Emma Slater,Athlete,Eliminated Week 2,15,True,False,12.0,0.046153846,14.0,3,3.0,-3.548179568535801,0.0,0.0484046904859299,0.9448561058374852,-0.23027555777098535,R3_Bottom2
29,1,Chrishell Stause,Gleb Savchenko,Actor/Actress,Eliminated Week 8,8,True,False,13.0,0.05,13.0,3,8.0,-2.737249354250028,0.0,0.06867654934325496,1.827782680051264e-07,0.1195355145758753,R3_Bottom2
29,1,Jeannie Mai,Brandon Armstrong,TV Personality,Withdrew,9,True,False,18.0,0.069230769,8.0,3,3.0,-3.548179568535801,0.0,0.07381271528759102,2.29608545554826e-17,0.1916587329710026,R3_Bottom2
29,1,Jesse Metcalfe,Sharna Burgess,Actor/Actress,Eliminated Week 5,12,True,False,18.0,0.069230769,8.0,3,9.0,-2.6318888387466464,0.0,0.05788967478512048,2.694717662103837e-13,-0.051333237396761655,R3_Bottom2
29,1,Johnny Weir,Britt Stewart,Athlete,Eliminated Week 10,6,True,False,18.0,0.069230769,8.0,3,9.0,-2.6318888387466464,0.0,0.045146362162258195,3.6112569570299705e-10,-0.2999625733119538,R3_Bottom2
29,1,Justina Machado,Sasha Farber,Actor/Actress,4th Place,4,True,False,21.0,0.080769231,1.5,3,8.0,-2.737249354250028,0.0,0.10608802250054652,2.987854202852777e-35,0.5543968728041677,R3_Bottom2
29,1,Kaitlyn Bristowe,Artem Chigvintsev,TV Personality,1st Place,1,True,False,20.0,0.076923077,3.5,3,13.0,-2.295416602522576,0.0,0.0993967387885548,1.3971168413459204e-30,0.4892470264917038,R3_Bottom2
29,1,Monica Aldama,Valentin Chmerkovskiy,TV Personality,Eliminated Week 7,10,True,False,19.0,0.073076923,5.0,3,4.0,-3.325036017916591,0.0,0.06652904580431572,1.1247906488386767e-20,0.08776635364955171,R3_Bottom2
29,1,Nelly,Daniella Karagach,Singer/Rapper,3rd Place,3,True,False,16.0,0.061538462,12.0,3,20.0,-1.889951494745364,0.0,0.11901904620014568,2.3574365247141164e-18,0.6694112547422857,R3_Bottom2
29,1,Nev Schulman,Jenna Johnson,Producer,2nd Place,2,True,False,20.0,0.076923077,3.5,3,6.0,-2.9885637820896642,0.0,0.04090131525227623,3.501832948670118e-17,-0.3987100573752656,R3_Bottom2
29,1,Skai Jackson,Alan Bersten,Actor/Actress,Eliminated Week 10,5,True,False,21.0,0.080769231,1.5,3,8.0,-2.737249354250028,0.0,0.07476309110175733,3.286057440441968e-29,0.20445205106876063,R3_Bottom2
29,1,Veron Davis,Peta Murgatroyd,Athlete,Eliminated Week 6,11,True,False,17.0,0.065384615,11.0,3,0.0,-4.934473919230692,0.0,0.01991610269487418,0.0062541255910101975,-1.1183436924971035,R3_Bottom2
29,2,AJ McLean,Cheryl Burke,Singer/Rapper,Eliminated Week 9,7,True,False,19.0,0.06959707,5.0,3,5.666666667,-2.8094026936735816,0.0,0.08601366314464665,9.769644333034139e-23,0.3667285552830667,R3_Bottom2
29,2,Anne Heche,Keo Motsepe,Actor/Actress,Eliminated Week 4,13,True,False,18.0,0.065934066,8.5,3,5.0,-2.9147632091969635,0.0,0.03590473295641916,4.694413801884788e-05,-0.5069084780956703,R3_Bottom2
29,2,Carole Baskin,Pasha Pashkov,TV Personality,Eliminated Week 3,14,True,False,16.0,0.058608059,12.5,3,9.666666667,-2.3393990650690966,0.0,0.0636431211227565,0.00019936524405088742,0.06551364355296113,R3_Bottom2
29,2,Charles Oakley,Emma Slater,Athlete,Eliminated Week 2,15,True,True,15.0,0.054945055,14.5,3,3.333333333,-3.240185608999113,0.0,0.043934622954110075,0.9433876629301049,-0.30507491511790036,R3_Bottom2
29,2,Chrishell Stause,Gleb Savchenko,Actor/Actress,Eliminated Week 8,8,True,False,18.0,0.065934066,8.5,3,7.333333333,-2.586259142781372,0.0,0.06826662007683994,9.988636374545767e-13,0.1356433199025447,R3_Bottom2
29,2,Jeannie Mai,Brandon Armstrong,TV Personality,Withdrew,9,True,False,18.0,0.065934066,8.5,3,2.0,-3.6079103879124648,0.0,0.06725349788153213,1.7750834396317332e-12,0.1206914281112979,R3_Bottom2
29,2,Jesse Metcalfe,Sharna Burgess,Actor/Actress,Eliminated Week 5,12,True,False,20.0,0.073260073,4.0,3,4.666666667,-2.971921622869592,0.0,0.058514096683726695,1.966139641635273e-18,-0.01850990796425145,R3_Bottom2
29,2,Johnny Weir,Britt Stewart,Athlete,Eliminated Week 10,6,True,False,18.0,0.065934066,8.5,3,5.333333333,-2.8606959880763956,0.0,0.045580467395106614,4.0411935204241504e-07,-0.2682983239711097,R3_Bottom2
29,2,Justina Machado,Sasha Farber,Actor/Actress,4th Place,4,True,False,21.0,0.076923077,2.5,3,5.0,-2.9147632091969635,0.0,0.10581641033075141,6.201314786730527e-31,0.5739280123659858,R3_Bottom2
29,2,Kaitlyn Bristowe,Artem Chigvintsev,TV Personality,1st Place,1,True,False,22.0,0.080586081,1.0,3,6.0,-2.7606125296331974,0.0,0.10439614341454612,1.1638753895626747e-33,0.5604151321662256,R3_Bottom2
29,2,Monica Aldama,Valentin Chmerkovskiy,TV Personality,Eliminated Week 7,10,True,False,16.0,0.058608059,12.5,3,9.333333333,-2.371147763413717,0.0,0.06147179449332016,0.0007040350427096718,0.03080084136016853,R3_Bottom2
29,2,Nelly,Daniella Karagach,Singer/Rapper,3rd Place,3,True,False,18.0,0.065934066,8.5,3,20.66666667,-1.6307476983773201,0.0,0.12972846336379124,2.701847783634943e-22,0.7776659205070371,R3_Bottom2
29,2,Nev Schulman,Jenna Johnson,Producer,2nd Place,2,True,False,21.0,0.076923077,2.5,3,4.333333333,-3.0325462446852915,0.0,0.03962821151646086,7.211829300613329e-17,-0.40823632547901806,R3_Bottom2
29,2,Skai Jackson,Alan Bersten,Actor/Actress,Eliminated Week 10,5,True,False,15.0,0.054945055,14.5,3,7.333333333,-2.586259142781372,0.0,0.07431683136122957,0.001430970040083587,0.22055985639543002,R3_Bottom2
29,2,Veron Davis,Peta Murgatroyd,Athlete,Eliminated Week 6,11,True,False,18.0,0.065934066,8.5,3,0.0,-4.706522669202797,0.0,0.015531323304762907,0.05423061848290633,-1.344918759016768,R3_Bottom2
29,3,AJ McLean,Cheryl Burke,Singer/Rapper,Eliminated Week 9,7,True,False,21.0,0.074733096,7.5,3,8.0,-2.631089158593193,0.0,0.08692045237554356,7.916884982453989e-18,0.3279183031815197,R3_Bottom2
29,3,Anne Heche,Keo Motsepe,Actor/Actress,Eliminated Week 4,13,True,False,15.0,0.053380783,13.0,3,6.0,-2.8824035864772735,0.0,0.03666032941156816,0.05461343382687886,-0.535379828741018,R3_Bottom2
29,3,Carole Baskin,Pasha Pashkov,TV Personality,Eliminated Week 3,14,True,True,12.0,0.042704626,14.0,3,10.0,-2.430418463383567,0.0,0.06832757210592318,0.9453865292179202,0.08723831957312084,R3_Bottom2
29,3,Chrishell Stause,Gleb Savchenko,Actor/Actress,Eliminated Week 8,8,True,False,22.0,0.078291815,5.0,3,9.333333333,-2.492938820323845,0.0,0.07246529986235631,2.5895111053548246e-19,0.14603276799827986,R3_Bottom2
29,3,Jeannie Mai,Brandon Armstrong,TV Personality,Withdrew,9,True,False,22.0,0.078291815,5.0,3,2.666666667,-3.52903074968804,0.0,0.06450930641331236,1.6529670374204313e-17,0.029734442173480757,R3_Bottom2
29,3,Jesse Metcalfe,Sharna Burgess,Actor/Actress,Eliminated Week 5,12,True,False,20.0,0.071174377,9.0,3,8.0,-2.631089158593193,0.0,0.05845840947225626,1.0195948108015033e-08,-0.06875950449642226,R3_Bottom2
29,3,Johnny Weir,Britt Stewart,Athlete,Eliminated Week 10,6,True,False,24.0,0.085409253,1.5,3,5.0,-3.0365542660069127,0.0,0.04648817240516415,2.6135184364727265e-20,-0.2978771333368856,R3_Bottom2
29,3,Justina Machado,Sasha Farber,Actor/Actress,4th Place,4,True,False,19.0,0.067615658,10.0,3,8.333333333,-2.5947215145076354,0.0,0.10711271597401599,4.857116087169551e-16,0.5368066436241714,R3_Bottom2
29,3,Kaitlyn Bristowe,Artem Chigvintsev,TV Personality,1st Place,1,True,False,23.0,0.081850534,3.0,3,9.0,-2.5257286430742556,0.0,0.10576711866360658,4.131367564656748e-29,0.5241646267433144,R3_Bottom2
29,3,Monica Aldama,Valentin Chmerkovskiy,TV Personality,Eliminated Week 7,10,True,False,21.0,0.074733096,7.5,3,4.333333333,-3.1543373014653797,0.0,0.06976759821483014,3.520561908273645e-14,0.10809463633559646,R3_Bottom2
29,3,Nelly,Daniella Karagach,Singer/Rapper,3rd Place,3,True,False,18.0,0.06405694,11.5,3,22.66666667,-1.664246148276081,0.0,0.1509749263428851,2.0884186094478562e-16,0.8800387156198,R3_Bottom2
29,3,Nev Schulman,Jenna Johnson,Producer,2nd Place,2,True,False,24.0,0.085409253,1.5,3,9.333333333,-2.492938820323845,0.0,0.03985714106368672,4.254389177283941e-19,-0.4517734689288647,R3_Bottom2
29,3,Skai Jackson,Alan Bersten,Actor/Actress,Eliminated Week 10,5,True,False,18.0,0.06405694,11.5,3,8.333333333,-2.5947215145076354,0.0,0.07897134274448157,2.274106350876874e-08,0.23200997988963726,R3_Bottom2
29,3,Veron Davis,Peta Murgatroyd,Athlete,Eliminated Week 6,11,True,False,22.0,0.078291815,5.0,3,0.0,-4.828313724818301,0.0,0.01371961495037001,4.0181533895745705e-09,-1.5182484996357304,R3_Bottom2
29,4,AJ McLean,Cheryl Burke,Singer/Rapper,Eliminated Week 9,7,True,False,24.0,0.079734219,5.0,3,6.0,-2.5501889405565716,0.0,0.09215612201216425,7.117155037402383e-20,0.3419503865428142,R3_Bottom2
29,4,Anne Heche,Keo Motsepe,Actor/Actress,Eliminated Week 4,13,True,True,21.0,0.069767442,11.5,3,3.333333333,-3.0297620201071025,0.0,0.038461983675234644,0.7098509451907601,-0.5318634142086023,R3_Bottom2
29,4,Chrishell Stause,Gleb Savchenko,Actor/Actress,Eliminated Week 8,8,True,False,22.0,0.073089701,8.5,3,6.333333333,-2.5036689250253583,0.0,0.07905386434054634,2.8272109784831087e-11,0.18859571656569263,R3_Bottom2
29,4,Jeannie Mai,Brandon Armstrong,TV Personality,Withdrew,9,True,False,21.0,0.069767442,11.5,3,3.0,-3.10980472753128,0.0,0.064385954628511,0.0019196459422582799,-0.016638217164982705,R3_Bottom2
29,4,Jesse Metcalfe,Sharna Burgess,Actor/Actress,Eliminated Week 5,12,True,False,21.0,0.069767442,11.5,3,7.333333333,-2.3758355536567466,0.0,0.06276555629401968,0.0038990258004607974,-0.042127274302801,R3_Bottom2
29,4,Johnny Weir,Britt Stewart,Athlete,Eliminated Week 10,6,True,False,24.0,0.079734219,5.0,3,4.666666667,-2.761498033863554,0.0,0.047063207939998734,1.0343211970762926e-11,-0.33004218266161356,R3_Bottom2
29,4,Justina Machado,Sasha Farber,Actor/Actress,4th Place,4,True,False,24.0,0.079734219,5.0,3,7.0,-2.416657548092168,0.0,0.11597918997676578,5.323718472992959e-23,0.5718770476024615,R3_Bottom2
29,4,Kaitlyn Bristowe,Artem Chigvintsev,TV Personality,1st Place,1,True,False,25.0,0.083056478,2.0,3,4.0,-2.8866611766654033,0.0,0.11382571446436546,4.876716307022132e-28,0.5531347274096017,R3_Bottom2
29,4,Monica Aldama,Valentin Chmerkovskiy,TV Personality,Eliminated Week 7,10,True,False,24.0,0.079734219,5.0,3,3.0,-3.10980472753128,0.0,0.0706750377635099,4.797126569790056e-16,0.07655870724743041,R3_Bottom2
29,4,Nelly,Daniella Karagach,Singer/Rapper,3rd Place,3,True,False,21.0,0.069767442,11.5,3,19.33333333,-1.4838375151105865,0.0,0.17388262558302636,1.209498291896973e-14,0.9768467753196222,R3_Bottom2
29,4,Nev Schulman,Jenna Johnson,Producer,2nd Place,2,True,False,24.0,0.079734219,5.0,3,6.666666667,-2.4592171624187538,0.0,0.04439634263565108,2.8140233812507037e-11,-0.38837663768395214,R3_Bottom2
29,4,Skai Jackson,Alan Bersten,Actor/Actress,Eliminated Week 10,5,True,False,28.0,0.093023256,1.0,3,6.0,-2.5501889405565716,0.0,0.08490578252303059,5.133091071755572e-27,0.2600084701514751,R3_Bottom2
29,4,Veron Davis,Peta Murgatroyd,Athlete,Eliminated Week 6,11,True,False,22.0,0.073089701,8.5,3,0.0,-4.496099081926171,0.0,0.012448618163176065,0.28433038299975266,-1.6599241048171454,R3_Bottom2
29,5,AJ McLean,Cheryl Burke,Singer/Rapper,Eliminated Week 9,7,True,False,24.0,0.083623693,7.0,3,6.666666667,-2.5064128537713137,0.0,0.09447037808684698,5.001197027444632e-14,0.2970393072833766,R3_Bottom2
29,5,Chrishell Stause,Gleb Savchenko,Actor/Actress,Eliminated Week 8,8,True,False,19.0,0.066202091,11.5,3,7.666666667,-2.3838105318254694,0.0,0.08177341138573396,0.0017126751430529773,0.15270512790699944,R3_Bottom2
29,5,Jeannie Mai,Brandon Armstrong,TV Personality,Withdrew,9,True,False,24.0,0.083623693,7.0,3,7.0,-2.463853239447083,0.0,0.06560841271417706,4.7672007929284885e-09,-0.06754308835738232,R3_Bottom2
29,5,Jesse Metcalfe,Sharna Burgess,Actor/Actress,Eliminated Week 5,12,True,True,19.0,0.066202091,11.5,3,9.333333333,-2.207919865607463,0.0,0.06659249196699736,0.8624226482420145,-0.05265518071600206,R3_Bottom2
29,5,Johnny Weir,Britt Stewart,Athlete,Eliminated Week 10,6,True,False,29.0,0.101045296,1.0,3,5.666666667,-2.6461747959560378,0.0,0.04776719350980212,2.679131668245798e-18,-0.38490794305966786,R3_Bottom2
29,5,Justina Machado,Sasha Farber,Actor/Actress,4th Place,4,True,False,24.0,0.083623693,7.0,3,4.333333333,-2.8693183470302475,0.0,0.12330455208800117,1.6569094437042647e-17,0.5634103096092921,R3_Bottom2
29,5,Kaitlyn Bristowe,Artem Chigvintsev,TV Personality,1st Place,1,True,False,27.0,0.094076655,2.0,3,4.0,-2.9338568679878185,0.0,0.11084043759254004,1.055880585860761e-25,0.4568446492736719,R3_Bottom2
29,5,Monica Aldama,Valentin Chmerkovskiy,TV Personality,Eliminated Week 7,10,True,False,26.0,0.090592334,3.5,3,1.333333333,-3.695996918029001,0.0,0.06990432467195978,2.3556589814782574e-16,-0.004119501940406001,R3_Bottom2
29,5,Nelly,Daniella Karagach,Singer/Rapper,3rd Place,3,True,False,24.0,0.083623693,7.0,3,19.66666667,-1.5147726853088077,0.0,0.19358926316736996,3.760955111459016e-20,1.0144916957791388,R3_Bottom2
29,5,Nev Schulman,Jenna Johnson,Producer,2nd Place,2,True,False,26.0,0.090592334,3.5,3,9.333333333,-2.207919865607463,0.0,0.04694722494259778,1.1861949130614186e-12,-0.4022229214257394,R3_Bottom2
29,5,Skai Jackson,Alan Bersten,Actor/Actress,Eliminated Week 10,5,True,False,24.0,0.083623693,7.0,3,7.0,-2.463853239447083,0.0,0.08752662383060447,6.569029664053129e-13,0.22069600075268092,R3_Bottom2
29,5,Veron Davis,Peta Murgatroyd,Athlete,Eliminated Week 6,11,True,False,21.0,0.073170732,10.0,3,0.0,-4.543294772901919,0.0,0.011675686043369254,0.1358646718458382,-1.7937384551059625,R3_Bottom2
29,6,AJ McLean,Cheryl Burke,Singer/Rapper,Eliminated Week 9,7,True,False,27.0,0.100746269,2.5,3,7.333333333,-2.2321626278226674,0.0,0.10077985020197017,6.368809990264557e-21,0.29668284792473815,R3_Bottom2
29,6,Chrishell Stause,Gleb Savchenko,Actor/Actress,Eliminated Week 8,8,True,False,24.0,0.089552239,7.5,3,5.333333333,-2.5065994732427437,0.0,0.0892259533059407,9.84556573984673e-10,0.17491636467087604,R3_Bottom2
29,6,Jeannie Mai,Brandon Armstrong,TV Personality,Withdrew,9,True,False,25.0,0.093283582,6.0,3,2.333333333,-3.148453358358822,0.0,0.0768101850771297,1.0742536590851194e-10,0.02508166061227879,R3_Bottom2
29,6,Johnny Weir,Britt Stewart,Athlete,Eliminated Week 10,6,True,False,22.0,0.082089552,9.0,3,4.333333333,-2.678449729949337,0.0,0.05124078747870237,0.287322196280378,-0.3797197435928709,R3_Bottom2
29,6,Justina Machado,Sasha Farber,Actor/Actress,4th Place,4,True,False,27.0,0.100746269,2.5,3,5.333333333,-2.5065994732427437,0.0,0.12591012356994916,6.3137000517828105e-24,0.5193127584878947,R3_Bottom2
29,6,Kaitlyn Bristowe,Artem Chigvintsev,TV Personality,1st Place,1,True,False,27.0,0.100746269,2.5,3,5.333333333,-2.5065994732427437,0.0,0.11173485549811993,2.085397576983654e-22,0.39987311410009524,R3_Bottom2
29,6,Monica Aldama,Valentin Chmerkovskiy,TV Personality,Eliminated Week 7,10,True,False,27.0,0.100746269,2.5,3,0.0,-4.352426157148091,0.0,0.06671979302185639,7.906883702234994e-16,-0.11575393308484788,R3_Bottom2
29,6,Nelly,Daniella Karagach,Singer/Rapper,3rd Place,3,True,False,24.0,0.089552239,7.5,3,21.66666667,-1.2315307479170552,0.0,0.21843241008956446,3.23532463314294e-17,1.0702210417667444,R3_Bottom2
29,6,Nev Schulman,Jenna Johnson,Producer,2nd Place,2,True,False,26.0,0.097014925,5.0,3,10.0,-1.9545308914103272,0.0,0.05295343796164912,1.5474450463756645e-09,-0.3468425905462856,R3_Bottom2
29,6,Skai Jackson,Alan Bersten,Actor/Actress,Eliminated Week 10,5,True,False,18.0,0.067164179,11.0,3,5.0,-2.560666694392259,0.0,0.0947479923546475,0.0010312826237268992,0.23496506592876723,R3_Bottom2
29,6,Veron Davis,Peta Murgatroyd,Athlete,Eliminated Week 6,11,True,True,21.0,0.078358209,10.0,3,0.0,-4.352426157148091,0.0,0.01144461144047059,0.7116465184564672,-1.8787365862673902,R3_Bottom2
29,7,AJ McLean,Cheryl Burke,Singer/Rapper,Eliminated Week 9,7,True,False,26.0,0.1,6.0,3,8.0,-2.137885136736697,0.0,0.10401286795588188,7.834582340444681e-10,0.14481972719820918,R3_Bottom2
29,7,Chrishell Stause,Gleb Savchenko,Actor/Actress,Eliminated Week 8,8,True,False,26.0,0.1,6.0,3,4.0,-2.7256718009602974,0.0,0.08880309326896671,1.0710682228955789e-07,-0.01327341113279748,R3_Bottom2
29,7,Jeannie Mai,Brandon Armstrong,TV Personality,Withdrew,9,True,True,25.0,0.096153846,8.0,3,2.0,-3.2364974237085105,0.0,0.07447512658305688,0.054592104960990644,-0.18922969636451814,R3_Bottom2
29,7,Johnny Weir,Britt Stewart,Athlete,Eliminated Week 10,6,True,False,27.0,0.103846154,3.0,3,5.333333333,-2.489283023270102,0.0,0.05074968883353796,7.173103534308218e-08,-0.5727894080899719,R3_Bottom2
29,7,Justina Machado,Sasha Farber,Actor/Actress,4th Place,4,True,False,26.0,0.1,6.0,3,4.666666667,-2.6005086581270755,0.0,0.12729052251147988,1.9434809823551687e-12,0.34677715812995374,R3_Bottom2
29,7,Kaitlyn Bristowe,Artem Chigvintsev,TV Personality,1st Place,1,True,False,24.0,0.092307692,9.0,3,8.0,-2.137885136736697,0.0,0.11229924639997721,3.1645395448102445e-05,0.22147225649084828,R3_Bottom2
29,7,Monica Aldama,Valentin Chmerkovskiy,TV Personality,Eliminated Week 7,10,True,True,22.0,0.084615385,10.0,3,0.0,-4.335109707287732,0.0,0.05496369980822931,0.9453760700199724,-0.4930219307866651,R3_Bottom2
29,7,Nelly,Daniella Karagach,Singer/Rapper,3rd Place,3,True,False,27.0,0.103846154,3.0,3,22.66666667,-1.1710421260844783,0.0,0.23634411261108434,1.9867813301261722e-20,0.9655939526738143,R3_Bottom2
29,7,Nev Schulman,Jenna Johnson,Producer,2nd Place,2,True,False,30.0,0.115384615,1.0,3,6.333333333,-2.342679549235404,0.0,0.05729774259136804,2.249056128729407e-13,-0.45143366800077855,R3_Bottom2
29,7,Skai Jackson,Alan Bersten,Actor/Actress,Eliminated Week 10,5,True,False,27.0,0.103846154,3.0,3,5.333333333,-2.489283023270102,0.0,0.09376389943641787,1.0482945741457546e-13,0.041085019881905604,R3_Bottom2
29,8,AJ McLean,Cheryl Burke,Singer/Rapper,Eliminated Week 9,7,True,False,27.0,0.121621841,5.5,3,0.0,-4.043051262081918,0.0,0.12286892477044958,0.000740903046548366,0.09787616357551288,R3_Bottom2
29,8,Chrishell Stause,Gleb Savchenko,Actor/Actress,Eliminated Week 8,8,True,True,27.0,0.121621841,5.5,3,6.0,-2.0971411179123196,0.0,0.09476364103196579,0.49877470654495737,-0.16185616903789965,R3_Bottom2
29,8,Johnny Weir,Britt Stewart,Athlete,Eliminated Week 10,6,True,False,30.0,0.135135379,1.5,3,3.333333333,-2.57671419775003,0.0,0.05768107068522658,2.0527796380041392e-05,-0.6583129160047001,R3_Bottom2
29,8,Justina Machado,Sasha Farber,Actor/Actress,4th Place,4,True,False,28.9998,0.130629965,3.0,3,3.0,-2.656756905237028,0.0,0.14111198320737775,3.443335365336709e-10,0.23631181099404278,R3_Bottom2
29,8,Kaitlyn Bristowe,Artem Chigvintsev,TV Personality,1st Place,1,True,False,28.0,0.126126353,4.0,3,4.666666667,-2.3084502113291063,0.0,0.13271083817593127,1.6918727919859457e-07,0.174930640962237,R3_Bottom2
29,8,Nelly,Daniella Karagach,Singer/Rapper,3rd Place,3,True,False,24.0,0.108108303,8.0,3,20.33333333,-0.9827804729794191,0.0,0.2824574981493676,0.00042316177692249105,0.930286118926077,R3_Bottom2
29,8,Nev Schulman,Jenna Johnson,Producer,2nd Place,2,True,False,30.0,0.135135379,1.5,3,7.0,-1.9636097253895826,0.0,0.06401284457146919,7.399144130504831e-06,-0.554158211660997,R3_Bottom2
29,8,Skai Jackson,Alan Bersten,Actor/Actress,Eliminated Week 10,5,True,False,26.9998,0.12162094,7.0,3,4.666666667,-2.3084502113291063,0.0,0.10439319940821207,0.5000331321594487,-0.06507743775427313,R3_Bottom2
29,9,AJ McLean,Cheryl Burke,Singer/Rapper,Eliminated Week 9,7,True,True,24.9998,0.129533179,6.0,3,1.666666667,-2.897292198796342,0.0,0.10588314716744349,0.9786390547216998,-0.15782388163754718,R3_Bottom2
29,9,Johnny Weir,Britt Stewart,Athlete,Eliminated Week 10,6,True,False,30.0,0.155441059,1.5,3,3.333333333,-2.4117843839136794,0.0,0.0634488191405257,3.512600236908918e-05,-0.6699263993425166,R3_Bottom2
29,9,Justina Machado,Sasha Farber,Actor/Actress,4th Place,4,True,False,25.9998,0.134714548,5.0,3,3.333333333,-2.4117843839136794,0.0,0.15267440962320655,0.00014599311085447612,0.20814762975258633,R3_Bottom2
29,9,Kaitlyn Bristowe,Artem Chigvintsev,TV Personality,1st Place,1,True,False,30.0,0.155441059,1.5,3,5.0,-2.0863619837119574,0.0,0.14877370238517187,2.3836683826207942e-11,0.1822663930344212,R3_Bottom2
29,9,Nelly,Daniella Karagach,Singer/Rapper,3rd Place,3,True,False,24.0,0.124352847,7.0,3,18.0,-0.9336824743247417,0.0,0.33733159647958055,0.0016714862342542428,1.0009064299267894,R3_Bottom2
29,9,Nev Schulman,Jenna Johnson,Producer,2nd Place,2,True,False,28.9998,0.150258654,3.5,3,4.666666667,-2.143520397445697,0.0,0.07459468483395357,0.01948689517048342,-0.5080907266665333,R3_Bottom2
29,9,Skai Jackson,Alan Bersten,Actor/Actress,Eliminated Week 10,5,True,False,28.9998,0.150258654,3.5,3,5.333333333,-2.032294762536711,0.0,0.11729364037011819,2.1444736502504837e-05,-0.05547944506719982,R3_Bottom2
29,10,Johnny Weir,Britt Stewart,Athlete,Eliminated Week 10,6,True,True,28.5,0.163793103,4.5,3,6.666666667,-1.861718057222333,0.0,0.06869154706304893,0.5001049950887876,-0.7184502951249233,R3_Bottom2
29,10,Justina Machado,Sasha Farber,Actor/Actress,4th Place,4,True,False,29.0,0.166666667,3.0,3,2.333333333,-2.6946271794643937,0.0,0.16643590338453823,1.4030186488296252e-05,0.16653382515690388,R3_Bottom2
29,10,Kaitlyn Bristowe,Artem Chigvintsev,TV Personality,1st Place,1,True,False,30.0,0.172413793,1.5,3,6.666666667,-1.861718057222333,0.0,0.16549595890640845,3.2488923630660385e-08,0.16087033154681873,R3_Bottom2
29,10,Nelly,Daniella Karagach,Singer/Rapper,3rd Place,3,True,False,28.0,0.16091954,6.0,3,18.66666667,-0.9196748295123809,0.0,0.3860486210722778,0.004116102695074996,1.007886877371263,R3_Bottom2
29,10,Nev Schulman,Jenna Johnson,Producer,2nd Place,2,True,False,30.0,0.172413793,1.5,3,5.0,-2.1068405151200524,0.0,0.08091236515581351,0.0005801013557205176,-0.554709788161332,R3_Bottom2
29,10,Skai Jackson,Alan Bersten,Actor/Actress,Eliminated Week 10,5,True,True,28.5,0.163793103,4.5,3,4.0,-2.289162071749563,0.0,0.13241560441791306,0.49518473818500486,-0.06213095078873035,R3_Bottom2
29,11,Justina Machado,Sasha Farber,Actor/Actress,4th Place,4,True,False,30.0,0.253164557,2.0,3,3.333333333,-2.255332207161738,0.0,0.19513413798031962,0.14616503986291107,-0.08426134033849964,R3_Bottom2
29,11,Kaitlyn Bristowe,Artem Chigvintsev,TV Personality,1st Place,1,True,False,30.0,0.253164557,2.0,3,4.333333333,-2.047692842547917,0.0,0.21379364118625677,0.019442481461513547,0.007062706774649041,R3_Bottom2
29,11,Nelly,Daniella Karagach,Singer/Rapper,3rd Place,3,True,False,28.5,0.240506329,4.0,3,22.33333333,-0.5717863234165534,0.0,0.49215268765675635,0.536467031881331,0.8408404596174021,R3_Bottom2
29,11,Nev Schulman,Jenna Johnson,Producer,2nd Place,2,True,False,30.0,0.253164557,2.0,3,7.333333333,-1.6014057401759973,0.0,0.09891953317666724,0.2979254467942443,-0.7636418260535515,R3_Bottom2
30,1,Amanda Kloots,Alan Bersten,TV Personality,4th Place,4,True,False,28.0,0.076502732,2.5,4,4.0,-3.169685578297429,0.0,0.03801579033696774,1.4674013590873563e-24,-0.3002770688465807,R3_Bottom2
30,1,Brian Austin Green,Sharna Burgess,Actor/Actress,Eliminated Week 4,13,True,False,24.0,0.06557377,10.5,4,7.0,-2.6996819499441935,0.0,0.07714381623162941,1.1528451796028167e-16,0.4073927456124624,R3_Bottom2
30,1,Christine Chiu,Pasha Pashkov,TV Personality,Eliminated Week 3,14,True,False,25.0,0.068306011,7.5,4,4.0,-3.169685578297429,0.0,0.010362602978093657,3.2344478076822748e-09,-1.6000752194610897,R3_Bottom2
30,1,Cody Rigsby,Cheryl Burke,Fitness Instructor,3rd Place,3,True,False,24.0,0.06557377,10.5,4,7.0,-2.6996819499441935,0.0,0.18060723731274006,8.851562106826088e-24,1.258046036448416,R3_Bottom2
30,1,Iman Shumpert,Daniella Karagach,Athlete,1st Place,1,True,False,21.0,0.057377049,14.0,4,4.0,-3.169685578297429,0.0,0.10968668561192005,1.5718442804682896e-13,0.7593493115664574,R3_Bottom2
30,1,Jimmie Allen,Emma Slater,Singer/Rapper,Eliminated Week 8,7,True,False,22.0,0.06010929,13.0,4,3.0,-3.3928291290166386,0.0,0.022409365157406505,6.92282200567207e-07,-0.8287997185744577,R3_Bottom2
30,1,JoJo Siwa,Jenna Johnson,Social Media Personality,2nd Place,2,True,False,29.0,0.079234973,1.0,4,21.0,-1.6880810392123042,0.0,0.04725406641050339,8.950521903101339e-28,-0.08273996561087271,R3_Bottom2
30,1,Kenya Moore,Brandon Armstrong,TV Personality,Eliminated Week 6,10,True,False,26.0,0.071038251,5.5,4,10.0,-2.3812282192313408,0.0,0.05602737251740756,6.000760108617876e-21,0.08756168882202281,R3_Bottom2
30,1,Martin Kove,Britt Stewart,Actor/Actress,Eliminated Week 2,15,True,False,13.0,0.035519126,15.0,4,2.0,-3.680511200476753,0.0,0.03975660793780959,0.9999992992257867,-0.25550261273189023,R3_Bottom2
30,1,Matt James,Lindsay Arnold,Athlete,Eliminated Week 4,12,True,False,24.0,0.06557377,10.5,4,17.0,-1.8887517345542535,0.0,0.041610446088811495,5.257303130447672e-09,-0.20992743379646595,R3_Bottom2
30,1,Melanie C,Gleb Savchenko,Singer/Rapper,Eliminated Week 5,11,True,False,27.0,0.073770492,4.0,4,5.0,-2.987364021900141,0.0,0.019479851518658504,3.6322183075858465e-16,-0.96889800150561,R3_Bottom2
30,1,Melora Hardin,Artem Chigvintsev,Actor/Actress,Eliminated Week 9,6,True,False,26.0,0.071038251,5.5,4,8.0,-2.5818989144530877,0.0,0.08347578572267556,1.1557223594021735e-25,0.486277921010493,R3_Bottom2
30,1,"Mike ""The Miz"" Mizanin",Witney Carson,Athlete,Eliminated Week 7,9,True,False,24.0,0.06557377,10.5,4,0.0,-4.7791234812115295,0.0,0.1601681695674878,5.031684158857102e-22,1.1379456456085242,R3_Bottom2
30,1,Olivia Jade,Valentin Chmerkovskiy,Social Media Personality,Eliminated Week 8,8,True,False,25.0,0.068306011,7.5,4,5.0,-2.987364021900141,0.0,0.03942240967123132,1.0440948578320435e-13,-0.26394424945037176,R3_Bottom2
30,1,Suni Lee,Sasha Farber,Athlete,Eliminated Week 9,5,True,False,28.0,0.076502732,2.5,4,7.0,-2.6996819499441935,0.0,0.07457979293665742,4.0608599022929076e-30,0.3735909209089626,R3_Bottom2
30,2,Amanda Kloots,Alan Bersten,TV Personality,4th Place,4,True,False,32.0,0.083116883,1.0,4,6.0,-2.951929649055939,0.0,0.037329140046467625,5.52939926442014e-29,-0.32883519894252655,R3_Bottom2
30,2,Brian Austin Green,Sharna Burgess,Actor/Actress,Eliminated Week 4,13,True,False,23.0,0.05974026,13.0,4,8.333333333,-2.664247577118444,0.0,0.0799246455468081,1.6756976437036454e-12,0.4324748050363023,R3_Bottom2
30,2,Christine Chiu,Pasha Pashkov,TV Personality,Eliminated Week 3,14,True,False,24.0,0.062337662,11.0,4,2.666666667,-3.598556812149823,0.0,0.01024422973223999,7.418351508835412e-06,-1.6218948609625112,R3_Bottom2
30,2,Cody Rigsby,Cheryl Burke,Fitness Instructor,3rd Place,3,True,False,24.0,0.062337662,11.0,4,5.0,-3.10608032856415,0.0,0.18798118558009114,5.413714500356271e-23,1.287732426043075,R3_Bottom2
30,2,Iman Shumpert,Daniella Karagach,Athlete,1st Place,1,True,False,25.0,0.064935065,9.0,4,5.666666667,-3.000719813079657,0.0,0.1077602743312945,1.4940703566193343e-22,0.7312996227834712,R3_Bottom2
30,2,Jimmie Allen,Emma Slater,Singer/Rapper,Eliminated Week 8,7,True,False,27.0,0.07012987,6.0,4,4.0,-3.288401884911438,0.0,0.021496022239155862,3.1681755518714956e-13,-0.8807415491927483,R3_Bottom2
30,2,JoJo Siwa,Jenna Johnson,Social Media Personality,2nd Place,2,True,False,31.0,0.080519481,2.0,4,23.66666667,-1.6923869948110997,0.0,0.054747269226461504,3.0809792449275076e-28,0.05411803523322434,R3_Bottom2
30,2,Kenya Moore,Brandon Armstrong,TV Personality,Eliminated Week 6,10,True,False,24.0,0.062337662,11.0,4,11.66666667,-2.35886592764621,0.0,0.06012623799991261,4.067370393974505e-12,0.14783686357185793,R3_Bottom2
30,2,Martin Kove,Britt Stewart,Actor/Actress,Eliminated Week 2,15,True,True,15.0,0.038961039,15.0,4,3.333333333,-3.4315027282167265,0.0,0.036891786267505534,0.9998152600138507,-0.34062052318509195,R3_Bottom2
30,2,Matt James,Lindsay Arnold,Athlete,Eliminated Week 4,12,True,False,22.0,0.057142857,14.0,4,19.66666667,-1.869317702838879,0.0,0.04714376910390161,0.0001773216285804528,-0.09540760523090064,R3_Bottom2
30,2,Melanie C,Gleb Savchenko,Singer/Rapper,Eliminated Week 5,11,True,False,30.0,0.077922078,3.0,4,5.0,-3.10608032856415,0.0,0.019584344797891638,4.183712961376543e-19,-0.9738789428008013,R3_Bottom2
30,2,Melora Hardin,Artem Chigvintsev,Actor/Actress,Eliminated Week 9,6,True,False,27.0,0.07012987,6.0,4,6.333333333,-2.905409633553514,0.0,0.0879418770465441,1.077784883927393e-25,0.5280666530751665,R3_Bottom2
30,2,"Mike ""The Miz"" Mizanin",Witney Carson,Athlete,Eliminated Week 7,9,True,False,26.0,0.067532468,8.0,4,0.0,-4.897839786625538,0.0,0.13220170331184344,2.7472892043940976e-26,0.9357193566132097,R3_Bottom2
30,2,Olivia Jade,Valentin Chmerkovskiy,Social Media Personality,Eliminated Week 8,8,True,False,27.0,0.07012987,6.0,4,8.0,-2.70061522120043,0.0,0.039466764814974846,9.8791148145809e-17,-0.2731505344326042,R3_Bottom2
30,2,Suni Lee,Sasha Farber,Athlete,Eliminated Week 9,5,True,False,28.0,0.072727273,4.0,4,9.666666667,-2.5307161846064217,0.0,0.07716074995490756,1.0731303613000848e-27,0.3972814523908769,R3_Bottom2
30,3,Amanda Kloots,Alan Bersten,TV Personality,4th Place,4,True,False,24.0,0.080536913,2.0,3,4.666666667,-3.185379867956249,0.0,0.03963118825806277,3.08945785499304e-16,-0.3433705758928472,R3_Bottom2
30,3,Brian Austin Green,Sharna Burgess,Actor/Actress,Eliminated Week 4,13,True,False,19.0,0.063758389,12.5,3,6.333333333,-2.927550759307892,0.0,0.08633378908041339,8.255843628192491e-06,0.43523408549378095,R3_Bottom2
30,3,Christine Chiu,Pasha Pashkov,TV Personality,Eliminated Week 3,14,True,True,21.0,0.070469799,8.0,3,3.333333333,-3.453643853942783,0.0,0.009911980851361456,0.2870009137767774,-1.7292427539867057,R3_Bottom2
30,3,Cody Rigsby,Cheryl Burke,Fitness Instructor,3rd Place,3,True,False,18.0,0.060402685,14.0,3,18.33333333,-1.9581502034063092,0.0,0.18830230633700468,2.1111386996942894e-10,1.2150617173456941,R3_Bottom2
30,3,Iman Shumpert,Daniella Karagach,Athlete,1st Place,1,True,False,19.0,0.063758389,12.5,3,5.333333333,-3.0741542332119685,0.0,0.11345181220929777,1.6093543549713195e-09,0.7083912182894404,R3_Bottom2
30,3,Jimmie Allen,Emma Slater,Singer/Rapper,Eliminated Week 8,7,True,False,20.0,0.067114094,10.5,3,5.0,-3.1282214543094375,0.0,0.02193476475604778,0.7118901489835667,-0.9349141564799699,R3_Bottom2
30,3,JoJo Siwa,Jenna Johnson,Social Media Personality,2nd Place,2,True,False,24.0,0.080536913,2.0,3,21.0,-1.8289384718397825,0.0,0.064300516988509,1.7415671496820603e-20,0.1405807050205799,R3_Bottom2
30,3,Kenya Moore,Brandon Armstrong,TV Personality,Eliminated Week 6,10,True,False,21.0,0.070469799,8.0,3,14.0,-2.2119307238052826,0.0,0.06641989309942094,4.740836825996403e-10,0.173009640036183,R3_Bottom2
30,3,Matt James,Lindsay Arnold,Athlete,Eliminated Week 4,12,True,False,20.0,0.067114094,10.5,3,23.66666667,-1.7145281205942249,0.0,0.05439754557428461,0.001099913629911373,-0.026667931723145022,R3_Bottom2
30,3,Melanie C,Gleb Savchenko,Singer/Rapper,Eliminated Week 5,11,True,False,22.0,0.073825503,5.5,3,4.0,-3.3105430106467253,0.0,0.02017280997721515,7.654712040857428e-07,-1.0186513094987628,R3_Bottom2
30,3,Melora Hardin,Artem Chigvintsev,Actor/Actress,Eliminated Week 9,6,True,False,23.0,0.077181208,4.0,3,4.333333333,-3.246004489742904,0.0,0.09145271023631073,2.1852072485217565e-21,0.4928350442139577,R3_Bottom2
30,3,"Mike ""The Miz"" Mizanin",Witney Carson,Athlete,Eliminated Week 7,9,True,False,22.0,0.073825503,5.5,3,0.0,-4.919980912120826,0.0,0.11578836816718399,9.906609084315588e-22,0.7287771460399195,R3_Bottom2
30,3,Olivia Jade,Valentin Chmerkovskiy,Social Media Personality,Eliminated Week 8,8,True,False,24.0,0.080536913,2.0,3,3.666666667,-3.3795358818665338,0.0,0.043195387910590924,7.918933336496957e-17,-0.2572532382256662,R3_Bottom2
30,3,Suni Lee,Sasha Farber,Athlete,Eliminated Week 9,5,True,False,21.0,0.070469799,8.0,3,9.333333333,-2.584606008710241,0.0,0.08470692655429671,3.6005639127526607e-13,0.41621040936754183,R3_Bottom2
30,4,Amanda Kloots,Alan Bersten,TV Personality,4th Place,4,True,False,34.0,0.081534772,4.5,4,3.666666667,-2.9957322715218484,0.0,0.03834732011567235,1.884230908658858e-10,-0.5051603325779048,R3_Bottom2
30,4,Brian Austin Green,Sharna Burgess,Actor/Actress,Eliminated Week 4,13,True,True,26.0,0.06235012,13.0,4,5.666666667,-2.639057328204544,0.0,0.08426412495737581,0.044065239677035614,0.28211123215433137,R3_Bottom2
30,4,Cody Rigsby,Cheryl Burke,Fitness Instructor,3rd Place,3,True,False,29.0,0.069544365,11.0,4,4.0,-2.9267394002396587,0.0,0.2151848077791454,4.635871657180938e-13,1.219652251667823,R3_Bottom2
30,4,Iman Shumpert,Daniella Karagach,Athlete,1st Place,1,True,False,31.5,0.075539568,9.0,4,3.0,-3.1498829510872017,0.0,0.11191675028907865,3.273468859892162e-14,0.5659103156135886,R3_Bottom2
30,4,Jimmie Allen,Emma Slater,Singer/Rapper,Eliminated Week 8,7,True,False,32.5,0.07793765,7.5,4,4.666666667,-2.801576257446437,0.0,0.021735317636891013,0.002094737272504741,-1.0729064998983573,R3_Bottom2
30,4,JoJo Siwa,Jenna Johnson,Social Media Personality,2nd Place,2,True,False,35.0,0.083932854,2.5,4,19.0,-1.5404450405197678,0.0,0.06842982078805962,2.1850904708364664e-18,0.07396372774602428,R3_Bottom2
30,4,Kenya Moore,Brandon Armstrong,TV Personality,Eliminated Week 6,10,True,False,29.5,0.070743405,10.0,4,11.66666667,-1.9972034424821494,0.0,0.07014520174278265,5.0590153483191876e-05,0.09872242594276423,R3_Bottom2
30,4,Matt James,Lindsay Arnold,Athlete,Eliminated Week 4,12,True,True,28.5,0.068345324,12.0,4,15.0,-1.763588591717311,0.0,0.05975092159042645,0.953559455863236,-0.06166036350576365,R3_Bottom2
30,4,Melanie C,Gleb Savchenko,Singer/Rapper,Eliminated Week 5,11,True,False,33.0,0.079136691,6.0,4,0.0,-4.536177305207092,0.0,0.019410479914886876,0.00022997684461456447,-1.1860318562948795,R3_Bottom2
30,4,Melora Hardin,Artem Chigvintsev,Actor/Actress,Eliminated Week 9,6,True,False,36.5,0.087529976,1.0,4,5.333333333,-2.6903506226210423,0.0,0.08533859874041809,2.124023449268361e-24,0.2947818795911254,R3_Bottom2
30,4,"Mike ""The Miz"" Mizanin",Witney Carson,Athlete,Eliminated Week 7,9,True,False,32.5,0.07793765,7.5,4,0.0,-4.536177305207092,0.0,0.09862268785479304,1.4841983437454538e-14,0.43945635678085926,R3_Bottom2
30,4,Olivia Jade,Valentin Chmerkovskiy,Social Media Personality,Eliminated Week 8,8,True,False,35.0,0.083932854,2.5,4,3.0,-3.1498829510872017,0.0,0.04012972626823483,1.9187123133473888e-13,-0.459727615175899,R3_Bottom2
30,4,Suni Lee,Sasha Farber,Athlete,Eliminated Week 9,5,True,False,34.0,0.081534772,4.5,4,5.333333333,-2.6903506226210423,0.0,0.08672424232223533,5.953112712780605e-18,0.3108884779562881,R3_Bottom2
30,5,Amanda Kloots,Alan Bersten,TV Personality,4th Place,4,True,False,39.0,0.101298701,2.0,4,3.333333333,-2.984126725479208,0.0,0.04521906665073182,1.591715152232524e-11,-0.4692997031732764,R3_Bottom2
30,5,Cody Rigsby,Cheryl Burke,Fitness Instructor,3rd Place,3,True,False,32.0,0.083116883,9.5,4,3.333333333,-2.984126725479208,0.0,0.24548867688124373,1.397553045146595e-08,1.2224322938647443,R3_Bottom2
30,5,Iman Shumpert,Daniella Karagach,Athlete,1st Place,1,True,False,28.0,0.072727273,11.0,4,5.0,-2.6587043255168026,0.0,0.1283244548845835,0.002207557256300385,0.5737433308860863,R3_Bottom2
30,5,Jimmie Allen,Emma Slater,Singer/Rapper,Eliminated Week 8,7,True,False,34.0,0.088311688,8.0,4,4.666666667,-2.7158627392139407,0.0,0.026637636477731763,0.766218110367598,-0.998493408692422,R3_Bottom2
30,5,JoJo Siwa,Jenna Johnson,Social Media Personality,2nd Place,2,True,False,40.0,0.103896104,1.0,4,25.0,-1.1923672578216662,0.0,0.08813680294419503,9.057288174089062e-17,0.19807165665976215,R3_Bottom2
30,5,Kenya Moore,Brandon Armstrong,TV Personality,Eliminated Week 6,10,True,False,36.0,0.093506494,5.0,4,11.33333333,-1.938158171772196,0.0,0.08909166628867032,1.018095750947004e-08,0.2088472683658516,R3_Bottom2
30,5,Melanie C,Gleb Savchenko,Singer/Rapper,Eliminated Week 5,11,True,True,36.0,0.093506494,5.0,4,3.0,-3.064169432911078,0.0,0.018254137054942908,0.22929614761772002,-1.3764267873420741,R3_Bottom2
30,5,Melora Hardin,Artem Chigvintsev,Actor/Actress,Eliminated Week 9,6,True,False,36.0,0.093506494,5.0,4,5.333333333,-2.6046371043743046,0.0,0.10298925984164314,1.1342072439275798e-10,0.3538061797878609,R3_Bottom2
30,5,"Mike ""The Miz"" Mizanin",Witney Carson,Athlete,Eliminated Week 7,9,True,False,32.0,0.083116883,9.5,4,0.0,-4.450463787605969,0.0,0.107777298058321,0.0017391592014114345,0.3992485135232118,R3_Bottom2
30,5,Olivia Jade,Valentin Chmerkovskiy,Social Media Personality,Eliminated Week 8,8,True,False,36.0,0.093506494,5.0,4,8.333333333,-2.2168715737833984,0.0,0.045610072657937824,0.0005390011369143171,-0.4606899458740006,R3_Bottom2
30,5,Suni Lee,Sasha Farber,Athlete,Eliminated Week 9,5,True,False,36.0,0.093506494,5.0,4,5.333333333,-2.6046371043743046,0.0,0.1024709282599991,1.3423017210825225e-10,0.34876060199425585,R3_Bottom2
30,6,Amanda Kloots,Alan Bersten,TV Personality,4th Place,4,True,False,38.0,0.104395604,3.5,4,2.666666667,-3.0992729502677077,0.0,0.04517773126909627,2.0881161869787886e-07,-0.6400845906692681,R3_Bottom2
30,6,Cody Rigsby,Cheryl Burke,Fitness Instructor,3rd Place,3,True,False,36.0,0.098901099,6.0,4,3.0,-3.012261573553835,0.0,0.23615395667652192,8.786023139933664e-15,1.0137950660634183,R3_Bottom2
30,6,Iman Shumpert,Daniella Karagach,Athlete,1st Place,1,True,False,40.0,0.10989011,1.5,4,4.0,-2.789118022646292,0.0,0.13442468029199264,8.137575521220475e-22,0.45031515928798693,R3_Bottom2
30,6,Jimmie Allen,Emma Slater,Singer/Rapper,Eliminated Week 8,7,True,False,38.0,0.104395604,3.5,4,4.333333333,-2.724579501672888,0.0,0.02772791079921111,4.388841741520568e-06,-1.1282493690926854,R3_Bottom2
30,6,JoJo Siwa,Jenna Johnson,Social Media Personality,2nd Place,2,True,False,40.0,0.10989011,1.5,4,31.66666667,-0.9122007463535767,0.0,0.09895378951747721,2.1195652208853532e-17,0.1439640835441271,R3_Bottom2
30,6,Kenya Moore,Brandon Armstrong,TV Personality,Eliminated Week 6,10,True,True,32.0,0.087912088,10.0,4,13.66666667,-1.7129785906750896,0.0,0.09486634782931185,0.957276877798106,0.10178015101475088,R3_Bottom2
30,6,Melora Hardin,Artem Chigvintsev,Actor/Actress,Eliminated Week 9,6,True,False,34.0,0.093406593,8.5,4,5.0,-2.606796466123449,0.0,0.10586521736660749,0.00152518740730069,0.21147786568163515,R3_Bottom2
30,6,"Mike ""The Miz"" Mizanin",Witney Carson,Athlete,Eliminated Week 7,9,True,False,34.0,0.093406593,8.5,4,0.0,-4.398555928573726,0.0,0.10214725970425988,0.005309083948855685,0.17572660964206813,R3_Bottom2
30,6,Olivia Jade,Valentin Chmerkovskiy,Social Media Personality,Eliminated Week 8,8,True,False,36.0,0.098901099,6.0,4,3.0,-3.012261573553835,0.0,0.050948670070087694,0.03588419456623995,-0.5198702283873905,R3_Bottom2
30,6,Suni Lee,Sasha Farber,Athlete,Eliminated Week 9,5,True,False,36.0,0.098901099,6.0,4,4.0,-2.789118022646292,0.0,0.10373443647543405,5.862612867305984e-08,0.1911452529153577,R3_Bottom2
30,7,Amanda Kloots,Alan Bersten,TV Personality,4th Place,4,True,False,34.0,0.103975535,7.0,4,2.333333333,-2.873564637943682,0.0,0.048854644436711656,0.041807544055137626,-0.6538996499111109,R3_Bottom2
30,7,Cody Rigsby,Cheryl Burke,Fitness Instructor,3rd Place,3,True,False,36.0,0.110091743,5.0,4,2.333333333,-2.873564637943682,0.0,0.25103051632591766,3.585140385774394e-14,0.9828254113788168,R3_Bottom2
30,7,Iman Shumpert,Daniella Karagach,Athlete,1st Place,1,True,False,34.0,0.103975535,7.0,4,9.666666667,-1.710413829223626,0.0,0.14939769359675,3.4973171385483017e-08,0.4638627354562349,R3_Bottom2
30,7,Jimmie Allen,Emma Slater,Singer/Rapper,Eliminated Week 8,7,True,False,38.0,0.116207951,3.5,4,3.333333333,-2.611200373861575,0.0,0.03152312210093744,3.119477631117404e-05,-1.0920277878404705,R3_Bottom2
30,7,JoJo Siwa,Jenna Johnson,Social Media Personality,2nd Place,2,True,False,39.0,0.119266055,2.0,4,20.66666667,-1.0017624622859367,0.0,0.12504403577685083,9.460002188755921e-16,0.2859168621283283,R3_Bottom2
30,7,Melora Hardin,Artem Chigvintsev,Actor/Actress,Eliminated Week 9,6,True,False,38.0,0.116207951,3.5,4,3.333333333,-2.611200373861575,0.0,0.11939259214551072,3.08367143000035e-12,0.2396680573508299,R3_Bottom2
30,7,"Mike ""The Miz"" Mizanin",Witney Carson,Athlete,Eliminated Week 7,9,True,True,32.0,0.097859327,9.0,4,0.0,-4.077537438039618,0.0,0.10833087029138211,0.9579856761574319,0.14244105828074805,R3_Bottom2
30,7,Olivia Jade,Valentin Chmerkovskiy,Social Media Personality,Eliminated Week 8,8,True,False,42.0,0.128440367,1.0,4,3.0,-2.6912430813447275,0.0,0.05457108733399467,6.637170483079524e-13,-0.5432448928608316,R3_Bottom2
30,7,Suni Lee,Sasha Farber,Athlete,Eliminated Week 9,5,True,False,34.0,0.103975535,7.0,4,5.333333333,-2.2317107525623396,0.0,0.11185543799194499,0.00017555003416392845,0.17445820601745504,R3_Bottom2
30,8,Amanda Kloots,Alan Bersten,TV Personality,4th Place,4,True,False,42.0,0.136363636,2.0,4,2.0,-3.091042451112861,0.0,0.05286834191554754,6.620456051136008e-14,-0.6688142042879729,R3_Bottom2
30,8,Cody Rigsby,Cheryl Burke,Fitness Instructor,3rd Place,3,True,False,38.0,0.123376623,5.0,4,3.333333333,-2.72331767174139,0.0,0.2635027176648514,2.4234720289636126e-15,0.9374447691401186,R3_Bottom2
30,8,Iman Shumpert,Daniella Karagach,Athlete,1st Place,1,True,False,35.0,0.113636364,7.0,4,5.0,-2.3978952716529163,0.0,0.18813371817313224,2.990374260686027e-08,0.6005340643711921,R3_Bottom2
30,8,Jimmie Allen,Emma Slater,Singer/Rapper,Eliminated Week 8,7,True,True,32.0,0.103896104,8.0,4,6.666666667,-2.152772813815583,0.0,0.03470558437429816,0.9630020773138357,-1.0897183055253303,R3_Bottom2
30,8,JoJo Siwa,Jenna Johnson,Social Media Personality,2nd Place,2,True,False,41.0,0.133116883,4.0,4,27.33333333,-0.8456157740434702,0.0,0.14610076091582624,6.929527674974176e-13,0.34767761442136225,R3_Bottom2
30,8,Melora Hardin,Artem Chigvintsev,Actor/Actress,Eliminated Week 9,6,True,False,42.0,0.136363636,2.0,4,3.666666667,-2.649209699548108,0.0,0.12903182402307364,2.4969783639169284e-15,0.22344015928333094,R3_Bottom2
30,8,Olivia Jade,Valentin Chmerkovskiy,Social Media Personality,Eliminated Week 8,8,True,True,36.0,0.116883117,6.0,4,2.666666667,-2.890371755959801,0.0,0.059406683093972734,0.03699789278165342,-0.5522121824673486,R3_Bottom2
30,8,Suni Lee,Sasha Farber,Athlete,Eliminated Week 9,5,True,False,42.0,0.136363636,2.0,4,7.333333333,-2.06939120502888,0.0,0.12625036983929808,4.052619111620586e-15,0.20164808506464788,R3_Bottom2
30,9,Amanda Kloots,Alan Bersten,TV Personality,4th Place,4,True,False,39.5,0.174778761,2.0,4,2.666666667,-3.1780538278684003,0.0,0.0552875814164307,0.003173972457062619,-0.9932320806768338,R3_Bottom2
30,9,Cody Rigsby,Cheryl Burke,Fitness Instructor,3rd Place,3,True,False,35.5,0.157079646,6.0,4,4.0,-2.86789890029547,0.0,0.28380984846124724,0.0075057523108499466,0.6425240697711501,R3_Bottom2
30,9,Iman Shumpert,Daniella Karagach,Athlete,1st Place,1,True,False,37.5,0.165929204,3.5,4,5.666666667,-2.580216828233689,0.0,0.2079888623869618,7.693047243471444e-06,0.331704135579891,R3_Bottom2
30,9,JoJo Siwa,Jenna Johnson,Social Media Personality,2nd Place,2,True,False,40.0,0.17699115,1.0,4,20.66666667,-1.4015618327020425,0.0,0.17255942475694971,1.854477800596701e-09,0.14496127202128373,R3_Bottom2
30,9,Melora Hardin,Artem Chigvintsev,Actor/Actress,Eliminated Week 9,6,True,True,36.0,0.159292035,5.0,4,5.666666667,-2.580216828233689,0.0,0.1381437518225225,0.8805382980832557,-0.07748557361268998,R3_Bottom2
30,9,Suni Lee,Sasha Farber,Athlete,Eliminated Week 9,5,True,True,37.5,0.165929204,3.5,4,43.33333333,-0.6855999748126178,0.0,0.1422105311558882,0.10877428224711075,-0.04847182308280107,R3_Bottom2
30,10,Amanda Kloots,Alan Bersten,TV Personality,4th Place,4,True,False,39.0,0.248407643,3.0,4,6.333333333,-1.8577174364882274,0.0,0.07475610279418594,0.18257395411017913,-1.0478144798576792,R3_Bottom2
30,10,Cody Rigsby,Cheryl Burke,Fitness Instructor,3rd Place,3,True,False,38.0,0.242038217,4.0,4,4.0,-2.240709688399788,0.0,0.39259490849827133,0.7630148838218973,0.6107329815559881,R3_Bottom2
30,10,Iman Shumpert,Daniella Karagach,Athlete,1st Place,1,True,False,40.0,0.25477707,1.5,4,11.0,-1.3652409515942212,0.0,0.29047759536501566,0.0017445644203182013,0.30948111740132367,R3_Bottom2
30,10,JoJo Siwa,Jenna Johnson,Social Media Personality,2nd Place,2,True,False,40.0,0.25477707,1.5,4,21.66666667,-0.7292521849114795,0.0,0.24217139334252688,0.05266659764760526,0.12760038090036752,R3_Bottom2
31,1,Charli D'Amelio,Mark Ballas,Social Media Personality,1st Place,1,True,False,32.0,0.083769634,1.0,4,30.0,-2.266456367941024,0.0,0.040282359193086315,1.7492611321946708e-30,-0.3291566475979176,R3_Bottom2
31,1,Cheryl Ladd,Louis van Amstel,Actor/Actress,Eliminated Week 3,14,True,False,21.0,0.054973822,10.5,4,36.0,-2.089525659938354,0.0,0.05417884471661558,1.1440356943654247e-10,-0.03277977020169559,R3_Bottom2
31,1,Daniel Durant,Britt Stewart,Actor/Actress,Eliminated Week 9,5,True,False,27.0,0.070680628,6.0,4,5.0,-3.908684099179298,0.0,0.10294018349541897,1.2819452720860316e-33,0.609077793198896,R3_Bottom2
31,1,Gabby Windey,Valentin Chmerkovskiy,TV Personality,2nd Place,2,True,False,28.0,0.073298429,4.0,4,12.0,-3.1354942136291495,0.0,0.08753336220777631,1.4921780648313267e-34,0.4469497194970788,R3_Bottom2
31,1,Heidi D'Amelio,Artem Chigvintsev,Social Media Personality,Eliminated Week 8,8,True,False,24.0,0.062827225,8.0,4,13.0,-3.0613862416397137,0.0,0.01612850909096093,7.948686727183865e-09,-1.24448182652087,R3_Bottom2
31,1,Jason Lewis,Peta Murgatroyd,Actor/Actress,Eliminated Week 1,16,True,True,18.0,0.047120419,15.0,4,12.0,-3.1354942136291495,0.0,0.04685109808146063,0.7692297941022086,-0.1780958369234425,R3_Bottom2
31,1,Jessie James Decker,Alan Bersten,Singer/Rapper,Eliminated Week 6,10,True,False,20.0,0.052356021,13.0,4,27.0,-2.3682390621476257,0.0,0.06243605166425203,2.009818729311842e-08,0.10907257599976888,R3_Bottom2
31,1,Jordin Sparks,Brandon Armstrong,Singer/Rapper,Eliminated Week 7,9,True,False,26.0,0.068062827,7.0,4,14.0,-2.992393370295143,0.0,0.06187812013530277,2.1687715326475706e-21,0.10009636247519754,R3_Bottom2
31,1,Joseph Baena,Daniella Karagach,Actor/Actress,Eliminated Week 5,11,True,False,23.0,0.060209424,9.0,4,8.0,-3.503218992732245,0.0,0.02730828102524709,3.3043309421388644e-08,-0.7178802931189083,R3_Bottom2
31,1,Sam Champion,Cheryl Burke,News Anchor,Eliminated Week 4,13,True,False,20.0,0.052356021,13.0,4,27.0,-2.3682390621476257,0.0,0.07430932514333978,1.3263617006861137e-11,0.2831661669168267,R3_Bottom2
31,1,Selma Blair,Sasha Farber,Actor/Actress,Withdrew,12,True,False,28.0,0.073298429,4.0,4,8.0,-3.503218992732245,0.0,0.057183506540264585,2.954192275911282e-26,0.021195226036111126,R3_Bottom2
31,1,Shangela,Gleb Savchenko,TV Personality,4th Place,4,True,False,28.0,0.073298429,4.0,4,18.0,-2.756004592650562,0.0,0.09017920263498214,1.0022917990441241e-34,0.47672854745497056,R3_Bottom2
31,1,Teresa Giudice,Pasha Pashkov,TV Personality,Eliminated Week 2,15,True,False,20.0,0.052356021,13.0,4,25.0,-2.4423470342192046,0.0,0.026607589226329498,0.23076985162645838,-0.7438737992162092,R3_Bottom2
31,1,Trevor Donovan,Emma Slater,Actor/Actress,Eliminated Week 9,6,True,False,21.0,0.054973822,10.5,4,8.0,-3.503218992732245,0.0,0.09786417578677557,5.978779796359318e-21,0.5585102724069217,R3_Bottom2
31,1,Vinny Guadagnino,Koko Iwasaki,TV Personality,Eliminated Week 8,7,True,False,17.0,0.044502618,16.0,4,27.0,-2.3682390621476257,0.0,0.0780804446281752,2.9305348202091496e-07,0.33266935303788703,R3_Bottom2
31,1,Wayne Brady,Witney Carson,Comedian,3rd Place,3,True,False,29.0,0.07591623,2.0,4,13.0,-3.0613862416397137,0.0,0.07623894643001261,3.166058558523273e-33,0.3088021565553846,R3_Bottom2
31,2,Charli D'Amelio,Mark Ballas,Social Media Personality,1st Place,1,True,False,32.0,0.077669903,2.0,4,46.33333333,-1.9048366132141707,0.0,0.04531807005657713,8.702675350122599e-28,-0.27562818903197006,R3_Bottom2
31,2,Cheryl Ladd,Louis van Amstel,Actor/Actress,Eliminated Week 3,14,True,False,21.0,0.050970874,15.0,4,29.33333333,-2.3498041639615286,0.0,0.06255466943674601,0.0002205102404256501,0.046706845914888606,R3_Bottom2
31,2,Daniel Durant,Britt Stewart,Actor/Actress,Eliminated Week 9,5,True,False,29.0,0.07038835,5.0,4,7.666666667,-3.6025671296876656,0.0,0.09671171046907164,8.72353437824519e-33,0.4824004566729502,R3_Bottom2
31,2,Gabby Windey,Valentin Chmerkovskiy,TV Personality,2nd Place,2,True,False,32.0,0.077669903,2.0,4,16.33333333,-2.909419951193105,0.0,0.08961806715003921,2.742010045996484e-38,0.4062229024746665,R3_Bottom2
31,2,Heidi D'Amelio,Artem Chigvintsev,Social Media Personality,Eliminated Week 8,8,True,False,28.0,0.067961165,7.0,4,17.0,-2.8716796230858987,0.0,0.016654201686730517,2.299319494808669e-12,-1.2766715013306489,R3_Bottom2
31,2,Jessie James Decker,Alan Bersten,Singer/Rapper,Eliminated Week 6,10,True,False,25.0,0.060679612,12.0,4,20.0,-2.7175289435110215,0.0,0.06997504853943705,3.000830409235073e-12,0.15880468959085753,R3_Bottom2
31,2,Jordin Sparks,Brandon Armstrong,Singer/Rapper,Eliminated Week 7,9,True,False,27.0,0.065533981,9.5,4,23.0,-2.5839975510757847,0.0,0.06423555237221133,4.269803035644765e-16,0.07322279320837882,R3_Bottom2
31,2,Joseph Baena,Daniella Karagach,Actor/Actress,Eliminated Week 5,11,True,False,24.0,0.058252427,13.0,4,14.33333333,-3.0320222730712234,0.0,0.026780971908006053,0.13059134246096787,-0.8016424075662921,R3_Bottom2
31,2,Sam Champion,Cheryl Burke,News Anchor,Eliminated Week 4,13,True,False,26.0,0.063106796,11.0,4,13.33333333,-3.099463553737231,0.0,0.08361412397070024,1.2010603753497707e-17,0.33687841335997404,R3_Bottom2
31,2,Selma Blair,Sasha Farber,Actor/Actress,Withdrew,12,True,False,28.0,0.067961165,7.0,4,9.333333333,-3.4266764638865324,0.0,0.056310433315289406,2.722432032824066e-18,-0.05845420506703114,R3_Bottom2
31,2,Shangela,Gleb Savchenko,TV Personality,4th Place,4,True,False,28.0,0.067961165,7.0,4,15.66666667,-2.948640663880694,0.0,0.09668663215032398,3.905553227019536e-28,0.4821411129934899,R3_Bottom2
31,2,Teresa Giudice,Pasha Pashkov,TV Personality,Eliminated Week 2,15,True,True,23.0,0.055825243,14.0,4,24.66666667,-2.516858248194325,0.0,0.029493524629768973,0.869188147293306,-0.7051633043030866,R3_Bottom2
31,2,Trevor Donovan,Emma Slater,Actor/Actress,Eliminated Week 9,6,True,False,30.0,0.072815534,4.0,4,8.0,-3.5648268018791773,0.0,0.0965088334658602,3.702211738178631e-33,0.48030050318318307,R3_Bottom2
31,2,Vinny Guadagnino,Koko Iwasaki,TV Personality,Eliminated Week 8,7,True,False,27.0,0.065533981,9.5,4,37.66666667,-2.107073479401855,0.0,0.0869535407853645,1.206948703814043e-20,0.37603992257833163,R3_Bottom2
31,2,Wayne Brady,Witney Carson,Comedian,3rd Place,3,True,False,32.0,0.077669903,2.0,4,20.33333333,-2.7017805867227933,0.0,0.07858462006387379,4.772951104505474e-33,0.2748419673223084,R3_Bottom2
31,3,Charli D'Amelio,Mark Ballas,Social Media Personality,1st Place,1,True,False,33.0,0.081885856,2.0,4,39.0,-1.7520942122907488,0.0,0.05171195879110812,6.65325694292437e-18,-0.2288869893476833,R3_Bottom2
31,3,Cheryl Ladd,Louis van Amstel,Actor/Actress,Eliminated Week 3,14,True,True,24.0,0.05955335,13.0,4,20.0,-2.396451228159516,0.0,0.06671682168817464,0.9848875866081146,0.025881064993959202,R3_Bottom2
31,3,Daniel Durant,Britt Stewart,Actor/Actress,Eliminated Week 9,5,True,False,31.0,0.076923077,5.0,4,10.66666667,-2.9842378918971906,0.0,0.09409860939384704,5.079551857736411e-21,0.36976721316714684,R3_Bottom2
31,3,Gabby Windey,Valentin Chmerkovskiy,TV Personality,2nd Place,2,True,False,33.0,0.081885856,2.0,4,7.666666667,-3.281489414927979,0.0,0.09337713028271773,9.971770202409635e-27,0.36207040211173763,R3_Bottom2
31,3,Heidi D'Amelio,Artem Chigvintsev,Social Media Personality,Eliminated Week 8,8,True,False,32.0,0.079404467,4.0,4,10.66666667,-2.9842378918971906,0.0,0.017334146060715757,1.0405070316977269e-08,-1.321897738421428,R3_Bottom2
31,3,Jessie James Decker,Alan Bersten,Singer/Rapper,Eliminated Week 6,10,True,False,26.0,0.064516129,11.0,4,15.0,-2.668384943299904,0.0,0.07183651758376898,0.0014643981212624072,0.09981689285180245,R3_Bottom2
31,3,Jordin Sparks,Brandon Armstrong,Singer/Rapper,Eliminated Week 7,9,True,False,29.0,0.071960298,7.5,4,20.0,-2.396451228159516,0.0,0.06910811819431202,9.90663220673662e-10,0.061096153241401496,R3_Bottom2
31,3,Joseph Baena,Daniella Karagach,Actor/Actress,Eliminated Week 5,11,True,False,29.0,0.071960298,7.5,4,9.0,-3.1383885716806392,0.0,0.02784931726893949,0.01230875687771336,-0.8477676038612127,R3_Bottom2
31,3,Sam Champion,Cheryl Burke,News Anchor,Eliminated Week 4,13,True,False,25.0,0.062034739,12.0,4,6.666666667,-3.404091736668138,0.0,0.08174968096154704,0.0003337531909524702,0.22908585180495328,R3_Bottom2
31,3,Selma Blair,Sasha Farber,Actor/Actress,Withdrew,12,True,False,28.0,0.069478908,9.0,4,8.0,-3.2437490870821692,0.0,0.055298312323404195,0.0008316422649658181,-0.16183366585528025,R3_Bottom2
31,3,Shangela,Gleb Savchenko,TV Personality,4th Place,4,True,False,30.0,0.074441687,6.0,4,12.33333333,-2.850706500055525,0.0,0.0979116721154423,1.2086886772467271e-19,0.4094897119528315,R3_Bottom2
31,3,Trevor Donovan,Emma Slater,Actor/Actress,Eliminated Week 9,6,True,False,27.0,0.066997519,10.0,4,15.0,-2.668384943299904,0.0,0.09230282993849352,1.020467054434077e-10,0.35049874590707414,R3_Bottom2
31,3,Vinny Guadagnino,Koko Iwasaki,TV Personality,Eliminated Week 8,7,True,False,23.0,0.05707196,14.0,4,27.66666667,-2.0852386584750233,0.0,0.09710676963076136,0.00017385143921121835,0.4012350356468187,R3_Bottom2
31,3,Wayne Brady,Witney Carson,Comedian,3rd Place,3,True,False,33.0,0.081885856,2.0,4,15.0,-2.668384943299904,0.0,0.08359811576676769,6.870072968148547e-24,0.25144492580787964,R3_Bottom2
31,4,Charli D'Amelio,Mark Ballas,Social Media Personality,1st Place,1,True,False,36.0,0.087804878,2.0,4,49.0,-1.4694092673941967,0.0,0.06013871433462846,1.7752997912939998e-20,-0.14174493857019582,R3_Bottom2
31,4,Daniel Durant,Britt Stewart,Actor/Actress,Eliminated Week 9,5,True,False,29.0,0.070731707,9.5,4,7.333333333,-3.2611687344889186,0.0,0.10350004826367788,9.303576607668112e-13,0.4011733409934597,R3_Bottom2
31,4,Gabby Windey,Valentin Chmerkovskiy,TV Personality,2nd Place,2,True,False,36.0,0.087804878,2.0,4,6.0,-3.4355221210969344,0.0,0.09385356191241113,1.6276244097110058e-27,0.3033369775336478,R3_Bottom2
31,4,Heidi D'Amelio,Artem Chigvintsev,Social Media Personality,Eliminated Week 8,8,True,False,34.0,0.082926829,4.5,4,13.66666667,-2.695854926297767,0.0,0.017995976392370924,3.9256687620791645e-10,-1.3482505388759838,R3_Bottom2
31,4,Jessie James Decker,Alan Bersten,Singer/Rapper,Eliminated Week 6,10,True,False,31.0,0.075609756,8.0,4,9.666666667,-3.0143086570566426,0.0,0.07601144794674997,3.272720710517958e-10,0.09248522179334484,R3_Bottom2
31,4,Jordin Sparks,Brandon Armstrong,Singer/Rapper,Eliminated Week 7,9,True,False,34.0,0.082926829,4.5,4,19.66666667,-2.3529101756671245,0.0,0.07719807635697028,3.1273806572814143e-18,0.10797580103687154,R3_Bottom2
31,4,Joseph Baena,Daniella Karagach,Actor/Actress,Eliminated Week 5,11,True,False,28.0,0.068292683,11.5,4,11.33333333,-2.869126647789003,0.0,0.028923389131212278,0.010193762972302449,-0.8737481577272737,R3_Bottom2
31,4,Sam Champion,Cheryl Burke,News Anchor,Eliminated Week 4,13,True,True,25.0,0.06097561,13.0,4,7.666666667,-3.221948021357483,0.0,0.0785219048031651,0.9898062165148198,0.12497888991431558,R3_Bottom2
31,4,Selma Blair,Sasha Farber,Actor/Actress,Withdrew,12,True,False,32.0,0.07804878,6.5,4,6.333333333,-3.3890021056486215,0.0,0.057431422789338264,1.4451449427666026e-08,-0.1878071491358077,R3_Bottom2
31,4,Shangela,Gleb Savchenko,TV Personality,4th Place,4,True,False,32.0,0.07804878,6.5,4,12.33333333,-2.791165106431183,0.0,0.10275503307179068,5.653759837984015e-18,0.3939490978161622,R3_Bottom2
31,4,Trevor Donovan,Emma Slater,Actor/Actress,Eliminated Week 9,6,True,False,28.0,0.068292683,11.5,4,9.333333333,-3.046057355369005,0.0,0.10437402171715196,5.3403556622493035e-09,0.40958207232970967,R3_Bottom2
31,4,Vinny Guadagnino,Koko Iwasaki,TV Personality,Eliminated Week 8,7,True,False,29.0,0.070731707,9.5,4,38.0,-1.7178706265700983,0.0,0.10877553549454301,3.0307776673930577e-13,0.45088771352308027,R3_Bottom2
31,4,Wayne Brady,Witney Carson,Comedian,3rd Place,3,True,False,36.0,0.087804878,2.0,4,14.0,-2.6733820707059106,0.0,0.09052086778599011,1.6863431764724875e-24,0.26718166936866944,R3_Bottom2
31,5,Charli D'Amelio,Mark Ballas,Social Media Personality,1st Place,1,True,False,42.0,0.093645485,1.0,4,38.66666667,-1.6586281559996283,0.0,0.07259256346840534,1.2990986684647333e-17,-0.02582891364146961,R3_Bottom2
31,5,Daniel Durant,Britt Stewart,Actor/Actress,Eliminated Week 9,5,True,False,33.5,0.074693423,11.0,4,7.0,-3.259697816768289,0.0,0.1098214883368354,0.0010736929953406018,0.38816481560951255,R3_Bottom2
31,5,Gabby Windey,Valentin Chmerkovskiy,TV Personality,2nd Place,2,True,False,41.0,0.091415831,2.5,4,4.333333333,-3.66516292363687,0.0,0.09445442307248415,2.1298091289962734e-18,0.237426023967447,R3_Bottom2
31,5,Heidi D'Amelio,Artem Chigvintsev,Social Media Personality,Eliminated Week 8,8,True,False,39.0,0.086956522,5.0,4,9.0,-3.0365542659749125,0.0,0.019856822110977043,0.0020878737167116233,-1.3221437674007712,R3_Bottom2
31,5,Jessie James Decker,Alan Bersten,Singer/Rapper,Eliminated Week 6,10,True,False,36.0,0.080267559,7.5,4,18.33333333,-2.3773086382688096,0.0,0.07686133451161722,0.000731381930564717,0.03131154921347318,R3_Bottom2
31,5,Jordin Sparks,Brandon Armstrong,Singer/Rapper,Eliminated Week 7,9,True,False,35.5,0.079152731,9.0,4,20.66666667,-2.2633643787093796,0.0,0.08684036520859806,0.004859166837657423,0.15338015187445728,R3_Bottom2
31,5,Joseph Baena,Daniella Karagach,Actor/Actress,Eliminated Week 5,11,True,True,35.0,0.078037904,10.0,4,10.0,-2.9412440863599816,0.0,0.0317459060081043,0.9911488011984945,-0.8529276262630927,R3_Bottom2
31,5,Selma Blair,Sasha Farber,Actor/Actress,Withdrew,12,True,True,40.0,0.089186176,4.0,4,4.666666667,-3.604538301928891,0.0,0.05942565774009666,6.694901359082492e-08,-0.22596531706890116,R3_Bottom2
31,5,Shangela,Gleb Savchenko,TV Personality,4th Place,4,True,False,38.5,0.085841695,6.0,4,14.0,-2.631089158561193,0.0,0.11004895906995828,8.26900515875255e-13,0.39023395056568294,R3_Bottom2
31,5,Trevor Donovan,Emma Slater,Actor/Actress,Eliminated Week 9,6,True,False,36.0,0.080267559,7.5,4,10.33333333,-2.911391123560122,0.0,0.11146016526137408,8.676301330406036e-10,0.402975866175906,R3_Bottom2
31,5,Vinny Guadagnino,Koko Iwasaki,TV Personality,Eliminated Week 8,7,True,False,31.0,0.069119287,12.0,4,40.33333333,-1.6174700836919773,0.0,0.1285568090963158,9.901550376086603e-05,0.5456795021141242,R3_Bottom2
31,5,Wayne Brady,Witney Carson,Comedian,3rd Place,3,True,False,41.0,0.091415831,2.5,4,19.0,-2.343407086456634,0.0,0.0983355061152335,2.0887689800151003e-17,0.2776937648536315,R3_Bottom2
31,6,Charli D'Amelio,Mark Ballas,Social Media Personality,1st Place,1,True,False,40.0,0.115942029,1.0,4,38.0,-1.8294997965754791,0.0,0.0833110416489149,2.4660318247588837e-14,-0.08548002935410548,R3_Bottom2
31,6,Daniel Durant,Britt Stewart,Actor/Actress,Eliminated Week 9,5,True,False,34.0,0.098550725,6.5,4,10.33333333,-3.065313205530151,0.0,0.1162606065766085,1.0387552477371877e-06,0.2477731571234255,R3_Bottom2
31,6,Gabby Windey,Valentin Chmerkovskiy,TV Personality,2nd Place,2,True,False,37.0,0.107246377,2.0,4,8.666666667,-3.2243778994615626,0.0,0.09237186722376445,7.986417626515823e-12,0.01776134246213351,R3_Bottom2
31,6,Heidi D'Amelio,Artem Chigvintsev,Social Media Personality,Eliminated Week 8,8,True,False,36.0,0.104347826,3.5,4,16.33333333,-2.64043001220527,0.0,0.020599822250767164,0.0020636992446603393,-1.4827786753958843,R3_Bottom2
31,6,Jessie James Decker,Alan Bersten,Singer/Rapper,Eliminated Week 6,10,True,True,32.0,0.092753623,9.0,4,38.0,-1.8294997965754791,0.0,0.08553173695417017,0.9878271918251251,-0.05917362303638085,R3_Bottom2
31,6,Jordin Sparks,Brandon Armstrong,Singer/Rapper,Eliminated Week 7,9,True,False,34.0,0.098550725,6.5,4,25.66666667,-2.2096470962861807,0.0,0.09779062795238719,0.009430633572188847,0.07476762119055286,R3_Bottom2
31,6,Shangela,Gleb Savchenko,TV Personality,4th Place,4,True,False,36.0,0.104347826,3.5,4,16.0,-2.6598480978425747,0.0,0.12041221728287556,2.98004508415767e-12,0.2828598776252151,R3_Bottom2
31,6,Trevor Donovan,Emma Slater,Actor/Actress,Eliminated Week 9,6,True,False,34.0,0.098550725,6.5,4,13.0,-2.85400411197723,0.0,0.12111115152519081,9.528210312193468e-07,0.2886476090304929,R3_Bottom2
31,6,Vinny Guadagnino,Koko Iwasaki,TV Personality,Eliminated Week 8,7,True,False,28.0,0.08115942,10.0,4,41.0,-1.755391824466263,0.0,0.15123549704324968,0.000636609273794199,0.5107770824454533,R3_Bottom2
31,6,Wayne Brady,Witney Carson,Comedian,3rd Place,3,True,False,34.0,0.098550725,6.5,4,26.0,-2.197224576423874,0.0,0.11137543154207155,3.987449696124167e-05,0.20484563790909727,R3_Bottom2
31,7,Charli D'Amelio,Mark Ballas,Social Media Personality,1st Place,1,True,False,39.0,0.119815668,1.5,4,50.0,-1.0986122883223581,0.0,0.0903807457186315,1.479847667353047e-11,-0.0981963668699361,R3_Bottom2
31,7,Daniel Durant,Britt Stewart,Actor/Actress,Eliminated Week 9,5,True,False,36.5,0.112135177,4.5,4,5.333333333,-3.1846112284851955,0.0,0.1256915944317741,5.138148516300211e-10,0.2316036215425395,R3_Bottom2
31,7,Gabby Windey,Valentin Chmerkovskiy,TV Personality,2nd Place,2,True,False,35.5,0.10906298,6.0,4,7.0,-2.950996377754348,0.0,0.09666634868267465,0.00492675253648107,-0.030962276926935872,R3_Bottom2
31,7,Heidi D'Amelio,Artem Chigvintsev,Social Media Personality,Eliminated Week 8,8,True,False,35.0,0.107526882,7.0,4,10.0,-2.6325426471574045,0.0,0.02253207807546,0.2234731669702879,-1.4872876356255857,R3_Bottom2
31,7,Jordin Sparks,Brandon Armstrong,Singer/Rapper,Eliminated Week 7,9,True,True,34.5,0.105990783,8.0,4,15.66666667,-2.217027203468648,0.0,0.10878067207354572,0.7715963185260166,0.08710605051363973,R3_Bottom2
31,7,Shangela,Gleb Savchenko,TV Personality,4th Place,4,True,False,36.5,0.112135177,4.5,4,14.33333333,-2.300408812745264,0.0,0.1287921483958744,7.752303214581459e-10,0.2559722304084145,R3_Bottom2
31,7,Trevor Donovan,Emma Slater,Actor/Actress,Eliminated Week 9,6,True,False,39.0,0.119815668,1.5,4,8.0,-2.8332133423104646,0.0,0.1309001783016571,6.531534449063686e-16,0.2722074132917026,R3_Bottom2
31,7,Vinny Guadagnino,Koko Iwasaki,TV Personality,Eliminated Week 8,7,True,False,31.5,0.096774194,9.0,4,18.33333333,-2.068607198849409,0.0,0.17004885136758308,3.760661180112574e-06,0.5338581350114215,R3_Bottom2
31,7,Wayne Brady,Witney Carson,Comedian,3rd Place,3,True,False,38.0,0.116743472,3.0,4,15.33333333,-2.237229911171514,0.0,0.12620738295279943,2.1900516346701526e-12,0.2356988286547395,R3_Bottom2
31,8,Charli D'Amelio,Mark Ballas,Social Media Personality,1st Place,1,True,False,45.0,0.143312102,1.5,4,40.66666667,-1.1878434220636622,0.0,0.11120575225129103,1.7511813057915567e-12,0.0016156760616994337,R3_Bottom2
31,8,Daniel Durant,Britt Stewart,Actor/Actress,Eliminated Week 9,5,True,False,39.0,0.124203822,5.5,4,8.666666667,-2.6488613283392133,0.0,0.13534385686302194,0.00030077478134018615,0.1980521946866492,R3_Bottom2
31,8,Gabby Windey,Valentin Chmerkovskiy,TV Personality,2nd Place,2,True,False,40.0,0.127388535,4.0,4,27.66666667,-1.561809862927432,0.0,0.10639948344684609,0.0003396635229432291,-0.04256571122252256,R3_Bottom2
31,8,Heidi D'Amelio,Artem Chigvintsev,Social Media Personality,Eliminated Week 8,8,True,True,35.0,0.111464968,7.0,4,4.666666667,-3.182943813247159,0.0,0.02523615179859563,0.975544293585674,-1.4814888716442267,R3_Bottom2
31,8,Shangela,Gleb Savchenko,TV Personality,4th Place,4,True,False,42.0,0.133757962,3.0,4,7.0,-2.8381033277176844,0.0,0.1490845995572215,3.1272630849919536e-10,0.2947474937859219,R3_Bottom2
31,8,Trevor Donovan,Emma Slater,Actor/Actress,Eliminated Week 9,6,True,False,39.0,0.124203822,5.5,4,7.333333333,-2.7972813333057625,0.0,0.1445825285518278,0.0003399295259191788,0.26408404306991895,R3_Bottom2
31,8,Vinny Guadagnino,Koko Iwasaki,TV Personality,Eliminated Week 8,7,True,True,29.0,0.092356688,8.0,4,19.66666667,-1.8890227739062908,0.0,0.18445108304552874,0.02347533826948353,0.5076178624867684,R3_Bottom2
31,8,Wayne Brady,Witney Carson,Comedian,3rd Place,3,True,False,45.0,0.143312102,1.5,4,13.0,-2.2784875405144045,0.0,0.1436965444856672,1.6201814808266675e-13,0.2579373127757911,R3_Bottom2
31,9,Charli D'Amelio,Mark Ballas,Social Media Personality,1st Place,1,True,False,40.0,0.181818182,1.5,4,36.0,-1.0042026039240621,0.0,0.1449158625372601,1.6125825716940924e-07,-0.13741239384159076,R3_Bottom2
31,9,Daniel Durant,Britt Stewart,Actor/Actress,Eliminated Week 9,5,True,True,34.5,0.156818182,5.0,4,10.0,-2.217225243124707,0.0,0.17291997108159335,0.0410339458838048,0.03926318308025785,R3_Bottom2
31,9,Gabby Windey,Valentin Chmerkovskiy,TV Personality,2nd Place,2,True,False,40.0,0.181818182,1.5,4,8.666666667,-2.3464369744435847,0.0,0.15873534403280667,1.4827245711287025e-07,-0.04632739702564069,R3_Bottom2
31,9,Shangela,Gleb Savchenko,TV Personality,4th Place,4,True,False,36.5,0.165909091,3.5,4,14.66666667,-1.8635852029418638,0.0,0.17174595142541754,8.330788256132812e-05,0.032450648854566735,R3_Bottom2
31,9,Trevor Donovan,Emma Slater,Actor/Actress,Eliminated Week 9,6,True,True,32.5,0.147727273,6.0,4,8.333333333,-2.3815282942877367,0.0,0.1753462546764036,0.9588173379437673,0.05319690774381243,R3_Bottom2
31,9,Wayne Brady,Witney Carson,Comedian,3rd Place,3,True,False,36.5,0.165909091,3.5,4,17.33333333,-1.7063996199078073,0.0,0.17633661624651875,6.509875915209342e-05,0.0588290511885944,R3_Bottom2
31,10,Charli D'Amelio,Mark Ballas,Social Media Personality,1st Place,1,True,False,40.0,0.256410256,1.5,4,34.0,-1.053149914271463,0.0,0.22347932542329974,0.03484109673672801,-0.10864830150070282,R3_Bottom2
31,10,Gabby Windey,Valentin Chmerkovskiy,TV Personality,2nd Place,2,True,False,40.0,0.256410256,1.5,4,13.33333333,-1.9459101485546488,0.0,0.2361237680784817,0.028568184386855315,-0.053611099011712016,R3_Bottom2
31,10,Shangela,Gleb Savchenko,TV Personality,4th Place,4,True,False,38.0,0.243589744,3.5,4,26.0,-1.3126611096716094,0.0,0.2672437708324915,0.5466447782016151,0.07019403366574586,R3_Bottom2
31,10,Wayne Brady,Witney Carson,Comedian,3rd Place,3,True,False,38.0,0.243589744,3.5,4,23.0,-1.4304441452815422,0.0,0.2731531356657271,0.3899459406748014,0.09206536684666897,R3_Bottom2
32,1,Adrian Peterson,Britt Stewart,Athlete,Eliminated Week 4,11,True,False,18.0,0.077922078,5.5,3,15.0,-2.374905753498672,0.0,0.02127047565815726,2.1938264921735173e-11,-0.914051261162076,R3_Bottom2
32,1,Alyson Hannigan,Sasha Farber,Actor/Actress,5th Place,5,True,False,13.0,0.056277056,11.0,3,11.0,-2.6625878255921194,0.0,0.1216314210650716,4.26625382693169e-15,0.8296240800799842,R3_Bottom2
32,1,Ariana Madix,Pasha Pashkov,TV Personality,3rd Place,3,True,False,21.0,0.090909091,2.5,3,6.0,-3.201584325300997,0.0,0.11040698734060102,1.5383653645396408e-30,0.7328021699787721,R3_Bottom2
32,1,Barry Williams,Peta Murgatroyd,Actor/Actress,Eliminated Week 8,7,True,False,16.0,0.069264069,8.0,3,4.0,-3.538056560939353,0.0,0.14808151987610615,2.1517853272738216e-23,1.0263916791076162,R3_Bottom2
32,1,Charity Lawson,Artem Chigvintsev,TV Personality,4th Place,4,True,False,22.0,0.095238095,1.0,3,20.0,-2.1029720382709827,0.0,0.06333392737603512,2.3984504600876014e-26,0.1770499100799389,R3_Bottom2
32,1,Harry Jowsey,Rylee Arnold,TV Personality,Eliminated Week 9,6,True,False,12.0,0.051948052,13.0,3,12.0,-2.5825451180288397,0.0,0.10381746146654297,4.040372996884458e-09,0.6712629258149915,R3_Bottom2
32,1,Jamie Lynn Spears,Alan Bersten,Actor/Actress,Eliminated Week 2,13,True,False,15.0,0.064935065,9.5,3,17.0,-2.2571227179617326,0.0,0.0055466548814363794,0.05418779852652995,-2.258176231008398,R3_Bottom2
32,1,Jason Mraz,Daniella Karagach,Singer/Rapper,2nd Place,2,True,False,21.0,0.090909091,2.5,3,8.0,-2.9502698975661223,0.0,0.10882246571757535,2.646453583330215e-30,0.7183465464911821,R3_Bottom2
32,1,Lele Pons,Brandon Armstrong,Social Media Personality,Eliminated Week 7,8,True,False,19.0,0.082251082,4.0,3,20.0,-2.1029720382709827,0.0,0.016863574393994073,1.0787617938634639e-13,-1.1462153184973665,R3_Bottom2
32,1,Matt Walsh,Koko Iwasaki,Comedian,Eliminated Week 1,14,True,True,12.0,0.051948052,13.0,3,19.0,-2.1517622023994623,0.0,0.03870482186814789,0.9416632347937038,-0.31540706463959356,R3_Bottom2
32,1,Mauricio Umansky,Emma Slater,TV Personality,Eliminated Week 6,9,True,False,15.0,0.064935065,9.5,3,3.0,-3.7612001113935625,0.0,0.08307940294754025,2.299251843841017e-12,0.4484255595156271,R3_Bottom2
32,1,Mira Sorvino,Gleb Savchenko,Actor/Actress,Eliminated Week 5,10,True,False,17.0,0.073593074,7.0,3,5.0,-3.3557350047187313,0.0,0.02771905573655199,2.091832439394909e-09,-0.6492511435865078,R3_Bottom2
32,1,Tyson Beckford,Jenna Johnson,Model,Eliminated Week 3,12,True,False,12.0,0.051948052,13.0,3,7.0,-3.0680529329836173,0.0,0.06408516655332214,0.004148960523211091,0.18884167313228975,R3_Bottom2
32,1,Xochitl Gomez,Valentin Chmerkovskiy,Actor/Actress,1st Place,1,True,False,18.0,0.077922078,5.5,3,11.0,-2.6625878255921194,0.0,0.086637065118918,1.4346208914783623e-20,0.4903564746935396,R3_Bottom2
32,2,Adrian Peterson,Britt Stewart,Athlete,Eliminated Week 4,11,True,False,15.0,0.06302521,11.0,3,11.66666667,-2.4026685502111786,0.0,0.023673828004355787,0.6980075784394789,-0.8871112074930254,R3_Bottom2
32,2,Alyson Hannigan,Sasha Farber,Actor/Actress,5th Place,5,True,False,19.0,0.079831933,6.0,3,8.0,-2.744417843746101,0.0,0.13122842501868934,8.26242850303222e-23,0.825458165321812,R3_Bottom2
32,2,Ariana Madix,Pasha Pashkov,TV Personality,3rd Place,3,True,False,20.0,0.084033613,5.0,3,7.666666667,-2.7821581716306567,0.0,0.1116711883546932,3.1666729309919425e-22,0.6640773932378151,R3_Bottom2
32,2,Barry Williams,Peta Murgatroyd,Actor/Actress,Eliminated Week 8,7,True,False,15.0,0.06302521,11.0,3,7.0,-2.86220087920804,0.0,0.14394561342287568,1.06913061710061e-14,0.9179542018439302,R3_Bottom2
32,2,Charity Lawson,Artem Chigvintsev,TV Personality,4th Place,4,True,False,21.0,0.088235294,3.5,3,8.0,-2.744417843746101,0.0,0.07309808958281588,1.513528836410082e-19,0.2403208902882928,R3_Bottom2
32,2,Harry Jowsey,Rylee Arnold,TV Personality,Eliminated Week 9,6,True,False,15.0,0.06302521,11.0,3,17.0,-2.0512706639639333,0.0,0.11228055371536468,8.143835798095359e-11,0.6695193412118816,R3_Bottom2
32,2,Jamie Lynn Spears,Alan Bersten,Actor/Actress,Eliminated Week 2,13,True,True,16.0,0.067226891,9.0,3,12.66666667,-2.3266826433333847,0.0,0.0062566621787008584,0.2813860866757619,-2.217834497207278,R3_Bottom2
32,2,Jason Mraz,Daniella Karagach,Singer/Rapper,2nd Place,2,True,False,24.0,0.100840336,1.5,3,11.33333333,-2.429336797796896,0.0,0.11303654680310223,4.4095731612309346e-30,0.6762298476307584,R3_Bottom2
32,2,Lele Pons,Brandon Armstrong,Social Media Personality,Eliminated Week 7,8,True,False,21.0,0.088235294,3.5,3,13.0,-2.302585092022617,0.0,0.019374013801287105,1.555086784093782e-13,-1.0875486684627265,R3_Bottom2
32,2,Mauricio Umansky,Emma Slater,TV Personality,Eliminated Week 6,9,True,False,12.0,0.050420168,13.0,3,6.0,-2.9957322715825625,0.0,0.07872579624245862,0.02060502952948989,0.314489539334224,R3_Bottom2
32,2,Mira Sorvino,Gleb Savchenko,Actor/Actress,Eliminated Week 5,10,True,False,18.0,0.075630252,7.5,3,7.0,-2.86220087920804,0.0,0.027543415594302217,1.305186597898067e-06,-0.7357178331856065,R3_Bottom2
32,2,Tyson Beckford,Jenna Johnson,Model,Eliminated Week 3,12,True,False,18.0,0.075630252,7.5,3,8.666666667,-2.6729588798367527,0.0,0.06579550804282293,8.706685227014553e-11,0.13507022734665752,R3_Bottom2
32,2,Xochitl Gomez,Valentin Chmerkovskiy,Actor/Actress,1st Place,1,True,False,24.0,0.100840336,1.5,3,9.0,-2.63905732824383,0.0,0.09337035923853158,3.8554255346400805e-27,0.48509260013326383,R3_Bottom2
32,3,Adrian Peterson,Britt Stewart,Athlete,Eliminated Week 4,11,True,False,22.0,0.068111455,11.0,4,11.66666667,-2.286669636515644,0.0,0.023922626760893566,0.04097749337914464,-1.0656810661873268,R3_Bottom2
32,3,Alyson Hannigan,Sasha Farber,Actor/Actress,5th Place,5,True,False,24.0,0.074303406,8.5,4,6.333333333,-2.8332133424765367,0.0,0.12855602849209383,1.7903737917387848e-15,0.6158590250409438,R3_Bottom2
32,3,Ariana Madix,Pasha Pashkov,TV Personality,3rd Place,3,True,False,34.0,0.105263158,1.5,4,6.666666667,-2.788761579890683,0.0,0.11158712237285212,3.448720679342718e-29,0.47429984870567843,R3_Bottom2
32,3,Barry Williams,Peta Murgatroyd,Actor/Actress,Eliminated Week 8,7,True,False,25.0,0.077399381,7.0,4,3.333333333,-3.359306437227861,0.0,0.14532020922276395,4.3545966251105916e-20,0.7384338434310017,R3_Bottom2
32,3,Charity Lawson,Artem Chigvintsev,TV Personality,4th Place,4,True,False,32.0,0.099071207,3.5,4,8.333333333,-2.592051286014194,0.0,0.06953706793449071,3.3412553258161967e-19,0.0013541583055306783,R3_Bottom2
32,3,Harry Jowsey,Rylee Arnold,TV Personality,Eliminated Week 9,6,True,False,24.0,0.074303406,8.5,4,23.0,-1.6475896779538983,0.0,0.11990694604431575,2.690991609698011e-14,0.5462101886755338,R3_Bottom2
32,3,Jason Mraz,Daniella Karagach,Singer/Rapper,2nd Place,2,True,False,34.0,0.105263158,1.5,4,10.66666667,-2.368907734645699,0.0,0.11706038183198976,5.576292564479003e-30,0.5221840820470691,R3_Bottom2
32,3,Lele Pons,Brandon Armstrong,Social Media Personality,Eliminated Week 7,8,True,False,27.0,0.083591331,5.0,4,12.66666667,-2.2106837296289927,0.0,0.019596364517248405,4.087680823444652e-09,-1.2651617384408584,R3_Bottom2
32,3,Mauricio Umansky,Emma Slater,TV Personality,Eliminated Week 6,9,True,False,23.0,0.07120743,10.0,4,9.0,-2.5230584145805763,0.0,0.07807930328551506,9.253166653359916e-06,0.11721921532069876,R3_Bottom2
32,3,Mira Sorvino,Gleb Savchenko,Actor/Actress,Eliminated Week 5,10,True,False,26.0,0.080495356,6.0,4,5.0,-3.0338840375154557,0.0,0.027470900309813726,8.951501172929807e-08,-0.9273785297966514,R3_Bottom2
32,3,Tyson Beckford,Jenna Johnson,Model,Eliminated Week 3,12,True,True,20.0,0.061919505,12.0,4,6.333333333,-2.8332133424765367,0.0,0.06642010140310725,0.9590131598514806,-0.04450606101640628,R3_Bottom2
32,3,Xochitl Gomez,Valentin Chmerkovskiy,Actor/Actress,1st Place,1,True,False,32.0,0.099071207,3.5,4,9.666666667,-2.458519893489672,0.0,0.09254294782491566,3.1072965098427804e-22,0.2871670339147868,R3_Bottom2
32,4,Adrian Peterson,Britt Stewart,Athlete,Eliminated Week 4,11,True,True,21.0,0.0875,7.0,3,8.333333333,-2.2399495210229436,0.0,0.02597498090454876,0.48717476031339085,-1.0566556806357956,R3_Bottom2
32,4,Alyson Hannigan,Sasha Farber,Actor/Actress,5th Place,5,True,False,18.0,0.075,10.5,3,7.0,-2.39410020065794,0.0,0.13156382333246847,2.4373963375290642e-05,0.5657025999366849,R3_Bottom2
32,4,Ariana Madix,Pasha Pashkov,TV Personality,3rd Place,3,True,False,25.0,0.104166667,2.0,3,5.0,-2.681782272744443,0.0,0.11785935408265656,8.906154445382449e-19,0.45570251654330296,R3_Bottom2
32,4,Barry Williams,Peta Murgatroyd,Actor/Actress,Eliminated Week 8,7,True,False,18.0,0.075,10.5,3,2.666666667,-3.1742587568215304,0.0,0.143966559898803,5.927880961827592e-07,0.6557915672095911,R3_Bottom2
32,4,Charity Lawson,Artem Chigvintsev,TV Personality,4th Place,4,True,False,24.0,0.1,3.5,3,2.666666667,-3.1742587568215304,0.0,0.07274457269477072,6.949537795848511e-11,-0.026835181338523306,R3_Bottom2
32,4,Harry Jowsey,Rylee Arnold,TV Personality,Eliminated Week 9,6,True,False,21.0,0.0875,7.0,3,15.33333333,-1.6803337336584392,0.0,0.14212805204520768,1.2368143677063783e-12,0.6429389437392308,R3_Bottom2
32,4,Jason Mraz,Daniella Karagach,Singer/Rapper,2nd Place,2,True,False,24.0,0.1,3.5,3,10.33333333,-2.0457935070061457,0.0,0.12824438020929652,2.3004544721150898e-17,0.540148181586459,R3_Bottom2
32,4,Lele Pons,Brandon Armstrong,Social Media Personality,Eliminated Week 7,8,True,False,22.0,0.091666667,5.0,3,9.0,-2.170956649562897,0.0,0.02122092082808339,0.0011000565884434555,-1.2588019558802948,R3_Bottom2
32,4,Mauricio Umansky,Emma Slater,TV Personality,Eliminated Week 6,9,True,False,19.0,0.079166667,9.0,3,4.333333333,-2.799565308280688,0.0,0.08825651437436749,0.026011357485268085,0.16645802788881944,R3_Bottom2
32,4,Mira Sorvino,Gleb Savchenko,Actor/Actress,Eliminated Week 5,10,True,False,21.0,0.0875,7.0,3,5.0,-2.681782272744443,0.0,0.028209066178241465,0.4856888587906943,-0.9741460605157855,R3_Bottom2
32,4,Xochitl Gomez,Valentin Chmerkovskiy,Actor/Actress,1st Place,1,True,False,27.0,0.1125,1.0,3,7.0,-2.39410020065794,0.0,0.09983177545155611,4.58877797433482e-19,0.28969704146631076,R3_Bottom2
32,5,Alyson Hannigan,Sasha Farber,Actor/Actress,5th Place,5,True,False,21.0,0.0875,9.0,3,5.666666667,-2.583997551076099,0.0,0.13719736337518393,2.15251610045463e-05,0.48228054961796285,R3_Bottom2
32,5,Ariana Madix,Pasha Pashkov,TV Personality,3rd Place,3,True,False,24.0,0.1,5.5,3,6.0,-2.5352073870197627,0.0,0.11971306337746769,1.795552110956292e-09,0.3459577928167711,R3_Bottom2
32,5,Barry Williams,Peta Murgatroyd,Actor/Actress,Eliminated Week 8,7,True,False,24.0,0.1,5.5,3,3.666666667,-2.940672494425546,0.0,0.14027872551329404,3.883580530835875e-12,0.5044913918177218,R3_Bottom2
32,5,Charity Lawson,Artem Chigvintsev,TV Personality,4th Place,4,True,False,28.0,0.116666667,1.5,3,8.0,-2.28389295901928,0.0,0.06578952558305508,1.3359715044600351e-12,-0.2526793081150921,R3_Bottom2
32,5,Harry Jowsey,Rylee Arnold,TV Personality,Eliminated Week 9,6,True,False,18.0,0.075,10.0,3,16.0,-1.6479041927611566,0.0,0.15553094976134055,8.118395839562847e-06,0.6077047975425459,R3_Bottom2
32,5,Jason Mraz,Daniella Karagach,Singer/Rapper,2nd Place,2,True,False,27.0,0.1125,3.0,3,9.666666667,-2.1139939223459887,0.0,0.13879860230614652,2.789623644174276e-17,0.4938840300744356,R3_Bottom2
32,5,Lele Pons,Brandon Armstrong,Social Media Personality,Eliminated Week 7,8,True,False,24.0,0.1,5.5,3,7.666666667,-2.3216332869259158,0.0,0.02184904656189275,0.1358562746554287,-1.354982663128902,R3_Bottom2
32,5,Mauricio Umansky,Emma Slater,TV Personality,Eliminated Week 6,9,True,False,24.0,0.1,5.5,3,6.0,-2.5352073870197627,0.0,0.08946018333954445,3.136829766341549e-06,0.0546536992979417,R3_Bottom2
32,5,Mira Sorvino,Gleb Savchenko,Actor/Actress,Eliminated Week 5,10,True,True,22.0,0.091666667,8.0,3,5.666666667,-2.583997551076099,0.0,0.0290387833843512,0.8641109431571883,-1.0705076535063918,R3_Bottom2
32,5,Xochitl Gomez,Valentin Chmerkovskiy,Actor/Actress,1st Place,1,True,False,28.0,0.116666667,1.5,3,10.0,-2.0832222637355797,0.0,0.10234375679772384,9.864025964371341e-16,0.1891973635830069,R3_Bottom2
32,6,Alyson Hannigan,Sasha Farber,Actor/Actress,5th Place,5,True,False,31.0,0.096273292,8.0,4,12.66666667,-1.9528546204558836,0.0,0.13544251827240805,0.020010280622362573,0.3247018798491085,R3_Bottom2
32,6,Ariana Madix,Pasha Pashkov,TV Personality,3rd Place,3,True,False,41.0,0.127329193,2.0,4,5.333333333,-2.721987707474111,0.0,0.12254180401324843,4.325769995035846e-13,0.2246067779484548,R3_Bottom2
32,6,Barry Williams,Peta Murgatroyd,Actor/Actress,Eliminated Week 8,7,True,False,32.0,0.099378882,7.0,4,2.666666667,-3.2685314125924196,0.0,0.1408063774739214,0.00010179059829575906,0.36354028618495293,R3_Bottom2
32,6,Charity Lawson,Artem Chigvintsev,TV Personality,4th Place,4,True,False,38.0,0.118012422,4.0,4,9.333333333,-2.2324394827238256,0.0,0.0681368644687548,0.0040253323996167845,-0.3623270559130233,R3_Bottom2
32,6,Harry Jowsey,Rylee Arnold,TV Personality,Eliminated Week 9,6,True,False,29.0,0.090062112,9.0,4,13.0,-1.9287570691375082,0.0,0.1665121503193731,0.0003651538420788776,0.5312228305767679,R3_Bottom2
32,6,Jason Mraz,Daniella Karagach,Singer/Rapper,2nd Place,2,True,False,39.0,0.121118012,3.0,4,9.0,-2.265229305483483,0.0,0.14493019657668146,4.89422047479438e-13,0.39240677251722667,R3_Bottom2
32,6,Lele Pons,Brandon Armstrong,Social Media Personality,Eliminated Week 7,8,True,False,37.0,0.114906832,5.0,4,8.333333333,-2.3342221769373395,0.0,0.021614144304662606,0.028914400100723492,-1.5104975217695438,R3_Bottom2
32,6,Mauricio Umansky,Emma Slater,TV Personality,Eliminated Week 6,9,True,True,33.0,0.102484472,6.0,4,17.33333333,-1.6590935025328646,0.0,0.09198110098043244,0.9465830424329603,-0.06226231925144246,R3_Bottom2
32,6,Xochitl Gomez,Valentin Chmerkovskiy,Actor/Actress,1st Place,1,True,False,42.0,0.130434783,1.0,4,9.666666667,-2.2006907843748706,0.0,0.10803484359051764,3.0401826866589476e-12,0.09860834985749878,R3_Bottom2
32,7,Alyson Hannigan,Sasha Farber,Actor/Actress,5th Place,5,True,False,35.0,0.124113475,6.0,4,8.333333333,-2.1690536995710534,0.0,0.1598856481616445,0.00015247693636279383,0.3889086395826031,R3_Bottom2
32,7,Ariana Madix,Pasha Pashkov,TV Personality,3rd Place,3,True,False,37.0,0.131205674,1.5,4,8.666666667,-2.133962379719759,0.0,0.1311159271661097,3.2744351123945506e-09,0.1905316509293099,R3_Bottom2
32,7,Barry Williams,Peta Murgatroyd,Actor/Actress,Eliminated Week 8,7,True,False,32.5,0.115248227,7.0,4,1.666666667,-3.421816665718207,0.0,0.1463836461583408,0.3320956531013487,0.3006806675764317,R3_Bottom2
32,7,Charity Lawson,Artem Chigvintsev,TV Personality,4th Place,4,True,False,36.0,0.127659574,4.5,4,19.66666667,-1.374123824984,0.0,0.07598984969784298,0.29656820001298767,-0.3549504463829017,R3_Bottom2
32,7,Harry Jowsey,Rylee Arnold,TV Personality,Eliminated Week 9,6,True,False,32.0,0.113475177,8.0,4,6.666666667,-2.365763993547698,0.0,0.18421659592314807,0.0029336461296678154,0.5305619959229124,R3_Bottom2
32,7,Jason Mraz,Daniella Karagach,Singer/Rapper,2nd Place,2,True,False,36.0,0.127659574,4.5,4,8.333333333,-2.1690536995710534,0.0,0.15922873852582095,7.949437086187476e-07,0.38479155435464757,R3_Bottom2
32,7,Lele Pons,Brandon Armstrong,Social Media Personality,Eliminated Week 7,8,True,True,36.5,0.129432624,3.0,4,8.333333333,-2.1690536995710534,0.0,0.02317420271613887,0.3682491119956737,-1.5425105130378993,R3_Bottom2
32,7,Xochitl Gomez,Valentin Chmerkovskiy,Actor/Actress,1st Place,1,True,False,37.0,0.131205674,1.5,4,12.0,-1.8376965638276916,0.0,0.12000539165095409,1.1360581579252219e-07,0.10198645105489654,R3_Bottom2
32,8,Alyson Hannigan,Sasha Farber,Actor/Actress,5th Place,5,True,False,36.0,0.14229249,4.0,4,7.333333333,-2.137710448986378,0.0,0.16602311547042914,8.659766782801216e-06,0.171405278544244,R3_Bottom2
32,8,Ariana Madix,Pasha Pashkov,TV Personality,3rd Place,3,True,False,42.0,0.166007905,1.0,4,13.33333333,-1.595386158708551,0.0,0.14060365328312976,1.5233324867102912e-09,0.005223212620742466,R3_Bottom2
32,8,Barry Williams,Peta Murgatroyd,Actor/Actress,Eliminated Week 8,7,True,True,35.0,0.138339921,5.0,4,2.666666667,-2.9586909998460262,0.0,0.13773508642661017,0.8307144313102786,-0.01538957327346632,R3_Bottom2
32,8,Charity Lawson,Artem Chigvintsev,TV Personality,4th Place,4,True,False,39.0,0.154150198,3.0,4,13.0,-1.6189166558744483,0.0,0.08838866650636175,0.03196279438448511,-0.45897799545702883,R3_Bottom2
32,8,Harry Jowsey,Rylee Arnold,TV Personality,Eliminated Week 9,6,True,False,28.0,0.110671937,7.0,4,8.333333333,-2.024381763765946,0.0,0.17514695564710397,0.09354636137465121,0.22490361814871565,R3_Bottom2
32,8,Jason Mraz,Daniella Karagach,Singer/Rapper,2nd Place,2,True,False,33.0,0.130434783,6.0,4,8.333333333,-2.024381763765946,0.0,0.16304840116124217,0.043716164061057064,0.1533253464286304,R3_Bottom2
32,8,Xochitl Gomez,Valentin Chmerkovskiy,Actor/Actress,1st Place,1,True,False,40.0,0.158102767,2.0,4,10.66666667,-1.801238212281736,0.0,0.12905412150512305,5.158757941294023e-05,-0.0804898870118374,R3_Bottom2
32,9,Alyson Hannigan,Sasha Farber,Actor/Actress,5th Place,5,True,False,32.0,0.14479638,5.0,4,11.0,-1.6094379120341002,0.0,0.18742350514445189,0.08344569871928166,0.1370777773564562,R3_Bottom2
32,9,Ariana Madix,Pasha Pashkov,TV Personality,3rd Place,3,True,False,37.0,0.167420814,4.0,4,6.0,-2.1484344124096446,0.0,0.17743843184265432,0.014912461537632048,0.08233067363871091,R3_Bottom2
32,9,Charity Lawson,Artem Chigvintsev,TV Personality,4th Place,4,True,False,38.0,0.171945701,3.0,4,5.333333333,-2.248517870929033,0.0,0.10637475730978645,0.016002489506921378,-0.42932470681581947,R3_Bottom2
32,9,Harry Jowsey,Rylee Arnold,TV Personality,Eliminated Week 9,6,True,True,30.0,0.135746606,6.0,4,10.66666667,-1.6376087887007966,0.0,0.1928571571866032,0.8852296053365186,0.1656567844304262,R3_Bottom2
32,9,Jason Mraz,Daniella Karagach,Singer/Rapper,2nd Place,2,True,False,43.0,0.194570136,1.0,4,11.66666667,-1.5553706905269824,0.0,0.1851373613176599,7.091694423358858e-10,0.12480503092764805,R3_Bottom2
32,9,Xochitl Gomez,Valentin Chmerkovskiy,Actor/Actress,1st Place,1,True,False,41.0,0.185520362,2.0,4,9.333333333,-1.7589696459566768,0.0,0.1507687871988443,0.0004097441904766633,-0.08054555953742193,R3_Bottom2
32,10,Alyson Hannigan,Sasha Farber,Actor/Actress,5th Place,5,True,False,25.5,0.178947368,5.0,3,9.666666667,-1.461517781894978,0.0,0.24147920956455926,0.8824966874789844,0.21717720394268003,R3_Bottom2
32,10,Ariana Madix,Pasha Pashkov,TV Personality,3rd Place,3,True,False,29.0,0.203508772,3.0,3,11.0,-1.3437347463177614,0.0,0.2122934245230573,0.03732642647872719,0.08836321897347954,R3_Bottom2
32,10,Charity Lawson,Artem Chigvintsev,TV Personality,4th Place,4,True,False,29.5,0.207017544,2.0,3,4.333333333,-2.1546649621174234,0.0,0.12199669751670736,0.052011686219187,-0.4656122018528238,R3_Bottom2
32,10,Jason Mraz,Daniella Karagach,Singer/Rapper,2nd Place,2,True,False,28.5,0.2,4.0,3,8.666666667,-1.5599578546603858,0.0,0.23797652969552768,0.02770627582898506,0.20256587739954102,R3_Bottom2
32,10,Xochitl Gomez,Valentin Chmerkovskiy,Actor/Actress,1st Place,1,True,False,30.0,0.210526316,1.0,3,7.333333333,-1.708377859777004,0.0,0.18625413870014837,0.0004589239941163895,-0.04249409846287672,R3_Bottom2
32,11,Alyson Hannigan,Sasha Farber,Actor/Actress,5th Place,5,True,False,26.5,0.182130584,5.0,3,13.0,-1.5198257531778954,0.0,0.2461358671991024,0.8021143636696465,0.24580073010723924,R3_Bottom2
32,11,Ariana Madix,Pasha Pashkov,TV Personality,3rd Place,3,True,False,29.5,0.202749141,3.5,3,16.33333333,-1.3062516531600563,0.0,0.22401550563713266,0.06960350967092134,0.15163231200579694,R3_Bottom2
32,11,Charity Lawson,Artem Chigvintsev,TV Personality,4th Place,4,True,False,29.5,0.202749141,3.5,3,11.0,-1.673976432928963,0.0,0.1116110127339339,0.1234710604717796,-0.545063233557668,R3_Bottom2
32,11,Jason Mraz,Daniella Karagach,Singer/Rapper,2nd Place,2,True,False,30.0,0.206185567,1.5,3,10.33333333,-1.731134847031657,0.0,0.23705616407300323,3.572288959952462e-06,0.2082141332230965,R3_Bottom2
32,11,Xochitl Gomez,Valentin Chmerkovskiy,Actor/Actress,1st Place,1,True,False,30.0,0.206185567,1.5,3,8.333333333,-1.9252908610932025,0.0,0.18118145035682787,0.004807493898692682,-0.06058394177846474,R3_Bottom2
33,1,Anna Delvey,Ezra Sosa,Con artist,Eliminated Week 2,12,True,False,18.0,0.072874494,9.0,3,8.0,-2.7515353114752825,0.0,0.02764948670597206,0.2709376061754406,-0.7085681469469978,R3_Bottom2
33,1,Brooks Nader,Gleb Savchenko,Model,Eliminated Week 4,9,True,False,18.0,0.072874494,9.0,3,15.0,-2.176171167257137,0.0,0.03926668886248355,0.009847645313075084,-0.3577987629560067,R3_Bottom2
33,1,Chandler Kinney,Brandon Armstrong,Actor/Actress,3rd Place,3,True,False,23.0,0.093117409,1.0,3,4.0,-3.3393219751240677,0.0,0.07938020048639685,2.1367932043009664e-22,0.34607366224178926,R3_Bottom2
33,1,Danny Amendola,Witney Carson,Athlete,5th Place,5,True,False,20.0,0.08097166,5.0,3,6.0,-3.0028497393085694,0.0,0.13574065753798648,2.1855657698039126e-21,0.8825708245990749,R3_Bottom2
33,1,Dwight Howard ,Daniella Karagach,Athlete,Eliminated Week 7,6,True,False,22.0,0.089068826,2.0,3,6.0,-3.0028497393085694,0.0,0.10712280452158282,1.0346602695992856e-23,0.6458005713965582,R3_Bottom2
33,1,Eric Roberts,Britt Stewart,Actor/Actress,Eliminated Week 3,10,True,False,15.0,0.060728745,13.0,3,7.0,-2.8693183469358323,0.0,0.11608783743828223,5.1543711720834914e-05,0.7261718130922953,R3_Bottom2
33,1,Ilona Maher,Alan Bersten,Athlete,2nd Place,2,True,False,18.0,0.072874494,9.0,3,12.0,-2.383810531832016,0.0,0.1529079970391681,7.315289731913822e-16,1.0016611032180165,R3_Bottom2
33,1,Jenn Tran,Sasha Farber,TV Personality,Eliminated Week 6,7,True,False,19.0,0.076923077,6.5,3,28.0,-1.5814640599054874,0.0,0.034172506665349794,1.893610709917202e-06,-0.4967538886689586,R3_Bottom2
33,1,Joey Graziadei,Jenna Johnson,TV Personality,1st Place,1,True,False,21.0,0.085020243,3.5,3,11.0,-2.463853239415168,0.0,0.007028743745995312,5.82882580463061e-09,-2.0781673199146486,R3_Bottom2
33,1,Phaedra Parks,Val Chmerkovskiy,TV Personality,Eliminated Week 5,8,True,False,19.0,0.076923077,6.5,3,7.0,-2.8693183469358323,0.0,0.07502096053776487,3.2611899059241404e-11,0.28959223756391933,R3_Bottom2
33,1,Reginald VelJohnson,Emma Slater,Actor/Actress,Eliminated Week 3,10,True,False,16.0,0.064777328,12.0,3,9.0,-2.6461747959741224,0.0,0.08190710024763845,0.016914933093512764,0.37741037044794784,R3_Bottom2
33,1,Stephen Nedoroscik,Rylee Arnold,Athlete,4th Place,4,True,False,21.0,0.085020243,3.5,3,10.0,-2.5508646162979796,0.0,0.13085292705887772,1.0789023525996927e-23,0.8458986875371574,R3_Bottom2
33,1,Tori Spelling,Pasha Pashkov,Actor/Actress,Eliminated Week 2,12,True,False,17.0,0.068825911,11.0,3,5.0,-3.1570004188001133,0.0,0.012862089152501829,0.7022463722341024,-1.4738911516101472,R3_Bottom2
33,2,Anna Delvey,Ezra Sosa,Con artist,Eliminated Week 2,12,True,True,17.0,0.065891473,11.0,3,21.0,-2.378423168347493,0.0,0.027424631902669954,0.8638591108103427,-0.7210987372450414,R3_Bottom2
33,2,Brooks Nader,Gleb Savchenko,Model,Eliminated Week 4,9,True,False,20.0,0.07751938,8.0,3,7.333333333,-3.3492020837765057,0.0,0.04216801930517796,1.233192693820049e-07,-0.290878223984819,R3_Bottom2
33,2,Chandler Kinney,Brandon Armstrong,Actor/Actress,3rd Place,3,True,False,24.0,0.093023256,1.0,3,7.666666667,-3.3099813706543006,0.0,0.07406621542988569,1.4007270637289612e-24,0.27241917485963707,R3_Bottom2
33,2,Danny Amendola,Witney Carson,Athlete,5th Place,5,True,False,21.0,0.081395349,6.0,3,7.333333333,-3.3492020837765057,0.0,0.13194856674857244,3.9535437809772277e-22,0.8498718794571049,R3_Bottom2
33,2,Dwight Howard ,Daniella Karagach,Athlete,Eliminated Week 7,6,True,False,22.0,0.085271318,3.0,3,17.33333333,-2.560744725107508,0.0,0.10327811029014053,4.581899779648311e-24,0.6048851280591844,R3_Bottom2
33,2,Eric Roberts,Britt Stewart,Actor/Actress,Eliminated Week 3,10,True,False,15.0,0.058139535,12.5,3,11.66666667,-2.9304917495894784,0.0,0.11417599936432658,2.5151806459582015e-08,0.7052007905965514,R3_Bottom2
33,2,Ilona Maher,Alan Bersten,Athlete,2nd Place,2,True,False,21.0,0.081395349,6.0,3,14.0,-2.7614154201001644,0.0,0.15917033571416386,1.8677482304450576e-24,1.0374346012408524,R3_Bottom2
33,2,Jenn Tran,Sasha Farber,TV Personality,Eliminated Week 6,7,True,False,19.0,0.073643411,9.5,3,27.0,-2.1372611117617737,0.0,0.03892913564250837,0.00016818011528356392,-0.3707973628414737,R3_Bottom2
33,2,Joey Graziadei,Jenna Johnson,TV Personality,1st Place,1,True,False,22.0,0.085271318,3.0,3,53.66666667,-1.468211483133386,0.0,0.007149371455157661,2.003755113049234e-12,-2.0655158768812596,R3_Bottom2
33,2,Phaedra Parks,Val Chmerkovskiy,TV Personality,Eliminated Week 5,8,True,False,21.0,0.081395349,6.0,3,14.66666667,-2.717930308014988,0.0,0.07362218728160234,4.1178502012637785e-15,0.26640611658262453,R3_Bottom2
33,2,Reginald VelJohnson,Emma Slater,Actor/Actress,Eliminated Week 3,10,True,False,15.0,0.058139535,12.5,3,11.66666667,-2.9304917495894784,0.0,0.08275378391035033,0.00017659426155834966,0.3833294188715705,R3_Bottom2
33,2,Stephen Nedoroscik,Rylee Arnold,Athlete,4th Place,4,True,False,22.0,0.085271318,3.0,3,19.0,-2.4737333480439387,0.0,0.1330977216453248,1.6912846606352845e-27,0.8585432862852151,R3_Bottom2
33,2,Tori Spelling,Pasha Pashkov,Actor/Actress,Eliminated Week 2,12,True,True,19.0,0.073643411,9.5,3,12.0,-2.9045162634974186,0.0,0.012215921310119521,0.13579596633973173,-1.5298001950001452,R3_Bottom2
33,3,Brooks Nader,Gleb Savchenko,Model,Eliminated Week 4,9,True,False,30.5,0.09591195,5.0,4,5.0,-2.3774864000945404,0.0,0.039655382284434444,1.6487227473878662e-07,-0.6099856315009246,R3_Bottom2
33,3,Chandler Kinney,Brandon Armstrong,Actor/Actress,3rd Place,3,True,False,34.5,0.108490566,2.0,4,3.333333333,-2.7029088001915613,0.0,0.07433120146764108,8.3896817783718305e-16,0.018318487325388794,R3_Bottom2
33,3,Danny Amendola,Witney Carson,Athlete,5th Place,5,True,False,30.0,0.094339623,6.0,4,2.333333333,-2.965273064234437,0.0,0.12990094091581536,2.1751151832499646e-14,0.5765598517882925,R3_Bottom2
33,3,Dwight Howard ,Daniella Karagach,Athlete,Eliminated Week 7,6,True,False,26.0,0.081761006,9.0,4,5.666666667,-2.272125884494492,0.0,0.11342487938088183,5.307822067589068e-06,0.44092844687542176,R3_Bottom2
33,3,Eric Roberts,Britt Stewart,Actor/Actress,Eliminated Week 3,10,True,True,23.0,0.072327044,10.0,4,3.0,-2.7829515076638156,0.0,0.11859358343991583,0.0051202981408512115,0.4854900673219821,R3_Bottom2
33,3,Ilona Maher,Alan Bersten,Athlete,2nd Place,2,True,False,28.0,0.088050314,7.5,4,7.666666667,-2.009761620262385,0.0,0.16428120783476807,1.3776222101683247e-14,0.8113673261069528,R3_Bottom2
33,3,Jenn Tran,Sasha Farber,TV Personality,Eliminated Week 6,7,True,False,31.0,0.097484277,3.5,4,8.666666667,-1.9005623283785604,0.0,0.042351024339223727,5.394475970215297e-09,-0.5442197069753644,R3_Bottom2
33,3,Joey Graziadei,Jenna Johnson,TV Personality,1st Place,1,True,False,35.0,0.110062893,1.0,4,4.333333333,-2.4952694356787015,0.0,0.009013634650861671,4.344341913263237e-12,-2.091473923100801,R3_Bottom2
33,3,Phaedra Parks,Val Chmerkovskiy,TV Personality,Eliminated Week 5,8,True,False,28.0,0.088050314,7.5,4,4.0,-2.5598079566729393,0.0,0.07872895034733637,1.0905420511202572e-05,0.0757986295509763,R3_Bottom2
33,3,Reginald VelJohnson,Emma Slater,Actor/Actress,Eliminated Week 3,10,True,True,21.0,0.066037736,11.0,4,3.0,-2.7829515076638156,0.0,0.08504010390506901,0.9948633183454386,0.15291064062271273,R3_Bottom2
33,3,Stephen Nedoroscik,Rylee Arnold,Athlete,4th Place,4,True,False,31.0,0.097484277,3.5,4,6.666666667,-2.1323639422523764,0.0,0.14467909143405258,2.951106380671821e-19,0.6843058119853628,R3_Bottom2
33,4,Brooks Nader,Gleb Savchenko,Model,Eliminated Week 4,9,True,True,32.0,0.108843537,6.0,4,10.0,-2.20727491231063,0.0,0.04930248999958215,0.2832559744613552,-0.5382166032511435,R3_Bottom2
33,4,Chandler Kinney,Brandon Armstrong,Actor/Actress,3rd Place,3,True,False,32.0,0.108843537,6.0,4,11.66666667,-2.0661963139071835,0.0,0.09193073010300801,0.001429880441722198,0.08484416967390784,R3_Bottom2
33,4,Danny Amendola,Witney Carson,Athlete,5th Place,5,True,False,36.0,0.12244898,1.5,4,5.333333333,-2.759343493993445,0.0,0.15379162105298202,5.532392573218166e-16,0.5994073859727513,R3_Bottom2
33,4,Dwight Howard ,Daniella Karagach,Athlete,Eliminated Week 7,6,True,False,29.0,0.098639456,9.0,4,8.666666667,-2.3364866436307614,0.0,0.14514503487379143,0.0904782513656791,0.5415422929070033,R3_Bottom2
33,4,Ilona Maher,Alan Bersten,Athlete,2nd Place,2,True,False,32.0,0.108843537,6.0,4,11.66666667,-2.0661963139071835,0.0,0.21382985044613825,8.624804563560628e-11,0.9289894172806119,R3_Bottom2
33,4,Jenn Tran,Sasha Farber,TV Personality,Eliminated Week 6,7,True,False,32.0,0.108843537,6.0,4,15.33333333,-1.811962176167411,0.0,0.053288726241949275,0.6239858895981963,-0.4604663964763776,R3_Bottom2
33,4,Joey Graziadei,Jenna Johnson,TV Personality,1st Place,1,True,False,36.0,0.12244898,1.5,4,13.0,-1.966112855688547,0.0,0.010583691597614535,7.762581960834419e-07,-2.0768769022745244,R3_Bottom2
33,4,Phaedra Parks,Val Chmerkovskiy,TV Personality,Eliminated Week 5,8,True,False,32.0,0.108843537,6.0,4,8.333333333,-2.371577963475283,0.0,0.09647430636693159,0.0008492277885754503,0.13308552751249286,R3_Bottom2
33,4,Stephen Nedoroscik,Rylee Arnold,Athlete,4th Place,4,True,False,33.0,0.112244898,3.0,4,7.0,-2.5257286430882555,0.0,0.18565354931800268,2.6692466710801133e-14,0.7876911086552782,R3_Bottom2
33,5,Chandler Kinney,Brandon Armstrong,Actor/Actress,3rd Place,3,True,False,27.0,0.133663366,1.0,3,7.0,-2.4531579503539307,0.0,0.10488014563168077,4.442665522859196e-10,0.09139075721694173,R3_Bottom2
33,5,Danny Amendola,Witney Carson,Athlete,5th Place,5,True,False,25.5,0.126237624,4.5,3,20.66666667,-1.4568245113856622,0.0,0.15624613798200956,3.5531402982229924e-07,0.4900051006030569,R3_Bottom2
33,5,Dwight Howard ,Daniella Karagach,Athlete,Eliminated Week 7,6,True,False,24.0,0.118811881,7.0,3,11.0,-2.0476928426332663,0.0,0.1526096859305711,0.01621389804226788,0.46645611872060305,R3_Bottom2
33,5,Ilona Maher,Alan Bersten,Athlete,2nd Place,2,True,False,26.0,0.128712871,2.5,3,9.0,-2.2300143992722212,0.0,0.2292982830812454,2.926914805019629e-14,0.8735962313903203,R3_Bottom2
33,5,Jenn Tran,Sasha Farber,TV Personality,Eliminated Week 6,7,True,False,25.5,0.126237624,4.5,3,10.66666667,-2.0758637192921054,0.0,0.05684067191610703,0.19144743344075546,-0.521175346449668,R3_Bottom2
33,5,Joey Graziadei,Jenna Johnson,TV Personality,1st Place,1,True,False,26.0,0.128712871,2.5,3,12.33333333,-1.94233232730294,0.0,0.011346733785804435,0.0032524273276013497,-2.1324975404556143,R3_Bottom2
33,5,Phaedra Parks,Val Chmerkovskiy,TV Personality,Eliminated Week 5,8,True,True,24.0,0.118811881,7.0,3,6.666666667,-2.495717564678705,0.0,0.10204142470564032,0.7889836880004083,0.06395138461026526,R3_Bottom2
33,5,Stephen Nedoroscik,Rylee Arnold,Athlete,4th Place,4,True,False,24.0,0.118811881,7.0,3,7.666666667,-2.3731152427313558,0.0,0.1867369169669414,0.00010219743064133609,0.6682732943640948,R3_Bottom2
33,6,Chandler Kinney,Brandon Armstrong,Actor/Actress,3rd Place,3,True,False,32.0,0.155339806,1.5,3,6.666666667,-2.7366235719902954,0.0,0.11462852446337779,0.0001149716338405703,0.08768298789770945,R3_Bottom2
33,6,Danny Amendola,Witney Carson,Athlete,5th Place,5,True,False,28.0,0.13592233,5.5,3,20.0,-1.728983062551377,0.0,0.19883601581290844,0.14000945345890486,0.6384667538964686,R3_Bottom2
33,6,Dwight Howard ,Daniella Karagach,Athlete,Eliminated Week 7,6,True,False,31.0,0.150485437,3.5,3,16.0,-1.9402921560859974,0.0,0.1715635393376899,0.0029986894399971183,0.49093999977749964,R3_Bottom2
33,6,Ilona Maher,Alan Bersten,Athlete,2nd Place,2,True,False,24.0,0.116504854,7.0,3,18.66666667,-1.7945803448294957,0.0,0.2443591960846355,0.15243451141158204,0.8446255679166534,R3_Bottom2
33,6,Jenn Tran,Sasha Farber,TV Personality,Eliminated Week 6,7,True,True,31.0,0.150485437,3.5,3,24.0,-1.554629675496758,0.0,0.05938560163242926,0.40601849872332285,-0.5699618897530178,R3_Bottom2
33,6,Joey Graziadei,Jenna Johnson,TV Personality,1st Place,1,True,False,32.0,0.155339806,1.5,3,16.0,-1.9402921560859974,0.0,0.012481509098914585,0.15633598817978336,-2.129765412960057,R3_Bottom2
33,6,Stephen Nedoroscik,Rylee Arnold,Athlete,4th Place,4,True,False,28.0,0.13592233,5.5,3,10.0,-2.375610226964164,0.0,0.19874561357004464,0.1420878871525692,0.6380119932247439,R3_Bottom2
33,7,Chandler Kinney,Brandon Armstrong,Actor/Actress,3rd Place,3,True,False,30.0,0.1875,1.0,3,2.333333333,-2.4680995303831446,0.0,0.11374290182032178,1.2673724345965682e-06,-0.06689536512575078,R3_Bottom2
33,7,Danny Amendola,Witney Carson,Athlete,5th Place,5,True,False,25.5,0.159375,5.0,3,5.333333333,-1.8262456447223285,0.0,0.2244897080846953,0.00905681623407562,0.6129938429805576,R3_Bottom2
33,7,Dwight Howard ,Daniella Karagach,Athlete,Eliminated Week 7,6,True,True,24.0,0.15,6.0,3,5.0,-1.88031286590547,0.0,0.18480595269871458,0.9593261301394889,0.41847035083177087,R3_Bottom2
33,7,Ilona Maher,Alan Bersten,Athlete,2nd Place,2,True,False,26.0,0.1625,4.0,3,9.0,-1.3694872424017015,0.0,0.2633842997077819,2.818740333947997e-06,0.7727781618298359,R3_Bottom2
33,7,Joey Graziadei,Jenna Johnson,TV Personality,1st Place,1,True,False,27.5,0.171875,2.0,3,6.666666667,-1.6351904079715187,0.0,0.012974682153875892,0.03156945738331323,-2.2378360874893684,R3_Bottom2
33,7,Stephen Nedoroscik,Rylee Arnold,Athlete,4th Place,4,True,False,27.0,0.16875,3.0,3,5.0,-1.88031286590547,0.0,0.2006024555346105,4.351013035396667e-05,0.500489096972955,R3_Bottom2
33,8,Chandler Kinney,Brandon Armstrong,Actor/Actress,3rd Place,3,True,False,29.0,0.207142857,1.5,3,6.0,-2.036881926556485,0.0,0.13126352646343847,0.001798080626156179,-0.03300589135938564,R3_Bottom2
33,8,Danny Amendola,Witney Carson,Athlete,5th Place,5,True,False,27.0,0.192857143,4.0,3,4.666666667,-2.2481910199844766,0.0,0.2752062972417979,0.07071235060861467,0.7073081419267302,R3_Bottom2
33,8,Ilona Maher,Alan Bersten,Athlete,2nd Place,2,True,False,28.5,0.203571429,3.0,3,15.0,-1.210203353803267,0.0,0.3335458939130482,1.1776476631969699e-05,0.8995676225305819,R3_Bottom2
33,8,Joey Graziadei,Jenna Johnson,TV Personality,1st Place,1,True,False,29.0,0.207142857,1.5,3,17.66666667,-1.056052673845354,0.0,0.015609051059953487,0.07027922854296184,-2.1623619041323394,R3_Bottom2
33,8,Stephen Nedoroscik,Rylee Arnold,Athlete,4th Place,4,True,False,26.5,0.189285714,5.0,3,5.333333333,-2.1369653850853974,0.0,0.2443752313217619,0.8571985637456353,0.5884920310344135,R3_Bottom2
33,9,Chandler Kinney,Brandon Armstrong,Actor/Actress,3rd Place,3,True,False,30.0,0.206185567,1.0,3,6.333333333,-2.1184436985819874,0.0,0.13420274407582927,0.00014358915794623577,-0.02333405400006211,R3_Bottom2
33,9,Danny Amendola,Witney Carson,Athlete,5th Place,5,True,False,28.0,0.192439863,5.0,3,8.0,-1.91364928604456,0.0,0.2598093309514635,0.7962305289059484,0.6372622935064859,R3_Bottom2
33,9,Ilona Maher,Alan Bersten,Athlete,2nd Place,2,True,False,28.5,0.195876289,4.0,3,12.33333333,-1.5206066984052304,0.0,0.35429113587851924,0.00027995644675191296,0.9474332668820142,R3_Bottom2
33,9,Joey Graziadei,Jenna Johnson,TV Personality,1st Place,1,True,False,29.5,0.202749141,2.5,3,19.0,-1.1151415901995663,0.0,0.01686318330190729,0.2026878690310178,-2.09755298329349,R3_Bottom2
33,9,Stephen Nedoroscik,Rylee Arnold,Athlete,4th Place,4,True,False,29.5,0.202749141,2.5,3,10.33333333,-1.6831256278663878,0.0,0.2348336057922808,0.0006580564583356854,0.536191476905052,R3_Bottom2
34,1,Alix Earle,Val Chmerkovskiy (Joey Graziadei week 9),Social media personality,2nd Place,2,True,False,13.0,0.079268293,4.5,2,100.0,-2.40596344633897,0.0,0.08063506019119739,9.852860507207808e-23,0.33581584460035935,R3_Bottom2
34,1,Andy Richter,Emma Slater/Kaitlyn Bristowe (week 9),Comedian,Eliminated Week 9,7,True,False,9.0,0.054878049,13.5,2,70.0,-2.75840408567036,0.0,0.10865134578978791,3.259913196316365e-11,0.6340263927973493,R3_Bottom2
34,1,Baron Davis,Britt Stewart,Athlete,Eliminated Week 2,13,True,False,10.0,0.06097561,10.5,2,87.0,-2.5437471485382064,0.0,0.030281078607873484,0.004473152013647636,-0.6435946512300275,R3_Bottom2
34,1,Corey Feldman,Jenna Johnson,Actor/Actress,Eliminated Week 2,13,True,False,9.0,0.054878049,13.5,2,100.0,-2.40596344633897,0.0,0.043889022940164814,0.430461616688164,-0.27245345840363594,R3_Bottom2
34,1,Danielle Fishel,Pasha Pashkov,Actor/Actress,Eliminated Week 8,8,True,False,12.0,0.073170732,7.0,2,100.0,-2.40596344633897,0.0,0.09298313372104566,2.411513273679465e-19,0.4783004185709728,R3_Bottom2
34,1,Dylan Efron,Daniella Karagach (Rumer Willis week 9),TV Personality,4th Place,4,True,False,10.0,0.06097561,10.5,2,49.0,-3.109060956620994,0.0,0.019143771449434195,0.5650652312644476,-1.102140288257851,R3_Bottom2
34,1,Elaine Hendrix,Alan Bersten (Rashad Jennings week 9),Actor/Actress,5th Place,5,True,False,12.0,0.073170732,7.0,2,100.0,-2.40596344633897,0.0,0.1727891169924798,2.338742573544997e-25,1.0979541737222718,R3_Bottom2
34,1,Hilaria Baldwin,Gleb Savchenko,Entrepreneur,Eliminated Week 4,11,True,False,14.0,0.085365854,3.0,2,96.0,-2.446372984631118,0.0,0.010009208339968803,8.733935595463969e-13,-1.7506121970133524,R3_Bottom2
34,1,Jen Affleck,Jan Ravnik,TV Personality,Eliminated Week 7,9,True,False,12.0,0.073170732,7.0,2,100.0,-2.40596344633897,0.0,0.07406349871500467,5.563301456993378e-16,0.2508051157013452,R3_Bottom2
34,1,Jordan Chiles,Ezra Sosa (Apolo Anton Ohno week 9),Athlete,3rd Place,3,True,False,10.0,0.06097561,10.5,2,52.0,-3.0507920486238107,0.0,0.10894300176366324,1.0301159196581097e-15,0.636707125562845,R3_Bottom2
34,1,Lauren Jauregui,Brandon Armstrong,Singer/Rapper,Eliminated Week 3,12,True,False,13.0,0.079268293,4.5,2,52.0,-3.0507920486238107,0.0,0.04832874159927813,1.5362344120023504e-15,-0.17609125245144236,R3_Bottom2
34,1,Robert Irwin,Witney Carson (Xoshitl Gomez week 9),Conservationist,1st Place,1,True,False,15.0,0.091463415,1.5,2,100.0,-2.40596344633897,0.0,0.062277037875799406,2.3606853168712486e-23,0.07747508413462556,R3_Bottom2
34,1,Scott Hoying,Rylee Arnold,Singer/Rapper,Eliminated Week 6,10,True,False,10.0,0.06097561,10.5,2,53.0,-3.0320999156507917,0.0,0.09272828163858686,2.646837484929505e-13,0.4755558135401445,R3_Bottom2
34,1,Whitney Leavitt,Mark Ballas,TV Personality,Eliminated Week 10,6,True,False,15.0,0.091463415,1.5,2,47.0,-3.149882951047916,0.0,0.055277700375715735,4.454591328168463e-22,-0.04174812127360378,R3_Bottom2
34,2,Alix Earle,Val Chmerkovskiy (Joey Graziadei week 9),Social media personality,2nd Place,2,True,False,21.0,0.075539568,6.5,3,11.0,-2.4029330657102093,0.0,0.08286088230529004,2.327955400073673e-20,0.3661076596784443,R3_Bottom2
34,2,Andy Richter,Emma Slater/Kaitlyn Bristowe (week 9),Comedian,Eliminated Week 9,7,True,False,16.0,0.057553957,13.0,3,7.333333333,-2.7675761788516744,0.0,0.1074152821380443,6.244485869005261e-12,0.6256470386813059,R3_Bottom2
34,2,Baron Davis,Britt Stewart,Athlete,Eliminated Week 2,13,True,True,18.0,0.064748201,11.5,3,5.333333333,-3.042013024063329,0.0,0.030809057026852892,0.05441949867750728,-0.6232467189930957,R3_Bottom2
34,2,Corey Feldman,Jenna Johnson,Actor/Actress,Eliminated Week 2,13,True,True,15.0,0.053956835,14.0,3,12.66666667,-2.2728799373529327,0.0,0.04503943776381116,0.9455385680448025,-0.2435169243470358,R3_Bottom2
34,2,Danielle Fishel,Pasha Pashkov,Actor/Actress,Eliminated Week 8,8,True,False,19.0,0.068345324,10.0,3,9.0,-2.5852546222830526,0.0,0.09573152202386058,4.419255814852721e-16,0.5104922029043296,R3_Bottom2
34,2,Dylan Efron,Daniella Karagach (Rumer Willis week 9),TV Personality,4th Place,4,True,False,20.0,0.071942446,9.0,3,5.333333333,-3.042013024063329,0.0,0.01819486715876534,4.192311036055029e-05,-1.1499158949962929,R3_Bottom2
34,2,Elaine Hendrix,Alan Bersten (Rashad Jennings week 9),Actor/Actress,5th Place,5,True,False,21.0,0.075539568,6.5,3,8.0,-2.6906151377934715,0.0,0.178091834769026,3.746031473022836e-28,1.131243917857817,R3_Bottom2
34,2,Hilaria Baldwin,Gleb Savchenko,Entrepreneur,Eliminated Week 4,11,True,False,21.0,0.075539568,6.5,3,11.33333333,-2.375534091822245,0.0,0.01023261265723986,1.0157043750949968e-08,-1.72547548598789,R3_Bottom2
34,2,Jen Affleck,Jan Ravnik,TV Personality,Eliminated Week 7,9,True,False,22.0,0.079136691,2.5,3,9.333333333,-2.5524647995351155,0.0,0.0762266106618973,4.6265295612624807e-26,0.2826551979547179,R3_Bottom2
34,2,Jordan Chiles,Ezra Sosa (Apolo Anton Ohno week 9),Athlete,3rd Place,3,True,False,22.0,0.079136691,2.5,3,8.0,-2.6906151377934715,0.0,0.10389146718320728,8.64622671233065e-31,0.5922913443917202,R3_Bottom2
34,2,Lauren Jauregui,Brandon Armstrong,Singer/Rapper,Eliminated Week 3,12,True,False,21.0,0.075539568,6.5,3,5.333333333,-3.042013024063329,0.0,0.04625688425810922,9.339671768667929e-14,-0.21684512335353384,R3_Bottom2
34,2,Robert Irwin,Witney Carson (Xoshitl Gomez week 9),Conservationist,1st Place,1,True,False,22.0,0.079136691,2.5,3,18.0,-1.943400736739079,0.0,0.06369038104427702,9.049474466060198e-24,0.10297812210231,R3_Bottom2
34,2,Scott Hoying,Rylee Arnold,Singer/Rapper,Eliminated Week 6,10,True,False,18.0,0.064748201,11.5,3,4.333333333,-3.2138632806070935,0.0,0.08911259873350853,3.947557767656363e-12,0.438845299348816,R3_Bottom2
34,2,Whitney Leavitt,Mark Ballas,TV Personality,Eliminated Week 10,6,True,False,22.0,0.079136691,2.5,3,3.666666667,-3.3473946727423307,0.0,0.05244656227611048,9.50076753345579e-22,-0.09126063524161221,R3_Bottom2
34,3,Alix Earle,Val Chmerkovskiy (Joey Graziadei week 9),Social media personality,2nd Place,2,True,False,23.0,0.089494163,3.5,3,11.33333333,-2.10939386344192,0.0,0.09210654204282899,2.0861971386040165e-16,0.32130391840728706,R3_Bottom2
34,3,Andy Richter,Emma Slater/Kaitlyn Bristowe (week 9),Comedian,Eliminated Week 9,7,True,False,18.0,0.070038911,11.5,3,5.0,-2.8299400170495894,0.0,0.11593062272866954,2.9577901299345976e-05,0.5513498779760955,R3_Bottom2
34,3,Danielle Fishel,Pasha Pashkov,Actor/Actress,Eliminated Week 8,8,True,False,21.0,0.081712062,8.5,3,7.333333333,-2.501435950591998,0.0,0.10400703429349158,2.3165076358694688e-09,0.4428164800076182,R3_Bottom2
34,3,Dylan Efron,Daniella Karagach (Rumer Willis week 9),TV Personality,4th Place,4,True,False,23.0,0.089494163,3.5,3,4.333333333,-2.9477230525566673,0.0,0.019199921493768788,1.6287059717923355e-07,-1.2467358641246977,R3_Bottom2
34,3,Elaine Hendrix,Alan Bersten (Rashad Jennings week 9),Actor/Actress,5th Place,5,True,False,21.0,0.081712062,8.5,3,4.0,-3.012261573504655,0.0,0.19151292614871995,9.836817056330633e-15,1.0533132515299712,R3_Bottom2
34,3,Hilaria Baldwin,Gleb Savchenko,Entrepreneur,Eliminated Week 4,11,True,False,22.0,0.085603113,6.0,3,8.333333333,-2.3881072654114233,0.0,0.011475996085952228,0.019012803637206987,-1.7613844972285704,R3_Bottom2
34,3,Jen Affleck,Jan Ravnik,TV Personality,Eliminated Week 7,9,True,False,19.0,0.073929961,10.0,3,11.66666667,-2.082725615848023,0.0,0.0828561812573884,0.008247576642394052,0.21546429461966404,R3_Bottom2
34,3,Jordan Chiles,Ezra Sosa (Apolo Anton Ohno week 9),Athlete,3rd Place,3,True,False,24.0,0.093385214,1.5,3,6.666666667,-2.5848175593414835,0.0,0.11471971884190726,1.498295699900403e-23,0.5408498717442471,R3_Bottom2
34,3,Lauren Jauregui,Brandon Armstrong,Singer/Rapper,Eliminated Week 3,12,True,True,18.0,0.070038911,11.5,3,4.666666667,-2.887098430731041,0.0,0.04864499991495687,0.9727098737847574,-0.3170930276047142,R3_Bottom2
34,3,Robert Irwin,Witney Carson (Xoshitl Gomez week 9),Conservationist,1st Place,1,True,False,22.0,0.085603113,6.0,3,14.66666667,-1.8701641740684378,0.0,0.07558579072582353,2.8376014988209966e-09,0.12362625787405274,R3_Bottom2
34,3,Scott Hoying,Rylee Arnold,Singer/Rapper,Eliminated Week 6,10,True,False,22.0,0.085603113,6.0,3,6.0,-2.6757893374643946,0.0,0.09107936080246,9.607413944006995e-12,0.31008916890790844,R3_Bottom2
34,3,Whitney Leavitt,Mark Ballas,TV Personality,Eliminated Week 10,6,True,False,24.0,0.093385214,1.5,3,5.666666667,-2.7245795015112075,0.0,0.052880905664033,1.8417693060433344e-14,-0.23359973210886203,R3_Bottom2
34,4,Alix Earle,Val Chmerkovskiy (Joey Graziadei week 9),Social media personality,2nd Place,2,True,False,24.0,0.096774194,3.0,3,8.333333333,-2.463853239453922,0.0,0.10158197698373228,4.649799599460007e-14,0.3335226040961044,R3_Bottom2
34,4,Andy Richter,Emma Slater/Kaitlyn Bristowe (week 9),Comedian,Eliminated Week 9,7,True,False,18.0,0.072580645,11.0,3,6.666666667,-2.6605635333653486,0.0,0.11786751612094644,0.0033726561726819472,0.4822177255578155,R3_Bottom2
34,4,Danielle Fishel,Pasha Pashkov,Actor/Actress,Eliminated Week 8,8,True,False,21.0,0.084677419,9.5,3,6.333333333,-2.705015295960096,0.0,0.10903000100924437,0.00024207466034149847,0.40427955955478967,R3_Bottom2
34,4,Dylan Efron,Daniella Karagach (Rumer Willis week 9),TV Personality,4th Place,4,True,False,23.0,0.092741935,6.0,3,4.0,-3.088007547472868,0.0,0.019673214744021308,0.483247881835439,-1.308085470513215,R3_Bottom2
34,4,Elaine Hendrix,Alan Bersten (Rashad Jennings week 9),Actor/Actress,5th Place,5,True,False,24.0,0.096774194,3.0,3,2.666666667,-3.3981624748882227,0.0,0.18801629884723478,8.641592376664316e-21,0.9491851316479225,R3_Bottom2
34,4,Hilaria Baldwin,Gleb Savchenko,Entrepreneur,Eliminated Week 4,11,True,True,23.0,0.092741935,6.0,3,9.666666667,-2.33032184690931,0.0,0.012139277959906403,0.48609149008201347,-1.7908972156772343,R3_Bottom2
34,4,Jen Affleck,Jan Ravnik,TV Personality,Eliminated Week 7,9,True,False,23.0,0.092741935,6.0,3,10.66666667,-2.2407096880532835,0.0,0.09188122209435323,1.9452970444738072e-07,0.2331531552957475,R3_Bottom2
34,4,Jordan Chiles,Ezra Sosa (Apolo Anton Ohno week 9),Athlete,3rd Place,3,True,False,24.0,0.096774194,3.0,3,6.333333333,-2.705015295960096,0.0,0.12214212627531203,3.6384876787549076e-17,0.517841812732573,R3_Bottom2
34,4,Robert Irwin,Witney Carson (Xoshitl Gomez week 9),Conservationist,1st Place,1,True,False,22.0,0.088709677,8.0,3,33.33333333,-1.1613287623164454,0.0,0.08419599658022227,0.006184677122316468,0.1458038501446523,R3_Bottom2
34,4,Scott Hoying,Rylee Arnold,Singer/Rapper,Eliminated Week 6,10,True,False,21.0,0.084677419,9.5,3,5.0,-2.905685991044469,0.0,0.09710733871612794,0.020861025591654377,0.28847342797211256,R3_Bottom2
34,4,Whitney Leavitt,Mark Ballas,TV Personality,Eliminated Week 10,6,True,False,25.0,0.100806452,1.0,3,5.666666667,-2.8003254755194202,0.0,0.05636503066889888,5.802323759771513e-12,-0.25549458081126786,R3_Bottom2
34,5,Alix Earle,Val Chmerkovskiy (Joey Graziadei week 9),Social media personality,2nd Place,2,True,False,35.0,0.111821086,2.5,4,16.66666667,-1.7662803832276788,0.0,0.1023774241378219,6.324635034411903e-14,0.14237985978859463,R3_Bottom2
34,5,Andy Richter,Emma Slater/Kaitlyn Bristowe (week 9),Comedian,Eliminated Week 9,7,True,False,24.0,0.076677316,10.0,4,14.66666667,-1.8864246949709864,0.0,0.11992803440226546,0.7658466486551075,0.3006054884614136,R3_Bottom2
34,5,Danielle Fishel,Pasha Pashkov,Actor/Actress,Eliminated Week 8,8,True,False,29.0,0.092651757,8.5,4,4.666666667,-2.903358951614816,0.0,0.10880228867077264,0.05991924000793362,0.20324600867133313,R3_Bottom2
34,5,Dylan Efron,Daniella Karagach (Rumer Willis week 9),TV Personality,4th Place,4,True,False,36.0,0.115015974,1.0,4,6.333333333,-2.6455298428314333,0.0,0.019320911970981177,7.706554145439559e-10,-1.5250983299689607,R3_Bottom2
34,5,Elaine Hendrix,Alan Bersten (Rashad Jennings week 9),Actor/Actress,5th Place,5,True,False,30.0,0.095846645,6.5,4,3.666666667,-3.0975149656524126,0.0,0.1723179243434375,1.7119916869924387e-11,0.6630548068685749,R3_Bottom2
34,5,Jen Affleck,Jan Ravnik,TV Personality,Eliminated Week 7,9,True,False,29.0,0.092651757,8.5,4,9.666666667,-2.270836393753659,0.0,0.09644676587429545,0.16868520718966373,0.08270484605341422,R3_Bottom2
34,5,Jordan Chiles,Ezra Sosa (Apolo Anton Ohno week 9),Athlete,3rd Place,3,True,False,32.0,0.102236422,5.0,4,9.0,-2.335374914857897,0.0,0.12420819365247929,1.7406529603951e-10,0.3356727776541711,R3_Bottom2
34,5,Robert Irwin,Witney Carson (Xoshitl Gomez week 9),Conservationist,1st Place,1,True,False,35.0,0.111821086,2.5,4,17.0,-1.747588250415037,0.0,0.10124631028721987,3.615569740924502e-12,0.13126990260871305,R3_Bottom2
34,5,Scott Hoying,Rylee Arnold,Singer/Rapper,Eliminated Week 6,10,True,False,30.0,0.095846645,6.5,4,6.666666667,-2.6010780802329316,0.0,0.09735794691238106,0.004696882017502661,0.09210799976218004,R3_Bottom2
34,5,Whitney Leavitt,Mark Ballas,TV Personality,Eliminated Week 10,6,True,False,33.0,0.10543131,4.0,4,5.0,-2.8462005379349984,0.0,0.057994199748345736,0.0008520211642731504,-0.4259433598994336,R3_Bottom2
34,6,Alix Earle,Val Chmerkovskiy (Joey Graziadei week 9),Social media personality,2nd Place,2,True,False,35.0,0.102941176,6.0,4,12.0,-1.9311497327415568,0.0,0.10925540301951273,1.8585251816564565e-09,0.20655068718457711,R3_Bottom2
34,6,Andy Richter,Emma Slater/Kaitlyn Bristowe (week 9),Comedian,Eliminated Week 9,7,True,False,27.0,0.079411765,10.0,4,7.0,-2.416657548092168,0.0,0.13092655284906912,0.00032937864686054984,0.3874988995709056,R3_Bottom2
34,6,Danielle Fishel,Pasha Pashkov,Actor/Actress,Eliminated Week 8,8,True,False,36.0,0.105882353,4.0,4,6.333333333,-2.5036689250253583,0.0,0.10047586105796122,6.4768944592615895e-12,0.12277990904684316,R3_Bottom2
34,6,Dylan Efron,Daniella Karagach (Rumer Willis week 9),TV Personality,4th Place,4,True,False,32.0,0.094117647,7.5,4,6.666666667,-2.4592171624187538,0.0,0.019381339982947967,0.0045961925868636235,-1.5228268544850598,R3_Bottom2
34,6,Elaine Hendrix,Alan Bersten (Rashad Jennings week 9),Actor/Actress,5th Place,5,True,False,36.0,0.105882353,4.0,4,3.0,-3.10980472753128,0.0,0.16040137989933767,6.832097341164946e-18,0.5905416971346936,R3_Bottom2
34,6,Jen Affleck,Jan Ravnik,TV Personality,Eliminated Week 7,9,True,False,32.0,0.094117647,7.5,4,9.0,-2.193513997002125,0.0,0.09542891970195365,0.005403109936441789,0.07124407292162593,R3_Bottom2
34,6,Jordan Chiles,Ezra Sosa (Apolo Anton Ohno week 9),Athlete,3rd Place,3,True,False,39.0,0.114705882,1.5,4,6.0,-2.5501889405565716,0.0,0.12735097063712386,2.679157407491442e-20,0.35980922207902194,R3_Bottom2
34,6,Robert Irwin,Witney Carson (Xoshitl Gomez week 9),Conservationist,1st Place,1,True,False,36.0,0.105882353,4.0,4,19.33333333,-1.4838375151105865,0.0,0.1029556618884575,4.414691286536216e-11,0.14716082732530378,R3_Bottom2
34,6,Scott Hoying,Rylee Arnold,Singer/Rapper,Eliminated Week 6,10,True,True,28.0,0.082352941,9.0,4,6.333333333,-2.5036689250253583,0.0,0.09742713726471108,0.9896713168979941,0.09196718739846471,R3_Bottom2
34,6,Whitney Leavitt,Mark Ballas,TV Personality,Eliminated Week 10,6,True,False,39.0,0.114705882,1.5,4,4.0,-2.8866611766654033,0.0,0.05639677369892522,2.2690983089332104e-11,-0.4547256481763762,R3_Bottom2
34,7,Alix Earle,Val Chmerkovskiy (Joey Graziadei week 9),Social media personality,2nd Place,2,True,False,43.0,0.129518072,1.0,4,8.0,-2.2876594417959444,0.0,0.12579467061235364,2.4242757664482643e-16,0.2503650265166948,R3_Bottom2
34,7,Andy Richter,Emma Slater/Kaitlyn Bristowe (week 9),Comedian,Eliminated Week 9,7,True,False,29.0,0.087349398,9.0,4,10.0,-2.0869887465129175,0.0,0.14454688255783218,0.017189560324434344,0.3893179488175056,R3_Bottom2
34,7,Danielle Fishel,Pasha Pashkov,Actor/Actress,Eliminated Week 8,8,True,False,35.0,0.105421687,6.0,4,5.666666667,-2.5877640338514674,0.0,0.11137344646662371,0.005058266042867535,0.1286029841408846,R3_Bottom2
34,7,Dylan Efron,Daniella Karagach (Rumer Willis week 9),TV Personality,4th Place,4,True,False,38.0,0.114457831,4.5,4,6.666666667,-2.4480020916563086,0.0,0.022250938403174103,0.0026577620793450077,-1.481901769734069,R3_Bottom2
34,7,Elaine Hendrix,Alan Bersten (Rashad Jennings week 9),Actor/Actress,5th Place,5,True,False,32.0,0.096385542,8.0,4,4.333333333,-2.810907584945677,0.0,0.1678402403935058,2.5792546521014418e-06,0.5387266240442452,R3_Bottom2
34,7,Jen Affleck,Jan Ravnik,TV Personality,Eliminated Week 7,9,True,True,34.0,0.102409639,7.0,4,17.0,-1.5945122617285914,0.0,0.10598205295647564,0.975091331732985,0.07898381516534081,R3_Bottom2
34,7,Jordan Chiles,Ezra Sosa (Apolo Anton Ohno week 9),Athlete,3rd Place,3,True,False,38.0,0.114457831,4.5,4,7.0,-2.4054424773291796,0.0,0.14017186622706776,2.0279167963508733e-09,0.35858333273212945,R3_Bottom2
34,7,Robert Irwin,Witney Carson (Xoshitl Gomez week 9),Conservationist,1st Place,1,True,False,41.0,0.123493976,3.0,4,15.0,-1.712295297323401,0.0,0.12117482031718962,4.1587231199703804e-10,0.21294834601252044,R3_Bottom2
34,7,Whitney Leavitt,Mark Ballas,TV Personality,Eliminated Week 10,6,True,False,42.0,0.126506024,2.0,4,6.0,-2.538973869795369,0.0,0.06086508206577755,4.981219265442648e-07,-0.4756263076952519,R3_Bottom2
34,8,Alix Earle,Val Chmerkovskiy (Joey Graziadei week 9),Social media personality,2nd Place,2,True,False,38.5,0.127694859,3.0,4,10.33333333,-1.5735059029710212,0.0,0.13573555000992898,4.494062214626937e-09,0.2212520925179154,R3_Bottom2
34,8,Andy Richter,Emma Slater/Kaitlyn Bristowe (week 9),Comedian,Eliminated Week 9,7,True,False,34.0,0.112769486,8.0,4,6.0,-2.0553439892710426,0.0,0.16779894691873423,0.0011643952752372032,0.4333101031699956,R3_Bottom2
34,8,Danielle Fishel,Pasha Pashkov,Actor/Actress,Eliminated Week 8,8,True,True,37.0,0.122719735,7.0,4,2.666666667,-2.7019711533952293,0.0,0.12229736246712183,0.5547100572837127,0.11699906133864857,R3_Bottom2
34,8,Dylan Efron,Daniella Karagach (Rumer Willis week 9),TV Personality,4th Place,4,True,False,38.0,0.126036484,4.5,4,3.333333333,-2.534917069129266,0.0,0.02548510522341073,0.4441217657354714,-1.4513622424108719,R3_Bottom2
34,8,Elaine Hendrix,Alan Bersten (Rashad Jennings week 9),Actor/Actress,5th Place,5,True,False,37.5,0.124378109,6.0,4,2.666666667,-2.7019711533952293,0.0,0.18554550291048125,1.891337090138206e-08,0.5338437356441297,R3_Bottom2
34,8,Jordan Chiles,Ezra Sosa (Apolo Anton Ohno week 9),Athlete,3rd Place,3,True,False,39.0,0.129353234,2.0,4,6.666666667,-1.9643722110897466,0.0,0.1573244779493399,1.161219895766149e-12,0.36885399608178754,R3_Bottom2
34,8,Robert Irwin,Witney Carson (Xoshitl Gomez week 9),Conservationist,1st Place,1,True,False,38.0,0.126036484,4.5,4,11.0,-1.5163474888637523,0.0,0.13635057307918896,3.708218443421747e-06,0.22577289725243946,R3_Bottom2
34,8,Whitney Leavitt,Mark Ballas,TV Personality,Eliminated Week 10,6,True,False,39.5,0.131011609,1.0,4,4.0,-2.3918162255798747,0.0,0.06946248144179391,5.0078540908354923e-08,-0.4486696435940446,R3_Bottom2
34,9,Alix Earle,Val Chmerkovskiy (Joey Graziadei week 9),Social media personality,2nd Place,2,True,False,40.0,0.148148148,4.0,4,11.0,-1.6038668668930094,0.0,0.1603123382254231,0.006267099280870273,0.27641272093527336,R3_Bottom2
34,9,Andy Richter,Emma Slater/Kaitlyn Bristowe (week 9),Comedian,Eliminated Week 9,7,True,True,29.0,0.107407407,7.0,4,8.666666667,-1.8200899752081434,0.0,0.18985009608580006,0.9811808647972677,0.4455234874828461,R3_Bottom2
34,9,Dylan Efron,Daniella Karagach (Rumer Willis week 9),TV Personality,4th Place,4,True,False,42.0,0.155555556,2.0,4,3.0,-2.702479154566675,0.0,0.028149543776547256,0.004018851701399323,-1.4631801577269827,R3_Bottom2
34,9,Elaine Hendrix,Alan Bersten (Rashad Jennings week 9),Actor/Actress,5th Place,5,True,False,36.0,0.133333333,6.0,4,3.0,-2.702479154566675,0.0,0.2045452920941991,0.001387297400438704,0.520078122884504,R3_Bottom2
34,9,Jordan Chiles,Ezra Sosa (Apolo Anton Ohno week 9),Athlete,3rd Place,3,True,False,39.0,0.144444444,5.0,4,11.33333333,-1.5764678929886036,0.0,0.18355682272982857,0.002301463236564761,0.41181297490353885,R3_Bottom2
34,9,Robert Irwin,Witney Carson (Xoshitl Gomez week 9),Conservationist,1st Place,1,True,False,42.0,0.155555556,2.0,4,11.66666667,-1.5497996453857454,0.0,0.15449243704793758,1.006934469172462e-05,0.23943383868448045,R3_Bottom2
34,9,Whitney Leavitt,Mark Ballas,TV Personality,Eliminated Week 10,6,True,False,42.0,0.155555556,2.0,4,4.0,-2.4793356035507985,0.0,0.07909347004026433,0.004834354238767346,-0.4300809871636603,R3_Bottom2
34,10,Alix Earle,Val Chmerkovskiy (Joey Graziadei week 9),Social media personality,2nd Place,2,True,False,29.0,0.168604651,2.5,3,12.33333333,-1.4985063515851846,0.0,0.20046958996713723,0.00022029693332808166,0.37622405322592245,R3_Bottom2
34,10,Dylan Efron,Daniella Karagach (Rumer Willis week 9),TV Personality,4th Place,4,True,False,27.5,0.159883721,6.0,3,5.0,-2.297014047006012,0.0,0.03257357710505226,0.796877529225395,-1.4409370695554284,R3_Bottom2
34,10,Elaine Hendrix,Alan Bersten (Rashad Jennings week 9),Actor/Actress,5th Place,5,True,False,28.5,0.165697674,4.5,3,2.666666667,-2.7894905313800686,0.0,0.24339434142084923,0.0013411733727102496,0.5702444211870057,R3_Bottom2
34,10,Jordan Chiles,Ezra Sosa (Apolo Anton Ohno week 9),Athlete,3rd Place,3,True,False,28.5,0.165697674,4.5,3,8.333333333,-1.8551812951178455,0.0,0.24254253628394593,0.0015117051218977542,0.5667385913212968,R3_Bottom2
34,10,Robert Irwin,Witney Carson (Xoshitl Gomez week 9),Conservationist,1st Place,1,True,False,29.5,0.171511628,1.0,3,13.66666667,-1.4031961713442689,0.0,0.18662153523799513,3.5897605504394417e-06,0.30464417928728676,R3_Bottom2
34,10,Whitney Leavitt,Mark Ballas,TV Personality,Eliminated Week 10,6,True,True,29.0,0.168604651,2.5,3,11.66666667,-1.5497996454360246,0.0,0.09439841998502033,0.2000457055861184,-0.3769141754660836,R3_Bottom2
34,11,Alix Earle,Val Chmerkovskiy (Joey Graziadei week 9),Social media personality,2nd Place,2,True,False,30.0,0.203160913,1.0,3,16.33333333,-1.1904198377320625,0.0,0.22715114591278351,8.26775376438291e-06,0.324473946461574,R3_Bottom2
34,11,Dylan Efron,Daniella Karagach (Rumer Willis week 9),TV Personality,4th Place,4,True,False,29.3332,0.198645323,4.0,3,6.0,-2.0971411179123196,0.0,0.03624643512798729,0.43751668531154325,-1.5108006553035618,R3_Bottom2
34,11,Elaine Hendrix,Alan Bersten (Rashad Jennings week 9),Actor/Actress,5th Place,5,True,False,28.9998,0.196387528,5.0,3,5.0,-2.2512917976038636,0.0,0.256937212728685,0.5280243100485079,0.44769005612683177,R3_Bottom2
34,11,Jordan Chiles,Ezra Sosa (Apolo Anton Ohno week 9),Athlete,3rd Place,3,True,False,29.6666,0.200903118,2.5,3,7.666666667,-1.8835670177323922,0.0,0.27270253230740854,4.47629134833893e-06,0.507239885392677,R3_Bottom2
34,11,Robert Irwin,Witney Carson (Xoshitl Gomez week 9),Conservationist,1st Place,1,True,False,29.6666,0.200903118,2.5,3,17.0,-1.1526795095690874,0.0,0.20696267392313558,0.034446260594836214,0.23139676732247902,R3_Bottom2
