row_idx,name,t0,qid,awards_total,awards_dated,awards_pre_t0,award_date_coverage
0,Evander Holyfield,2005-06-01,Q313451,2,1,0,0.5
1,Joey McIntyre,2005-06-01,Q740877,0,0,0,0.0
2,John O'Hurley,2005-06-01,Q3142953,0,0,0,0.0
3,Kelly Monaco,2005-06-01,Q451861,1,1,1,1.0
4,Rachel Hunter,2005-06-01,Q259993,0,0,0,0.0
5,Trista Sutter,2005-06-01,Q3734625,0,0,0,0.0
6,Evander Holyfield,2005-06-08,Q313451,2,1,0,0.5
7,Joey McIntyre,2005-06-08,Q740877,0,0,0,0.0
8,John O'Hurley,2005-06-08,Q3142953,0,0,0,0.0
9,Kelly Monaco,2005-06-08,Q451861,1,1,1,1.0
10,Rachel Hunter,2005-06-08,Q259993,0,0,0,0.0
11,Trista Sutter,2005-06-08,Q3734625,0,0,0,0.0
12,Evander Holyfield,2005-06-15,Q313451,2,1,0,0.5
13,Joey McIntyre,2005-06-15,Q740877,0,0,0,0.0
14,John O'Hurley,2005-06-15,Q3142953,0,0,0,0.0
15,Kelly Monaco,2005-06-15,Q451861,1,1,1,1.0
16,Rachel Hunter,2005-06-15,Q259993,0,0,0,0.0
17,Trista Sutter,2005-06-15,Q3734625,0,0,0,0.0
18,Evander Holyfield,2005-06-22,Q313451,2,1,0,0.5
19,Joey McIntyre,2005-06-22,Q740877,0,0,0,0.0
20,John O'Hurley,2005-06-22,Q3142953,0,0,0,0.0
21,Kelly Monaco,2005-06-22,Q451861,1,1,1,1.0
22,Rachel Hunter,2005-06-22,Q259993,0,0,0,0.0
23,Trista Sutter,2005-06-22,Q3734625,0,0,0,0.0
24,Evander Holyfield,2005-06-29,Q313451,2,1,0,0.5
25,Joey McIntyre,2005-06-29,Q740877,0,0,0,0.0
26,John O'Hurley,2005-06-29,Q3142953,0,0,0,0.0
27,Kelly Monaco,2005-06-29,Q451861,1,1,1,1.0
28,Rachel Hunter,2005-06-29,Q259993,0,0,0,0.0
29,Trista Sutter,2005-06-29,Q3734625,0,0,0,0.0
30,Evander Holyfield,2005-07-06,Q313451,2,1,0,0.5
31,Joey McIntyre,2005-07-06,Q740877,0,0,0,0.0
32,John O'Hurley,2005-07-06,Q3142953,0,0,0,0.0
33,Kelly Monaco,2005-07-06,Q451861,1,1,1,1.0
34,Rachel Hunter,2005-07-06,Q259993,0,0,0,0.0
35,Trista Sutter,2005-07-06,Q3734625,0,0,0,0.0
36,Evander Holyfield,,Q313451,0,0,0,0.0
37,Joey McIntyre,,Q740877,0,0,0,0.0
38,John O'Hurley,,Q3142953,0,0,0,0.0
39,Kelly Monaco,,Q451861,0,0,0,0.0
40,Rachel Hunter,,Q259993,0,0,0,0.0
41,Trista Sutter,,Q3734625,0,0,0,0.0
42,Evander Holyfield,,Q313451,0,0,0,0.0
43,Joey McIntyre,,Q740877,0,0,0,0.0
44,John O'Hurley,,Q3142953,0,0,0,0.0
45,Kelly Monaco,,Q451861,0,0,0,0.0
46,Rachel Hunter,,Q259993,0,0,0,0.0
47,Trista Sutter,,Q3734625,0,0,0,0.0
48,Evander Holyfield,,Q313451,0,0,0,0.0
49,Joey McIntyre,,Q740877,0,0,0,0.0
50,John O'Hurley,,Q3142953,0,0,0,0.0
51,Kelly Monaco,,Q451861,0,0,0,0.0
52,Rachel Hunter,,Q259993,0,0,0,0.0
53,Trista Sutter,,Q3734625,0,0,0,0.0
54,Evander Holyfield,,Q313451,0,0,0,0.0
55,Joey McIntyre,,Q740877,0,0,0,0.0
56,John O'Hurley,,Q3142953,0,0,0,0.0
57,Kelly Monaco,,Q451861,0,0,0,0.0
58,Rachel Hunter,,Q259993,0,0,0,0.0
59,Trista Sutter,,Q3734625,0,0,0,0.0
60,Evander Holyfield,,Q313451,0,0,0,0.0
61,Joey McIntyre,,Q740877,0,0,0,0.0
62,John O'Hurley,,Q3142953,0,0,0,0.0
63,Kelly Monaco,,Q451861,0,0,0,0.0
64,Rachel Hunter,,Q259993,0,0,0,0.0
65,Trista Sutter,,Q3734625,0,0,0,0.0
66,Drew Lachey,2006-01-05,Q5307215,0,0,0,0.0
67,George Hamilton,2006-01-05,Q359416,3,1,1,0.3333333333333333
68,Giselle Fernandez,2006-01-05,Q3107767,1,0,0,0.0
69,Jerry Rice,2006-01-05,Q505423,1,0,0,0.0
70,Kenny Mayne,2006-01-05,Q6391145,0,0,0,0.0
71,Lisa Rinna,2006-01-05,Q239576,0,0,0,0.0
72,Master P,2006-01-05,Q722042,0,0,0,0.0
73,Stacy Keibler,2006-01-05,Q238407,0,0,0,0.0
74,Tatum O'Neal,2006-01-05,Q230138,2,2,2,1.0
75,Tia Carrere,2006-01-05,Q286570,1,1,0,1.0
76,Drew Lachey,2006-01-12,Q5307215,0,0,0,0.0
77,George Hamilton,2006-01-12,Q359416,3,1,1,0.3333333333333333
78,Giselle Fernandez,2006-01-12,Q3107767,1,0,0,0.0
79,Jerry Rice,2006-01-12,Q505423,1,0,0,0.0
80,Kenny Mayne,2006-01-12,Q6391145,0,0,0,0.0
81,Lisa Rinna,2006-01-12,Q239576,0,0,0,0.0
82,Master P,2006-01-12,Q722042,0,0,0,0.0
83,Stacy Keibler,2006-01-12,Q238407,0,0,0,0.0
84,Tatum O'Neal,2006-01-12,Q230138,2,2,2,1.0
85,Tia Carrere,2006-01-12,Q286570,1,1,0,1.0
86,Drew Lachey,2006-01-19,Q5307215,0,0,0,0.0
87,George Hamilton,2006-01-19,Q359416,3,1,1,0.3333333333333333
88,Giselle Fernandez,2006-01-19,Q3107767,1,0,0,0.0
89,Jerry Rice,2006-01-19,Q505423,1,0,0,0.0
90,Kenny Mayne,2006-01-19,Q6391145,0,0,0,0.0
91,Lisa Rinna,2006-01-19,Q239576,0,0,0,0.0
92,Master P,2006-01-19,Q722042,0,0,0,0.0
93,Stacy Keibler,2006-01-19,Q238407,0,0,0,0.0
94,Tatum O'Neal,2006-01-19,Q230138,2,2,2,1.0
95,Tia Carrere,2006-01-19,Q286570,1,1,0,1.0
96,Drew Lachey,2006-01-26,Q5307215,0,0,0,0.0
97,George Hamilton,2006-01-26,Q359416,3,1,1,0.3333333333333333
98,Giselle Fernandez,2006-01-26,Q3107767,1,0,0,0.0
99,Jerry Rice,2006-01-26,Q505423,1,0,0,0.0
100,Kenny Mayne,2006-01-26,Q6391145,0,0,0,0.0
101,Lisa Rinna,2006-01-26,Q239576,0,0,0,0.0
102,Master P,2006-01-26,Q722042,0,0,0,0.0
103,Stacy Keibler,2006-01-26,Q238407,0,0,0,0.0
104,Tatum O'Neal,2006-01-26,Q230138,2,2,2,1.0
105,Tia Carrere,2006-01-26,Q286570,1,1,0,1.0
106,Drew Lachey,2006-02-02,Q5307215,0,0,0,0.0
107,George Hamilton,2006-02-02,Q359416,3,1,1,0.3333333333333333
108,Giselle Fernandez,2006-02-02,Q3107767,1,0,0,0.0
109,Jerry Rice,2006-02-02,Q505423,1,0,0,0.0
110,Kenny Mayne,2006-02-02,Q6391145,0,0,0,0.0
111,Lisa Rinna,2006-02-02,Q239576,0,0,0,0.0
112,Master P,2006-02-02,Q722042,0,0,0,0.0
113,Stacy Keibler,2006-02-02,Q238407,0,0,0,0.0
114,Tatum O'Neal,2006-02-02,Q230138,2,2,2,1.0
115,Tia Carrere,2006-02-02,Q286570,1,1,0,1.0
116,Drew Lachey,2006-02-09,Q5307215,0,0,0,0.0
117,George Hamilton,2006-02-09,Q359416,3,1,1,0.3333333333333333
118,Giselle Fernandez,2006-02-09,Q3107767,1,0,0,0.0
119,Jerry Rice,2006-02-09,Q505423,1,0,0,0.0
120,Kenny Mayne,2006-02-09,Q6391145,0,0,0,0.0
121,Lisa Rinna,2006-02-09,Q239576,0,0,0,0.0
122,Master P,2006-02-09,Q722042,0,0,0,0.0
123,Stacy Keibler,2006-02-09,Q238407,0,0,0,0.0
124,Tatum O'Neal,2006-02-09,Q230138,2,2,2,1.0
125,Tia Carrere,2006-02-09,Q286570,1,1,0,1.0
126,Drew Lachey,2006-02-16,Q5307215,0,0,0,0.0
127,George Hamilton,2006-02-16,Q359416,3,1,1,0.3333333333333333
128,Giselle Fernandez,2006-02-16,Q3107767,1,0,0,0.0
129,Jerry Rice,2006-02-16,Q505423,1,0,0,0.0
130,Kenny Mayne,2006-02-16,Q6391145,0,0,0,0.0
131,Lisa Rinna,2006-02-16,Q239576,0,0,0,0.0
132,Master P,2006-02-16,Q722042,0,0,0,0.0
133,Stacy Keibler,2006-02-16,Q238407,0,0,0,0.0
134,Tatum O'Neal,2006-02-16,Q230138,2,2,2,1.0
135,Tia Carrere,2006-02-16,Q286570,1,1,0,1.0
136,Drew Lachey,2006-02-23,Q5307215,0,0,0,0.0
137,George Hamilton,2006-02-23,Q359416,3,1,1,0.3333333333333333
138,Giselle Fernandez,2006-02-23,Q3107767,1,0,0,0.0
139,Jerry Rice,2006-02-23,Q505423,1,0,0,0.0
140,Kenny Mayne,2006-02-23,Q6391145,0,0,0,0.0
141,Lisa Rinna,2006-02-23,Q239576,0,0,0,0.0
142,Master P,2006-02-23,Q722042,0,0,0,0.0
143,Stacy Keibler,2006-02-23,Q238407,0,0,0,0.0
144,Tatum O'Neal,2006-02-23,Q230138,2,2,2,1.0
145,Tia Carrere,2006-02-23,Q286570,1,1,0,1.0
146,Drew Lachey,,Q5307215,0,0,0,0.0
147,George Hamilton,,Q359416,0,0,0,0.0
148,Giselle Fernandez,,Q3107767,0,0,0,0.0
149,Jerry Rice,,Q505423,0,0,0,0.0
150,Kenny Mayne,,Q6391145,0,0,0,0.0
151,Lisa Rinna,,Q239576,0,0,0,0.0
152,Master P,,Q722042,0,0,0,0.0
153,Stacy Keibler,,Q238407,0,0,0,0.0
154,Tatum O'Neal,,Q230138,0,0,0,0.0
155,Tia Carrere,,Q286570,0,0,0,0.0
156,Drew Lachey,,Q5307215,0,0,0,0.0
157,George Hamilton,,Q359416,0,0,0,0.0
158,Giselle Fernandez,,Q3107767,0,0,0,0.0
159,Jerry Rice,,Q505423,0,0,0,0.0
160,Kenny Mayne,,Q6391145,0,0,0,0.0
161,Lisa Rinna,,Q239576,0,0,0,0.0
162,Master P,,Q722042,0,0,0,0.0
163,Stacy Keibler,,Q238407,0,0,0,0.0
164,Tatum O'Neal,,Q230138,0,0,0,0.0
165,Tia Carrere,,Q286570,0,0,0,0.0
166,Drew Lachey,,Q5307215,0,0,0,0.0
167,George Hamilton,,Q359416,0,0,0,0.0
168,Giselle Fernandez,,Q3107767,0,0,0,0.0
169,Jerry Rice,,Q505423,0,0,0,0.0
170,Kenny Mayne,,Q6391145,0,0,0,0.0
171,Lisa Rinna,,Q239576,0,0,0,0.0
172,Master P,,Q722042,0,0,0,0.0
173,Stacy Keibler,,Q238407,0,0,0,0.0
174,Tatum O'Neal,,Q230138,0,0,0,0.0
175,Tia Carrere,,Q286570,0,0,0,0.0
176,Emmitt Smith,2006-09-12,Q1338802,3,0,0,0.0
177,Harry Hamlin,2006-09-12,Q567830,0,0,0,0.0
178,Jerry Springer,2006-09-12,Q27214,0,0,0,0.0
179,Joey Lawrence,2006-09-12,Q550395,0,0,0,0.0
180,Mario Lopez,2006-09-12,Q372559,0,0,0,0.0
181,Monique Coleman,2006-09-12,Q230194,0,0,0,0.0
182,Sara Evans,2006-09-12,Q463989,0,0,0,0.0
183,Shanna Moakler,2006-09-12,Q258736,1,1,1,1.0
184,Tucker Carlson,2006-09-12,Q743162,2,2,0,1.0
185,Vivica A. Fox,2006-09-12,Q220396,0,0,0,0.0
186,Willa Ford,2006-09-12,Q262396,0,0,0,0.0
187,Emmitt Smith,2006-09-19,Q1338802,3,0,0,0.0
188,Harry Hamlin,2006-09-19,Q567830,0,0,0,0.0
189,Jerry Springer,2006-09-19,Q27214,0,0,0,0.0
190,Joey Lawrence,2006-09-19,Q550395,0,0,0,0.0
191,Mario Lopez,2006-09-19,Q372559,0,0,0,0.0
192,Monique Coleman,2006-09-19,Q230194,0,0,0,0.0
193,Sara Evans,2006-09-19,Q463989,0,0,0,0.0
194,Shanna Moakler,2006-09-19,Q258736,1,1,1,1.0
195,Tucker Carlson,2006-09-19,Q743162,2,2,0,1.0
196,Vivica A. Fox,2006-09-19,Q220396,0,0,0,0.0
197,Willa Ford,2006-09-19,Q262396,0,0,0,0.0
198,Emmitt Smith,2006-09-26,Q1338802,3,0,0,0.0
199,Harry Hamlin,2006-09-26,Q567830,0,0,0,0.0
200,Jerry Springer,2006-09-26,Q27214,0,0,0,0.0
201,Joey Lawrence,2006-09-26,Q550395,0,0,0,0.0
202,Mario Lopez,2006-09-26,Q372559,0,0,0,0.0
203,Monique Coleman,2006-09-26,Q230194,0,0,0,0.0
204,Sara Evans,2006-09-26,Q463989,0,0,0,0.0
205,Shanna Moakler,2006-09-26,Q258736,1,1,1,1.0
206,Tucker Carlson,2006-09-26,Q743162,2,2,0,1.0
207,Vivica A. Fox,2006-09-26,Q220396,0,0,0,0.0
208,Willa Ford,2006-09-26,Q262396,0,0,0,0.0
209,Emmitt Smith,2006-10-03,Q1338802,3,0,0,0.0
210,Harry Hamlin,2006-10-03,Q567830,0,0,0,0.0
211,Jerry Springer,2006-10-03,Q27214,0,0,0,0.0
212,Joey Lawrence,2006-10-03,Q550395,0,0,0,0.0
213,Mario Lopez,2006-10-03,Q372559,0,0,0,0.0
214,Monique Coleman,2006-10-03,Q230194,0,0,0,0.0
215,Sara Evans,2006-10-03,Q463989,0,0,0,0.0
216,Shanna Moakler,2006-10-03,Q258736,1,1,1,1.0
217,Tucker Carlson,2006-10-03,Q743162,2,2,0,1.0
218,Vivica A. Fox,2006-10-03,Q220396,0,0,0,0.0
219,Willa Ford,2006-10-03,Q262396,0,0,0,0.0
220,Emmitt Smith,2006-10-10,Q1338802,3,0,0,0.0
221,Harry Hamlin,2006-10-10,Q567830,0,0,0,0.0
222,Jerry Springer,2006-10-10,Q27214,0,0,0,0.0
223,Joey Lawrence,2006-10-10,Q550395,0,0,0,0.0
224,Mario Lopez,2006-10-10,Q372559,0,0,0,0.0
225,Monique Coleman,2006-10-10,Q230194,0,0,0,0.0
226,Sara Evans,2006-10-10,Q463989,0,0,0,0.0
227,Shanna Moakler,2006-10-10,Q258736,1,1,1,1.0
228,Tucker Carlson,2006-10-10,Q743162,2,2,0,1.0
229,Vivica A. Fox,2006-10-10,Q220396,0,0,0,0.0
230,Willa Ford,2006-10-10,Q262396,0,0,0,0.0
231,Emmitt Smith,2006-10-17,Q1338802,3,0,0,0.0
232,Harry Hamlin,2006-10-17,Q567830,0,0,0,0.0
233,Jerry Springer,2006-10-17,Q27214,0,0,0,0.0
234,Joey Lawrence,2006-10-17,Q550395,0,0,0,0.0
235,Mario Lopez,2006-10-17,Q372559,0,0,0,0.0
236,Monique Coleman,2006-10-17,Q230194,0,0,0,0.0
237,Sara Evans,2006-10-17,Q463989,0,0,0,0.0
238,Shanna Moakler,2006-10-17,Q258736,1,1,1,1.0
239,Tucker Carlson,2006-10-17,Q743162,2,2,0,1.0
240,Vivica A. Fox,2006-10-17,Q220396,0,0,0,0.0
241,Willa Ford,2006-10-17,Q262396,0,0,0,0.0
242,Emmitt Smith,2006-10-24,Q1338802,3,0,0,0.0
243,Harry Hamlin,2006-10-24,Q567830,0,0,0,0.0
244,Jerry Springer,2006-10-24,Q27214,0,0,0,0.0
245,Joey Lawrence,2006-10-24,Q550395,0,0,0,0.0
246,Mario Lopez,2006-10-24,Q372559,0,0,0,0.0
247,Monique Coleman,2006-10-24,Q230194,0,0,0,0.0
248,Sara Evans,2006-10-24,Q463989,0,0,0,0.0
249,Shanna Moakler,2006-10-24,Q258736,1,1,1,1.0
250,Tucker Carlson,2006-10-24,Q743162,2,2,0,1.0
251,Vivica A. Fox,2006-10-24,Q220396,0,0,0,0.0
252,Willa Ford,2006-10-24,Q262396,0,0,0,0.0
253,Emmitt Smith,2006-10-31,Q1338802,3,0,0,0.0
254,Harry Hamlin,2006-10-31,Q567830,0,0,0,0.0
255,Jerry Springer,2006-10-31,Q27214,0,0,0,0.0
256,Joey Lawrence,2006-10-31,Q550395,0,0,0,0.0
257,Mario Lopez,2006-10-31,Q372559,0,0,0,0.0
258,Monique Coleman,2006-10-31,Q230194,0,0,0,0.0
259,Sara Evans,2006-10-31,Q463989,0,0,0,0.0
260,Shanna Moakler,2006-10-31,Q258736,1,1,1,1.0
261,Tucker Carlson,2006-10-31,Q743162,2,2,0,1.0
262,Vivica A. Fox,2006-10-31,Q220396,0,0,0,0.0
263,Willa Ford,2006-10-31,Q262396,0,0,0,0.0
264,Emmitt Smith,2006-11-07,Q1338802,3,0,0,0.0
265,Harry Hamlin,2006-11-07,Q567830,0,0,0,0.0
266,Jerry Springer,2006-11-07,Q27214,0,0,0,0.0
267,Joey Lawrence,2006-11-07,Q550395,0,0,0,0.0
268,Mario Lopez,2006-11-07,Q372559,0,0,0,0.0
269,Monique Coleman,2006-11-07,Q230194,0,0,0,0.0
270,Sara Evans,2006-11-07,Q463989,0,0,0,0.0
271,Shanna Moakler,2006-11-07,Q258736,1,1,1,1.0
272,Tucker Carlson,2006-11-07,Q743162,2,2,0,1.0
273,Vivica A. Fox,2006-11-07,Q220396,0,0,0,0.0
274,Willa Ford,2006-11-07,Q262396,0,0,0,0.0
275,Emmitt Smith,2006-11-14,Q1338802,3,0,0,0.0
276,Harry Hamlin,2006-11-14,Q567830,0,0,0,0.0
277,Jerry Springer,2006-11-14,Q27214,0,0,0,0.0
278,Joey Lawrence,2006-11-14,Q550395,0,0,0,0.0
279,Mario Lopez,2006-11-14,Q372559,0,0,0,0.0
280,Monique Coleman,2006-11-14,Q230194,0,0,0,0.0
281,Sara Evans,2006-11-14,Q463989,0,0,0,0.0
282,Shanna Moakler,2006-11-14,Q258736,1,1,1,1.0
283,Tucker Carlson,2006-11-14,Q743162,2,2,0,1.0
284,Vivica A. Fox,2006-11-14,Q220396,0,0,0,0.0
285,Willa Ford,2006-11-14,Q262396,0,0,0,0.0
286,Emmitt Smith,,Q1338802,0,0,0,0.0
287,Harry Hamlin,,Q567830,0,0,0,0.0
288,Jerry Springer,,Q27214,0,0,0,0.0
289,Joey Lawrence,,Q550395,0,0,0,0.0
290,Mario Lopez,,Q372559,0,0,0,0.0
291,Monique Coleman,,Q230194,0,0,0,0.0
292,Sara Evans,,Q463989,0,0,0,0.0
293,Shanna Moakler,,Q258736,0,0,0,0.0
294,Tucker Carlson,,Q743162,0,0,0,0.0
295,Vivica A. Fox,,Q220396,0,0,0,0.0
296,Willa Ford,,Q262396,0,0,0,0.0
297,Apolo Anton Ohno,2007-03-19,Q329738,0,0,0,0.0
298,Billy Ray Cyrus,2007-03-19,Q231259,4,4,3,1.0
299,Clyde Drexler,2007-03-19,Q295340,5,5,5,1.0
300,Heather Mills,2007-03-19,Q128805805,0,0,0,0.0
301,Ian Ziering,2007-03-19,Q352233,0,0,0,0.0
302,Joey Fatone,2007-03-19,Q1640877,0,0,0,0.0
303,John Ratzenberger,2007-03-19,Q374093,0,0,0,0.0
304,Laila Ali,2007-03-19,Q255099,2,1,0,0.5
305,Leeza Gibbons,2007-03-19,Q512367,2,0,0,0.0
306,Paulina Porizkova,2007-03-19,Q236154,1,1,0,1.0
307,Shandi Finnessey,2007-03-19,Q2632936,0,0,0,0.0
308,Apolo Anton Ohno,2007-03-26,Q329738,0,0,0,0.0
309,Billy Ray Cyrus,2007-03-26,Q231259,4,4,3,1.0
310,Clyde Drexler,2007-03-26,Q295340,5,5,5,1.0
311,Heather Mills,2007-03-26,Q128805805,0,0,0,0.0
312,Ian Ziering,2007-03-26,Q352233,0,0,0,0.0
313,Joey Fatone,2007-03-26,Q1640877,0,0,0,0.0
314,John Ratzenberger,2007-03-26,Q374093,0,0,0,0.0
315,Laila Ali,2007-03-26,Q255099,2,1,0,0.5
316,Leeza Gibbons,2007-03-26,Q512367,2,0,0,0.0
317,Paulina Porizkova,2007-03-26,Q236154,1,1,0,1.0
318,Shandi Finnessey,2007-03-26,Q2632936,0,0,0,0.0
319,Apolo Anton Ohno,2007-04-02,Q329738,0,0,0,0.0
320,Billy Ray Cyrus,2007-04-02,Q231259,4,4,3,1.0
321,Clyde Drexler,2007-04-02,Q295340,5,5,5,1.0
322,Heather Mills,2007-04-02,Q128805805,0,0,0,0.0
323,Ian Ziering,2007-04-02,Q352233,0,0,0,0.0
324,Joey Fatone,2007-04-02,Q1640877,0,0,0,0.0
325,John Ratzenberger,2007-04-02,Q374093,0,0,0,0.0
326,Laila Ali,2007-04-02,Q255099,2,1,0,0.5
327,Leeza Gibbons,2007-04-02,Q512367,2,0,0,0.0
328,Paulina Porizkova,2007-04-02,Q236154,1,1,0,1.0
329,Shandi Finnessey,2007-04-02,Q2632936,0,0,0,0.0
330,Apolo Anton Ohno,2007-04-09,Q329738,0,0,0,0.0
331,Billy Ray Cyrus,2007-04-09,Q231259,4,4,3,1.0
332,Clyde Drexler,2007-04-09,Q295340,5,5,5,1.0
333,Heather Mills,2007-04-09,Q128805805,0,0,0,0.0
334,Ian Ziering,2007-04-09,Q352233,0,0,0,0.0
335,Joey Fatone,2007-04-09,Q1640877,0,0,0,0.0
336,John Ratzenberger,2007-04-09,Q374093,0,0,0,0.0
337,Laila Ali,2007-04-09,Q255099,2,1,0,0.5
338,Leeza Gibbons,2007-04-09,Q512367,2,0,0,0.0
339,Paulina Porizkova,2007-04-09,Q236154,1,1,0,1.0
340,Shandi Finnessey,2007-04-09,Q2632936,0,0,0,0.0
341,Apolo Anton Ohno,2007-04-16,Q329738,0,0,0,0.0
342,Billy Ray Cyrus,2007-04-16,Q231259,4,4,3,1.0
343,Clyde Drexler,2007-04-16,Q295340,5,5,5,1.0
344,Heather Mills,2007-04-16,Q128805805,0,0,0,0.0
345,Ian Ziering,2007-04-16,Q352233,0,0,0,0.0
346,Joey Fatone,2007-04-16,Q1640877,0,0,0,0.0
347,John Ratzenberger,2007-04-16,Q374093,0,0,0,0.0
348,Laila Ali,2007-04-16,Q255099,2,1,0,0.5
349,Leeza Gibbons,2007-04-16,Q512367,2,0,0,0.0
350,Paulina Porizkova,2007-04-16,Q236154,1,1,0,1.0
351,Shandi Finnessey,2007-04-16,Q2632936,0,0,0,0.0
352,Apolo Anton Ohno,2007-04-23,Q329738,0,0,0,0.0
353,Billy Ray Cyrus,2007-04-23,Q231259,4,4,3,1.0
354,Clyde Drexler,2007-04-23,Q295340,5,5,5,1.0
355,Heather Mills,2007-04-23,Q128805805,0,0,0,0.0
356,Ian Ziering,2007-04-23,Q352233,0,0,0,0.0
357,Joey Fatone,2007-04-23,Q1640877,0,0,0,0.0
358,John Ratzenberger,2007-04-23,Q374093,0,0,0,0.0
359,Laila Ali,2007-04-23,Q255099,2,1,0,0.5
360,Leeza Gibbons,2007-04-23,Q512367,2,0,0,0.0
361,Paulina Porizkova,2007-04-23,Q236154,1,1,0,1.0
362,Shandi Finnessey,2007-04-23,Q2632936,0,0,0,0.0
363,Apolo Anton Ohno,2007-04-30,Q329738,0,0,0,0.0
364,Billy Ray Cyrus,2007-04-30,Q231259,4,4,3,1.0
365,Clyde Drexler,2007-04-30,Q295340,5,5,5,1.0
366,Heather Mills,2007-04-30,Q128805805,0,0,0,0.0
367,Ian Ziering,2007-04-30,Q352233,0,0,0,0.0
368,Joey Fatone,2007-04-30,Q1640877,0,0,0,0.0
369,John Ratzenberger,2007-04-30,Q374093,0,0,0,0.0
370,Laila Ali,2007-04-30,Q255099,2,1,0,0.5
371,Leeza Gibbons,2007-04-30,Q512367,2,0,0,0.0
372,Paulina Porizkova,2007-04-30,Q236154,1,1,0,1.0
373,Shandi Finnessey,2007-04-30,Q2632936,0,0,0,0.0
374,Apolo Anton Ohno,2007-05-07,Q329738,0,0,0,0.0
375,Billy Ray Cyrus,2007-05-07,Q231259,4,4,3,1.0
376,Clyde Drexler,2007-05-07,Q295340,5,5,5,1.0
377,Heather Mills,2007-05-07,Q128805805,0,0,0,0.0
378,Ian Ziering,2007-05-07,Q352233,0,0,0,0.0
379,Joey Fatone,2007-05-07,Q1640877,0,0,0,0.0
380,John Ratzenberger,2007-05-07,Q374093,0,0,0,0.0
381,Laila Ali,2007-05-07,Q255099,2,1,0,0.5
382,Leeza Gibbons,2007-05-07,Q512367,2,0,0,0.0
383,Paulina Porizkova,2007-05-07,Q236154,1,1,0,1.0
384,Shandi Finnessey,2007-05-07,Q2632936,0,0,0,0.0
385,Apolo Anton Ohno,2007-05-14,Q329738,0,0,0,0.0
386,Billy Ray Cyrus,2007-05-14,Q231259,4,4,3,1.0
387,Clyde Drexler,2007-05-14,Q295340,5,5,5,1.0
388,Heather Mills,2007-05-14,Q128805805,0,0,0,0.0
389,Ian Ziering,2007-05-14,Q352233,0,0,0,0.0
390,Joey Fatone,2007-05-14,Q1640877,0,0,0,0.0
391,John Ratzenberger,2007-05-14,Q374093,0,0,0,0.0
392,Laila Ali,2007-05-14,Q255099,2,1,0,0.5
393,Leeza Gibbons,2007-05-14,Q512367,2,0,0,0.0
394,Paulina Porizkova,2007-05-14,Q236154,1,1,0,1.0
395,Shandi Finnessey,2007-05-14,Q2632936,0,0,0,0.0
396,Apolo Anton Ohno,2007-05-21,Q329738,0,0,0,0.0
397,Billy Ray Cyrus,2007-05-21,Q231259,4,4,3,1.0
398,Clyde Drexler,2007-05-21,Q295340,5,5,5,1.0
399,Heather Mills,2007-05-21,Q128805805,0,0,0,0.0
400,Ian Ziering,2007-05-21,Q352233,0,0,0,0.0
401,Joey Fatone,2007-05-21,Q1640877,0,0,0,0.0
402,John Ratzenberger,2007-05-21,Q374093,0,0,0,0.0
403,Laila Ali,2007-05-21,Q255099,2,1,0,0.5
404,Leeza Gibbons,2007-05-21,Q512367,2,0,0,0.0
405,Paulina Porizkova,2007-05-21,Q236154,1,1,0,1.0
406,Shandi Finnessey,2007-05-21,Q2632936,0,0,0,0.0
407,Apolo Anton Ohno,,Q329738,0,0,0,0.0
408,Billy Ray Cyrus,,Q231259,0,0,0,0.0
409,Clyde Drexler,,Q295340,0,0,0,0.0
410,Heather Mills,,Q128805805,0,0,0,0.0
411,Ian Ziering,,Q352233,0,0,0,0.0
412,Joey Fatone,,Q1640877,0,0,0,0.0
413,John Ratzenberger,,Q374093,0,0,0,0.0
414,Laila Ali,,Q255099,0,0,0,0.0
415,Leeza Gibbons,,Q512367,0,0,0,0.0
416,Paulina Porizkova,,Q236154,0,0,0,0.0
417,Shandi Finnessey,,Q2632936,0,0,0,0.0
418,Albert Reed,2007-09-24,Q4711088,0,0,0,0.0
419,Cameron Mathison,2007-09-24,Q3651353,1,1,1,1.0
420,Floyd Mayweather Jr.,2007-09-24,Q318204,3,2,0,0.6666666666666666
421,Helio Castroneves,2007-09-24,Q454058,0,0,0,0.0
422,Jane Seymour,2007-09-24,Q123849,5,3,3,0.6
423,Jennie Garth,2007-09-24,Q230015,2,2,1,1.0
424,Josie Maran,2007-09-24,Q241025,0,0,0,0.0
425,Marie Osmond,2007-09-24,Q465641,0,0,0,0.0
426,Mark Cuban,2007-09-24,Q318503,0,0,0,0.0
427,Mel B,2007-09-24,Q349690,3,2,2,0.6666666666666666
428,Sabrina Bryan,2007-09-24,Q256708,0,0,0,0.0
429,Wayne Newton,2007-09-24,Q552806,4,1,1,0.25
430,Albert Reed,2007-10-01,Q4711088,0,0,0,0.0
431,Cameron Mathison,2007-10-01,Q3651353,1,1,1,1.0
432,Floyd Mayweather Jr.,2007-10-01,Q318204,3,2,0,0.6666666666666666
433,Helio Castroneves,2007-10-01,Q454058,0,0,0,0.0
434,Jane Seymour,2007-10-01,Q123849,5,3,3,0.6
435,Jennie Garth,2007-10-01,Q230015,2,2,1,1.0
436,Josie Maran,2007-10-01,Q241025,0,0,0,0.0
437,Marie Osmond,2007-10-01,Q465641,0,0,0,0.0
438,Mark Cuban,2007-10-01,Q318503,0,0,0,0.0
439,Mel B,2007-10-01,Q349690,3,2,2,0.6666666666666666
440,Sabrina Bryan,2007-10-01,Q256708,0,0,0,0.0
441,Wayne Newton,2007-10-01,Q552806,4,1,1,0.25
442,Albert Reed,2007-10-08,Q4711088,0,0,0,0.0
443,Cameron Mathison,2007-10-08,Q3651353,1,1,1,1.0
444,Floyd Mayweather Jr.,2007-10-08,Q318204,3,2,0,0.6666666666666666
445,Helio Castroneves,2007-10-08,Q454058,0,0,0,0.0
446,Jane Seymour,2007-10-08,Q123849,5,3,3,0.6
447,Jennie Garth,2007-10-08,Q230015,2,2,1,1.0
448,Josie Maran,2007-10-08,Q241025,0,0,0,0.0
449,Marie Osmond,2007-10-08,Q465641,0,0,0,0.0
450,Mark Cuban,2007-10-08,Q318503,0,0,0,0.0
451,Mel B,2007-10-08,Q349690,3,2,2,0.6666666666666666
452,Sabrina Bryan,2007-10-08,Q256708,0,0,0,0.0
453,Wayne Newton,2007-10-08,Q552806,4,1,1,0.25
454,Albert Reed,2007-10-15,Q4711088,0,0,0,0.0
455,Cameron Mathison,2007-10-15,Q3651353,1,1,1,1.0
456,Floyd Mayweather Jr.,2007-10-15,Q318204,3,2,0,0.6666666666666666
457,Helio Castroneves,2007-10-15,Q454058,0,0,0,0.0
458,Jane Seymour,2007-10-15,Q123849,5,3,3,0.6
459,Jennie Garth,2007-10-15,Q230015,2,2,1,1.0
460,Josie Maran,2007-10-15,Q241025,0,0,0,0.0
461,Marie Osmond,2007-10-15,Q465641,0,0,0,0.0
462,Mark Cuban,2007-10-15,Q318503,0,0,0,0.0
463,Mel B,2007-10-15,Q349690,3,2,2,0.6666666666666666
464,Sabrina Bryan,2007-10-15,Q256708,0,0,0,0.0
465,Wayne Newton,2007-10-15,Q552806,4,1,1,0.25
466,Albert Reed,2007-10-22,Q4711088,0,0,0,0.0
467,Cameron Mathison,2007-10-22,Q3651353,1,1,1,1.0
468,Floyd Mayweather Jr.,2007-10-22,Q318204,3,2,0,0.6666666666666666
469,Helio Castroneves,2007-10-22,Q454058,0,0,0,0.0
470,Jane Seymour,2007-10-22,Q123849,5,3,3,0.6
471,Jennie Garth,2007-10-22,Q230015,2,2,1,1.0
472,Josie Maran,2007-10-22,Q241025,0,0,0,0.0
473,Marie Osmond,2007-10-22,Q465641,0,0,0,0.0
474,Mark Cuban,2007-10-22,Q318503,0,0,0,0.0
475,Mel B,2007-10-22,Q349690,3,2,2,0.6666666666666666
476,Sabrina Bryan,2007-10-22,Q256708,0,0,0,0.0
477,Wayne Newton,2007-10-22,Q552806,4,1,1,0.25
478,Albert Reed,2007-10-29,Q4711088,0,0,0,0.0
479,Cameron Mathison,2007-10-29,Q3651353,1,1,1,1.0
480,Floyd Mayweather Jr.,2007-10-29,Q318204,3,2,0,0.6666666666666666
481,Helio Castroneves,2007-10-29,Q454058,0,0,0,0.0
482,Jane Seymour,2007-10-29,Q123849,5,3,3,0.6
483,Jennie Garth,2007-10-29,Q230015,2,2,1,1.0
484,Josie Maran,2007-10-29,Q241025,0,0,0,0.0
485,Marie Osmond,2007-10-29,Q465641,0,0,0,0.0
486,Mark Cuban,2007-10-29,Q318503,0,0,0,0.0
487,Mel B,2007-10-29,Q349690,3,2,2,0.6666666666666666
488,Sabrina Bryan,2007-10-29,Q256708,0,0,0,0.0
489,Wayne Newton,2007-10-29,Q552806,4,1,1,0.25
490,Albert Reed,2007-11-05,Q4711088,0,0,0,0.0
491,Cameron Mathison,2007-11-05,Q3651353,1,1,1,1.0
492,Floyd Mayweather Jr.,2007-11-05,Q318204,3,2,0,0.6666666666666666
493,Helio Castroneves,2007-11-05,Q454058,0,0,0,0.0
494,Jane Seymour,2007-11-05,Q123849,5,3,3,0.6
495,Jennie Garth,2007-11-05,Q230015,2,2,1,1.0
496,Josie Maran,2007-11-05,Q241025,0,0,0,0.0
497,Marie Osmond,2007-11-05,Q465641,0,0,0,0.0
498,Mark Cuban,2007-11-05,Q318503,0,0,0,0.0
499,Mel B,2007-11-05,Q349690,3,2,2,0.6666666666666666
500,Sabrina Bryan,2007-11-05,Q256708,0,0,0,0.0
501,Wayne Newton,2007-11-05,Q552806,4,1,1,0.25
502,Albert Reed,2007-11-12,Q4711088,0,0,0,0.0
503,Cameron Mathison,2007-11-12,Q3651353,1,1,1,1.0
504,Floyd Mayweather Jr.,2007-11-12,Q318204,3,2,0,0.6666666666666666
505,Helio Castroneves,2007-11-12,Q454058,0,0,0,0.0
506,Jane Seymour,2007-11-12,Q123849,5,3,3,0.6
507,Jennie Garth,2007-11-12,Q230015,2,2,1,1.0
508,Josie Maran,2007-11-12,Q241025,0,0,0,0.0
509,Marie Osmond,2007-11-12,Q465641,0,0,0,0.0
510,Mark Cuban,2007-11-12,Q318503,0,0,0,0.0
511,Mel B,2007-11-12,Q349690,3,2,2,0.6666666666666666
512,Sabrina Bryan,2007-11-12,Q256708,0,0,0,0.0
513,Wayne Newton,2007-11-12,Q552806,4,1,1,0.25
514,Albert Reed,2007-11-19,Q4711088,0,0,0,0.0
515,Cameron Mathison,2007-11-19,Q3651353,1,1,1,1.0
516,Floyd Mayweather Jr.,2007-11-19,Q318204,3,2,0,0.6666666666666666
517,Helio Castroneves,2007-11-19,Q454058,0,0,0,0.0
518,Jane Seymour,2007-11-19,Q123849,5,3,3,0.6
519,Jennie Garth,2007-11-19,Q230015,2,2,1,1.0
520,Josie Maran,2007-11-19,Q241025,0,0,0,0.0
521,Marie Osmond,2007-11-19,Q465641,0,0,0,0.0
522,Mark Cuban,2007-11-19,Q318503,0,0,0,0.0
523,Mel B,2007-11-19,Q349690,3,2,2,0.6666666666666666
524,Sabrina Bryan,2007-11-19,Q256708,0,0,0,0.0
525,Wayne Newton,2007-11-19,Q552806,4,1,1,0.25
526,Albert Reed,2007-11-26,Q4711088,0,0,0,0.0
527,Cameron Mathison,2007-11-26,Q3651353,1,1,1,1.0
528,Floyd Mayweather Jr.,2007-11-26,Q318204,3,2,0,0.6666666666666666
529,Helio Castroneves,2007-11-26,Q454058,0,0,0,0.0
530,Jane Seymour,2007-11-26,Q123849,5,3,3,0.6
531,Jennie Garth,2007-11-26,Q230015,2,2,1,1.0
532,Josie Maran,2007-11-26,Q241025,0,0,0,0.0
533,Marie Osmond,2007-11-26,Q465641,0,0,0,0.0
534,Mark Cuban,2007-11-26,Q318503,0,0,0,0.0
535,Mel B,2007-11-26,Q349690,3,2,2,0.6666666666666666
536,Sabrina Bryan,2007-11-26,Q256708,0,0,0,0.0
537,Wayne Newton,2007-11-26,Q552806,4,1,1,0.25
538,Albert Reed,,Q4711088,0,0,0,0.0
539,Cameron Mathison,,Q3651353,0,0,0,0.0
540,Floyd Mayweather Jr.,,Q318204,0,0,0,0.0
541,Helio Castroneves,,Q454058,0,0,0,0.0
542,Jane Seymour,,Q123849,0,0,0,0.0
543,Jennie Garth,,Q230015,0,0,0,0.0
544,Josie Maran,,Q241025,0,0,0,0.0
545,Marie Osmond,,Q465641,0,0,0,0.0
546,Mark Cuban,,Q318503,0,0,0,0.0
547,Mel B,,Q349690,0,0,0,0.0
548,Sabrina Bryan,,Q256708,0,0,0,0.0
549,Wayne Newton,,Q552806,0,0,0,0.0
550,Adam Carolla,2008-03-17,Q4119,0,0,0,0.0
551,Cristian de la Fuente,2008-03-17,Q266788,1,0,0,0.0
552,Jason Taylor,2008-03-17,Q110442797,0,0,0,0.0
553,Kristi Yamaguchi,2008-03-17,Q237651,1,1,0,1.0
554,Mario,2008-03-17,Q3362622,0,0,0,0.0
555,Marissa Jaret Winokur,2008-03-17,Q459363,3,2,2,0.6666666666666666
556,Marlee Matlin,2008-03-17,Q213287,4,3,2,0.75
557,Monica Seles,2008-03-17,Q173633,6,6,5,1.0
558,Penn Jillette,2008-03-17,Q4129653,2,2,2,1.0
559,Priscilla Presley,2008-03-17,Q234773,0,0,0,0.0
560,Shannon Elizabeth,2008-03-17,Q228882,0,0,0,0.0
561,Steve Guttenberg,2008-03-17,Q318685,1,0,0,0.0
562,Adam Carolla,2008-03-24,Q4119,0,0,0,0.0
563,Cristian de la Fuente,2008-03-24,Q266788,1,0,0,0.0
564,Jason Taylor,2008-03-24,Q110442797,0,0,0,0.0
565,Kristi Yamaguchi,2008-03-24,Q237651,1,1,0,1.0
566,Mario,2008-03-24,Q3362622,0,0,0,0.0
567,Marissa Jaret Winokur,2008-03-24,Q459363,3,2,2,0.6666666666666666
568,Marlee Matlin,2008-03-24,Q213287,4,3,2,0.75
569,Monica Seles,2008-03-24,Q173633,6,6,5,1.0
570,Penn Jillette,2008-03-24,Q4129653,2,2,2,1.0
571,Priscilla Presley,2008-03-24,Q234773,0,0,0,0.0
572,Shannon Elizabeth,2008-03-24,Q228882,0,0,0,0.0
573,Steve Guttenberg,2008-03-24,Q318685,1,0,0,0.0
574,Adam Carolla,2008-03-31,Q4119,0,0,0,0.0
575,Cristian de la Fuente,2008-03-31,Q266788,1,0,0,0.0
576,Jason Taylor,2008-03-31,Q110442797,0,0,0,0.0
577,Kristi Yamaguchi,2008-03-31,Q237651,1,1,0,1.0
578,Mario,2008-03-31,Q3362622,0,0,0,0.0
579,Marissa Jaret Winokur,2008-03-31,Q459363,3,2,2,0.6666666666666666
580,Marlee Matlin,2008-03-31,Q213287,4,3,2,0.75
581,Monica Seles,2008-03-31,Q173633,6,6,5,1.0
582,Penn Jillette,2008-03-31,Q4129653,2,2,2,1.0
583,Priscilla Presley,2008-03-31,Q234773,0,0,0,0.0
584,Shannon Elizabeth,2008-03-31,Q228882,0,0,0,0.0
585,Steve Guttenberg,2008-03-31,Q318685,1,0,0,0.0
586,Adam Carolla,2008-04-07,Q4119,0,0,0,0.0
587,Cristian de la Fuente,2008-04-07,Q266788,1,0,0,0.0
588,Jason Taylor,2008-04-07,Q110442797,0,0,0,0.0
589,Kristi Yamaguchi,2008-04-07,Q237651,1,1,0,1.0
590,Mario,2008-04-07,Q3362622,0,0,0,0.0
591,Marissa Jaret Winokur,2008-04-07,Q459363,3,2,2,0.6666666666666666
592,Marlee Matlin,2008-04-07,Q213287,4,3,2,0.75
593,Monica Seles,2008-04-07,Q173633,6,6,5,1.0
594,Penn Jillette,2008-04-07,Q4129653,2,2,2,1.0
595,Priscilla Presley,2008-04-07,Q234773,0,0,0,0.0
596,Shannon Elizabeth,2008-04-07,Q228882,0,0,0,0.0
597,Steve Guttenberg,2008-04-07,Q318685,1,0,0,0.0
598,Adam Carolla,2008-04-14,Q4119,0,0,0,0.0
599,Cristian de la Fuente,2008-04-14,Q266788,1,0,0,0.0
600,Jason Taylor,2008-04-14,Q110442797,0,0,0,0.0
601,Kristi Yamaguchi,2008-04-14,Q237651,1,1,0,1.0
602,Mario,2008-04-14,Q3362622,0,0,0,0.0
603,Marissa Jaret Winokur,2008-04-14,Q459363,3,2,2,0.6666666666666666
604,Marlee Matlin,2008-04-14,Q213287,4,3,2,0.75
605,Monica Seles,2008-04-14,Q173633,6,6,5,1.0
606,Penn Jillette,2008-04-14,Q4129653,2,2,2,1.0
607,Priscilla Presley,2008-04-14,Q234773,0,0,0,0.0
608,Shannon Elizabeth,2008-04-14,Q228882,0,0,0,0.0
609,Steve Guttenberg,2008-04-14,Q318685,1,0,0,0.0
610,Adam Carolla,2008-04-21,Q4119,0,0,0,0.0
611,Cristian de la Fuente,2008-04-21,Q266788,1,0,0,0.0
612,Jason Taylor,2008-04-21,Q110442797,0,0,0,0.0
613,Kristi Yamaguchi,2008-04-21,Q237651,1,1,0,1.0
614,Mario,2008-04-21,Q3362622,0,0,0,0.0
615,Marissa Jaret Winokur,2008-04-21,Q459363,3,2,2,0.6666666666666666
616,Marlee Matlin,2008-04-21,Q213287,4,3,2,0.75
617,Monica Seles,2008-04-21,Q173633,6,6,5,1.0
618,Penn Jillette,2008-04-21,Q4129653,2,2,2,1.0
619,Priscilla Presley,2008-04-21,Q234773,0,0,0,0.0
620,Shannon Elizabeth,2008-04-21,Q228882,0,0,0,0.0
621,Steve Guttenberg,2008-04-21,Q318685,1,0,0,0.0
622,Adam Carolla,2008-04-28,Q4119,0,0,0,0.0
623,Cristian de la Fuente,2008-04-28,Q266788,1,0,0,0.0
624,Jason Taylor,2008-04-28,Q110442797,0,0,0,0.0
625,Kristi Yamaguchi,2008-04-28,Q237651,1,1,0,1.0
626,Mario,2008-04-28,Q3362622,0,0,0,0.0
627,Marissa Jaret Winokur,2008-04-28,Q459363,3,2,2,0.6666666666666666
628,Marlee Matlin,2008-04-28,Q213287,4,3,2,0.75
629,Monica Seles,2008-04-28,Q173633,6,6,5,1.0
630,Penn Jillette,2008-04-28,Q4129653,2,2,2,1.0
631,Priscilla Presley,2008-04-28,Q234773,0,0,0,0.0
632,Shannon Elizabeth,2008-04-28,Q228882,0,0,0,0.0
633,Steve Guttenberg,2008-04-28,Q318685,1,0,0,0.0
634,Adam Carolla,2008-05-05,Q4119,0,0,0,0.0
635,Cristian de la Fuente,2008-05-05,Q266788,1,0,0,0.0
636,Jason Taylor,2008-05-05,Q110442797,0,0,0,0.0
637,Kristi Yamaguchi,2008-05-05,Q237651,1,1,0,1.0
638,Mario,2008-05-05,Q3362622,0,0,0,0.0
639,Marissa Jaret Winokur,2008-05-05,Q459363,3,2,2,0.6666666666666666
640,Marlee Matlin,2008-05-05,Q213287,4,3,2,0.75
641,Monica Seles,2008-05-05,Q173633,6,6,5,1.0
642,Penn Jillette,2008-05-05,Q4129653,2,2,2,1.0
643,Priscilla Presley,2008-05-05,Q234773,0,0,0,0.0
644,Shannon Elizabeth,2008-05-05,Q228882,0,0,0,0.0
645,Steve Guttenberg,2008-05-05,Q318685,1,0,0,0.0
646,Adam Carolla,2008-05-12,Q4119,0,0,0,0.0
647,Cristian de la Fuente,2008-05-12,Q266788,1,0,0,0.0
648,Jason Taylor,2008-05-12,Q110442797,0,0,0,0.0
649,Kristi Yamaguchi,2008-05-12,Q237651,1,1,0,1.0
650,Mario,2008-05-12,Q3362622,0,0,0,0.0
651,Marissa Jaret Winokur,2008-05-12,Q459363,3,2,2,0.6666666666666666
652,Marlee Matlin,2008-05-12,Q213287,4,3,2,0.75
653,Monica Seles,2008-05-12,Q173633,6,6,5,1.0
654,Penn Jillette,2008-05-12,Q4129653,2,2,2,1.0
655,Priscilla Presley,2008-05-12,Q234773,0,0,0,0.0
656,Shannon Elizabeth,2008-05-12,Q228882,0,0,0,0.0
657,Steve Guttenberg,2008-05-12,Q318685,1,0,0,0.0
658,Adam Carolla,2008-05-19,Q4119,0,0,0,0.0
659,Cristian de la Fuente,2008-05-19,Q266788,1,0,0,0.0
660,Jason Taylor,2008-05-19,Q110442797,0,0,0,0.0
661,Kristi Yamaguchi,2008-05-19,Q237651,1,1,0,1.0
662,Mario,2008-05-19,Q3362622,0,0,0,0.0
663,Marissa Jaret Winokur,2008-05-19,Q459363,3,2,2,0.6666666666666666
664,Marlee Matlin,2008-05-19,Q213287,4,3,2,0.75
665,Monica Seles,2008-05-19,Q173633,6,6,5,1.0
666,Penn Jillette,2008-05-19,Q4129653,2,2,2,1.0
667,Priscilla Presley,2008-05-19,Q234773,0,0,0,0.0
668,Shannon Elizabeth,2008-05-19,Q228882,0,0,0,0.0
669,Steve Guttenberg,2008-05-19,Q318685,1,0,0,0.0
670,Adam Carolla,,Q4119,0,0,0,0.0
671,Cristian de la Fuente,,Q266788,0,0,0,0.0
672,Jason Taylor,,Q110442797,0,0,0,0.0
673,Kristi Yamaguchi,,Q237651,0,0,0,0.0
674,Mario,,Q3362622,0,0,0,0.0
675,Marissa Jaret Winokur,,Q459363,0,0,0,0.0
676,Marlee Matlin,,Q213287,0,0,0,0.0
677,Monica Seles,,Q173633,0,0,0,0.0
678,Penn Jillette,,Q4129653,0,0,0,0.0
679,Priscilla Presley,,Q234773,0,0,0,0.0
680,Shannon Elizabeth,,Q228882,0,0,0,0.0
681,Steve Guttenberg,,Q318685,0,0,0,0.0
682,Brooke Burke,2008-09-22,Q439927,0,0,0,0.0
683,Cloris Leachman,2008-09-22,Q230131,12,11,11,0.9166666666666666
684,Cody Linley,2008-09-22,Q313660,0,0,0,0.0
685,Jeffrey Ross,2008-09-22,Q125268398,0,0,0,0.0
686,Kim Kardashian,2008-09-22,Q186304,1,1,0,1.0
687,Lance Bass,2008-09-22,Q443120,0,0,0,0.0
688,Maurice Greene,2008-09-22,Q296309,0,0,0,0.0
689,Misty May-Treanor,2008-09-22,Q182106,1,1,1,1.0
690,Rocco DiSpirito,2008-09-22,Q14946761,0,0,0,0.0
691,Susan Lucci,2008-09-22,Q242936,12,9,7,0.75
692,Ted McGinley,2008-09-22,Q617641,0,0,0,0.0
693,Toni Braxton,2008-09-22,Q155412,2,2,1,1.0
694,Warren Sapp,2008-09-22,Q180342,4,3,3,0.75
695,Brooke Burke,2008-09-29,Q439927,0,0,0,0.0
696,Cloris Leachman,2008-09-29,Q230131,12,11,11,0.9166666666666666
697,Cody Linley,2008-09-29,Q313660,0,0,0,0.0
698,Jeffrey Ross,2008-09-29,Q125268398,0,0,0,0.0
699,Kim Kardashian,2008-09-29,Q186304,1,1,0,1.0
700,Lance Bass,2008-09-29,Q443120,0,0,0,0.0
701,Maurice Greene,2008-09-29,Q296309,0,0,0,0.0
702,Misty May-Treanor,2008-09-29,Q182106,1,1,1,1.0
703,Rocco DiSpirito,2008-09-29,Q14946761,0,0,0,0.0
704,Susan Lucci,2008-09-29,Q242936,12,9,7,0.75
705,Ted McGinley,2008-09-29,Q617641,0,0,0,0.0
706,Toni Braxton,2008-09-29,Q155412,2,2,1,1.0
707,Warren Sapp,2008-09-29,Q180342,4,3,3,0.75
708,Brooke Burke,2008-10-06,Q439927,0,0,0,0.0
709,Cloris Leachman,2008-10-06,Q230131,12,11,11,0.9166666666666666
710,Cody Linley,2008-10-06,Q313660,0,0,0,0.0
711,Jeffrey Ross,2008-10-06,Q125268398,0,0,0,0.0
712,Kim Kardashian,2008-10-06,Q186304,1,1,0,1.0
713,Lance Bass,2008-10-06,Q443120,0,0,0,0.0
714,Maurice Greene,2008-10-06,Q296309,0,0,0,0.0
715,Misty May-Treanor,2008-10-06,Q182106,1,1,1,1.0
716,Rocco DiSpirito,2008-10-06,Q14946761,0,0,0,0.0
717,Susan Lucci,2008-10-06,Q242936,12,9,7,0.75
718,Ted McGinley,2008-10-06,Q617641,0,0,0,0.0
719,Toni Braxton,2008-10-06,Q155412,2,2,1,1.0
720,Warren Sapp,2008-10-06,Q180342,4,3,3,0.75
721,Brooke Burke,2008-10-13,Q439927,0,0,0,0.0
722,Cloris Leachman,2008-10-13,Q230131,12,11,11,0.9166666666666666
723,Cody Linley,2008-10-13,Q313660,0,0,0,0.0
724,Jeffrey Ross,2008-10-13,Q125268398,0,0,0,0.0
725,Kim Kardashian,2008-10-13,Q186304,1,1,0,1.0
726,Lance Bass,2008-10-13,Q443120,0,0,0,0.0
727,Maurice Greene,2008-10-13,Q296309,0,0,0,0.0
728,Misty May-Treanor,2008-10-13,Q182106,1,1,1,1.0
729,Rocco DiSpirito,2008-10-13,Q14946761,0,0,0,0.0
730,Susan Lucci,2008-10-13,Q242936,12,9,7,0.75
731,Ted McGinley,2008-10-13,Q617641,0,0,0,0.0
732,Toni Braxton,2008-10-13,Q155412,2,2,1,1.0
733,Warren Sapp,2008-10-13,Q180342,4,3,3,0.75
734,Brooke Burke,2008-10-20,Q439927,0,0,0,0.0
735,Cloris Leachman,2008-10-20,Q230131,12,11,11,0.9166666666666666
736,Cody Linley,2008-10-20,Q313660,0,0,0,0.0
737,Jeffrey Ross,2008-10-20,Q125268398,0,0,0,0.0
738,Kim Kardashian,2008-10-20,Q186304,1,1,0,1.0
739,Lance Bass,2008-10-20,Q443120,0,0,0,0.0
740,Maurice Greene,2008-10-20,Q296309,0,0,0,0.0
741,Misty May-Treanor,2008-10-20,Q182106,1,1,1,1.0
742,Rocco DiSpirito,2008-10-20,Q14946761,0,0,0,0.0
743,Susan Lucci,2008-10-20,Q242936,12,9,7,0.75
744,Ted McGinley,2008-10-20,Q617641,0,0,0,0.0
745,Toni Braxton,2008-10-20,Q155412,2,2,1,1.0
746,Warren Sapp,2008-10-20,Q180342,4,3,3,0.75
747,Brooke Burke,2008-10-27,Q439927,0,0,0,0.0
748,Cloris Leachman,2008-10-27,Q230131,12,11,11,0.9166666666666666
749,Cody Linley,2008-10-27,Q313660,0,0,0,0.0
750,Jeffrey Ross,2008-10-27,Q125268398,0,0,0,0.0
751,Kim Kardashian,2008-10-27,Q186304,1,1,0,1.0
752,Lance Bass,2008-10-27,Q443120,0,0,0,0.0
753,Maurice Greene,2008-10-27,Q296309,0,0,0,0.0
754,Misty May-Treanor,2008-10-27,Q182106,1,1,1,1.0
755,Rocco DiSpirito,2008-10-27,Q14946761,0,0,0,0.0
756,Susan Lucci,2008-10-27,Q242936,12,9,7,0.75
757,Ted McGinley,2008-10-27,Q617641,0,0,0,0.0
758,Toni Braxton,2008-10-27,Q155412,2,2,1,1.0
759,Warren Sapp,2008-10-27,Q180342,4,3,3,0.75
760,Brooke Burke,2008-11-03,Q439927,0,0,0,0.0
761,Cloris Leachman,2008-11-03,Q230131,12,11,11,0.9166666666666666
762,Cody Linley,2008-11-03,Q313660,0,0,0,0.0
763,Jeffrey Ross,2008-11-03,Q125268398,0,0,0,0.0
764,Kim Kardashian,2008-11-03,Q186304,1,1,0,1.0
765,Lance Bass,2008-11-03,Q443120,0,0,0,0.0
766,Maurice Greene,2008-11-03,Q296309,0,0,0,0.0
767,Misty May-Treanor,2008-11-03,Q182106,1,1,1,1.0
768,Rocco DiSpirito,2008-11-03,Q14946761,0,0,0,0.0
769,Susan Lucci,2008-11-03,Q242936,12,9,7,0.75
770,Ted McGinley,2008-11-03,Q617641,0,0,0,0.0
771,Toni Braxton,2008-11-03,Q155412,2,2,1,1.0
772,Warren Sapp,2008-11-03,Q180342,4,3,3,0.75
773,Brooke Burke,2008-11-10,Q439927,0,0,0,0.0
774,Cloris Leachman,2008-11-10,Q230131,12,11,11,0.9166666666666666
775,Cody Linley,2008-11-10,Q313660,0,0,0,0.0
776,Jeffrey Ross,2008-11-10,Q125268398,0,0,0,0.0
777,Kim Kardashian,2008-11-10,Q186304,1,1,0,1.0
778,Lance Bass,2008-11-10,Q443120,0,0,0,0.0
779,Maurice Greene,2008-11-10,Q296309,0,0,0,0.0
780,Misty May-Treanor,2008-11-10,Q182106,1,1,1,1.0
781,Rocco DiSpirito,2008-11-10,Q14946761,0,0,0,0.0
782,Susan Lucci,2008-11-10,Q242936,12,9,7,0.75
783,Ted McGinley,2008-11-10,Q617641,0,0,0,0.0
784,Toni Braxton,2008-11-10,Q155412,2,2,1,1.0
785,Warren Sapp,2008-11-10,Q180342,4,3,3,0.75
786,Brooke Burke,2008-11-17,Q439927,0,0,0,0.0
787,Cloris Leachman,2008-11-17,Q230131,12,11,11,0.9166666666666666
788,Cody Linley,2008-11-17,Q313660,0,0,0,0.0
789,Jeffrey Ross,2008-11-17,Q125268398,0,0,0,0.0
790,Kim Kardashian,2008-11-17,Q186304,1,1,0,1.0
791,Lance Bass,2008-11-17,Q443120,0,0,0,0.0
792,Maurice Greene,2008-11-17,Q296309,0,0,0,0.0
793,Misty May-Treanor,2008-11-17,Q182106,1,1,1,1.0
794,Rocco DiSpirito,2008-11-17,Q14946761,0,0,0,0.0
795,Susan Lucci,2008-11-17,Q242936,12,9,7,0.75
796,Ted McGinley,2008-11-17,Q617641,0,0,0,0.0
797,Toni Braxton,2008-11-17,Q155412,2,2,1,1.0
798,Warren Sapp,2008-11-17,Q180342,4,3,3,0.75
799,Brooke Burke,2008-11-24,Q439927,0,0,0,0.0
800,Cloris Leachman,2008-11-24,Q230131,12,11,11,0.9166666666666666
801,Cody Linley,2008-11-24,Q313660,0,0,0,0.0
802,Jeffrey Ross,2008-11-24,Q125268398,0,0,0,0.0
803,Kim Kardashian,2008-11-24,Q186304,1,1,0,1.0
804,Lance Bass,2008-11-24,Q443120,0,0,0,0.0
805,Maurice Greene,2008-11-24,Q296309,0,0,0,0.0
806,Misty May-Treanor,2008-11-24,Q182106,1,1,1,1.0
807,Rocco DiSpirito,2008-11-24,Q14946761,0,0,0,0.0
808,Susan Lucci,2008-11-24,Q242936,12,9,7,0.75
809,Ted McGinley,2008-11-24,Q617641,0,0,0,0.0
810,Toni Braxton,2008-11-24,Q155412,2,2,1,1.0
811,Warren Sapp,2008-11-24,Q180342,4,3,3,0.75
812,Brooke Burke,,Q439927,0,0,0,0.0
813,Cloris Leachman,,Q230131,0,0,0,0.0
814,Cody Linley,,Q313660,0,0,0,0.0
815,Jeffrey Ross,,Q125268398,0,0,0,0.0
816,Kim Kardashian,,Q186304,0,0,0,0.0
817,Lance Bass,,Q443120,0,0,0,0.0
818,Maurice Greene,,Q296309,0,0,0,0.0
819,Misty May-Treanor,,Q182106,0,0,0,0.0
820,Rocco DiSpirito,,Q14946761,0,0,0,0.0
821,Susan Lucci,,Q242936,0,0,0,0.0
822,Ted McGinley,,Q617641,0,0,0,0.0
823,Toni Braxton,,Q155412,0,0,0,0.0
824,Warren Sapp,,Q180342,0,0,0,0.0
825,Belinda Carlisle,2009-03-09,Q233959,0,0,0,0.0
826,Chuck Wicks,2009-03-09,Q2967614,0,0,0,0.0
827,David Alan Grier,2009-03-09,Q562596,2,1,1,0.5
828,Denise Richards,2009-03-09,Q206833,0,0,0,0.0
829,Gilles Marini,2009-03-09,Q181997,0,0,0,0.0
830,Holly Madison,2009-03-09,Q229948,0,0,0,0.0
831,Lawrence Taylor,2009-03-09,Q102302592,0,0,0,0.0
832,Lil' Kim,2009-03-09,Q229379,0,0,0,0.0
833,Melissa Rycroft,2009-03-09,Q2112258,0,0,0,0.0
834,Shawn Johnson,2009-03-09,Q229044,0,0,0,0.0
835,Steve Wozniak,2009-03-09,Q483382,7,7,5,1.0
836,Steve-O,2009-03-09,Q451501,0,0,0,0.0
837,Ty Murray,2009-03-09,Q14249324,1,1,1,1.0
838,Belinda Carlisle,2009-03-16,Q233959,0,0,0,0.0
839,Chuck Wicks,2009-03-16,Q2967614,0,0,0,0.0
840,David Alan Grier,2009-03-16,Q562596,2,1,1,0.5
841,Denise Richards,2009-03-16,Q206833,0,0,0,0.0
842,Gilles Marini,2009-03-16,Q181997,0,0,0,0.0
843,Holly Madison,2009-03-16,Q229948,0,0,0,0.0
844,Lawrence Taylor,2009-03-16,Q102302592,0,0,0,0.0
845,Lil' Kim,2009-03-16,Q229379,0,0,0,0.0
846,Melissa Rycroft,2009-03-16,Q2112258,0,0,0,0.0
847,Shawn Johnson,2009-03-16,Q229044,0,0,0,0.0
848,Steve Wozniak,2009-03-16,Q483382,7,7,5,1.0
849,Steve-O,2009-03-16,Q451501,0,0,0,0.0
850,Ty Murray,2009-03-16,Q14249324,1,1,1,1.0
851,Belinda Carlisle,2009-03-23,Q233959,0,0,0,0.0
852,Chuck Wicks,2009-03-23,Q2967614,0,0,0,0.0
853,David Alan Grier,2009-03-23,Q562596,2,1,1,0.5
854,Denise Richards,2009-03-23,Q206833,0,0,0,0.0
855,Gilles Marini,2009-03-23,Q181997,0,0,0,0.0
856,Holly Madison,2009-03-23,Q229948,0,0,0,0.0
857,Lawrence Taylor,2009-03-23,Q102302592,0,0,0,0.0
858,Lil' Kim,2009-03-23,Q229379,0,0,0,0.0
859,Melissa Rycroft,2009-03-23,Q2112258,0,0,0,0.0
860,Shawn Johnson,2009-03-23,Q229044,0,0,0,0.0
861,Steve Wozniak,2009-03-23,Q483382,7,7,5,1.0
862,Steve-O,2009-03-23,Q451501,0,0,0,0.0
863,Ty Murray,2009-03-23,Q14249324,1,1,1,1.0
864,Belinda Carlisle,2009-03-30,Q233959,0,0,0,0.0
865,Chuck Wicks,2009-03-30,Q2967614,0,0,0,0.0
866,David Alan Grier,2009-03-30,Q562596,2,1,1,0.5
867,Denise Richards,2009-03-30,Q206833,0,0,0,0.0
868,Gilles Marini,2009-03-30,Q181997,0,0,0,0.0
869,Holly Madison,2009-03-30,Q229948,0,0,0,0.0
870,Lawrence Taylor,2009-03-30,Q102302592,0,0,0,0.0
871,Lil' Kim,2009-03-30,Q229379,0,0,0,0.0
872,Melissa Rycroft,2009-03-30,Q2112258,0,0,0,0.0
873,Shawn Johnson,2009-03-30,Q229044,0,0,0,0.0
874,Steve Wozniak,2009-03-30,Q483382,7,7,5,1.0
875,Steve-O,2009-03-30,Q451501,0,0,0,0.0
876,Ty Murray,2009-03-30,Q14249324,1,1,1,1.0
877,Belinda Carlisle,2009-04-06,Q233959,0,0,0,0.0
878,Chuck Wicks,2009-04-06,Q2967614,0,0,0,0.0
879,David Alan Grier,2009-04-06,Q562596,2,1,1,0.5
880,Denise Richards,2009-04-06,Q206833,0,0,0,0.0
881,Gilles Marini,2009-04-06,Q181997,0,0,0,0.0
882,Holly Madison,2009-04-06,Q229948,0,0,0,0.0
883,Lawrence Taylor,2009-04-06,Q102302592,0,0,0,0.0
884,Lil' Kim,2009-04-06,Q229379,0,0,0,0.0
885,Melissa Rycroft,2009-04-06,Q2112258,0,0,0,0.0
886,Shawn Johnson,2009-04-06,Q229044,0,0,0,0.0
887,Steve Wozniak,2009-04-06,Q483382,7,7,5,1.0
888,Steve-O,2009-04-06,Q451501,0,0,0,0.0
889,Ty Murray,2009-04-06,Q14249324,1,1,1,1.0
890,Belinda Carlisle,2009-04-13,Q233959,0,0,0,0.0
891,Chuck Wicks,2009-04-13,Q2967614,0,0,0,0.0
892,David Alan Grier,2009-04-13,Q562596,2,1,1,0.5
893,Denise Richards,2009-04-13,Q206833,0,0,0,0.0
894,Gilles Marini,2009-04-13,Q181997,0,0,0,0.0
895,Holly Madison,2009-04-13,Q229948,0,0,0,0.0
896,Lawrence Taylor,2009-04-13,Q102302592,0,0,0,0.0
897,Lil' Kim,2009-04-13,Q229379,0,0,0,0.0
898,Melissa Rycroft,2009-04-13,Q2112258,0,0,0,0.0
899,Shawn Johnson,2009-04-13,Q229044,0,0,0,0.0
900,Steve Wozniak,2009-04-13,Q483382,7,7,5,1.0
901,Steve-O,2009-04-13,Q451501,0,0,0,0.0
902,Ty Murray,2009-04-13,Q14249324,1,1,1,1.0
903,Belinda Carlisle,2009-04-20,Q233959,0,0,0,0.0
904,Chuck Wicks,2009-04-20,Q2967614,0,0,0,0.0
905,David Alan Grier,2009-04-20,Q562596,2,1,1,0.5
906,Denise Richards,2009-04-20,Q206833,0,0,0,0.0
907,Gilles Marini,2009-04-20,Q181997,0,0,0,0.0
908,Holly Madison,2009-04-20,Q229948,0,0,0,0.0
909,Lawrence Taylor,2009-04-20,Q102302592,0,0,0,0.0
910,Lil' Kim,2009-04-20,Q229379,0,0,0,0.0
911,Melissa Rycroft,2009-04-20,Q2112258,0,0,0,0.0
912,Shawn Johnson,2009-04-20,Q229044,0,0,0,0.0
913,Steve Wozniak,2009-04-20,Q483382,7,7,5,1.0
914,Steve-O,2009-04-20,Q451501,0,0,0,0.0
915,Ty Murray,2009-04-20,Q14249324,1,1,1,1.0
916,Belinda Carlisle,2009-04-27,Q233959,0,0,0,0.0
917,Chuck Wicks,2009-04-27,Q2967614,0,0,0,0.0
918,David Alan Grier,2009-04-27,Q562596,2,1,1,0.5
919,Denise Richards,2009-04-27,Q206833,0,0,0,0.0
920,Gilles Marini,2009-04-27,Q181997,0,0,0,0.0
921,Holly Madison,2009-04-27,Q229948,0,0,0,0.0
922,Lawrence Taylor,2009-04-27,Q102302592,0,0,0,0.0
923,Lil' Kim,2009-04-27,Q229379,0,0,0,0.0
924,Melissa Rycroft,2009-04-27,Q2112258,0,0,0,0.0
925,Shawn Johnson,2009-04-27,Q229044,0,0,0,0.0
926,Steve Wozniak,2009-04-27,Q483382,7,7,5,1.0
927,Steve-O,2009-04-27,Q451501,0,0,0,0.0
928,Ty Murray,2009-04-27,Q14249324,1,1,1,1.0
929,Belinda Carlisle,2009-05-04,Q233959,0,0,0,0.0
930,Chuck Wicks,2009-05-04,Q2967614,0,0,0,0.0
931,David Alan Grier,2009-05-04,Q562596,2,1,1,0.5
932,Denise Richards,2009-05-04,Q206833,0,0,0,0.0
933,Gilles Marini,2009-05-04,Q181997,0,0,0,0.0
934,Holly Madison,2009-05-04,Q229948,0,0,0,0.0
935,Lawrence Taylor,2009-05-04,Q102302592,0,0,0,0.0
936,Lil' Kim,2009-05-04,Q229379,0,0,0,0.0
937,Melissa Rycroft,2009-05-04,Q2112258,0,0,0,0.0
938,Shawn Johnson,2009-05-04,Q229044,0,0,0,0.0
939,Steve Wozniak,2009-05-04,Q483382,7,7,5,1.0
940,Steve-O,2009-05-04,Q451501,0,0,0,0.0
941,Ty Murray,2009-05-04,Q14249324,1,1,1,1.0
942,Belinda Carlisle,2009-05-11,Q233959,0,0,0,0.0
943,Chuck Wicks,2009-05-11,Q2967614,0,0,0,0.0
944,David Alan Grier,2009-05-11,Q562596,2,1,1,0.5
945,Denise Richards,2009-05-11,Q206833,0,0,0,0.0
946,Gilles Marini,2009-05-11,Q181997,0,0,0,0.0
947,Holly Madison,2009-05-11,Q229948,0,0,0,0.0
948,Lawrence Taylor,2009-05-11,Q102302592,0,0,0,0.0
949,Lil' Kim,2009-05-11,Q229379,0,0,0,0.0
950,Melissa Rycroft,2009-05-11,Q2112258,0,0,0,0.0
951,Shawn Johnson,2009-05-11,Q229044,0,0,0,0.0
952,Steve Wozniak,2009-05-11,Q483382,7,7,5,1.0
953,Steve-O,2009-05-11,Q451501,0,0,0,0.0
954,Ty Murray,2009-05-11,Q14249324,1,1,1,1.0
955,Belinda Carlisle,2009-05-18,Q233959,0,0,0,0.0
956,Chuck Wicks,2009-05-18,Q2967614,0,0,0,0.0
957,David Alan Grier,2009-05-18,Q562596,2,1,1,0.5
958,Denise Richards,2009-05-18,Q206833,0,0,0,0.0
959,Gilles Marini,2009-05-18,Q181997,0,0,0,0.0
960,Holly Madison,2009-05-18,Q229948,0,0,0,0.0
961,Lawrence Taylor,2009-05-18,Q102302592,0,0,0,0.0
962,Lil' Kim,2009-05-18,Q229379,0,0,0,0.0
963,Melissa Rycroft,2009-05-18,Q2112258,0,0,0,0.0
964,Shawn Johnson,2009-05-18,Q229044,0,0,0,0.0
965,Steve Wozniak,2009-05-18,Q483382,7,7,5,1.0
966,Steve-O,2009-05-18,Q451501,0,0,0,0.0
967,Ty Murray,2009-05-18,Q14249324,1,1,1,1.0
968,Aaron Carter,2009-09-21,Q301818,0,0,0,0.0
969,Ashley Hamiliton,2009-09-21,,0,0,0,0.0
970,Chuck Liddell,2009-09-21,Q380050,0,0,0,0.0
971,Debi Mazar,2009-09-21,Q238671,0,0,0,0.0
972,Donny Osmond,2009-09-21,Q386053,0,0,0,0.0
973,Joanna Krupa,2009-09-21,Q266525,0,0,0,0.0
974,Kathy Ireland,2009-09-21,Q262490,0,0,0,0.0
975,Kelly Osbourne,2009-09-21,Q231182,0,0,0,0.0
976,Louie Vito,2009-09-21,Q3260258,0,0,0,0.0
977,Macy Gray,2009-09-21,Q232456,0,0,0,0.0
978,Mark Dacascos,2009-09-21,Q314200,0,0,0,0.0
979,Melissa Joan Hart,2009-09-21,Q429777,0,0,0,0.0
980,Michael Irvin,2009-09-21,Q952676,1,0,0,0.0
981,Mya,2009-09-21,Q836,1,1,0,1.0
982,Natalie Coughlin,2009-09-21,Q229937,1,1,1,1.0
983,Tom DeLay,2009-09-21,Q180390,0,0,0,0.0
984,Aaron Carter,2009-09-28,Q301818,0,0,0,0.0
985,Ashley Hamiliton,2009-09-28,,0,0,0,0.0
986,Chuck Liddell,2009-09-28,Q380050,0,0,0,0.0
987,Debi Mazar,2009-09-28,Q238671,0,0,0,0.0
988,Donny Osmond,2009-09-28,Q386053,0,0,0,0.0
989,Joanna Krupa,2009-09-28,Q266525,0,0,0,0.0
990,Kathy Ireland,2009-09-28,Q262490,0,0,0,0.0
991,Kelly Osbourne,2009-09-28,Q231182,0,0,0,0.0
992,Louie Vito,2009-09-28,Q3260258,0,0,0,0.0
993,Macy Gray,2009-09-28,Q232456,0,0,0,0.0
994,Mark Dacascos,2009-09-28,Q314200,0,0,0,0.0
995,Melissa Joan Hart,2009-09-28,Q429777,0,0,0,0.0
996,Michael Irvin,2009-09-28,Q952676,1,0,0,0.0
997,Mya,2009-09-28,Q836,1,1,0,1.0
998,Natalie Coughlin,2009-09-28,Q229937,1,1,1,1.0
999,Tom DeLay,2009-09-28,Q180390,0,0,0,0.0
1000,Aaron Carter,2009-10-05,Q301818,0,0,0,0.0
1001,Ashley Hamiliton,2009-10-05,,0,0,0,0.0
1002,Chuck Liddell,2009-10-05,Q380050,0,0,0,0.0
1003,Debi Mazar,2009-10-05,Q238671,0,0,0,0.0
1004,Donny Osmond,2009-10-05,Q386053,0,0,0,0.0
1005,Joanna Krupa,2009-10-05,Q266525,0,0,0,0.0
1006,Kathy Ireland,2009-10-05,Q262490,0,0,0,0.0
1007,Kelly Osbourne,2009-10-05,Q231182,0,0,0,0.0
1008,Louie Vito,2009-10-05,Q3260258,0,0,0,0.0
1009,Macy Gray,2009-10-05,Q232456,0,0,0,0.0
1010,Mark Dacascos,2009-10-05,Q314200,0,0,0,0.0
1011,Melissa Joan Hart,2009-10-05,Q429777,0,0,0,0.0
1012,Michael Irvin,2009-10-05,Q952676,1,0,0,0.0
1013,Mya,2009-10-05,Q836,1,1,0,1.0
1014,Natalie Coughlin,2009-10-05,Q229937,1,1,1,1.0
1015,Tom DeLay,2009-10-05,Q180390,0,0,0,0.0
1016,Aaron Carter,2009-10-12,Q301818,0,0,0,0.0
1017,Ashley Hamiliton,2009-10-12,,0,0,0,0.0
1018,Chuck Liddell,2009-10-12,Q380050,0,0,0,0.0
1019,Debi Mazar,2009-10-12,Q238671,0,0,0,0.0
1020,Donny Osmond,2009-10-12,Q386053,0,0,0,0.0
1021,Joanna Krupa,2009-10-12,Q266525,0,0,0,0.0
1022,Kathy Ireland,2009-10-12,Q262490,0,0,0,0.0
1023,Kelly Osbourne,2009-10-12,Q231182,0,0,0,0.0
1024,Louie Vito,2009-10-12,Q3260258,0,0,0,0.0
1025,Macy Gray,2009-10-12,Q232456,0,0,0,0.0
1026,Mark Dacascos,2009-10-12,Q314200,0,0,0,0.0
1027,Melissa Joan Hart,2009-10-12,Q429777,0,0,0,0.0
1028,Michael Irvin,2009-10-12,Q952676,1,0,0,0.0
1029,Mya,2009-10-12,Q836,1,1,0,1.0
1030,Natalie Coughlin,2009-10-12,Q229937,1,1,1,1.0
1031,Tom DeLay,2009-10-12,Q180390,0,0,0,0.0
1032,Aaron Carter,2009-10-19,Q301818,0,0,0,0.0
1033,Ashley Hamiliton,2009-10-19,,0,0,0,0.0
1034,Chuck Liddell,2009-10-19,Q380050,0,0,0,0.0
1035,Debi Mazar,2009-10-19,Q238671,0,0,0,0.0
1036,Donny Osmond,2009-10-19,Q386053,0,0,0,0.0
1037,Joanna Krupa,2009-10-19,Q266525,0,0,0,0.0
1038,Kathy Ireland,2009-10-19,Q262490,0,0,0,0.0
1039,Kelly Osbourne,2009-10-19,Q231182,0,0,0,0.0
1040,Louie Vito,2009-10-19,Q3260258,0,0,0,0.0
1041,Macy Gray,2009-10-19,Q232456,0,0,0,0.0
1042,Mark Dacascos,2009-10-19,Q314200,0,0,0,0.0
1043,Melissa Joan Hart,2009-10-19,Q429777,0,0,0,0.0
1044,Michael Irvin,2009-10-19,Q952676,1,0,0,0.0
1045,Mya,2009-10-19,Q836,1,1,0,1.0
1046,Natalie Coughlin,2009-10-19,Q229937,1,1,1,1.0
1047,Tom DeLay,2009-10-19,Q180390,0,0,0,0.0
1048,Aaron Carter,2009-10-26,Q301818,0,0,0,0.0
1049,Ashley Hamiliton,2009-10-26,,0,0,0,0.0
1050,Chuck Liddell,2009-10-26,Q380050,0,0,0,0.0
1051,Debi Mazar,2009-10-26,Q238671,0,0,0,0.0
1052,Donny Osmond,2009-10-26,Q386053,0,0,0,0.0
1053,Joanna Krupa,2009-10-26,Q266525,0,0,0,0.0
1054,Kathy Ireland,2009-10-26,Q262490,0,0,0,0.0
1055,Kelly Osbourne,2009-10-26,Q231182,0,0,0,0.0
1056,Louie Vito,2009-10-26,Q3260258,0,0,0,0.0
1057,Macy Gray,2009-10-26,Q232456,0,0,0,0.0
1058,Mark Dacascos,2009-10-26,Q314200,0,0,0,0.0
1059,Melissa Joan Hart,2009-10-26,Q429777,0,0,0,0.0
1060,Michael Irvin,2009-10-26,Q952676,1,0,0,0.0
1061,Mya,2009-10-26,Q836,1,1,0,1.0
1062,Natalie Coughlin,2009-10-26,Q229937,1,1,1,1.0
1063,Tom DeLay,2009-10-26,Q180390,0,0,0,0.0
1064,Aaron Carter,2009-11-02,Q301818,0,0,0,0.0
1065,Ashley Hamiliton,2009-11-02,,0,0,0,0.0
1066,Chuck Liddell,2009-11-02,Q380050,0,0,0,0.0
1067,Debi Mazar,2009-11-02,Q238671,0,0,0,0.0
1068,Donny Osmond,2009-11-02,Q386053,0,0,0,0.0
1069,Joanna Krupa,2009-11-02,Q266525,0,0,0,0.0
1070,Kathy Ireland,2009-11-02,Q262490,0,0,0,0.0
1071,Kelly Osbourne,2009-11-02,Q231182,0,0,0,0.0
1072,Louie Vito,2009-11-02,Q3260258,0,0,0,0.0
1073,Macy Gray,2009-11-02,Q232456,0,0,0,0.0
1074,Mark Dacascos,2009-11-02,Q314200,0,0,0,0.0
1075,Melissa Joan Hart,2009-11-02,Q429777,0,0,0,0.0
1076,Michael Irvin,2009-11-02,Q952676,1,0,0,0.0
1077,Mya,2009-11-02,Q836,1,1,0,1.0
1078,Natalie Coughlin,2009-11-02,Q229937,1,1,1,1.0
1079,Tom DeLay,2009-11-02,Q180390,0,0,0,0.0
1080,Aaron Carter,2009-11-09,Q301818,0,0,0,0.0
1081,Ashley Hamiliton,2009-11-09,,0,0,0,0.0
1082,Chuck Liddell,2009-11-09,Q380050,0,0,0,0.0
1083,Debi Mazar,2009-11-09,Q238671,0,0,0,0.0
1084,Donny Osmond,2009-11-09,Q386053,0,0,0,0.0
1085,Joanna Krupa,2009-11-09,Q266525,0,0,0,0.0
1086,Kathy Ireland,2009-11-09,Q262490,0,0,0,0.0
1087,Kelly Osbourne,2009-11-09,Q231182,0,0,0,0.0
1088,Louie Vito,2009-11-09,Q3260258,0,0,0,0.0
1089,Macy Gray,2009-11-09,Q232456,0,0,0,0.0
1090,Mark Dacascos,2009-11-09,Q314200,0,0,0,0.0
1091,Melissa Joan Hart,2009-11-09,Q429777,0,0,0,0.0
1092,Michael Irvin,2009-11-09,Q952676,1,0,0,0.0
1093,Mya,2009-11-09,Q836,1,1,0,1.0
1094,Natalie Coughlin,2009-11-09,Q229937,1,1,1,1.0
1095,Tom DeLay,2009-11-09,Q180390,0,0,0,0.0
1096,Aaron Carter,2009-11-16,Q301818,0,0,0,0.0
1097,Ashley Hamiliton,2009-11-16,,0,0,0,0.0
1098,Chuck Liddell,2009-11-16,Q380050,0,0,0,0.0
1099,Debi Mazar,2009-11-16,Q238671,0,0,0,0.0
1100,Donny Osmond,2009-11-16,Q386053,0,0,0,0.0
1101,Joanna Krupa,2009-11-16,Q266525,0,0,0,0.0
1102,Kathy Ireland,2009-11-16,Q262490,0,0,0,0.0
1103,Kelly Osbourne,2009-11-16,Q231182,0,0,0,0.0
1104,Louie Vito,2009-11-16,Q3260258,0,0,0,0.0
1105,Macy Gray,2009-11-16,Q232456,0,0,0,0.0
1106,Mark Dacascos,2009-11-16,Q314200,0,0,0,0.0
1107,Melissa Joan Hart,2009-11-16,Q429777,0,0,0,0.0
1108,Michael Irvin,2009-11-16,Q952676,1,0,0,0.0
1109,Mya,2009-11-16,Q836,1,1,0,1.0
1110,Natalie Coughlin,2009-11-16,Q229937,1,1,1,1.0
1111,Tom DeLay,2009-11-16,Q180390,0,0,0,0.0
1112,Aaron Carter,2009-11-23,Q301818,0,0,0,0.0
1113,Ashley Hamiliton,2009-11-23,,0,0,0,0.0
1114,Chuck Liddell,2009-11-23,Q380050,0,0,0,0.0
1115,Debi Mazar,2009-11-23,Q238671,0,0,0,0.0
1116,Donny Osmond,2009-11-23,Q386053,0,0,0,0.0
1117,Joanna Krupa,2009-11-23,Q266525,0,0,0,0.0
1118,Kathy Ireland,2009-11-23,Q262490,0,0,0,0.0
1119,Kelly Osbourne,2009-11-23,Q231182,0,0,0,0.0
1120,Louie Vito,2009-11-23,Q3260258,0,0,0,0.0
1121,Macy Gray,2009-11-23,Q232456,0,0,0,0.0
1122,Mark Dacascos,2009-11-23,Q314200,0,0,0,0.0
1123,Melissa Joan Hart,2009-11-23,Q429777,0,0,0,0.0
1124,Michael Irvin,2009-11-23,Q952676,1,0,0,0.0
1125,Mya,2009-11-23,Q836,1,1,0,1.0
1126,Natalie Coughlin,2009-11-23,Q229937,1,1,1,1.0
1127,Tom DeLay,2009-11-23,Q180390,0,0,0,0.0
1128,Aaron Carter,,Q301818,0,0,0,0.0
1129,Ashley Hamiliton,,,0,0,0,0.0
1130,Chuck Liddell,,Q380050,0,0,0,0.0
1131,Debi Mazar,,Q238671,0,0,0,0.0
1132,Donny Osmond,,Q386053,0,0,0,0.0
1133,Joanna Krupa,,Q266525,0,0,0,0.0
1134,Kathy Ireland,,Q262490,0,0,0,0.0
1135,Kelly Osbourne,,Q231182,0,0,0,0.0
1136,Louie Vito,,Q3260258,0,0,0,0.0
1137,Macy Gray,,Q232456,0,0,0,0.0
1138,Mark Dacascos,,Q314200,0,0,0,0.0
1139,Melissa Joan Hart,,Q429777,0,0,0,0.0
1140,Michael Irvin,,Q952676,0,0,0,0.0
1141,Mya,,Q836,0,0,0,0.0
1142,Natalie Coughlin,,Q229937,0,0,0,0.0
1143,Tom DeLay,,Q180390,0,0,0,0.0
1144,Aiden Turner,2010-03-22,Q403999,0,0,0,0.0
1145,Buzz Aldrin,2010-03-22,Q2252,26,15,12,0.5769230769230769
1146,Chad Ochocinco,2010-03-22,Q471833,0,0,0,0.0
1147,Erin Andrews,2010-03-22,Q2743544,0,0,0,0.0
1148,Evan Lysacek,2010-03-22,Q299225,0,0,0,0.0
1149,Jake Pavelka,2010-03-22,Q6124907,0,0,0,0.0
1150,Kate Gosselin,2010-03-22,Q2618072,0,0,0,0.0
1151,Nicole Scherzinger,2010-03-22,Q167696,2,2,0,1.0
1152,Niecy Nash,2010-03-22,Q4328437,3,2,0,0.6666666666666666
1153,Pamela Anderson,2010-03-22,Q83325,3,3,3,1.0
1154,Shannen Doherty,2010-03-22,Q207598,2,2,2,1.0
1155,Aiden Turner,2010-03-29,Q403999,0,0,0,0.0
1156,Buzz Aldrin,2010-03-29,Q2252,26,15,12,0.5769230769230769
1157,Chad Ochocinco,2010-03-29,Q471833,0,0,0,0.0
1158,Erin Andrews,2010-03-29,Q2743544,0,0,0,0.0
1159,Evan Lysacek,2010-03-29,Q299225,0,0,0,0.0
1160,Jake Pavelka,2010-03-29,Q6124907,0,0,0,0.0
1161,Kate Gosselin,2010-03-29,Q2618072,0,0,0,0.0
1162,Nicole Scherzinger,2010-03-29,Q167696,2,2,0,1.0
1163,Niecy Nash,2010-03-29,Q4328437,3,2,0,0.6666666666666666
1164,Pamela Anderson,2010-03-29,Q83325,3,3,3,1.0
1165,Shannen Doherty,2010-03-29,Q207598,2,2,2,1.0
1166,Aiden Turner,2010-04-05,Q403999,0,0,0,0.0
1167,Buzz Aldrin,2010-04-05,Q2252,26,15,12,0.5769230769230769
1168,Chad Ochocinco,2010-04-05,Q471833,0,0,0,0.0
1169,Erin Andrews,2010-04-05,Q2743544,0,0,0,0.0
1170,Evan Lysacek,2010-04-05,Q299225,0,0,0,0.0
1171,Jake Pavelka,2010-04-05,Q6124907,0,0,0,0.0
1172,Kate Gosselin,2010-04-05,Q2618072,0,0,0,0.0
1173,Nicole Scherzinger,2010-04-05,Q167696,2,2,0,1.0
1174,Niecy Nash,2010-04-05,Q4328437,3,2,0,0.6666666666666666
1175,Pamela Anderson,2010-04-05,Q83325,3,3,3,1.0
1176,Shannen Doherty,2010-04-05,Q207598,2,2,2,1.0
1177,Aiden Turner,2010-04-12,Q403999,0,0,0,0.0
1178,Buzz Aldrin,2010-04-12,Q2252,26,15,12,0.5769230769230769
1179,Chad Ochocinco,2010-04-12,Q471833,0,0,0,0.0
1180,Erin Andrews,2010-04-12,Q2743544,0,0,0,0.0
1181,Evan Lysacek,2010-04-12,Q299225,0,0,0,0.0
1182,Jake Pavelka,2010-04-12,Q6124907,0,0,0,0.0
1183,Kate Gosselin,2010-04-12,Q2618072,0,0,0,0.0
1184,Nicole Scherzinger,2010-04-12,Q167696,2,2,0,1.0
1185,Niecy Nash,2010-04-12,Q4328437,3,2,0,0.6666666666666666
1186,Pamela Anderson,2010-04-12,Q83325,3,3,3,1.0
1187,Shannen Doherty,2010-04-12,Q207598,2,2,2,1.0
1188,Aiden Turner,2010-04-19,Q403999,0,0,0,0.0
1189,Buzz Aldrin,2010-04-19,Q2252,26,15,12,0.5769230769230769
1190,Chad Ochocinco,2010-04-19,Q471833,0,0,0,0.0
1191,Erin Andrews,2010-04-19,Q2743544,0,0,0,0.0
1192,Evan Lysacek,2010-04-19,Q299225,0,0,0,0.0
1193,Jake Pavelka,2010-04-19,Q6124907,0,0,0,0.0
1194,Kate Gosselin,2010-04-19,Q2618072,0,0,0,0.0
1195,Nicole Scherzinger,2010-04-19,Q167696,2,2,0,1.0
1196,Niecy Nash,2010-04-19,Q4328437,3,2,0,0.6666666666666666
1197,Pamela Anderson,2010-04-19,Q83325,3,3,3,1.0
1198,Shannen Doherty,2010-04-19,Q207598,2,2,2,1.0
1199,Aiden Turner,2010-04-26,Q403999,0,0,0,0.0
1200,Buzz Aldrin,2010-04-26,Q2252,26,15,12,0.5769230769230769
1201,Chad Ochocinco,2010-04-26,Q471833,0,0,0,0.0
1202,Erin Andrews,2010-04-26,Q2743544,0,0,0,0.0
1203,Evan Lysacek,2010-04-26,Q299225,0,0,0,0.0
1204,Jake Pavelka,2010-04-26,Q6124907,0,0,0,0.0
1205,Kate Gosselin,2010-04-26,Q2618072,0,0,0,0.0
1206,Nicole Scherzinger,2010-04-26,Q167696,2,2,0,1.0
1207,Niecy Nash,2010-04-26,Q4328437,3,2,0,0.6666666666666666
1208,Pamela Anderson,2010-04-26,Q83325,3,3,3,1.0
1209,Shannen Doherty,2010-04-26,Q207598,2,2,2,1.0
1210,Aiden Turner,2010-05-03,Q403999,0,0,0,0.0
1211,Buzz Aldrin,2010-05-03,Q2252,26,15,12,0.5769230769230769
1212,Chad Ochocinco,2010-05-03,Q471833,0,0,0,0.0
1213,Erin Andrews,2010-05-03,Q2743544,0,0,0,0.0
1214,Evan Lysacek,2010-05-03,Q299225,0,0,0,0.0
1215,Jake Pavelka,2010-05-03,Q6124907,0,0,0,0.0
1216,Kate Gosselin,2010-05-03,Q2618072,0,0,0,0.0
1217,Nicole Scherzinger,2010-05-03,Q167696,2,2,0,1.0
1218,Niecy Nash,2010-05-03,Q4328437,3,2,0,0.6666666666666666
1219,Pamela Anderson,2010-05-03,Q83325,3,3,3,1.0
1220,Shannen Doherty,2010-05-03,Q207598,2,2,2,1.0
1221,Aiden Turner,2010-05-10,Q403999,0,0,0,0.0
1222,Buzz Aldrin,2010-05-10,Q2252,26,15,12,0.5769230769230769
1223,Chad Ochocinco,2010-05-10,Q471833,0,0,0,0.0
1224,Erin Andrews,2010-05-10,Q2743544,0,0,0,0.0
1225,Evan Lysacek,2010-05-10,Q299225,0,0,0,0.0
1226,Jake Pavelka,2010-05-10,Q6124907,0,0,0,0.0
1227,Kate Gosselin,2010-05-10,Q2618072,0,0,0,0.0
1228,Nicole Scherzinger,2010-05-10,Q167696,2,2,0,1.0
1229,Niecy Nash,2010-05-10,Q4328437,3,2,0,0.6666666666666666
1230,Pamela Anderson,2010-05-10,Q83325,3,3,3,1.0
1231,Shannen Doherty,2010-05-10,Q207598,2,2,2,1.0
1232,Aiden Turner,2010-05-17,Q403999,0,0,0,0.0
1233,Buzz Aldrin,2010-05-17,Q2252,26,15,12,0.5769230769230769
1234,Chad Ochocinco,2010-05-17,Q471833,0,0,0,0.0
1235,Erin Andrews,2010-05-17,Q2743544,0,0,0,0.0
1236,Evan Lysacek,2010-05-17,Q299225,0,0,0,0.0
1237,Jake Pavelka,2010-05-17,Q6124907,0,0,0,0.0
1238,Kate Gosselin,2010-05-17,Q2618072,0,0,0,0.0
1239,Nicole Scherzinger,2010-05-17,Q167696,2,2,0,1.0
1240,Niecy Nash,2010-05-17,Q4328437,3,2,0,0.6666666666666666
1241,Pamela Anderson,2010-05-17,Q83325,3,3,3,1.0
1242,Shannen Doherty,2010-05-17,Q207598,2,2,2,1.0
1243,Aiden Turner,2010-05-24,Q403999,0,0,0,0.0
1244,Buzz Aldrin,2010-05-24,Q2252,26,15,12,0.5769230769230769
1245,Chad Ochocinco,2010-05-24,Q471833,0,0,0,0.0
1246,Erin Andrews,2010-05-24,Q2743544,0,0,0,0.0
1247,Evan Lysacek,2010-05-24,Q299225,0,0,0,0.0
1248,Jake Pavelka,2010-05-24,Q6124907,0,0,0,0.0
1249,Kate Gosselin,2010-05-24,Q2618072,0,0,0,0.0
1250,Nicole Scherzinger,2010-05-24,Q167696,2,2,0,1.0
1251,Niecy Nash,2010-05-24,Q4328437,3,2,0,0.6666666666666666
1252,Pamela Anderson,2010-05-24,Q83325,3,3,3,1.0
1253,Shannen Doherty,2010-05-24,Q207598,2,2,2,1.0
1254,Aiden Turner,,Q403999,0,0,0,0.0
1255,Buzz Aldrin,,Q2252,0,0,0,0.0
1256,Chad Ochocinco,,Q471833,0,0,0,0.0
1257,Erin Andrews,,Q2743544,0,0,0,0.0
1258,Evan Lysacek,,Q299225,0,0,0,0.0
1259,Jake Pavelka,,Q6124907,0,0,0,0.0
1260,Kate Gosselin,,Q2618072,0,0,0,0.0
1261,Nicole Scherzinger,,Q167696,0,0,0,0.0
1262,Niecy Nash,,Q4328437,0,0,0,0.0
1263,Pamela Anderson,,Q83325,0,0,0,0.0
1264,Shannen Doherty,,Q207598,0,0,0,0.0
1265,Audrina Patridge,2010-09-20,Q239595,0,0,0,0.0
1266,Brandy,2010-09-20,Q690974,18,18,14,1.0
1267,Bristol Palin,2010-09-20,Q2190766,0,0,0,0.0
1268,David Hasselhoff,2010-09-20,Q201927,6,5,5,0.8333333333333334
1269,Florence Henderson,2010-09-20,Q452749,2,0,0,0.0
1270,Jennifer Grey,2010-09-20,Q232927,0,0,0,0.0
1271,Kurt Warner,2010-09-20,Q945750,1,0,0,0.0
1272,Kyle Massey,2010-09-20,Q441362,0,0,0,0.0
1273,Margaret Cho,2010-09-20,Q257243,1,1,0,1.0
1274,Michael Bolton,2010-09-20,Q312514,3,0,0,0.0
1275,Rick Fox,2010-09-20,Q124650690,0,0,0,0.0
1276,The Situation,2010-09-20,Q3856268,0,0,0,0.0
1277,Audrina Patridge,2010-09-27,Q239595,0,0,0,0.0
1278,Brandy,2010-09-27,Q690974,18,18,14,1.0
1279,Bristol Palin,2010-09-27,Q2190766,0,0,0,0.0
1280,David Hasselhoff,2010-09-27,Q201927,6,5,5,0.8333333333333334
1281,Florence Henderson,2010-09-27,Q452749,2,0,0,0.0
1282,Jennifer Grey,2010-09-27,Q232927,0,0,0,0.0
1283,Kurt Warner,2010-09-27,Q945750,1,0,0,0.0
1284,Kyle Massey,2010-09-27,Q441362,0,0,0,0.0
1285,Margaret Cho,2010-09-27,Q257243,1,1,0,1.0
1286,Michael Bolton,2010-09-27,Q312514,3,0,0,0.0
1287,Rick Fox,2010-09-27,Q124650690,0,0,0,0.0
1288,The Situation,2010-09-27,Q3856268,0,0,0,0.0
1289,Audrina Patridge,2010-10-04,Q239595,0,0,0,0.0
1290,Brandy,2010-10-04,Q690974,18,18,14,1.0
1291,Bristol Palin,2010-10-04,Q2190766,0,0,0,0.0
1292,David Hasselhoff,2010-10-04,Q201927,6,5,5,0.8333333333333334
1293,Florence Henderson,2010-10-04,Q452749,2,0,0,0.0
1294,Jennifer Grey,2010-10-04,Q232927,0,0,0,0.0
1295,Kurt Warner,2010-10-04,Q945750,1,0,0,0.0
1296,Kyle Massey,2010-10-04,Q441362,0,0,0,0.0
1297,Margaret Cho,2010-10-04,Q257243,1,1,0,1.0
1298,Michael Bolton,2010-10-04,Q312514,3,0,0,0.0
1299,Rick Fox,2010-10-04,Q124650690,0,0,0,0.0
1300,The Situation,2010-10-04,Q3856268,0,0,0,0.0
1301,Audrina Patridge,2010-10-11,Q239595,0,0,0,0.0
1302,Brandy,2010-10-11,Q690974,18,18,14,1.0
1303,Bristol Palin,2010-10-11,Q2190766,0,0,0,0.0
1304,David Hasselhoff,2010-10-11,Q201927,6,5,5,0.8333333333333334
1305,Florence Henderson,2010-10-11,Q452749,2,0,0,0.0
1306,Jennifer Grey,2010-10-11,Q232927,0,0,0,0.0
1307,Kurt Warner,2010-10-11,Q945750,1,0,0,0.0
1308,Kyle Massey,2010-10-11,Q441362,0,0,0,0.0
1309,Margaret Cho,2010-10-11,Q257243,1,1,0,1.0
1310,Michael Bolton,2010-10-11,Q312514,3,0,0,0.0
1311,Rick Fox,2010-10-11,Q124650690,0,0,0,0.0
1312,The Situation,2010-10-11,Q3856268,0,0,0,0.0
1313,Audrina Patridge,2010-10-18,Q239595,0,0,0,0.0
1314,Brandy,2010-10-18,Q690974,18,18,14,1.0
1315,Bristol Palin,2010-10-18,Q2190766,0,0,0,0.0
1316,David Hasselhoff,2010-10-18,Q201927,6,5,5,0.8333333333333334
1317,Florence Henderson,2010-10-18,Q452749,2,0,0,0.0
1318,Jennifer Grey,2010-10-18,Q232927,0,0,0,0.0
1319,Kurt Warner,2010-10-18,Q945750,1,0,0,0.0
1320,Kyle Massey,2010-10-18,Q441362,0,0,0,0.0
1321,Margaret Cho,2010-10-18,Q257243,1,1,0,1.0
1322,Michael Bolton,2010-10-18,Q312514,3,0,0,0.0
1323,Rick Fox,2010-10-18,Q124650690,0,0,0,0.0
1324,The Situation,2010-10-18,Q3856268,0,0,0,0.0
1325,Audrina Patridge,2010-10-25,Q239595,0,0,0,0.0
1326,Brandy,2010-10-25,Q690974,18,18,14,1.0
1327,Bristol Palin,2010-10-25,Q2190766,0,0,0,0.0
1328,David Hasselhoff,2010-10-25,Q201927,6,5,5,0.8333333333333334
1329,Florence Henderson,2010-10-25,Q452749,2,0,0,0.0
1330,Jennifer Grey,2010-10-25,Q232927,0,0,0,0.0
1331,Kurt Warner,2010-10-25,Q945750,1,0,0,0.0
1332,Kyle Massey,2010-10-25,Q441362,0,0,0,0.0
1333,Margaret Cho,2010-10-25,Q257243,1,1,0,1.0
1334,Michael Bolton,2010-10-25,Q312514,3,0,0,0.0
1335,Rick Fox,2010-10-25,Q124650690,0,0,0,0.0
1336,The Situation,2010-10-25,Q3856268,0,0,0,0.0
1337,Audrina Patridge,2010-11-01,Q239595,0,0,0,0.0
1338,Brandy,2010-11-01,Q690974,18,18,14,1.0
1339,Bristol Palin,2010-11-01,Q2190766,0,0,0,0.0
1340,David Hasselhoff,2010-11-01,Q201927,6,5,5,0.8333333333333334
1341,Florence Henderson,2010-11-01,Q452749,2,0,0,0.0
1342,Jennifer Grey,2010-11-01,Q232927,0,0,0,0.0
1343,Kurt Warner,2010-11-01,Q945750,1,0,0,0.0
1344,Kyle Massey,2010-11-01,Q441362,0,0,0,0.0
1345,Margaret Cho,2010-11-01,Q257243,1,1,0,1.0
1346,Michael Bolton,2010-11-01,Q312514,3,0,0,0.0
1347,Rick Fox,2010-11-01,Q124650690,0,0,0,0.0
1348,The Situation,2010-11-01,Q3856268,0,0,0,0.0
1349,Audrina Patridge,2010-11-08,Q239595,0,0,0,0.0
1350,Brandy,2010-11-08,Q690974,18,18,14,1.0
1351,Bristol Palin,2010-11-08,Q2190766,0,0,0,0.0
1352,David Hasselhoff,2010-11-08,Q201927,6,5,5,0.8333333333333334
1353,Florence Henderson,2010-11-08,Q452749,2,0,0,0.0
1354,Jennifer Grey,2010-11-08,Q232927,0,0,0,0.0
1355,Kurt Warner,2010-11-08,Q945750,1,0,0,0.0
1356,Kyle Massey,2010-11-08,Q441362,0,0,0,0.0
1357,Margaret Cho,2010-11-08,Q257243,1,1,0,1.0
1358,Michael Bolton,2010-11-08,Q312514,3,0,0,0.0
1359,Rick Fox,2010-11-08,Q124650690,0,0,0,0.0
1360,The Situation,2010-11-08,Q3856268,0,0,0,0.0
1361,Audrina Patridge,2010-11-15,Q239595,0,0,0,0.0
1362,Brandy,2010-11-15,Q690974,18,18,14,1.0
1363,Bristol Palin,2010-11-15,Q2190766,0,0,0,0.0
1364,David Hasselhoff,2010-11-15,Q201927,6,5,5,0.8333333333333334
1365,Florence Henderson,2010-11-15,Q452749,2,0,0,0.0
1366,Jennifer Grey,2010-11-15,Q232927,0,0,0,0.0
1367,Kurt Warner,2010-11-15,Q945750,1,0,0,0.0
1368,Kyle Massey,2010-11-15,Q441362,0,0,0,0.0
1369,Margaret Cho,2010-11-15,Q257243,1,1,0,1.0
1370,Michael Bolton,2010-11-15,Q312514,3,0,0,0.0
1371,Rick Fox,2010-11-15,Q124650690,0,0,0,0.0
1372,The Situation,2010-11-15,Q3856268,0,0,0,0.0
1373,Audrina Patridge,2010-11-22,Q239595,0,0,0,0.0
1374,Brandy,2010-11-22,Q690974,18,18,14,1.0
1375,Bristol Palin,2010-11-22,Q2190766,0,0,0,0.0
1376,David Hasselhoff,2010-11-22,Q201927,6,5,5,0.8333333333333334
1377,Florence Henderson,2010-11-22,Q452749,2,0,0,0.0
1378,Jennifer Grey,2010-11-22,Q232927,0,0,0,0.0
1379,Kurt Warner,2010-11-22,Q945750,1,0,0,0.0
1380,Kyle Massey,2010-11-22,Q441362,0,0,0,0.0
1381,Margaret Cho,2010-11-22,Q257243,1,1,0,1.0
1382,Michael Bolton,2010-11-22,Q312514,3,0,0,0.0
1383,Rick Fox,2010-11-22,Q124650690,0,0,0,0.0
1384,The Situation,2010-11-22,Q3856268,0,0,0,0.0
1385,Audrina Patridge,,Q239595,0,0,0,0.0
1386,Brandy,,Q690974,0,0,0,0.0
1387,Bristol Palin,,Q2190766,0,0,0,0.0
1388,David Hasselhoff,,Q201927,0,0,0,0.0
1389,Florence Henderson,,Q452749,0,0,0,0.0
1390,Jennifer Grey,,Q232927,0,0,0,0.0
1391,Kurt Warner,,Q945750,0,0,0,0.0
1392,Kyle Massey,,Q441362,0,0,0,0.0
1393,Margaret Cho,,Q257243,0,0,0,0.0
1394,Michael Bolton,,Q312514,0,0,0,0.0
1395,Rick Fox,,Q124650690,0,0,0,0.0
1396,The Situation,,Q3856268,0,0,0,0.0
1397,Chelsea Kane,2011-03-21,Q119541149,0,0,0,0.0
1398,Chris Jericho,2011-03-21,Q44144,2,0,0,0.0
1399,Hines Ward,2011-03-21,Q482838,0,0,0,0.0
1400,Kendra Wilkinson,2011-03-21,Q231744,0,0,0,0.0
1401,Kirstie Alley,2011-03-21,Q151935,8,8,8,1.0
1402,Mike Catherwood,2011-03-21,Q16206306,0,0,0,0.0
1403,Petra Nemcova,2011-03-21,Q235496,0,0,0,0.0
1404,Ralph Macchio,2011-03-21,Q73346,0,0,0,0.0
1405,Romeo,2011-03-21,Q1069139,0,0,0,0.0
1406,Sugar Ray Leonard,2011-03-21,Q335798,1,1,1,1.0
1407,Wendy Williams,2011-03-21,Q618233,3,0,0,0.0
1408,Chelsea Kane,2011-03-28,Q119541149,0,0,0,0.0
1409,Chris Jericho,2011-03-28,Q44144,2,0,0,0.0
1410,Hines Ward,2011-03-28,Q482838,0,0,0,0.0
1411,Kendra Wilkinson,2011-03-28,Q231744,0,0,0,0.0
1412,Kirstie Alley,2011-03-28,Q151935,8,8,8,1.0
1413,Mike Catherwood,2011-03-28,Q16206306,0,0,0,0.0
1414,Petra Nemcova,2011-03-28,Q235496,0,0,0,0.0
1415,Ralph Macchio,2011-03-28,Q73346,0,0,0,0.0
1416,Romeo,2011-03-28,Q1069139,0,0,0,0.0
1417,Sugar Ray Leonard,2011-03-28,Q335798,1,1,1,1.0
1418,Wendy Williams,2011-03-28,Q618233,3,0,0,0.0
1419,Chelsea Kane,2011-04-04,Q119541149,0,0,0,0.0
1420,Chris Jericho,2011-04-04,Q44144,2,0,0,0.0
1421,Hines Ward,2011-04-04,Q482838,0,0,0,0.0
1422,Kendra Wilkinson,2011-04-04,Q231744,0,0,0,0.0
1423,Kirstie Alley,2011-04-04,Q151935,8,8,8,1.0
1424,Mike Catherwood,2011-04-04,Q16206306,0,0,0,0.0
1425,Petra Nemcova,2011-04-04,Q235496,0,0,0,0.0
1426,Ralph Macchio,2011-04-04,Q73346,0,0,0,0.0
1427,Romeo,2011-04-04,Q1069139,0,0,0,0.0
1428,Sugar Ray Leonard,2011-04-04,Q335798,1,1,1,1.0
1429,Wendy Williams,2011-04-04,Q618233,3,0,0,0.0
1430,Chelsea Kane,2011-04-11,Q119541149,0,0,0,0.0
1431,Chris Jericho,2011-04-11,Q44144,2,0,0,0.0
1432,Hines Ward,2011-04-11,Q482838,0,0,0,0.0
1433,Kendra Wilkinson,2011-04-11,Q231744,0,0,0,0.0
1434,Kirstie Alley,2011-04-11,Q151935,8,8,8,1.0
1435,Mike Catherwood,2011-04-11,Q16206306,0,0,0,0.0
1436,Petra Nemcova,2011-04-11,Q235496,0,0,0,0.0
1437,Ralph Macchio,2011-04-11,Q73346,0,0,0,0.0
1438,Romeo,2011-04-11,Q1069139,0,0,0,0.0
1439,Sugar Ray Leonard,2011-04-11,Q335798,1,1,1,1.0
1440,Wendy Williams,2011-04-11,Q618233,3,0,0,0.0
1441,Chelsea Kane,2011-04-18,Q119541149,0,0,0,0.0
1442,Chris Jericho,2011-04-18,Q44144,2,0,0,0.0
1443,Hines Ward,2011-04-18,Q482838,0,0,0,0.0
1444,Kendra Wilkinson,2011-04-18,Q231744,0,0,0,0.0
1445,Kirstie Alley,2011-04-18,Q151935,8,8,8,1.0
1446,Mike Catherwood,2011-04-18,Q16206306,0,0,0,0.0
1447,Petra Nemcova,2011-04-18,Q235496,0,0,0,0.0
1448,Ralph Macchio,2011-04-18,Q73346,0,0,0,0.0
1449,Romeo,2011-04-18,Q1069139,0,0,0,0.0
1450,Sugar Ray Leonard,2011-04-18,Q335798,1,1,1,1.0
1451,Wendy Williams,2011-04-18,Q618233,3,0,0,0.0
1452,Chelsea Kane,2011-04-25,Q119541149,0,0,0,0.0
1453,Chris Jericho,2011-04-25,Q44144,2,0,0,0.0
1454,Hines Ward,2011-04-25,Q482838,0,0,0,0.0
1455,Kendra Wilkinson,2011-04-25,Q231744,0,0,0,0.0
1456,Kirstie Alley,2011-04-25,Q151935,8,8,8,1.0
1457,Mike Catherwood,2011-04-25,Q16206306,0,0,0,0.0
1458,Petra Nemcova,2011-04-25,Q235496,0,0,0,0.0
1459,Ralph Macchio,2011-04-25,Q73346,0,0,0,0.0
1460,Romeo,2011-04-25,Q1069139,0,0,0,0.0
1461,Sugar Ray Leonard,2011-04-25,Q335798,1,1,1,1.0
1462,Wendy Williams,2011-04-25,Q618233,3,0,0,0.0
1463,Chelsea Kane,2011-05-02,Q119541149,0,0,0,0.0
1464,Chris Jericho,2011-05-02,Q44144,2,0,0,0.0
1465,Hines Ward,2011-05-02,Q482838,0,0,0,0.0
1466,Kendra Wilkinson,2011-05-02,Q231744,0,0,0,0.0
1467,Kirstie Alley,2011-05-02,Q151935,8,8,8,1.0
1468,Mike Catherwood,2011-05-02,Q16206306,0,0,0,0.0
1469,Petra Nemcova,2011-05-02,Q235496,0,0,0,0.0
1470,Ralph Macchio,2011-05-02,Q73346,0,0,0,0.0
1471,Romeo,2011-05-02,Q1069139,0,0,0,0.0
1472,Sugar Ray Leonard,2011-05-02,Q335798,1,1,1,1.0
1473,Wendy Williams,2011-05-02,Q618233,3,0,0,0.0
1474,Chelsea Kane,2011-05-09,Q119541149,0,0,0,0.0
1475,Chris Jericho,2011-05-09,Q44144,2,0,0,0.0
1476,Hines Ward,2011-05-09,Q482838,0,0,0,0.0
1477,Kendra Wilkinson,2011-05-09,Q231744,0,0,0,0.0
1478,Kirstie Alley,2011-05-09,Q151935,8,8,8,1.0
1479,Mike Catherwood,2011-05-09,Q16206306,0,0,0,0.0
1480,Petra Nemcova,2011-05-09,Q235496,0,0,0,0.0
1481,Ralph Macchio,2011-05-09,Q73346,0,0,0,0.0
1482,Romeo,2011-05-09,Q1069139,0,0,0,0.0
1483,Sugar Ray Leonard,2011-05-09,Q335798,1,1,1,1.0
1484,Wendy Williams,2011-05-09,Q618233,3,0,0,0.0
1485,Chelsea Kane,2011-05-16,Q119541149,0,0,0,0.0
1486,Chris Jericho,2011-05-16,Q44144,2,0,0,0.0
1487,Hines Ward,2011-05-16,Q482838,0,0,0,0.0
1488,Kendra Wilkinson,2011-05-16,Q231744,0,0,0,0.0
1489,Kirstie Alley,2011-05-16,Q151935,8,8,8,1.0
1490,Mike Catherwood,2011-05-16,Q16206306,0,0,0,0.0
1491,Petra Nemcova,2011-05-16,Q235496,0,0,0,0.0
1492,Ralph Macchio,2011-05-16,Q73346,0,0,0,0.0
1493,Romeo,2011-05-16,Q1069139,0,0,0,0.0
1494,Sugar Ray Leonard,2011-05-16,Q335798,1,1,1,1.0
1495,Wendy Williams,2011-05-16,Q618233,3,0,0,0.0
1496,Chelsea Kane,2011-05-23,Q119541149,0,0,0,0.0
1497,Chris Jericho,2011-05-23,Q44144,2,0,0,0.0
1498,Hines Ward,2011-05-23,Q482838,0,0,0,0.0
1499,Kendra Wilkinson,2011-05-23,Q231744,0,0,0,0.0
1500,Kirstie Alley,2011-05-23,Q151935,8,8,8,1.0
1501,Mike Catherwood,2011-05-23,Q16206306,0,0,0,0.0
1502,Petra Nemcova,2011-05-23,Q235496,0,0,0,0.0
1503,Ralph Macchio,2011-05-23,Q73346,0,0,0,0.0
1504,Romeo,2011-05-23,Q1069139,0,0,0,0.0
1505,Sugar Ray Leonard,2011-05-23,Q335798,1,1,1,1.0
1506,Wendy Williams,2011-05-23,Q618233,3,0,0,0.0
1507,Chelsea Kane,,Q119541149,0,0,0,0.0
1508,Chris Jericho,,Q44144,0,0,0,0.0
1509,Hines Ward,,Q482838,0,0,0,0.0
1510,Kendra Wilkinson,,Q231744,0,0,0,0.0
1511,Kirstie Alley,,Q151935,0,0,0,0.0
1512,Mike Catherwood,,Q16206306,0,0,0,0.0
1513,Petra Nemcova,,Q235496,0,0,0,0.0
1514,Ralph Macchio,,Q73346,0,0,0,0.0
1515,Romeo,,Q1069139,0,0,0,0.0
1516,Sugar Ray Leonard,,Q335798,0,0,0,0.0
1517,Wendy Williams,,Q618233,0,0,0,0.0
1518,Carson Kressley,2011-09-19,Q2470009,1,0,0,0.0
1519,Chaz Bono,2011-09-19,Q979387,1,1,0,1.0
1520,Chynna Phillips,2011-09-19,Q3676126,0,0,0,0.0
1521,David Arquette,2011-09-19,Q294185,0,0,0,0.0
1522,Elisabetta Canalis,2011-09-19,Q287122,0,0,0,0.0
1523,Hope Solo,2011-09-19,Q229619,0,0,0,0.0
1524,J.R. Martinez,2011-09-19,Q3246618,0,0,0,0.0
1525,Kristin Cavallari,2011-09-19,Q242802,0,0,0,0.0
1526,Metta World Peace (Ron),2011-09-19,,0,0,0,0.0
1527,Nancy Grace,2011-09-19,Q451839,0,0,0,0.0
1528,Ricki Lake,2011-09-19,Q40128,2,2,1,1.0
1529,Rob Kardashian,2011-09-19,Q26318,0,0,0,0.0
1530,Carson Kressley,2011-09-26,Q2470009,1,0,0,0.0
1531,Chaz Bono,2011-09-26,Q979387,1,1,0,1.0
1532,Chynna Phillips,2011-09-26,Q3676126,0,0,0,0.0
1533,David Arquette,2011-09-26,Q294185,0,0,0,0.0
1534,Elisabetta Canalis,2011-09-26,Q287122,0,0,0,0.0
1535,Hope Solo,2011-09-26,Q229619,0,0,0,0.0
1536,J.R. Martinez,2011-09-26,Q3246618,0,0,0,0.0
1537,Kristin Cavallari,2011-09-26,Q242802,0,0,0,0.0
1538,Metta World Peace (Ron),2011-09-26,,0,0,0,0.0
1539,Nancy Grace,2011-09-26,Q451839,0,0,0,0.0
1540,Ricki Lake,2011-09-26,Q40128,2,2,1,1.0
1541,Rob Kardashian,2011-09-26,Q26318,0,0,0,0.0
1542,Carson Kressley,2011-10-03,Q2470009,1,0,0,0.0
1543,Chaz Bono,2011-10-03,Q979387,1,1,0,1.0
1544,Chynna Phillips,2011-10-03,Q3676126,0,0,0,0.0
1545,David Arquette,2011-10-03,Q294185,0,0,0,0.0
1546,Elisabetta Canalis,2011-10-03,Q287122,0,0,0,0.0
1547,Hope Solo,2011-10-03,Q229619,0,0,0,0.0
1548,J.R. Martinez,2011-10-03,Q3246618,0,0,0,0.0
1549,Kristin Cavallari,2011-10-03,Q242802,0,0,0,0.0
1550,Metta World Peace (Ron),2011-10-03,,0,0,0,0.0
1551,Nancy Grace,2011-10-03,Q451839,0,0,0,0.0
1552,Ricki Lake,2011-10-03,Q40128,2,2,1,1.0
1553,Rob Kardashian,2011-10-03,Q26318,0,0,0,0.0
1554,Carson Kressley,2011-10-10,Q2470009,1,0,0,0.0
1555,Chaz Bono,2011-10-10,Q979387,1,1,0,1.0
1556,Chynna Phillips,2011-10-10,Q3676126,0,0,0,0.0
1557,David Arquette,2011-10-10,Q294185,0,0,0,0.0
1558,Elisabetta Canalis,2011-10-10,Q287122,0,0,0,0.0
1559,Hope Solo,2011-10-10,Q229619,0,0,0,0.0
1560,J.R. Martinez,2011-10-10,Q3246618,0,0,0,0.0
1561,Kristin Cavallari,2011-10-10,Q242802,0,0,0,0.0
1562,Metta World Peace (Ron),2011-10-10,,0,0,0,0.0
1563,Nancy Grace,2011-10-10,Q451839,0,0,0,0.0
1564,Ricki Lake,2011-10-10,Q40128,2,2,1,1.0
1565,Rob Kardashian,2011-10-10,Q26318,0,0,0,0.0
1566,Carson Kressley,2011-10-17,Q2470009,1,0,0,0.0
1567,Chaz Bono,2011-10-17,Q979387,1,1,0,1.0
1568,Chynna Phillips,2011-10-17,Q3676126,0,0,0,0.0
1569,David Arquette,2011-10-17,Q294185,0,0,0,0.0
1570,Elisabetta Canalis,2011-10-17,Q287122,0,0,0,0.0
1571,Hope Solo,2011-10-17,Q229619,0,0,0,0.0
1572,J.R. Martinez,2011-10-17,Q3246618,0,0,0,0.0
1573,Kristin Cavallari,2011-10-17,Q242802,0,0,0,0.0
1574,Metta World Peace (Ron),2011-10-17,,0,0,0,0.0
1575,Nancy Grace,2011-10-17,Q451839,0,0,0,0.0
1576,Ricki Lake,2011-10-17,Q40128,2,2,1,1.0
1577,Rob Kardashian,2011-10-17,Q26318,0,0,0,0.0
1578,Carson Kressley,2011-10-24,Q2470009,1,0,0,0.0
1579,Chaz Bono,2011-10-24,Q979387,1,1,0,1.0
1580,Chynna Phillips,2011-10-24,Q3676126,0,0,0,0.0
1581,David Arquette,2011-10-24,Q294185,0,0,0,0.0
1582,Elisabetta Canalis,2011-10-24,Q287122,0,0,0,0.0
1583,Hope Solo,2011-10-24,Q229619,0,0,0,0.0
1584,J.R. Martinez,2011-10-24,Q3246618,0,0,0,0.0
1585,Kristin Cavallari,2011-10-24,Q242802,0,0,0,0.0
1586,Metta World Peace (Ron),2011-10-24,,0,0,0,0.0
1587,Nancy Grace,2011-10-24,Q451839,0,0,0,0.0
1588,Ricki Lake,2011-10-24,Q40128,2,2,1,1.0
1589,Rob Kardashian,2011-10-24,Q26318,0,0,0,0.0
1590,Carson Kressley,2011-10-31,Q2470009,1,0,0,0.0
1591,Chaz Bono,2011-10-31,Q979387,1,1,0,1.0
1592,Chynna Phillips,2011-10-31,Q3676126,0,0,0,0.0
1593,David Arquette,2011-10-31,Q294185,0,0,0,0.0
1594,Elisabetta Canalis,2011-10-31,Q287122,0,0,0,0.0
1595,Hope Solo,2011-10-31,Q229619,0,0,0,0.0
1596,J.R. Martinez,2011-10-31,Q3246618,0,0,0,0.0
1597,Kristin Cavallari,2011-10-31,Q242802,0,0,0,0.0
1598,Metta World Peace (Ron),2011-10-31,,0,0,0,0.0
1599,Nancy Grace,2011-10-31,Q451839,0,0,0,0.0
1600,Ricki Lake,2011-10-31,Q40128,2,2,1,1.0
1601,Rob Kardashian,2011-10-31,Q26318,0,0,0,0.0
1602,Carson Kressley,2011-11-07,Q2470009,1,0,0,0.0
1603,Chaz Bono,2011-11-07,Q979387,1,1,0,1.0
1604,Chynna Phillips,2011-11-07,Q3676126,0,0,0,0.0
1605,David Arquette,2011-11-07,Q294185,0,0,0,0.0
1606,Elisabetta Canalis,2011-11-07,Q287122,0,0,0,0.0
1607,Hope Solo,2011-11-07,Q229619,0,0,0,0.0
1608,J.R. Martinez,2011-11-07,Q3246618,0,0,0,0.0
1609,Kristin Cavallari,2011-11-07,Q242802,0,0,0,0.0
1610,Metta World Peace (Ron),2011-11-07,,0,0,0,0.0
1611,Nancy Grace,2011-11-07,Q451839,0,0,0,0.0
1612,Ricki Lake,2011-11-07,Q40128,2,2,1,1.0
1613,Rob Kardashian,2011-11-07,Q26318,0,0,0,0.0
1614,Carson Kressley,2011-11-14,Q2470009,1,0,0,0.0
1615,Chaz Bono,2011-11-14,Q979387,1,1,0,1.0
1616,Chynna Phillips,2011-11-14,Q3676126,0,0,0,0.0
1617,David Arquette,2011-11-14,Q294185,0,0,0,0.0
1618,Elisabetta Canalis,2011-11-14,Q287122,0,0,0,0.0
1619,Hope Solo,2011-11-14,Q229619,0,0,0,0.0
1620,J.R. Martinez,2011-11-14,Q3246618,0,0,0,0.0
1621,Kristin Cavallari,2011-11-14,Q242802,0,0,0,0.0
1622,Metta World Peace (Ron),2011-11-14,,0,0,0,0.0
1623,Nancy Grace,2011-11-14,Q451839,0,0,0,0.0
1624,Ricki Lake,2011-11-14,Q40128,2,2,1,1.0
1625,Rob Kardashian,2011-11-14,Q26318,0,0,0,0.0
1626,Carson Kressley,2011-11-21,Q2470009,1,0,0,0.0
1627,Chaz Bono,2011-11-21,Q979387,1,1,0,1.0
1628,Chynna Phillips,2011-11-21,Q3676126,0,0,0,0.0
1629,David Arquette,2011-11-21,Q294185,0,0,0,0.0
1630,Elisabetta Canalis,2011-11-21,Q287122,0,0,0,0.0
1631,Hope Solo,2011-11-21,Q229619,0,0,0,0.0
1632,J.R. Martinez,2011-11-21,Q3246618,0,0,0,0.0
1633,Kristin Cavallari,2011-11-21,Q242802,0,0,0,0.0
1634,Metta World Peace (Ron),2011-11-21,,0,0,0,0.0
1635,Nancy Grace,2011-11-21,Q451839,0,0,0,0.0
1636,Ricki Lake,2011-11-21,Q40128,2,2,1,1.0
1637,Rob Kardashian,2011-11-21,Q26318,0,0,0,0.0
1638,Carson Kressley,,Q2470009,0,0,0,0.0
1639,Chaz Bono,,Q979387,0,0,0,0.0
1640,Chynna Phillips,,Q3676126,0,0,0,0.0
1641,David Arquette,,Q294185,0,0,0,0.0
1642,Elisabetta Canalis,,Q287122,0,0,0,0.0
1643,Hope Solo,,Q229619,0,0,0,0.0
1644,J.R. Martinez,,Q3246618,0,0,0,0.0
1645,Kristin Cavallari,,Q242802,0,0,0,0.0
1646,Metta World Peace (Ron),,,0,0,0,0.0
1647,Nancy Grace,,Q451839,0,0,0,0.0
1648,Ricki Lake,,Q40128,0,0,0,0.0
1649,Rob Kardashian,,Q26318,0,0,0,0.0
1650,Donald Driver,2012-03-19,Q1093571,0,0,0,0.0
1651,Gavin DeGraw,2012-03-19,Q337722,0,0,0,0.0
1652,Gladys Knight,2012-03-19,Q235952,3,2,0,0.6666666666666666
1653,Jack Wagner,2012-03-19,Q1293637,0,0,0,0.0
1654,Jaleel White,2012-03-19,Q358306,0,0,0,0.0
1655,Katherine Jenkins,2012-03-19,Q272581,2,0,0,0.0
1656,Maria Menounos,2012-03-19,Q233618,0,0,0,0.0
1657,Martina Navratilova,2012-03-19,Q54545,11,11,8,1.0
1658,Melissa Gilbert,2012-03-19,Q230929,2,1,1,0.5
1659,Roshon Fegan,2012-03-19,Q507999,0,0,0,0.0
1660,Sherri Sheperd,2012-03-19,,0,0,0,0.0
1661,William Levy,2012-03-19,Q559403,0,0,0,0.0
1662,Donald Driver,2012-03-26,Q1093571,0,0,0,0.0
1663,Gavin DeGraw,2012-03-26,Q337722,0,0,0,0.0
1664,Gladys Knight,2012-03-26,Q235952,3,2,0,0.6666666666666666
1665,Jack Wagner,2012-03-26,Q1293637,0,0,0,0.0
1666,Jaleel White,2012-03-26,Q358306,0,0,0,0.0
1667,Katherine Jenkins,2012-03-26,Q272581,2,0,0,0.0
1668,Maria Menounos,2012-03-26,Q233618,0,0,0,0.0
1669,Martina Navratilova,2012-03-26,Q54545,11,11,8,1.0
1670,Melissa Gilbert,2012-03-26,Q230929,2,1,1,0.5
1671,Roshon Fegan,2012-03-26,Q507999,0,0,0,0.0
1672,Sherri Sheperd,2012-03-26,,0,0,0,0.0
1673,William Levy,2012-03-26,Q559403,0,0,0,0.0
1674,Donald Driver,2012-04-02,Q1093571,0,0,0,0.0
1675,Gavin DeGraw,2012-04-02,Q337722,0,0,0,0.0
1676,Gladys Knight,2012-04-02,Q235952,3,2,0,0.6666666666666666
1677,Jack Wagner,2012-04-02,Q1293637,0,0,0,0.0
1678,Jaleel White,2012-04-02,Q358306,0,0,0,0.0
1679,Katherine Jenkins,2012-04-02,Q272581,2,0,0,0.0
1680,Maria Menounos,2012-04-02,Q233618,0,0,0,0.0
1681,Martina Navratilova,2012-04-02,Q54545,11,11,8,1.0
1682,Melissa Gilbert,2012-04-02,Q230929,2,1,1,0.5
1683,Roshon Fegan,2012-04-02,Q507999,0,0,0,0.0
1684,Sherri Sheperd,2012-04-02,,0,0,0,0.0
1685,William Levy,2012-04-02,Q559403,0,0,0,0.0
1686,Donald Driver,2012-04-09,Q1093571,0,0,0,0.0
1687,Gavin DeGraw,2012-04-09,Q337722,0,0,0,0.0
1688,Gladys Knight,2012-04-09,Q235952,3,2,0,0.6666666666666666
1689,Jack Wagner,2012-04-09,Q1293637,0,0,0,0.0
1690,Jaleel White,2012-04-09,Q358306,0,0,0,0.0
1691,Katherine Jenkins,2012-04-09,Q272581,2,0,0,0.0
1692,Maria Menounos,2012-04-09,Q233618,0,0,0,0.0
1693,Martina Navratilova,2012-04-09,Q54545,11,11,8,1.0
1694,Melissa Gilbert,2012-04-09,Q230929,2,1,1,0.5
1695,Roshon Fegan,2012-04-09,Q507999,0,0,0,0.0
1696,Sherri Sheperd,2012-04-09,,0,0,0,0.0
1697,William Levy,2012-04-09,Q559403,0,0,0,0.0
1698,Donald Driver,2012-04-16,Q1093571,0,0,0,0.0
1699,Gavin DeGraw,2012-04-16,Q337722,0,0,0,0.0
1700,Gladys Knight,2012-04-16,Q235952,3,2,0,0.6666666666666666
1701,Jack Wagner,2012-04-16,Q1293637,0,0,0,0.0
1702,Jaleel White,2012-04-16,Q358306,0,0,0,0.0
1703,Katherine Jenkins,2012-04-16,Q272581,2,0,0,0.0
1704,Maria Menounos,2012-04-16,Q233618,0,0,0,0.0
1705,Martina Navratilova,2012-04-16,Q54545,11,11,8,1.0
1706,Melissa Gilbert,2012-04-16,Q230929,2,1,1,0.5
1707,Roshon Fegan,2012-04-16,Q507999,0,0,0,0.0
1708,Sherri Sheperd,2012-04-16,,0,0,0,0.0
1709,William Levy,2012-04-16,Q559403,0,0,0,0.0
1710,Donald Driver,2012-04-23,Q1093571,0,0,0,0.0
1711,Gavin DeGraw,2012-04-23,Q337722,0,0,0,0.0
1712,Gladys Knight,2012-04-23,Q235952,3,2,0,0.6666666666666666
1713,Jack Wagner,2012-04-23,Q1293637,0,0,0,0.0
1714,Jaleel White,2012-04-23,Q358306,0,0,0,0.0
1715,Katherine Jenkins,2012-04-23,Q272581,2,0,0,0.0
1716,Maria Menounos,2012-04-23,Q233618,0,0,0,0.0
1717,Martina Navratilova,2012-04-23,Q54545,11,11,8,1.0
1718,Melissa Gilbert,2012-04-23,Q230929,2,1,1,0.5
1719,Roshon Fegan,2012-04-23,Q507999,0,0,0,0.0
1720,Sherri Sheperd,2012-04-23,,0,0,0,0.0
1721,William Levy,2012-04-23,Q559403,0,0,0,0.0
1722,Donald Driver,2012-04-30,Q1093571,0,0,0,0.0
1723,Gavin DeGraw,2012-04-30,Q337722,0,0,0,0.0
1724,Gladys Knight,2012-04-30,Q235952,3,2,0,0.6666666666666666
1725,Jack Wagner,2012-04-30,Q1293637,0,0,0,0.0
1726,Jaleel White,2012-04-30,Q358306,0,0,0,0.0
1727,Katherine Jenkins,2012-04-30,Q272581,2,0,0,0.0
1728,Maria Menounos,2012-04-30,Q233618,0,0,0,0.0
1729,Martina Navratilova,2012-04-30,Q54545,11,11,8,1.0
1730,Melissa Gilbert,2012-04-30,Q230929,2,1,1,0.5
1731,Roshon Fegan,2012-04-30,Q507999,0,0,0,0.0
1732,Sherri Sheperd,2012-04-30,,0,0,0,0.0
1733,William Levy,2012-04-30,Q559403,0,0,0,0.0
1734,Donald Driver,2012-05-07,Q1093571,0,0,0,0.0
1735,Gavin DeGraw,2012-05-07,Q337722,0,0,0,0.0
1736,Gladys Knight,2012-05-07,Q235952,3,2,0,0.6666666666666666
1737,Jack Wagner,2012-05-07,Q1293637,0,0,0,0.0
1738,Jaleel White,2012-05-07,Q358306,0,0,0,0.0
1739,Katherine Jenkins,2012-05-07,Q272581,2,0,0,0.0
1740,Maria Menounos,2012-05-07,Q233618,0,0,0,0.0
1741,Martina Navratilova,2012-05-07,Q54545,11,11,8,1.0
1742,Melissa Gilbert,2012-05-07,Q230929,2,1,1,0.5
1743,Roshon Fegan,2012-05-07,Q507999,0,0,0,0.0
1744,Sherri Sheperd,2012-05-07,,0,0,0,0.0
1745,William Levy,2012-05-07,Q559403,0,0,0,0.0
1746,Donald Driver,2012-05-14,Q1093571,0,0,0,0.0
1747,Gavin DeGraw,2012-05-14,Q337722,0,0,0,0.0
1748,Gladys Knight,2012-05-14,Q235952,3,2,0,0.6666666666666666
1749,Jack Wagner,2012-05-14,Q1293637,0,0,0,0.0
1750,Jaleel White,2012-05-14,Q358306,0,0,0,0.0
1751,Katherine Jenkins,2012-05-14,Q272581,2,0,0,0.0
1752,Maria Menounos,2012-05-14,Q233618,0,0,0,0.0
1753,Martina Navratilova,2012-05-14,Q54545,11,11,8,1.0
1754,Melissa Gilbert,2012-05-14,Q230929,2,1,1,0.5
1755,Roshon Fegan,2012-05-14,Q507999,0,0,0,0.0
1756,Sherri Sheperd,2012-05-14,,0,0,0,0.0
1757,William Levy,2012-05-14,Q559403,0,0,0,0.0
1758,Donald Driver,2012-05-21,Q1093571,0,0,0,0.0
1759,Gavin DeGraw,2012-05-21,Q337722,0,0,0,0.0
1760,Gladys Knight,2012-05-21,Q235952,3,2,0,0.6666666666666666
1761,Jack Wagner,2012-05-21,Q1293637,0,0,0,0.0
1762,Jaleel White,2012-05-21,Q358306,0,0,0,0.0
1763,Katherine Jenkins,2012-05-21,Q272581,2,0,0,0.0
1764,Maria Menounos,2012-05-21,Q233618,0,0,0,0.0
1765,Martina Navratilova,2012-05-21,Q54545,11,11,8,1.0
1766,Melissa Gilbert,2012-05-21,Q230929,2,1,1,0.5
1767,Roshon Fegan,2012-05-21,Q507999,0,0,0,0.0
1768,Sherri Sheperd,2012-05-21,,0,0,0,0.0
1769,William Levy,2012-05-21,Q559403,0,0,0,0.0
1770,Donald Driver,,Q1093571,0,0,0,0.0
1771,Gavin DeGraw,,Q337722,0,0,0,0.0
1772,Gladys Knight,,Q235952,0,0,0,0.0
1773,Jack Wagner,,Q1293637,0,0,0,0.0
1774,Jaleel White,,Q358306,0,0,0,0.0
1775,Katherine Jenkins,,Q272581,0,0,0,0.0
1776,Maria Menounos,,Q233618,0,0,0,0.0
1777,Martina Navratilova,,Q54545,0,0,0,0.0
1778,Melissa Gilbert,,Q230929,0,0,0,0.0
1779,Roshon Fegan,,Q507999,0,0,0,0.0
1780,Sherri Sheperd,,,0,0,0,0.0
1781,William Levy,,Q559403,0,0,0,0.0
1782,Apolo Anton Ohno,2012-09-24,Q329738,0,0,0,0.0
1783,Bristol Palin,2012-09-24,Q2190766,0,0,0,0.0
1784,Drew Lachey,2012-09-24,Q5307215,0,0,0,0.0
1785,Emmitt Smith,2012-09-24,Q1338802,3,0,0,0.0
1786,Gilles Marini,2012-09-24,Q181997,0,0,0,0.0
1787,Helio Castroneves,2012-09-24,Q454058,0,0,0,0.0
1788,Joey Fatone,2012-09-24,Q1640877,0,0,0,0.0
1789,Kelly Monaco,2012-09-24,Q451861,1,1,1,1.0
1790,Kirstie Alley,2012-09-24,Q151935,8,8,8,1.0
1791,Melissa Rycroft,2012-09-24,Q2112258,0,0,0,0.0
1792,Pamela Anderson,2012-09-24,Q83325,3,3,3,1.0
1793,Sabrina Bryan,2012-09-24,Q256708,0,0,0,0.0
1794,Shawn Johnson,2012-09-24,Q229044,0,0,0,0.0
1795,Apolo Anton Ohno,2012-10-01,Q329738,0,0,0,0.0
1796,Bristol Palin,2012-10-01,Q2190766,0,0,0,0.0
1797,Drew Lachey,2012-10-01,Q5307215,0,0,0,0.0
1798,Emmitt Smith,2012-10-01,Q1338802,3,0,0,0.0
1799,Gilles Marini,2012-10-01,Q181997,0,0,0,0.0
1800,Helio Castroneves,2012-10-01,Q454058,0,0,0,0.0
1801,Joey Fatone,2012-10-01,Q1640877,0,0,0,0.0
1802,Kelly Monaco,2012-10-01,Q451861,1,1,1,1.0
1803,Kirstie Alley,2012-10-01,Q151935,8,8,8,1.0
1804,Melissa Rycroft,2012-10-01,Q2112258,0,0,0,0.0
1805,Pamela Anderson,2012-10-01,Q83325,3,3,3,1.0
1806,Sabrina Bryan,2012-10-01,Q256708,0,0,0,0.0
1807,Shawn Johnson,2012-10-01,Q229044,0,0,0,0.0
1808,Apolo Anton Ohno,2012-10-08,Q329738,0,0,0,0.0
1809,Bristol Palin,2012-10-08,Q2190766,0,0,0,0.0
1810,Drew Lachey,2012-10-08,Q5307215,0,0,0,0.0
1811,Emmitt Smith,2012-10-08,Q1338802,3,0,0,0.0
1812,Gilles Marini,2012-10-08,Q181997,0,0,0,0.0
1813,Helio Castroneves,2012-10-08,Q454058,0,0,0,0.0
1814,Joey Fatone,2012-10-08,Q1640877,0,0,0,0.0
1815,Kelly Monaco,2012-10-08,Q451861,1,1,1,1.0
1816,Kirstie Alley,2012-10-08,Q151935,8,8,8,1.0
1817,Melissa Rycroft,2012-10-08,Q2112258,0,0,0,0.0
1818,Pamela Anderson,2012-10-08,Q83325,3,3,3,1.0
1819,Sabrina Bryan,2012-10-08,Q256708,0,0,0,0.0
1820,Shawn Johnson,2012-10-08,Q229044,0,0,0,0.0
1821,Apolo Anton Ohno,2012-10-15,Q329738,0,0,0,0.0
1822,Bristol Palin,2012-10-15,Q2190766,0,0,0,0.0
1823,Drew Lachey,2012-10-15,Q5307215,0,0,0,0.0
1824,Emmitt Smith,2012-10-15,Q1338802,3,0,0,0.0
1825,Gilles Marini,2012-10-15,Q181997,0,0,0,0.0
1826,Helio Castroneves,2012-10-15,Q454058,0,0,0,0.0
1827,Joey Fatone,2012-10-15,Q1640877,0,0,0,0.0
1828,Kelly Monaco,2012-10-15,Q451861,1,1,1,1.0
1829,Kirstie Alley,2012-10-15,Q151935,8,8,8,1.0
1830,Melissa Rycroft,2012-10-15,Q2112258,0,0,0,0.0
1831,Pamela Anderson,2012-10-15,Q83325,3,3,3,1.0
1832,Sabrina Bryan,2012-10-15,Q256708,0,0,0,0.0
1833,Shawn Johnson,2012-10-15,Q229044,0,0,0,0.0
1834,Apolo Anton Ohno,2012-10-22,Q329738,0,0,0,0.0
1835,Bristol Palin,2012-10-22,Q2190766,0,0,0,0.0
1836,Drew Lachey,2012-10-22,Q5307215,0,0,0,0.0
1837,Emmitt Smith,2012-10-22,Q1338802,3,0,0,0.0
1838,Gilles Marini,2012-10-22,Q181997,0,0,0,0.0
1839,Helio Castroneves,2012-10-22,Q454058,0,0,0,0.0
1840,Joey Fatone,2012-10-22,Q1640877,0,0,0,0.0
1841,Kelly Monaco,2012-10-22,Q451861,1,1,1,1.0
1842,Kirstie Alley,2012-10-22,Q151935,8,8,8,1.0
1843,Melissa Rycroft,2012-10-22,Q2112258,0,0,0,0.0
1844,Pamela Anderson,2012-10-22,Q83325,3,3,3,1.0
1845,Sabrina Bryan,2012-10-22,Q256708,0,0,0,0.0
1846,Shawn Johnson,2012-10-22,Q229044,0,0,0,0.0
1847,Apolo Anton Ohno,2012-10-29,Q329738,0,0,0,0.0
1848,Bristol Palin,2012-10-29,Q2190766,0,0,0,0.0
1849,Drew Lachey,2012-10-29,Q5307215,0,0,0,0.0
1850,Emmitt Smith,2012-10-29,Q1338802,3,0,0,0.0
1851,Gilles Marini,2012-10-29,Q181997,0,0,0,0.0
1852,Helio Castroneves,2012-10-29,Q454058,0,0,0,0.0
1853,Joey Fatone,2012-10-29,Q1640877,0,0,0,0.0
1854,Kelly Monaco,2012-10-29,Q451861,1,1,1,1.0
1855,Kirstie Alley,2012-10-29,Q151935,8,8,8,1.0
1856,Melissa Rycroft,2012-10-29,Q2112258,0,0,0,0.0
1857,Pamela Anderson,2012-10-29,Q83325,3,3,3,1.0
1858,Sabrina Bryan,2012-10-29,Q256708,0,0,0,0.0
1859,Shawn Johnson,2012-10-29,Q229044,0,0,0,0.0
1860,Apolo Anton Ohno,2012-11-05,Q329738,0,0,0,0.0
1861,Bristol Palin,2012-11-05,Q2190766,0,0,0,0.0
1862,Drew Lachey,2012-11-05,Q5307215,0,0,0,0.0
1863,Emmitt Smith,2012-11-05,Q1338802,3,0,0,0.0
1864,Gilles Marini,2012-11-05,Q181997,0,0,0,0.0
1865,Helio Castroneves,2012-11-05,Q454058,0,0,0,0.0
1866,Joey Fatone,2012-11-05,Q1640877,0,0,0,0.0
1867,Kelly Monaco,2012-11-05,Q451861,1,1,1,1.0
1868,Kirstie Alley,2012-11-05,Q151935,8,8,8,1.0
1869,Melissa Rycroft,2012-11-05,Q2112258,0,0,0,0.0
1870,Pamela Anderson,2012-11-05,Q83325,3,3,3,1.0
1871,Sabrina Bryan,2012-11-05,Q256708,0,0,0,0.0
1872,Shawn Johnson,2012-11-05,Q229044,0,0,0,0.0
1873,Apolo Anton Ohno,2012-11-12,Q329738,0,0,0,0.0
1874,Bristol Palin,2012-11-12,Q2190766,0,0,0,0.0
1875,Drew Lachey,2012-11-12,Q5307215,0,0,0,0.0
1876,Emmitt Smith,2012-11-12,Q1338802,3,0,0,0.0
1877,Gilles Marini,2012-11-12,Q181997,0,0,0,0.0
1878,Helio Castroneves,2012-11-12,Q454058,0,0,0,0.0
1879,Joey Fatone,2012-11-12,Q1640877,0,0,0,0.0
1880,Kelly Monaco,2012-11-12,Q451861,1,1,1,1.0
1881,Kirstie Alley,2012-11-12,Q151935,8,8,8,1.0
1882,Melissa Rycroft,2012-11-12,Q2112258,0,0,0,0.0
1883,Pamela Anderson,2012-11-12,Q83325,3,3,3,1.0
1884,Sabrina Bryan,2012-11-12,Q256708,0,0,0,0.0
1885,Shawn Johnson,2012-11-12,Q229044,0,0,0,0.0
1886,Apolo Anton Ohno,2012-11-19,Q329738,0,0,0,0.0
1887,Bristol Palin,2012-11-19,Q2190766,0,0,0,0.0
1888,Drew Lachey,2012-11-19,Q5307215,0,0,0,0.0
1889,Emmitt Smith,2012-11-19,Q1338802,3,0,0,0.0
1890,Gilles Marini,2012-11-19,Q181997,0,0,0,0.0
1891,Helio Castroneves,2012-11-19,Q454058,0,0,0,0.0
1892,Joey Fatone,2012-11-19,Q1640877,0,0,0,0.0
1893,Kelly Monaco,2012-11-19,Q451861,1,1,1,1.0
1894,Kirstie Alley,2012-11-19,Q151935,8,8,8,1.0
1895,Melissa Rycroft,2012-11-19,Q2112258,0,0,0,0.0
1896,Pamela Anderson,2012-11-19,Q83325,3,3,3,1.0
1897,Sabrina Bryan,2012-11-19,Q256708,0,0,0,0.0
1898,Shawn Johnson,2012-11-19,Q229044,0,0,0,0.0
1899,Apolo Anton Ohno,2012-11-26,Q329738,0,0,0,0.0
1900,Bristol Palin,2012-11-26,Q2190766,0,0,0,0.0
1901,Drew Lachey,2012-11-26,Q5307215,0,0,0,0.0
1902,Emmitt Smith,2012-11-26,Q1338802,3,0,0,0.0
1903,Gilles Marini,2012-11-26,Q181997,0,0,0,0.0
1904,Helio Castroneves,2012-11-26,Q454058,0,0,0,0.0
1905,Joey Fatone,2012-11-26,Q1640877,0,0,0,0.0
1906,Kelly Monaco,2012-11-26,Q451861,1,1,1,1.0
1907,Kirstie Alley,2012-11-26,Q151935,8,8,8,1.0
1908,Melissa Rycroft,2012-11-26,Q2112258,0,0,0,0.0
1909,Pamela Anderson,2012-11-26,Q83325,3,3,3,1.0
1910,Sabrina Bryan,2012-11-26,Q256708,0,0,0,0.0
1911,Shawn Johnson,2012-11-26,Q229044,0,0,0,0.0
1912,Apolo Anton Ohno,,Q329738,0,0,0,0.0
1913,Bristol Palin,,Q2190766,0,0,0,0.0
1914,Drew Lachey,,Q5307215,0,0,0,0.0
1915,Emmitt Smith,,Q1338802,0,0,0,0.0
1916,Gilles Marini,,Q181997,0,0,0,0.0
1917,Helio Castroneves,,Q454058,0,0,0,0.0
1918,Joey Fatone,,Q1640877,0,0,0,0.0
1919,Kelly Monaco,,Q451861,0,0,0,0.0
1920,Kirstie Alley,,Q151935,0,0,0,0.0
1921,Melissa Rycroft,,Q2112258,0,0,0,0.0
1922,Pamela Anderson,,Q83325,0,0,0,0.0
1923,Sabrina Bryan,,Q256708,0,0,0,0.0
1924,Shawn Johnson,,Q229044,0,0,0,0.0
1925,Alexandra Raisman,2013-03-18,Q238663,0,0,0,0.0
1926,Andy Dick,2013-03-18,Q367094,0,0,0,0.0
1927,D. L. Hughley,2013-03-18,Q536308,0,0,0,0.0
1928,Dorothy Hamill,2013-03-18,Q262573,2,1,1,0.5
1929,Ingo Rademacher,2013-03-18,Q6032887,0,0,0,0.0
1930,Jacoby Jones,2013-03-18,Q3805829,0,0,0,0.0
1931,Kellie Pickler,2013-03-18,Q234445,0,0,0,0.0
1932,Lisa Vanderpump,2013-03-18,Q15040601,2,2,1,1.0
1933,Sean Lowe,2013-03-18,Q7441167,0,0,0,0.0
1934,Victor Ortiz,2013-03-18,Q423205,0,0,0,0.0
1935,Wynonna Judd,2013-03-18,Q465130,0,0,0,0.0
1936,Zendaya,2013-03-18,Q189489,11,11,0,1.0
1937,Alexandra Raisman,2013-03-25,Q238663,0,0,0,0.0
1938,Andy Dick,2013-03-25,Q367094,0,0,0,0.0
1939,D. L. Hughley,2013-03-25,Q536308,0,0,0,0.0
1940,Dorothy Hamill,2013-03-25,Q262573,2,1,1,0.5
1941,Ingo Rademacher,2013-03-25,Q6032887,0,0,0,0.0
1942,Jacoby Jones,2013-03-25,Q3805829,0,0,0,0.0
1943,Kellie Pickler,2013-03-25,Q234445,0,0,0,0.0
1944,Lisa Vanderpump,2013-03-25,Q15040601,2,2,1,1.0
1945,Sean Lowe,2013-03-25,Q7441167,0,0,0,0.0
1946,Victor Ortiz,2013-03-25,Q423205,0,0,0,0.0
1947,Wynonna Judd,2013-03-25,Q465130,0,0,0,0.0
1948,Zendaya,2013-03-25,Q189489,11,11,0,1.0
1949,Alexandra Raisman,2013-04-01,Q238663,0,0,0,0.0
1950,Andy Dick,2013-04-01,Q367094,0,0,0,0.0
1951,D. L. Hughley,2013-04-01,Q536308,0,0,0,0.0
1952,Dorothy Hamill,2013-04-01,Q262573,2,1,1,0.5
1953,Ingo Rademacher,2013-04-01,Q6032887,0,0,0,0.0
1954,Jacoby Jones,2013-04-01,Q3805829,0,0,0,0.0
1955,Kellie Pickler,2013-04-01,Q234445,0,0,0,0.0
1956,Lisa Vanderpump,2013-04-01,Q15040601,2,2,1,1.0
1957,Sean Lowe,2013-04-01,Q7441167,0,0,0,0.0
1958,Victor Ortiz,2013-04-01,Q423205,0,0,0,0.0
1959,Wynonna Judd,2013-04-01,Q465130,0,0,0,0.0
1960,Zendaya,2013-04-01,Q189489,11,11,0,1.0
1961,Alexandra Raisman,2013-04-08,Q238663,0,0,0,0.0
1962,Andy Dick,2013-04-08,Q367094,0,0,0,0.0
1963,D. L. Hughley,2013-04-08,Q536308,0,0,0,0.0
1964,Dorothy Hamill,2013-04-08,Q262573,2,1,1,0.5
1965,Ingo Rademacher,2013-04-08,Q6032887,0,0,0,0.0
1966,Jacoby Jones,2013-04-08,Q3805829,0,0,0,0.0
1967,Kellie Pickler,2013-04-08,Q234445,0,0,0,0.0
1968,Lisa Vanderpump,2013-04-08,Q15040601,2,2,1,1.0
1969,Sean Lowe,2013-04-08,Q7441167,0,0,0,0.0
1970,Victor Ortiz,2013-04-08,Q423205,0,0,0,0.0
1971,Wynonna Judd,2013-04-08,Q465130,0,0,0,0.0
1972,Zendaya,2013-04-08,Q189489,11,11,0,1.0
1973,Alexandra Raisman,2013-04-15,Q238663,0,0,0,0.0
1974,Andy Dick,2013-04-15,Q367094,0,0,0,0.0
1975,D. L. Hughley,2013-04-15,Q536308,0,0,0,0.0
1976,Dorothy Hamill,2013-04-15,Q262573,2,1,1,0.5
1977,Ingo Rademacher,2013-04-15,Q6032887,0,0,0,0.0
1978,Jacoby Jones,2013-04-15,Q3805829,0,0,0,0.0
1979,Kellie Pickler,2013-04-15,Q234445,0,0,0,0.0
1980,Lisa Vanderpump,2013-04-15,Q15040601,2,2,1,1.0
1981,Sean Lowe,2013-04-15,Q7441167,0,0,0,0.0
1982,Victor Ortiz,2013-04-15,Q423205,0,0,0,0.0
1983,Wynonna Judd,2013-04-15,Q465130,0,0,0,0.0
1984,Zendaya,2013-04-15,Q189489,11,11,0,1.0
1985,Alexandra Raisman,2013-04-22,Q238663,0,0,0,0.0
1986,Andy Dick,2013-04-22,Q367094,0,0,0,0.0
1987,D. L. Hughley,2013-04-22,Q536308,0,0,0,0.0
1988,Dorothy Hamill,2013-04-22,Q262573,2,1,1,0.5
1989,Ingo Rademacher,2013-04-22,Q6032887,0,0,0,0.0
1990,Jacoby Jones,2013-04-22,Q3805829,0,0,0,0.0
1991,Kellie Pickler,2013-04-22,Q234445,0,0,0,0.0
1992,Lisa Vanderpump,2013-04-22,Q15040601,2,2,1,1.0
1993,Sean Lowe,2013-04-22,Q7441167,0,0,0,0.0
1994,Victor Ortiz,2013-04-22,Q423205,0,0,0,0.0
1995,Wynonna Judd,2013-04-22,Q465130,0,0,0,0.0
1996,Zendaya,2013-04-22,Q189489,11,11,0,1.0
1997,Alexandra Raisman,2013-04-29,Q238663,0,0,0,0.0
1998,Andy Dick,2013-04-29,Q367094,0,0,0,0.0
1999,D. L. Hughley,2013-04-29,Q536308,0,0,0,0.0
2000,Dorothy Hamill,2013-04-29,Q262573,2,1,1,0.5
2001,Ingo Rademacher,2013-04-29,Q6032887,0,0,0,0.0
2002,Jacoby Jones,2013-04-29,Q3805829,0,0,0,0.0
2003,Kellie Pickler,2013-04-29,Q234445,0,0,0,0.0
2004,Lisa Vanderpump,2013-04-29,Q15040601,2,2,1,1.0
2005,Sean Lowe,2013-04-29,Q7441167,0,0,0,0.0
2006,Victor Ortiz,2013-04-29,Q423205,0,0,0,0.0
2007,Wynonna Judd,2013-04-29,Q465130,0,0,0,0.0
2008,Zendaya,2013-04-29,Q189489,11,11,0,1.0
2009,Alexandra Raisman,2013-05-06,Q238663,0,0,0,0.0
2010,Andy Dick,2013-05-06,Q367094,0,0,0,0.0
2011,D. L. Hughley,2013-05-06,Q536308,0,0,0,0.0
2012,Dorothy Hamill,2013-05-06,Q262573,2,1,1,0.5
2013,Ingo Rademacher,2013-05-06,Q6032887,0,0,0,0.0
2014,Jacoby Jones,2013-05-06,Q3805829,0,0,0,0.0
2015,Kellie Pickler,2013-05-06,Q234445,0,0,0,0.0
2016,Lisa Vanderpump,2013-05-06,Q15040601,2,2,1,1.0
2017,Sean Lowe,2013-05-06,Q7441167,0,0,0,0.0
2018,Victor Ortiz,2013-05-06,Q423205,0,0,0,0.0
2019,Wynonna Judd,2013-05-06,Q465130,0,0,0,0.0
2020,Zendaya,2013-05-06,Q189489,11,11,0,1.0
2021,Alexandra Raisman,2013-05-13,Q238663,0,0,0,0.0
2022,Andy Dick,2013-05-13,Q367094,0,0,0,0.0
2023,D. L. Hughley,2013-05-13,Q536308,0,0,0,0.0
2024,Dorothy Hamill,2013-05-13,Q262573,2,1,1,0.5
2025,Ingo Rademacher,2013-05-13,Q6032887,0,0,0,0.0
2026,Jacoby Jones,2013-05-13,Q3805829,0,0,0,0.0
2027,Kellie Pickler,2013-05-13,Q234445,0,0,0,0.0
2028,Lisa Vanderpump,2013-05-13,Q15040601,2,2,1,1.0
2029,Sean Lowe,2013-05-13,Q7441167,0,0,0,0.0
2030,Victor Ortiz,2013-05-13,Q423205,0,0,0,0.0
2031,Wynonna Judd,2013-05-13,Q465130,0,0,0,0.0
2032,Zendaya,2013-05-13,Q189489,11,11,0,1.0
2033,Alexandra Raisman,2013-05-20,Q238663,0,0,0,0.0
2034,Andy Dick,2013-05-20,Q367094,0,0,0,0.0
2035,D. L. Hughley,2013-05-20,Q536308,0,0,0,0.0
2036,Dorothy Hamill,2013-05-20,Q262573,2,1,1,0.5
2037,Ingo Rademacher,2013-05-20,Q6032887,0,0,0,0.0
2038,Jacoby Jones,2013-05-20,Q3805829,0,0,0,0.0
2039,Kellie Pickler,2013-05-20,Q234445,0,0,0,0.0
2040,Lisa Vanderpump,2013-05-20,Q15040601,2,2,1,1.0
2041,Sean Lowe,2013-05-20,Q7441167,0,0,0,0.0
2042,Victor Ortiz,2013-05-20,Q423205,0,0,0,0.0
2043,Wynonna Judd,2013-05-20,Q465130,0,0,0,0.0
2044,Zendaya,2013-05-20,Q189489,11,11,0,1.0
2045,Alexandra Raisman,,Q238663,0,0,0,0.0
2046,Andy Dick,,Q367094,0,0,0,0.0
2047,D. L. Hughley,,Q536308,0,0,0,0.0
2048,Dorothy Hamill,,Q262573,0,0,0,0.0
2049,Ingo Rademacher,,Q6032887,0,0,0,0.0
2050,Jacoby Jones,,Q3805829,0,0,0,0.0
2051,Kellie Pickler,,Q234445,0,0,0,0.0
2052,Lisa Vanderpump,,Q15040601,0,0,0,0.0
2053,Sean Lowe,,Q7441167,0,0,0,0.0
2054,Victor Ortiz,,Q423205,0,0,0,0.0
2055,Wynonna Judd,,Q465130,0,0,0,0.0
2056,Zendaya,,Q189489,0,0,0,0.0
2057,Amber Riley,2013-09-16,Q230420,4,4,1,1.0
2058,Bill Engvall,2013-09-16,Q4908906,0,0,0,0.0
2059,Bill Nye,2013-09-16,Q2619019,6,3,1,0.5
2060,Brant Daugherty,2013-09-16,Q1992569,0,0,0,0.0
2061,Christina Milian,2013-09-16,Q230501,1,1,1,1.0
2062,Corbin Bleu,2013-09-16,Q4617,0,0,0,0.0
2063,Elizabeth Berkley Lauren,2013-09-16,Q129831,3,2,2,0.6666666666666666
2064,Jack Osbourne,2013-09-16,Q108844845,0,0,0,0.0
2065,Keyshawn Johnson,2013-09-16,Q2081596,0,0,0,0.0
2066,Leah Remini,2013-09-16,Q242580,3,3,0,1.0
2067,"Nicole ""Snooki"" Polizzi",2013-09-16,Q864408,1,0,0,0.0
2068,Valerie Harper,2013-09-16,Q239293,8,8,8,1.0
2069,Amber Riley,2013-09-23,Q230420,4,4,1,1.0
2070,Bill Engvall,2013-09-23,Q4908906,0,0,0,0.0
2071,Bill Nye,2013-09-23,Q2619019,6,3,1,0.5
2072,Brant Daugherty,2013-09-23,Q1992569,0,0,0,0.0
2073,Christina Milian,2013-09-23,Q230501,1,1,1,1.0
2074,Corbin Bleu,2013-09-23,Q4617,0,0,0,0.0
2075,Elizabeth Berkley Lauren,2013-09-23,Q129831,3,2,2,0.6666666666666666
2076,Jack Osbourne,2013-09-23,Q108844845,0,0,0,0.0
2077,Keyshawn Johnson,2013-09-23,Q2081596,0,0,0,0.0
2078,Leah Remini,2013-09-23,Q242580,3,3,0,1.0
2079,"Nicole ""Snooki"" Polizzi",2013-09-23,Q864408,1,0,0,0.0
2080,Valerie Harper,2013-09-23,Q239293,8,8,8,1.0
2081,Amber Riley,2013-09-30,Q230420,4,4,1,1.0
2082,Bill Engvall,2013-09-30,Q4908906,0,0,0,0.0
2083,Bill Nye,2013-09-30,Q2619019,6,3,1,0.5
2084,Brant Daugherty,2013-09-30,Q1992569,0,0,0,0.0
2085,Christina Milian,2013-09-30,Q230501,1,1,1,1.0
2086,Corbin Bleu,2013-09-30,Q4617,0,0,0,0.0
2087,Elizabeth Berkley Lauren,2013-09-30,Q129831,3,2,2,0.6666666666666666
2088,Jack Osbourne,2013-09-30,Q108844845,0,0,0,0.0
2089,Keyshawn Johnson,2013-09-30,Q2081596,0,0,0,0.0
2090,Leah Remini,2013-09-30,Q242580,3,3,0,1.0
2091,"Nicole ""Snooki"" Polizzi",2013-09-30,Q864408,1,0,0,0.0
2092,Valerie Harper,2013-09-30,Q239293,8,8,8,1.0
2093,Amber Riley,2013-10-07,Q230420,4,4,1,1.0
2094,Bill Engvall,2013-10-07,Q4908906,0,0,0,0.0
2095,Bill Nye,2013-10-07,Q2619019,6,3,1,0.5
2096,Brant Daugherty,2013-10-07,Q1992569,0,0,0,0.0
2097,Christina Milian,2013-10-07,Q230501,1,1,1,1.0
2098,Corbin Bleu,2013-10-07,Q4617,0,0,0,0.0
2099,Elizabeth Berkley Lauren,2013-10-07,Q129831,3,2,2,0.6666666666666666
2100,Jack Osbourne,2013-10-07,Q108844845,0,0,0,0.0
2101,Keyshawn Johnson,2013-10-07,Q2081596,0,0,0,0.0
2102,Leah Remini,2013-10-07,Q242580,3,3,0,1.0
2103,"Nicole ""Snooki"" Polizzi",2013-10-07,Q864408,1,0,0,0.0
2104,Valerie Harper,2013-10-07,Q239293,8,8,8,1.0
2105,Amber Riley,2013-10-14,Q230420,4,4,1,1.0
2106,Bill Engvall,2013-10-14,Q4908906,0,0,0,0.0
2107,Bill Nye,2013-10-14,Q2619019,6,3,1,0.5
2108,Brant Daugherty,2013-10-14,Q1992569,0,0,0,0.0
2109,Christina Milian,2013-10-14,Q230501,1,1,1,1.0
2110,Corbin Bleu,2013-10-14,Q4617,0,0,0,0.0
2111,Elizabeth Berkley Lauren,2013-10-14,Q129831,3,2,2,0.6666666666666666
2112,Jack Osbourne,2013-10-14,Q108844845,0,0,0,0.0
2113,Keyshawn Johnson,2013-10-14,Q2081596,0,0,0,0.0
2114,Leah Remini,2013-10-14,Q242580,3,3,0,1.0
2115,"Nicole ""Snooki"" Polizzi",2013-10-14,Q864408,1,0,0,0.0
2116,Valerie Harper,2013-10-14,Q239293,8,8,8,1.0
2117,Amber Riley,2013-10-21,Q230420,4,4,1,1.0
2118,Bill Engvall,2013-10-21,Q4908906,0,0,0,0.0
2119,Bill Nye,2013-10-21,Q2619019,6,3,1,0.5
2120,Brant Daugherty,2013-10-21,Q1992569,0,0,0,0.0
2121,Christina Milian,2013-10-21,Q230501,1,1,1,1.0
2122,Corbin Bleu,2013-10-21,Q4617,0,0,0,0.0
2123,Elizabeth Berkley Lauren,2013-10-21,Q129831,3,2,2,0.6666666666666666
2124,Jack Osbourne,2013-10-21,Q108844845,0,0,0,0.0
2125,Keyshawn Johnson,2013-10-21,Q2081596,0,0,0,0.0
2126,Leah Remini,2013-10-21,Q242580,3,3,0,1.0
2127,"Nicole ""Snooki"" Polizzi",2013-10-21,Q864408,1,0,0,0.0
2128,Valerie Harper,2013-10-21,Q239293,8,8,8,1.0
2129,Amber Riley,2013-10-28,Q230420,4,4,1,1.0
2130,Bill Engvall,2013-10-28,Q4908906,0,0,0,0.0
2131,Bill Nye,2013-10-28,Q2619019,6,3,1,0.5
2132,Brant Daugherty,2013-10-28,Q1992569,0,0,0,0.0
2133,Christina Milian,2013-10-28,Q230501,1,1,1,1.0
2134,Corbin Bleu,2013-10-28,Q4617,0,0,0,0.0
2135,Elizabeth Berkley Lauren,2013-10-28,Q129831,3,2,2,0.6666666666666666
2136,Jack Osbourne,2013-10-28,Q108844845,0,0,0,0.0
2137,Keyshawn Johnson,2013-10-28,Q2081596,0,0,0,0.0
2138,Leah Remini,2013-10-28,Q242580,3,3,0,1.0
2139,"Nicole ""Snooki"" Polizzi",2013-10-28,Q864408,1,0,0,0.0
2140,Valerie Harper,2013-10-28,Q239293,8,8,8,1.0
2141,Amber Riley,2013-11-04,Q230420,4,4,1,1.0
2142,Bill Engvall,2013-11-04,Q4908906,0,0,0,0.0
2143,Bill Nye,2013-11-04,Q2619019,6,3,1,0.5
2144,Brant Daugherty,2013-11-04,Q1992569,0,0,0,0.0
2145,Christina Milian,2013-11-04,Q230501,1,1,1,1.0
2146,Corbin Bleu,2013-11-04,Q4617,0,0,0,0.0
2147,Elizabeth Berkley Lauren,2013-11-04,Q129831,3,2,2,0.6666666666666666
2148,Jack Osbourne,2013-11-04,Q108844845,0,0,0,0.0
2149,Keyshawn Johnson,2013-11-04,Q2081596,0,0,0,0.0
2150,Leah Remini,2013-11-04,Q242580,3,3,0,1.0
2151,"Nicole ""Snooki"" Polizzi",2013-11-04,Q864408,1,0,0,0.0
2152,Valerie Harper,2013-11-04,Q239293,8,8,8,1.0
2153,Amber Riley,2013-11-11,Q230420,4,4,1,1.0
2154,Bill Engvall,2013-11-11,Q4908906,0,0,0,0.0
2155,Bill Nye,2013-11-11,Q2619019,6,3,1,0.5
2156,Brant Daugherty,2013-11-11,Q1992569,0,0,0,0.0
2157,Christina Milian,2013-11-11,Q230501,1,1,1,1.0
2158,Corbin Bleu,2013-11-11,Q4617,0,0,0,0.0
2159,Elizabeth Berkley Lauren,2013-11-11,Q129831,3,2,2,0.6666666666666666
2160,Jack Osbourne,2013-11-11,Q108844845,0,0,0,0.0
2161,Keyshawn Johnson,2013-11-11,Q2081596,0,0,0,0.0
2162,Leah Remini,2013-11-11,Q242580,3,3,0,1.0
2163,"Nicole ""Snooki"" Polizzi",2013-11-11,Q864408,1,0,0,0.0
2164,Valerie Harper,2013-11-11,Q239293,8,8,8,1.0
2165,Amber Riley,2013-11-18,Q230420,4,4,1,1.0
2166,Bill Engvall,2013-11-18,Q4908906,0,0,0,0.0
2167,Bill Nye,2013-11-18,Q2619019,6,3,1,0.5
2168,Brant Daugherty,2013-11-18,Q1992569,0,0,0,0.0
2169,Christina Milian,2013-11-18,Q230501,1,1,1,1.0
2170,Corbin Bleu,2013-11-18,Q4617,0,0,0,0.0
2171,Elizabeth Berkley Lauren,2013-11-18,Q129831,3,2,2,0.6666666666666666
2172,Jack Osbourne,2013-11-18,Q108844845,0,0,0,0.0
2173,Keyshawn Johnson,2013-11-18,Q2081596,0,0,0,0.0
2174,Leah Remini,2013-11-18,Q242580,3,3,0,1.0
2175,"Nicole ""Snooki"" Polizzi",2013-11-18,Q864408,1,0,0,0.0
2176,Valerie Harper,2013-11-18,Q239293,8,8,8,1.0
2177,Amber Riley,2013-11-25,Q230420,4,4,1,1.0
2178,Bill Engvall,2013-11-25,Q4908906,0,0,0,0.0
2179,Bill Nye,2013-11-25,Q2619019,6,3,1,0.5
2180,Brant Daugherty,2013-11-25,Q1992569,0,0,0,0.0
2181,Christina Milian,2013-11-25,Q230501,1,1,1,1.0
2182,Corbin Bleu,2013-11-25,Q4617,0,0,0,0.0
2183,Elizabeth Berkley Lauren,2013-11-25,Q129831,3,2,2,0.6666666666666666
2184,Jack Osbourne,2013-11-25,Q108844845,0,0,0,0.0
2185,Keyshawn Johnson,2013-11-25,Q2081596,0,0,0,0.0
2186,Leah Remini,2013-11-25,Q242580,3,3,0,1.0
2187,"Nicole ""Snooki"" Polizzi",2013-11-25,Q864408,1,0,0,0.0
2188,Valerie Harper,2013-11-25,Q239293,8,8,8,1.0
2189,Amy Purdy,2014-03-17,Q4749355,0,0,0,0.0
2190,Billy Dee Williams,2014-03-17,Q358345,2,1,1,0.5
2191,Candace Cameron Bure,2014-03-17,Q235694,3,3,1,1.0
2192,Charlie White,2014-03-17,Q512025,0,0,0,0.0
2193,Cody Simpson,2014-03-17,Q314319,0,0,0,0.0
2194,Danica McKellar,2014-03-17,Q242949,0,0,0,0.0
2195,Diana Nyad,2014-03-17,Q5271254,2,2,1,1.0
2196,Drew Carey,2014-03-17,Q357402,6,6,6,1.0
2197,James Maslow,2014-03-17,Q26058,0,0,0,0.0
2198,Meryl Davis,2014-03-17,Q242921,0,0,0,0.0
2199,NeNe Leakes,2014-03-17,Q6983877,0,0,0,0.0
2200,Sean Avery,2014-03-17,Q725726,0,0,0,0.0
2201,Amy Purdy,2014-03-24,Q4749355,0,0,0,0.0
2202,Billy Dee Williams,2014-03-24,Q358345,2,1,1,0.5
2203,Candace Cameron Bure,2014-03-24,Q235694,3,3,1,1.0
2204,Charlie White,2014-03-24,Q512025,0,0,0,0.0
2205,Cody Simpson,2014-03-24,Q314319,0,0,0,0.0
2206,Danica McKellar,2014-03-24,Q242949,0,0,0,0.0
2207,Diana Nyad,2014-03-24,Q5271254,2,2,1,1.0
2208,Drew Carey,2014-03-24,Q357402,6,6,6,1.0
2209,James Maslow,2014-03-24,Q26058,0,0,0,0.0
2210,Meryl Davis,2014-03-24,Q242921,0,0,0,0.0
2211,NeNe Leakes,2014-03-24,Q6983877,0,0,0,0.0
2212,Sean Avery,2014-03-24,Q725726,0,0,0,0.0
2213,Amy Purdy,2014-03-31,Q4749355,0,0,0,0.0
2214,Billy Dee Williams,2014-03-31,Q358345,2,1,1,0.5
2215,Candace Cameron Bure,2014-03-31,Q235694,3,3,1,1.0
2216,Charlie White,2014-03-31,Q512025,0,0,0,0.0
2217,Cody Simpson,2014-03-31,Q314319,0,0,0,0.0
2218,Danica McKellar,2014-03-31,Q242949,0,0,0,0.0
2219,Diana Nyad,2014-03-31,Q5271254,2,2,1,1.0
2220,Drew Carey,2014-03-31,Q357402,6,6,6,1.0
2221,James Maslow,2014-03-31,Q26058,0,0,0,0.0
2222,Meryl Davis,2014-03-31,Q242921,0,0,0,0.0
2223,NeNe Leakes,2014-03-31,Q6983877,0,0,0,0.0
2224,Sean Avery,2014-03-31,Q725726,0,0,0,0.0
2225,Amy Purdy,2014-04-07,Q4749355,0,0,0,0.0
2226,Billy Dee Williams,2014-04-07,Q358345,2,1,1,0.5
2227,Candace Cameron Bure,2014-04-07,Q235694,3,3,1,1.0
2228,Charlie White,2014-04-07,Q512025,0,0,0,0.0
2229,Cody Simpson,2014-04-07,Q314319,0,0,0,0.0
2230,Danica McKellar,2014-04-07,Q242949,0,0,0,0.0
2231,Diana Nyad,2014-04-07,Q5271254,2,2,1,1.0
2232,Drew Carey,2014-04-07,Q357402,6,6,6,1.0
2233,James Maslow,2014-04-07,Q26058,0,0,0,0.0
2234,Meryl Davis,2014-04-07,Q242921,0,0,0,0.0
2235,NeNe Leakes,2014-04-07,Q6983877,0,0,0,0.0
2236,Sean Avery,2014-04-07,Q725726,0,0,0,0.0
2237,Amy Purdy,2014-04-14,Q4749355,0,0,0,0.0
2238,Billy Dee Williams,2014-04-14,Q358345,2,1,1,0.5
2239,Candace Cameron Bure,2014-04-14,Q235694,3,3,1,1.0
2240,Charlie White,2014-04-14,Q512025,0,0,0,0.0
2241,Cody Simpson,2014-04-14,Q314319,0,0,0,0.0
2242,Danica McKellar,2014-04-14,Q242949,0,0,0,0.0
2243,Diana Nyad,2014-04-14,Q5271254,2,2,1,1.0
2244,Drew Carey,2014-04-14,Q357402,6,6,6,1.0
2245,James Maslow,2014-04-14,Q26058,0,0,0,0.0
2246,Meryl Davis,2014-04-14,Q242921,0,0,0,0.0
2247,NeNe Leakes,2014-04-14,Q6983877,0,0,0,0.0
2248,Sean Avery,2014-04-14,Q725726,0,0,0,0.0
2249,Amy Purdy,2014-04-21,Q4749355,0,0,0,0.0
2250,Billy Dee Williams,2014-04-21,Q358345,2,1,1,0.5
2251,Candace Cameron Bure,2014-04-21,Q235694,3,3,1,1.0
2252,Charlie White,2014-04-21,Q512025,0,0,0,0.0
2253,Cody Simpson,2014-04-21,Q314319,0,0,0,0.0
2254,Danica McKellar,2014-04-21,Q242949,0,0,0,0.0
2255,Diana Nyad,2014-04-21,Q5271254,2,2,1,1.0
2256,Drew Carey,2014-04-21,Q357402,6,6,6,1.0
2257,James Maslow,2014-04-21,Q26058,0,0,0,0.0
2258,Meryl Davis,2014-04-21,Q242921,0,0,0,0.0
2259,NeNe Leakes,2014-04-21,Q6983877,0,0,0,0.0
2260,Sean Avery,2014-04-21,Q725726,0,0,0,0.0
2261,Amy Purdy,2014-04-28,Q4749355,0,0,0,0.0
2262,Billy Dee Williams,2014-04-28,Q358345,2,1,1,0.5
2263,Candace Cameron Bure,2014-04-28,Q235694,3,3,1,1.0
2264,Charlie White,2014-04-28,Q512025,0,0,0,0.0
2265,Cody Simpson,2014-04-28,Q314319,0,0,0,0.0
2266,Danica McKellar,2014-04-28,Q242949,0,0,0,0.0
2267,Diana Nyad,2014-04-28,Q5271254,2,2,1,1.0
2268,Drew Carey,2014-04-28,Q357402,6,6,6,1.0
2269,James Maslow,2014-04-28,Q26058,0,0,0,0.0
2270,Meryl Davis,2014-04-28,Q242921,0,0,0,0.0
2271,NeNe Leakes,2014-04-28,Q6983877,0,0,0,0.0
2272,Sean Avery,2014-04-28,Q725726,0,0,0,0.0
2273,Amy Purdy,2014-05-05,Q4749355,0,0,0,0.0
2274,Billy Dee Williams,2014-05-05,Q358345,2,1,1,0.5
2275,Candace Cameron Bure,2014-05-05,Q235694,3,3,1,1.0
2276,Charlie White,2014-05-05,Q512025,0,0,0,0.0
2277,Cody Simpson,2014-05-05,Q314319,0,0,0,0.0
2278,Danica McKellar,2014-05-05,Q242949,0,0,0,0.0
2279,Diana Nyad,2014-05-05,Q5271254,2,2,1,1.0
2280,Drew Carey,2014-05-05,Q357402,6,6,6,1.0
2281,James Maslow,2014-05-05,Q26058,0,0,0,0.0
2282,Meryl Davis,2014-05-05,Q242921,0,0,0,0.0
2283,NeNe Leakes,2014-05-05,Q6983877,0,0,0,0.0
2284,Sean Avery,2014-05-05,Q725726,0,0,0,0.0
2285,Amy Purdy,2014-05-12,Q4749355,0,0,0,0.0
2286,Billy Dee Williams,2014-05-12,Q358345,2,1,1,0.5
2287,Candace Cameron Bure,2014-05-12,Q235694,3,3,1,1.0
2288,Charlie White,2014-05-12,Q512025,0,0,0,0.0
2289,Cody Simpson,2014-05-12,Q314319,0,0,0,0.0
2290,Danica McKellar,2014-05-12,Q242949,0,0,0,0.0
2291,Diana Nyad,2014-05-12,Q5271254,2,2,1,1.0
2292,Drew Carey,2014-05-12,Q357402,6,6,6,1.0
2293,James Maslow,2014-05-12,Q26058,0,0,0,0.0
2294,Meryl Davis,2014-05-12,Q242921,0,0,0,0.0
2295,NeNe Leakes,2014-05-12,Q6983877,0,0,0,0.0
2296,Sean Avery,2014-05-12,Q725726,0,0,0,0.0
2297,Amy Purdy,2014-05-19,Q4749355,0,0,0,0.0
2298,Billy Dee Williams,2014-05-19,Q358345,2,1,1,0.5
2299,Candace Cameron Bure,2014-05-19,Q235694,3,3,1,1.0
2300,Charlie White,2014-05-19,Q512025,0,0,0,0.0
2301,Cody Simpson,2014-05-19,Q314319,0,0,0,0.0
2302,Danica McKellar,2014-05-19,Q242949,0,0,0,0.0
2303,Diana Nyad,2014-05-19,Q5271254,2,2,1,1.0
2304,Drew Carey,2014-05-19,Q357402,6,6,6,1.0
2305,James Maslow,2014-05-19,Q26058,0,0,0,0.0
2306,Meryl Davis,2014-05-19,Q242921,0,0,0,0.0
2307,NeNe Leakes,2014-05-19,Q6983877,0,0,0,0.0
2308,Sean Avery,2014-05-19,Q725726,0,0,0,0.0
2309,Amy Purdy,,Q4749355,0,0,0,0.0
2310,Billy Dee Williams,,Q358345,0,0,0,0.0
2311,Candace Cameron Bure,,Q235694,0,0,0,0.0
2312,Charlie White,,Q512025,0,0,0,0.0
2313,Cody Simpson,,Q314319,0,0,0,0.0
2314,Danica McKellar,,Q242949,0,0,0,0.0
2315,Diana Nyad,,Q5271254,0,0,0,0.0
2316,Drew Carey,,Q357402,0,0,0,0.0
2317,James Maslow,,Q26058,0,0,0,0.0
2318,Meryl Davis,,Q242921,0,0,0,0.0
2319,NeNe Leakes,,Q6983877,0,0,0,0.0
2320,Sean Avery,,Q725726,0,0,0,0.0
2321,Alfonso Ribeiro,2014-09-15,Q447691,2,2,2,1.0
2322,Antonio Sabato Jr.,2014-09-15,Q379461,0,0,0,0.0
2323,Bethany Mota,2014-09-15,Q16769657,3,3,2,1.0
2324,Betsey Johnson,2014-09-15,Q467665,1,1,0,1.0
2325,Janel Parrish,2014-09-15,Q242418,0,0,0,0.0
2326,Jonathan Bennett,2014-09-15,Q3738153,2,1,1,0.5
2327,Lea Thompson,2014-09-15,Q230605,0,0,0,0.0
2328,Lolo Jones,2014-09-15,Q466911,0,0,0,0.0
2329,Michael Waltrip,2014-09-15,Q946057,0,0,0,0.0
2330,Randy Couture,2014-09-15,Q352733,0,0,0,0.0
2331,Sadie Robertson,2014-09-15,Q16226085,0,0,0,0.0
2332,Tavis Smiley,2014-09-15,Q164382,1,0,0,0.0
2333,Tommy Chong,2014-09-15,Q369174,0,0,0,0.0
2334,Alfonso Ribeiro,2014-09-22,Q447691,2,2,2,1.0
2335,Antonio Sabato Jr.,2014-09-22,Q379461,0,0,0,0.0
2336,Bethany Mota,2014-09-22,Q16769657,3,3,2,1.0
2337,Betsey Johnson,2014-09-22,Q467665,1,1,0,1.0
2338,Janel Parrish,2014-09-22,Q242418,0,0,0,0.0
2339,Jonathan Bennett,2014-09-22,Q3738153,2,1,1,0.5
2340,Lea Thompson,2014-09-22,Q230605,0,0,0,0.0
2341,Lolo Jones,2014-09-22,Q466911,0,0,0,0.0
2342,Michael Waltrip,2014-09-22,Q946057,0,0,0,0.0
2343,Randy Couture,2014-09-22,Q352733,0,0,0,0.0
2344,Sadie Robertson,2014-09-22,Q16226085,0,0,0,0.0
2345,Tavis Smiley,2014-09-22,Q164382,1,0,0,0.0
2346,Tommy Chong,2014-09-22,Q369174,0,0,0,0.0
2347,Alfonso Ribeiro,2014-09-29,Q447691,2,2,2,1.0
2348,Antonio Sabato Jr.,2014-09-29,Q379461,0,0,0,0.0
2349,Bethany Mota,2014-09-29,Q16769657,3,3,2,1.0
2350,Betsey Johnson,2014-09-29,Q467665,1,1,0,1.0
2351,Janel Parrish,2014-09-29,Q242418,0,0,0,0.0
2352,Jonathan Bennett,2014-09-29,Q3738153,2,1,1,0.5
2353,Lea Thompson,2014-09-29,Q230605,0,0,0,0.0
2354,Lolo Jones,2014-09-29,Q466911,0,0,0,0.0
2355,Michael Waltrip,2014-09-29,Q946057,0,0,0,0.0
2356,Randy Couture,2014-09-29,Q352733,0,0,0,0.0
2357,Sadie Robertson,2014-09-29,Q16226085,0,0,0,0.0
2358,Tavis Smiley,2014-09-29,Q164382,1,0,0,0.0
2359,Tommy Chong,2014-09-29,Q369174,0,0,0,0.0
2360,Alfonso Ribeiro,2014-10-06,Q447691,2,2,2,1.0
2361,Antonio Sabato Jr.,2014-10-06,Q379461,0,0,0,0.0
2362,Bethany Mota,2014-10-06,Q16769657,3,3,2,1.0
2363,Betsey Johnson,2014-10-06,Q467665,1,1,0,1.0
2364,Janel Parrish,2014-10-06,Q242418,0,0,0,0.0
2365,Jonathan Bennett,2014-10-06,Q3738153,2,1,1,0.5
2366,Lea Thompson,2014-10-06,Q230605,0,0,0,0.0
2367,Lolo Jones,2014-10-06,Q466911,0,0,0,0.0
2368,Michael Waltrip,2014-10-06,Q946057,0,0,0,0.0
2369,Randy Couture,2014-10-06,Q352733,0,0,0,0.0
2370,Sadie Robertson,2014-10-06,Q16226085,0,0,0,0.0
2371,Tavis Smiley,2014-10-06,Q164382,1,0,0,0.0
2372,Tommy Chong,2014-10-06,Q369174,0,0,0,0.0
2373,Alfonso Ribeiro,2014-10-13,Q447691,2,2,2,1.0
2374,Antonio Sabato Jr.,2014-10-13,Q379461,0,0,0,0.0
2375,Bethany Mota,2014-10-13,Q16769657,3,3,2,1.0
2376,Betsey Johnson,2014-10-13,Q467665,1,1,0,1.0
2377,Janel Parrish,2014-10-13,Q242418,0,0,0,0.0
2378,Jonathan Bennett,2014-10-13,Q3738153,2,1,1,0.5
2379,Lea Thompson,2014-10-13,Q230605,0,0,0,0.0
2380,Lolo Jones,2014-10-13,Q466911,0,0,0,0.0
2381,Michael Waltrip,2014-10-13,Q946057,0,0,0,0.0
2382,Randy Couture,2014-10-13,Q352733,0,0,0,0.0
2383,Sadie Robertson,2014-10-13,Q16226085,0,0,0,0.0
2384,Tavis Smiley,2014-10-13,Q164382,1,0,0,0.0
2385,Tommy Chong,2014-10-13,Q369174,0,0,0,0.0
2386,Alfonso Ribeiro,2014-10-20,Q447691,2,2,2,1.0
2387,Antonio Sabato Jr.,2014-10-20,Q379461,0,0,0,0.0
2388,Bethany Mota,2014-10-20,Q16769657,3,3,2,1.0
2389,Betsey Johnson,2014-10-20,Q467665,1,1,0,1.0
2390,Janel Parrish,2014-10-20,Q242418,0,0,0,0.0
2391,Jonathan Bennett,2014-10-20,Q3738153,2,1,1,0.5
2392,Lea Thompson,2014-10-20,Q230605,0,0,0,0.0
2393,Lolo Jones,2014-10-20,Q466911,0,0,0,0.0
2394,Michael Waltrip,2014-10-20,Q946057,0,0,0,0.0
2395,Randy Couture,2014-10-20,Q352733,0,0,0,0.0
2396,Sadie Robertson,2014-10-20,Q16226085,0,0,0,0.0
2397,Tavis Smiley,2014-10-20,Q164382,1,0,0,0.0
2398,Tommy Chong,2014-10-20,Q369174,0,0,0,0.0
2399,Alfonso Ribeiro,2014-10-27,Q447691,2,2,2,1.0
2400,Antonio Sabato Jr.,2014-10-27,Q379461,0,0,0,0.0
2401,Bethany Mota,2014-10-27,Q16769657,3,3,2,1.0
2402,Betsey Johnson,2014-10-27,Q467665,1,1,0,1.0
2403,Janel Parrish,2014-10-27,Q242418,0,0,0,0.0
2404,Jonathan Bennett,2014-10-27,Q3738153,2,1,1,0.5
2405,Lea Thompson,2014-10-27,Q230605,0,0,0,0.0
2406,Lolo Jones,2014-10-27,Q466911,0,0,0,0.0
2407,Michael Waltrip,2014-10-27,Q946057,0,0,0,0.0
2408,Randy Couture,2014-10-27,Q352733,0,0,0,0.0
2409,Sadie Robertson,2014-10-27,Q16226085,0,0,0,0.0
2410,Tavis Smiley,2014-10-27,Q164382,1,0,0,0.0
2411,Tommy Chong,2014-10-27,Q369174,0,0,0,0.0
2412,Alfonso Ribeiro,2014-11-03,Q447691,2,2,2,1.0
2413,Antonio Sabato Jr.,2014-11-03,Q379461,0,0,0,0.0
2414,Bethany Mota,2014-11-03,Q16769657,3,3,2,1.0
2415,Betsey Johnson,2014-11-03,Q467665,1,1,0,1.0
2416,Janel Parrish,2014-11-03,Q242418,0,0,0,0.0
2417,Jonathan Bennett,2014-11-03,Q3738153,2,1,1,0.5
2418,Lea Thompson,2014-11-03,Q230605,0,0,0,0.0
2419,Lolo Jones,2014-11-03,Q466911,0,0,0,0.0
2420,Michael Waltrip,2014-11-03,Q946057,0,0,0,0.0
2421,Randy Couture,2014-11-03,Q352733,0,0,0,0.0
2422,Sadie Robertson,2014-11-03,Q16226085,0,0,0,0.0
2423,Tavis Smiley,2014-11-03,Q164382,1,0,0,0.0
2424,Tommy Chong,2014-11-03,Q369174,0,0,0,0.0
2425,Alfonso Ribeiro,2014-11-10,Q447691,2,2,2,1.0
2426,Antonio Sabato Jr.,2014-11-10,Q379461,0,0,0,0.0
2427,Bethany Mota,2014-11-10,Q16769657,3,3,2,1.0
2428,Betsey Johnson,2014-11-10,Q467665,1,1,0,1.0
2429,Janel Parrish,2014-11-10,Q242418,0,0,0,0.0
2430,Jonathan Bennett,2014-11-10,Q3738153,2,1,1,0.5
2431,Lea Thompson,2014-11-10,Q230605,0,0,0,0.0
2432,Lolo Jones,2014-11-10,Q466911,0,0,0,0.0
2433,Michael Waltrip,2014-11-10,Q946057,0,0,0,0.0
2434,Randy Couture,2014-11-10,Q352733,0,0,0,0.0
2435,Sadie Robertson,2014-11-10,Q16226085,0,0,0,0.0
2436,Tavis Smiley,2014-11-10,Q164382,1,0,0,0.0
2437,Tommy Chong,2014-11-10,Q369174,0,0,0,0.0
2438,Alfonso Ribeiro,2014-11-17,Q447691,2,2,2,1.0
2439,Antonio Sabato Jr.,2014-11-17,Q379461,0,0,0,0.0
2440,Bethany Mota,2014-11-17,Q16769657,3,3,2,1.0
2441,Betsey Johnson,2014-11-17,Q467665,1,1,0,1.0
2442,Janel Parrish,2014-11-17,Q242418,0,0,0,0.0
2443,Jonathan Bennett,2014-11-17,Q3738153,2,1,1,0.5
2444,Lea Thompson,2014-11-17,Q230605,0,0,0,0.0
2445,Lolo Jones,2014-11-17,Q466911,0,0,0,0.0
2446,Michael Waltrip,2014-11-17,Q946057,0,0,0,0.0
2447,Randy Couture,2014-11-17,Q352733,0,0,0,0.0
2448,Sadie Robertson,2014-11-17,Q16226085,0,0,0,0.0
2449,Tavis Smiley,2014-11-17,Q164382,1,0,0,0.0
2450,Tommy Chong,2014-11-17,Q369174,0,0,0,0.0
2451,Alfonso Ribeiro,2014-11-24,Q447691,2,2,2,1.0
2452,Antonio Sabato Jr.,2014-11-24,Q379461,0,0,0,0.0
2453,Bethany Mota,2014-11-24,Q16769657,3,3,2,1.0
2454,Betsey Johnson,2014-11-24,Q467665,1,1,0,1.0
2455,Janel Parrish,2014-11-24,Q242418,0,0,0,0.0
2456,Jonathan Bennett,2014-11-24,Q3738153,2,1,1,0.5
2457,Lea Thompson,2014-11-24,Q230605,0,0,0,0.0
2458,Lolo Jones,2014-11-24,Q466911,0,0,0,0.0
2459,Michael Waltrip,2014-11-24,Q946057,0,0,0,0.0
2460,Randy Couture,2014-11-24,Q352733,0,0,0,0.0
2461,Sadie Robertson,2014-11-24,Q16226085,0,0,0,0.0
2462,Tavis Smiley,2014-11-24,Q164382,1,0,0,0.0
2463,Tommy Chong,2014-11-24,Q369174,0,0,0,0.0
2464,Charlotte McKinney,2015-03-16,Q19571502,0,0,0,0.0
2465,Chris Soules,2015-03-16,Q19867926,0,0,0,0.0
2466,Michael Sam,2015-03-16,Q112664519,0,0,0,0.0
2467,Nastia Liukin,2015-03-16,Q230164,0,0,0,0.0
2468,Noah Galloway,2015-03-16,Q19666198,0,0,0,0.0
2469,Patti LaBelle,2015-03-16,Q31013,1,0,0,0.0
2470,Redfoo,2015-03-16,Q2938630,0,0,0,0.0
2471,Riker Lynch,2015-03-16,Q3935797,0,0,0,0.0
2472,Robert Herjavec,2015-03-16,Q324370,0,0,0,0.0
2473,Rumer Willis,2015-03-16,Q234566,0,0,0,0.0
2474,Suzanne Somers,2015-03-16,Q242939,1,0,0,0.0
2475,Willow Shields,2015-03-16,Q259144,0,0,0,0.0
2476,Charlotte McKinney,2015-03-23,Q19571502,0,0,0,0.0
2477,Chris Soules,2015-03-23,Q19867926,0,0,0,0.0
2478,Michael Sam,2015-03-23,Q112664519,0,0,0,0.0
2479,Nastia Liukin,2015-03-23,Q230164,0,0,0,0.0
2480,Noah Galloway,2015-03-23,Q19666198,0,0,0,0.0
2481,Patti LaBelle,2015-03-23,Q31013,1,0,0,0.0
2482,Redfoo,2015-03-23,Q2938630,0,0,0,0.0
2483,Riker Lynch,2015-03-23,Q3935797,0,0,0,0.0
2484,Robert Herjavec,2015-03-23,Q324370,0,0,0,0.0
2485,Rumer Willis,2015-03-23,Q234566,0,0,0,0.0
2486,Suzanne Somers,2015-03-23,Q242939,1,0,0,0.0
2487,Willow Shields,2015-03-23,Q259144,0,0,0,0.0
2488,Charlotte McKinney,2015-03-30,Q19571502,0,0,0,0.0
2489,Chris Soules,2015-03-30,Q19867926,0,0,0,0.0
2490,Michael Sam,2015-03-30,Q112664519,0,0,0,0.0
2491,Nastia Liukin,2015-03-30,Q230164,0,0,0,0.0
2492,Noah Galloway,2015-03-30,Q19666198,0,0,0,0.0
2493,Patti LaBelle,2015-03-30,Q31013,1,0,0,0.0
2494,Redfoo,2015-03-30,Q2938630,0,0,0,0.0
2495,Riker Lynch,2015-03-30,Q3935797,0,0,0,0.0
2496,Robert Herjavec,2015-03-30,Q324370,0,0,0,0.0
2497,Rumer Willis,2015-03-30,Q234566,0,0,0,0.0
2498,Suzanne Somers,2015-03-30,Q242939,1,0,0,0.0
2499,Willow Shields,2015-03-30,Q259144,0,0,0,0.0
2500,Charlotte McKinney,2015-04-06,Q19571502,0,0,0,0.0
2501,Chris Soules,2015-04-06,Q19867926,0,0,0,0.0
2502,Michael Sam,2015-04-06,Q112664519,0,0,0,0.0
2503,Nastia Liukin,2015-04-06,Q230164,0,0,0,0.0
2504,Noah Galloway,2015-04-06,Q19666198,0,0,0,0.0
2505,Patti LaBelle,2015-04-06,Q31013,1,0,0,0.0
2506,Redfoo,2015-04-06,Q2938630,0,0,0,0.0
2507,Riker Lynch,2015-04-06,Q3935797,0,0,0,0.0
2508,Robert Herjavec,2015-04-06,Q324370,0,0,0,0.0
2509,Rumer Willis,2015-04-06,Q234566,0,0,0,0.0
2510,Suzanne Somers,2015-04-06,Q242939,1,0,0,0.0
2511,Willow Shields,2015-04-06,Q259144,0,0,0,0.0
2512,Charlotte McKinney,2015-04-13,Q19571502,0,0,0,0.0
2513,Chris Soules,2015-04-13,Q19867926,0,0,0,0.0
2514,Michael Sam,2015-04-13,Q112664519,0,0,0,0.0
2515,Nastia Liukin,2015-04-13,Q230164,0,0,0,0.0
2516,Noah Galloway,2015-04-13,Q19666198,0,0,0,0.0
2517,Patti LaBelle,2015-04-13,Q31013,1,0,0,0.0
2518,Redfoo,2015-04-13,Q2938630,0,0,0,0.0
2519,Riker Lynch,2015-04-13,Q3935797,0,0,0,0.0
2520,Robert Herjavec,2015-04-13,Q324370,0,0,0,0.0
2521,Rumer Willis,2015-04-13,Q234566,0,0,0,0.0
2522,Suzanne Somers,2015-04-13,Q242939,1,0,0,0.0
2523,Willow Shields,2015-04-13,Q259144,0,0,0,0.0
2524,Charlotte McKinney,2015-04-20,Q19571502,0,0,0,0.0
2525,Chris Soules,2015-04-20,Q19867926,0,0,0,0.0
2526,Michael Sam,2015-04-20,Q112664519,0,0,0,0.0
2527,Nastia Liukin,2015-04-20,Q230164,0,0,0,0.0
2528,Noah Galloway,2015-04-20,Q19666198,0,0,0,0.0
2529,Patti LaBelle,2015-04-20,Q31013,1,0,0,0.0
2530,Redfoo,2015-04-20,Q2938630,0,0,0,0.0
2531,Riker Lynch,2015-04-20,Q3935797,0,0,0,0.0
2532,Robert Herjavec,2015-04-20,Q324370,0,0,0,0.0
2533,Rumer Willis,2015-04-20,Q234566,0,0,0,0.0
2534,Suzanne Somers,2015-04-20,Q242939,1,0,0,0.0
2535,Willow Shields,2015-04-20,Q259144,0,0,0,0.0
2536,Charlotte McKinney,2015-04-27,Q19571502,0,0,0,0.0
2537,Chris Soules,2015-04-27,Q19867926,0,0,0,0.0
2538,Michael Sam,2015-04-27,Q112664519,0,0,0,0.0
2539,Nastia Liukin,2015-04-27,Q230164,0,0,0,0.0
2540,Noah Galloway,2015-04-27,Q19666198,0,0,0,0.0
2541,Patti LaBelle,2015-04-27,Q31013,1,0,0,0.0
2542,Redfoo,2015-04-27,Q2938630,0,0,0,0.0
2543,Riker Lynch,2015-04-27,Q3935797,0,0,0,0.0
2544,Robert Herjavec,2015-04-27,Q324370,0,0,0,0.0
2545,Rumer Willis,2015-04-27,Q234566,0,0,0,0.0
2546,Suzanne Somers,2015-04-27,Q242939,1,0,0,0.0
2547,Willow Shields,2015-04-27,Q259144,0,0,0,0.0
2548,Charlotte McKinney,2015-05-04,Q19571502,0,0,0,0.0
2549,Chris Soules,2015-05-04,Q19867926,0,0,0,0.0
2550,Michael Sam,2015-05-04,Q112664519,0,0,0,0.0
2551,Nastia Liukin,2015-05-04,Q230164,0,0,0,0.0
2552,Noah Galloway,2015-05-04,Q19666198,0,0,0,0.0
2553,Patti LaBelle,2015-05-04,Q31013,1,0,0,0.0
2554,Redfoo,2015-05-04,Q2938630,0,0,0,0.0
2555,Riker Lynch,2015-05-04,Q3935797,0,0,0,0.0
2556,Robert Herjavec,2015-05-04,Q324370,0,0,0,0.0
2557,Rumer Willis,2015-05-04,Q234566,0,0,0,0.0
2558,Suzanne Somers,2015-05-04,Q242939,1,0,0,0.0
2559,Willow Shields,2015-05-04,Q259144,0,0,0,0.0
2560,Charlotte McKinney,2015-05-11,Q19571502,0,0,0,0.0
2561,Chris Soules,2015-05-11,Q19867926,0,0,0,0.0
2562,Michael Sam,2015-05-11,Q112664519,0,0,0,0.0
2563,Nastia Liukin,2015-05-11,Q230164,0,0,0,0.0
2564,Noah Galloway,2015-05-11,Q19666198,0,0,0,0.0
2565,Patti LaBelle,2015-05-11,Q31013,1,0,0,0.0
2566,Redfoo,2015-05-11,Q2938630,0,0,0,0.0
2567,Riker Lynch,2015-05-11,Q3935797,0,0,0,0.0
2568,Robert Herjavec,2015-05-11,Q324370,0,0,0,0.0
2569,Rumer Willis,2015-05-11,Q234566,0,0,0,0.0
2570,Suzanne Somers,2015-05-11,Q242939,1,0,0,0.0
2571,Willow Shields,2015-05-11,Q259144,0,0,0,0.0
2572,Charlotte McKinney,2015-05-18,Q19571502,0,0,0,0.0
2573,Chris Soules,2015-05-18,Q19867926,0,0,0,0.0
2574,Michael Sam,2015-05-18,Q112664519,0,0,0,0.0
2575,Nastia Liukin,2015-05-18,Q230164,0,0,0,0.0
2576,Noah Galloway,2015-05-18,Q19666198,0,0,0,0.0
2577,Patti LaBelle,2015-05-18,Q31013,1,0,0,0.0
2578,Redfoo,2015-05-18,Q2938630,0,0,0,0.0
2579,Riker Lynch,2015-05-18,Q3935797,0,0,0,0.0
2580,Robert Herjavec,2015-05-18,Q324370,0,0,0,0.0
2581,Rumer Willis,2015-05-18,Q234566,0,0,0,0.0
2582,Suzanne Somers,2015-05-18,Q242939,1,0,0,0.0
2583,Willow Shields,2015-05-18,Q259144,0,0,0,0.0
2584,Charlotte McKinney,,Q19571502,0,0,0,0.0
2585,Chris Soules,,Q19867926,0,0,0,0.0
2586,Michael Sam,,Q112664519,0,0,0,0.0
2587,Nastia Liukin,,Q230164,0,0,0,0.0
2588,Noah Galloway,,Q19666198,0,0,0,0.0
2589,Patti LaBelle,,Q31013,0,0,0,0.0
2590,Redfoo,,Q2938630,0,0,0,0.0
2591,Riker Lynch,,Q3935797,0,0,0,0.0
2592,Robert Herjavec,,Q324370,0,0,0,0.0
2593,Rumer Willis,,Q234566,0,0,0,0.0
2594,Suzanne Somers,,Q242939,0,0,0,0.0
2595,Willow Shields,,Q259144,0,0,0,0.0
2596,Alek Skarlatos,2015-09-14,Q21055237,1,0,0,0.0
2597,Alexa PenaVega,2015-09-14,Q152555,0,0,0,0.0
2598,Andy Grammer,2015-09-14,Q4299814,0,0,0,0.0
2599,Bindi Irwin,2015-09-14,Q2423081,2,0,0,0.0
2600,Carlos PenaVega,2015-09-14,Q26053,0,0,0,0.0
2601,Chaka Khan,2015-09-14,Q229498,3,2,1,0.6666666666666666
2602,Gary Busey,2015-09-14,Q312081,0,0,0,0.0
2603,Hayes Grier,2015-09-14,Q17411181,0,0,0,0.0
2604,Kim Zolciak-Biermann,2015-09-14,Q4193709,0,0,0,0.0
2605,Nick Carter,2015-09-14,Q338748,0,0,0,0.0
2606,Paula Deen,2015-09-14,Q3071037,1,0,0,0.0
2607,Tamar Braxton,2015-09-14,Q437375,1,1,1,1.0
2608,Victor Espinoza,2015-09-14,Q7925891,2,2,2,1.0
2609,Alek Skarlatos,2015-09-21,Q21055237,1,0,0,0.0
2610,Alexa PenaVega,2015-09-21,Q152555,0,0,0,0.0
2611,Andy Grammer,2015-09-21,Q4299814,0,0,0,0.0
2612,Bindi Irwin,2015-09-21,Q2423081,2,0,0,0.0
2613,Carlos PenaVega,2015-09-21,Q26053,0,0,0,0.0
2614,Chaka Khan,2015-09-21,Q229498,3,2,1,0.6666666666666666
2615,Gary Busey,2015-09-21,Q312081,0,0,0,0.0
2616,Hayes Grier,2015-09-21,Q17411181,0,0,0,0.0
2617,Kim Zolciak-Biermann,2015-09-21,Q4193709,0,0,0,0.0
2618,Nick Carter,2015-09-21,Q338748,0,0,0,0.0
2619,Paula Deen,2015-09-21,Q3071037,1,0,0,0.0
2620,Tamar Braxton,2015-09-21,Q437375,1,1,1,1.0
2621,Victor Espinoza,2015-09-21,Q7925891,2,2,2,1.0
2622,Alek Skarlatos,2015-09-28,Q21055237,1,0,0,0.0
2623,Alexa PenaVega,2015-09-28,Q152555,0,0,0,0.0
2624,Andy Grammer,2015-09-28,Q4299814,0,0,0,0.0
2625,Bindi Irwin,2015-09-28,Q2423081,2,0,0,0.0
2626,Carlos PenaVega,2015-09-28,Q26053,0,0,0,0.0
2627,Chaka Khan,2015-09-28,Q229498,3,2,1,0.6666666666666666
2628,Gary Busey,2015-09-28,Q312081,0,0,0,0.0
2629,Hayes Grier,2015-09-28,Q17411181,0,0,0,0.0
2630,Kim Zolciak-Biermann,2015-09-28,Q4193709,0,0,0,0.0
2631,Nick Carter,2015-09-28,Q338748,0,0,0,0.0
2632,Paula Deen,2015-09-28,Q3071037,1,0,0,0.0
2633,Tamar Braxton,2015-09-28,Q437375,1,1,1,1.0
2634,Victor Espinoza,2015-09-28,Q7925891,2,2,2,1.0
2635,Alek Skarlatos,2015-10-05,Q21055237,1,0,0,0.0
2636,Alexa PenaVega,2015-10-05,Q152555,0,0,0,0.0
2637,Andy Grammer,2015-10-05,Q4299814,0,0,0,0.0
2638,Bindi Irwin,2015-10-05,Q2423081,2,0,0,0.0
2639,Carlos PenaVega,2015-10-05,Q26053,0,0,0,0.0
2640,Chaka Khan,2015-10-05,Q229498,3,2,1,0.6666666666666666
2641,Gary Busey,2015-10-05,Q312081,0,0,0,0.0
2642,Hayes Grier,2015-10-05,Q17411181,0,0,0,0.0
2643,Kim Zolciak-Biermann,2015-10-05,Q4193709,0,0,0,0.0
2644,Nick Carter,2015-10-05,Q338748,0,0,0,0.0
2645,Paula Deen,2015-10-05,Q3071037,1,0,0,0.0
2646,Tamar Braxton,2015-10-05,Q437375,1,1,1,1.0
2647,Victor Espinoza,2015-10-05,Q7925891,2,2,2,1.0
2648,Alek Skarlatos,2015-10-12,Q21055237,1,0,0,0.0
2649,Alexa PenaVega,2015-10-12,Q152555,0,0,0,0.0
2650,Andy Grammer,2015-10-12,Q4299814,0,0,0,0.0
2651,Bindi Irwin,2015-10-12,Q2423081,2,0,0,0.0
2652,Carlos PenaVega,2015-10-12,Q26053,0,0,0,0.0
2653,Chaka Khan,2015-10-12,Q229498,3,2,1,0.6666666666666666
2654,Gary Busey,2015-10-12,Q312081,0,0,0,0.0
2655,Hayes Grier,2015-10-12,Q17411181,0,0,0,0.0
2656,Kim Zolciak-Biermann,2015-10-12,Q4193709,0,0,0,0.0
2657,Nick Carter,2015-10-12,Q338748,0,0,0,0.0
2658,Paula Deen,2015-10-12,Q3071037,1,0,0,0.0
2659,Tamar Braxton,2015-10-12,Q437375,1,1,1,1.0
2660,Victor Espinoza,2015-10-12,Q7925891,2,2,2,1.0
2661,Alek Skarlatos,2015-10-19,Q21055237,1,0,0,0.0
2662,Alexa PenaVega,2015-10-19,Q152555,0,0,0,0.0
2663,Andy Grammer,2015-10-19,Q4299814,0,0,0,0.0
2664,Bindi Irwin,2015-10-19,Q2423081,2,0,0,0.0
2665,Carlos PenaVega,2015-10-19,Q26053,0,0,0,0.0
2666,Chaka Khan,2015-10-19,Q229498,3,2,1,0.6666666666666666
2667,Gary Busey,2015-10-19,Q312081,0,0,0,0.0
2668,Hayes Grier,2015-10-19,Q17411181,0,0,0,0.0
2669,Kim Zolciak-Biermann,2015-10-19,Q4193709,0,0,0,0.0
2670,Nick Carter,2015-10-19,Q338748,0,0,0,0.0
2671,Paula Deen,2015-10-19,Q3071037,1,0,0,0.0
2672,Tamar Braxton,2015-10-19,Q437375,1,1,1,1.0
2673,Victor Espinoza,2015-10-19,Q7925891,2,2,2,1.0
2674,Alek Skarlatos,2015-10-26,Q21055237,1,0,0,0.0
2675,Alexa PenaVega,2015-10-26,Q152555,0,0,0,0.0
2676,Andy Grammer,2015-10-26,Q4299814,0,0,0,0.0
2677,Bindi Irwin,2015-10-26,Q2423081,2,0,0,0.0
2678,Carlos PenaVega,2015-10-26,Q26053,0,0,0,0.0
2679,Chaka Khan,2015-10-26,Q229498,3,2,1,0.6666666666666666
2680,Gary Busey,2015-10-26,Q312081,0,0,0,0.0
2681,Hayes Grier,2015-10-26,Q17411181,0,0,0,0.0
2682,Kim Zolciak-Biermann,2015-10-26,Q4193709,0,0,0,0.0
2683,Nick Carter,2015-10-26,Q338748,0,0,0,0.0
2684,Paula Deen,2015-10-26,Q3071037,1,0,0,0.0
2685,Tamar Braxton,2015-10-26,Q437375,1,1,1,1.0
2686,Victor Espinoza,2015-10-26,Q7925891,2,2,2,1.0
2687,Alek Skarlatos,2015-11-02,Q21055237,1,0,0,0.0
2688,Alexa PenaVega,2015-11-02,Q152555,0,0,0,0.0
2689,Andy Grammer,2015-11-02,Q4299814,0,0,0,0.0
2690,Bindi Irwin,2015-11-02,Q2423081,2,0,0,0.0
2691,Carlos PenaVega,2015-11-02,Q26053,0,0,0,0.0
2692,Chaka Khan,2015-11-02,Q229498,3,2,1,0.6666666666666666
2693,Gary Busey,2015-11-02,Q312081,0,0,0,0.0
2694,Hayes Grier,2015-11-02,Q17411181,0,0,0,0.0
2695,Kim Zolciak-Biermann,2015-11-02,Q4193709,0,0,0,0.0
2696,Nick Carter,2015-11-02,Q338748,0,0,0,0.0
2697,Paula Deen,2015-11-02,Q3071037,1,0,0,0.0
2698,Tamar Braxton,2015-11-02,Q437375,1,1,1,1.0
2699,Victor Espinoza,2015-11-02,Q7925891,2,2,2,1.0
2700,Alek Skarlatos,2015-11-09,Q21055237,1,0,0,0.0
2701,Alexa PenaVega,2015-11-09,Q152555,0,0,0,0.0
2702,Andy Grammer,2015-11-09,Q4299814,0,0,0,0.0
2703,Bindi Irwin,2015-11-09,Q2423081,2,0,0,0.0
2704,Carlos PenaVega,2015-11-09,Q26053,0,0,0,0.0
2705,Chaka Khan,2015-11-09,Q229498,3,2,1,0.6666666666666666
2706,Gary Busey,2015-11-09,Q312081,0,0,0,0.0
2707,Hayes Grier,2015-11-09,Q17411181,0,0,0,0.0
2708,Kim Zolciak-Biermann,2015-11-09,Q4193709,0,0,0,0.0
2709,Nick Carter,2015-11-09,Q338748,0,0,0,0.0
2710,Paula Deen,2015-11-09,Q3071037,1,0,0,0.0
2711,Tamar Braxton,2015-11-09,Q437375,1,1,1,1.0
2712,Victor Espinoza,2015-11-09,Q7925891,2,2,2,1.0
2713,Alek Skarlatos,2015-11-16,Q21055237,1,0,0,0.0
2714,Alexa PenaVega,2015-11-16,Q152555,0,0,0,0.0
2715,Andy Grammer,2015-11-16,Q4299814,0,0,0,0.0
2716,Bindi Irwin,2015-11-16,Q2423081,2,0,0,0.0
2717,Carlos PenaVega,2015-11-16,Q26053,0,0,0,0.0
2718,Chaka Khan,2015-11-16,Q229498,3,2,1,0.6666666666666666
2719,Gary Busey,2015-11-16,Q312081,0,0,0,0.0
2720,Hayes Grier,2015-11-16,Q17411181,0,0,0,0.0
2721,Kim Zolciak-Biermann,2015-11-16,Q4193709,0,0,0,0.0
2722,Nick Carter,2015-11-16,Q338748,0,0,0,0.0
2723,Paula Deen,2015-11-16,Q3071037,1,0,0,0.0
2724,Tamar Braxton,2015-11-16,Q437375,1,1,1,1.0
2725,Victor Espinoza,2015-11-16,Q7925891,2,2,2,1.0
2726,Alek Skarlatos,2015-11-23,Q21055237,1,0,0,0.0
2727,Alexa PenaVega,2015-11-23,Q152555,0,0,0,0.0
2728,Andy Grammer,2015-11-23,Q4299814,0,0,0,0.0
2729,Bindi Irwin,2015-11-23,Q2423081,2,0,0,0.0
2730,Carlos PenaVega,2015-11-23,Q26053,0,0,0,0.0
2731,Chaka Khan,2015-11-23,Q229498,3,2,1,0.6666666666666666
2732,Gary Busey,2015-11-23,Q312081,0,0,0,0.0
2733,Hayes Grier,2015-11-23,Q17411181,0,0,0,0.0
2734,Kim Zolciak-Biermann,2015-11-23,Q4193709,0,0,0,0.0
2735,Nick Carter,2015-11-23,Q338748,0,0,0,0.0
2736,Paula Deen,2015-11-23,Q3071037,1,0,0,0.0
2737,Tamar Braxton,2015-11-23,Q437375,1,1,1,1.0
2738,Victor Espinoza,2015-11-23,Q7925891,2,2,2,1.0
2739,Antonio Brown,2016-03-21,Q4776474,0,0,0,0.0
2740,Doug Flutie,2016-03-21,Q1251736,3,0,0,0.0
2741,Geraldo Rivera,2016-03-21,Q1368995,1,1,1,1.0
2742,Ginger Zee,2016-03-21,Q5563073,0,0,0,0.0
2743,Jodie Sweetin,2016-03-21,Q236861,1,1,1,1.0
2744,Kim Fields,2016-03-21,Q772031,0,0,0,0.0
2745,Marla Maples,2016-03-21,Q2597050,0,0,0,0.0
2746,Mischa Barton,2016-03-21,Q207458,0,0,0,0.0
2747,Nyle DiMarco,2016-03-21,Q21005632,1,1,1,1.0
2748,Paige VanZant,2016-03-21,Q10343583,0,0,0,0.0
2749,Von Miller,2016-03-21,Q83384212,0,0,0,0.0
2750,Wanya Morris,2016-03-21,Q2548555,0,0,0,0.0
2751,Antonio Brown,2016-03-28,Q4776474,0,0,0,0.0
2752,Doug Flutie,2016-03-28,Q1251736,3,0,0,0.0
2753,Geraldo Rivera,2016-03-28,Q1368995,1,1,1,1.0
2754,Ginger Zee,2016-03-28,Q5563073,0,0,0,0.0
2755,Jodie Sweetin,2016-03-28,Q236861,1,1,1,1.0
2756,Kim Fields,2016-03-28,Q772031,0,0,0,0.0
2757,Marla Maples,2016-03-28,Q2597050,0,0,0,0.0
2758,Mischa Barton,2016-03-28,Q207458,0,0,0,0.0
2759,Nyle DiMarco,2016-03-28,Q21005632,1,1,1,1.0
2760,Paige VanZant,2016-03-28,Q10343583,0,0,0,0.0
2761,Von Miller,2016-03-28,Q83384212,0,0,0,0.0
2762,Wanya Morris,2016-03-28,Q2548555,0,0,0,0.0
2763,Antonio Brown,2016-04-04,Q4776474,0,0,0,0.0
2764,Doug Flutie,2016-04-04,Q1251736,3,0,0,0.0
2765,Geraldo Rivera,2016-04-04,Q1368995,1,1,1,1.0
2766,Ginger Zee,2016-04-04,Q5563073,0,0,0,0.0
2767,Jodie Sweetin,2016-04-04,Q236861,1,1,1,1.0
2768,Kim Fields,2016-04-04,Q772031,0,0,0,0.0
2769,Marla Maples,2016-04-04,Q2597050,0,0,0,0.0
2770,Mischa Barton,2016-04-04,Q207458,0,0,0,0.0
2771,Nyle DiMarco,2016-04-04,Q21005632,1,1,1,1.0
2772,Paige VanZant,2016-04-04,Q10343583,0,0,0,0.0
2773,Von Miller,2016-04-04,Q83384212,0,0,0,0.0
2774,Wanya Morris,2016-04-04,Q2548555,0,0,0,0.0
2775,Antonio Brown,2016-04-11,Q4776474,0,0,0,0.0
2776,Doug Flutie,2016-04-11,Q1251736,3,0,0,0.0
2777,Geraldo Rivera,2016-04-11,Q1368995,1,1,1,1.0
2778,Ginger Zee,2016-04-11,Q5563073,0,0,0,0.0
2779,Jodie Sweetin,2016-04-11,Q236861,1,1,1,1.0
2780,Kim Fields,2016-04-11,Q772031,0,0,0,0.0
2781,Marla Maples,2016-04-11,Q2597050,0,0,0,0.0
2782,Mischa Barton,2016-04-11,Q207458,0,0,0,0.0
2783,Nyle DiMarco,2016-04-11,Q21005632,1,1,1,1.0
2784,Paige VanZant,2016-04-11,Q10343583,0,0,0,0.0
2785,Von Miller,2016-04-11,Q83384212,0,0,0,0.0
2786,Wanya Morris,2016-04-11,Q2548555,0,0,0,0.0
2787,Antonio Brown,2016-04-18,Q4776474,0,0,0,0.0
2788,Doug Flutie,2016-04-18,Q1251736,3,0,0,0.0
2789,Geraldo Rivera,2016-04-18,Q1368995,1,1,1,1.0
2790,Ginger Zee,2016-04-18,Q5563073,0,0,0,0.0
2791,Jodie Sweetin,2016-04-18,Q236861,1,1,1,1.0
2792,Kim Fields,2016-04-18,Q772031,0,0,0,0.0
2793,Marla Maples,2016-04-18,Q2597050,0,0,0,0.0
2794,Mischa Barton,2016-04-18,Q207458,0,0,0,0.0
2795,Nyle DiMarco,2016-04-18,Q21005632,1,1,1,1.0
2796,Paige VanZant,2016-04-18,Q10343583,0,0,0,0.0
2797,Von Miller,2016-04-18,Q83384212,0,0,0,0.0
2798,Wanya Morris,2016-04-18,Q2548555,0,0,0,0.0
2799,Antonio Brown,2016-04-25,Q4776474,0,0,0,0.0
2800,Doug Flutie,2016-04-25,Q1251736,3,0,0,0.0
2801,Geraldo Rivera,2016-04-25,Q1368995,1,1,1,1.0
2802,Ginger Zee,2016-04-25,Q5563073,0,0,0,0.0
2803,Jodie Sweetin,2016-04-25,Q236861,1,1,1,1.0
2804,Kim Fields,2016-04-25,Q772031,0,0,0,0.0
2805,Marla Maples,2016-04-25,Q2597050,0,0,0,0.0
2806,Mischa Barton,2016-04-25,Q207458,0,0,0,0.0
2807,Nyle DiMarco,2016-04-25,Q21005632,1,1,1,1.0
2808,Paige VanZant,2016-04-25,Q10343583,0,0,0,0.0
2809,Von Miller,2016-04-25,Q83384212,0,0,0,0.0
2810,Wanya Morris,2016-04-25,Q2548555,0,0,0,0.0
2811,Antonio Brown,2016-05-02,Q4776474,0,0,0,0.0
2812,Doug Flutie,2016-05-02,Q1251736,3,0,0,0.0
2813,Geraldo Rivera,2016-05-02,Q1368995,1,1,1,1.0
2814,Ginger Zee,2016-05-02,Q5563073,0,0,0,0.0
2815,Jodie Sweetin,2016-05-02,Q236861,1,1,1,1.0
2816,Kim Fields,2016-05-02,Q772031,0,0,0,0.0
2817,Marla Maples,2016-05-02,Q2597050,0,0,0,0.0
2818,Mischa Barton,2016-05-02,Q207458,0,0,0,0.0
2819,Nyle DiMarco,2016-05-02,Q21005632,1,1,1,1.0
2820,Paige VanZant,2016-05-02,Q10343583,0,0,0,0.0
2821,Von Miller,2016-05-02,Q83384212,0,0,0,0.0
2822,Wanya Morris,2016-05-02,Q2548555,0,0,0,0.0
2823,Antonio Brown,2016-05-09,Q4776474,0,0,0,0.0
2824,Doug Flutie,2016-05-09,Q1251736,3,0,0,0.0
2825,Geraldo Rivera,2016-05-09,Q1368995,1,1,1,1.0
2826,Ginger Zee,2016-05-09,Q5563073,0,0,0,0.0
2827,Jodie Sweetin,2016-05-09,Q236861,1,1,1,1.0
2828,Kim Fields,2016-05-09,Q772031,0,0,0,0.0
2829,Marla Maples,2016-05-09,Q2597050,0,0,0,0.0
2830,Mischa Barton,2016-05-09,Q207458,0,0,0,0.0
2831,Nyle DiMarco,2016-05-09,Q21005632,1,1,1,1.0
2832,Paige VanZant,2016-05-09,Q10343583,0,0,0,0.0
2833,Von Miller,2016-05-09,Q83384212,0,0,0,0.0
2834,Wanya Morris,2016-05-09,Q2548555,0,0,0,0.0
2835,Antonio Brown,2016-05-16,Q4776474,0,0,0,0.0
2836,Doug Flutie,2016-05-16,Q1251736,3,0,0,0.0
2837,Geraldo Rivera,2016-05-16,Q1368995,1,1,1,1.0
2838,Ginger Zee,2016-05-16,Q5563073,0,0,0,0.0
2839,Jodie Sweetin,2016-05-16,Q236861,1,1,1,1.0
2840,Kim Fields,2016-05-16,Q772031,0,0,0,0.0
2841,Marla Maples,2016-05-16,Q2597050,0,0,0,0.0
2842,Mischa Barton,2016-05-16,Q207458,0,0,0,0.0
2843,Nyle DiMarco,2016-05-16,Q21005632,1,1,1,1.0
2844,Paige VanZant,2016-05-16,Q10343583,0,0,0,0.0
2845,Von Miller,2016-05-16,Q83384212,0,0,0,0.0
2846,Wanya Morris,2016-05-16,Q2548555,0,0,0,0.0
2847,Antonio Brown,2016-05-23,Q4776474,0,0,0,0.0
2848,Doug Flutie,2016-05-23,Q1251736,3,0,0,0.0
2849,Geraldo Rivera,2016-05-23,Q1368995,1,1,1,1.0
2850,Ginger Zee,2016-05-23,Q5563073,0,0,0,0.0
2851,Jodie Sweetin,2016-05-23,Q236861,1,1,1,1.0
2852,Kim Fields,2016-05-23,Q772031,0,0,0,0.0
2853,Marla Maples,2016-05-23,Q2597050,0,0,0,0.0
2854,Mischa Barton,2016-05-23,Q207458,0,0,0,0.0
2855,Nyle DiMarco,2016-05-23,Q21005632,1,1,1,1.0
2856,Paige VanZant,2016-05-23,Q10343583,0,0,0,0.0
2857,Von Miller,2016-05-23,Q83384212,0,0,0,0.0
2858,Wanya Morris,2016-05-23,Q2548555,0,0,0,0.0
2859,Antonio Brown,,Q4776474,0,0,0,0.0
2860,Doug Flutie,,Q1251736,0,0,0,0.0
2861,Geraldo Rivera,,Q1368995,0,0,0,0.0
2862,Ginger Zee,,Q5563073,0,0,0,0.0
2863,Jodie Sweetin,,Q236861,0,0,0,0.0
2864,Kim Fields,,Q772031,0,0,0,0.0
2865,Marla Maples,,Q2597050,0,0,0,0.0
2866,Mischa Barton,,Q207458,0,0,0,0.0
2867,Nyle DiMarco,,Q21005632,0,0,0,0.0
2868,Paige VanZant,,Q10343583,0,0,0,0.0
2869,Von Miller,,Q83384212,0,0,0,0.0
2870,Wanya Morris,,Q2548555,0,0,0,0.0
2871,Amber Rose,2016-09-12,Q456943,0,0,0,0.0
2872,Babyface,2016-09-12,Q344983,2,1,1,0.5
2873,Calvin Johnson Jr.,2016-09-12,,0,0,0,0.0
2874,Jake T. Austin,2016-09-12,Q312521,0,0,0,0.0
2875,James Hinchcliffe,2016-09-12,Q1360560,0,0,0,0.0
2876,Jana Kramer,2016-09-12,Q263670,0,0,0,0.0
2877,Laurie Hernandez,2016-09-12,Q15710550,1,1,0,1.0
2878,Marilu Henner,2016-09-12,Q270747,0,0,0,0.0
2879,Maureen McCormick,2016-09-12,Q454374,0,0,0,0.0
2880,Rick Perry,2016-09-12,Q215057,3,1,1,0.3333333333333333
2881,Ryan Lochte,2016-09-12,Q201517,0,0,0,0.0
2882,Terra Jole,2016-09-12,Q18340461,0,0,0,0.0
2883,Vanilla Ice,2016-09-12,Q313578,5,5,5,1.0
2884,Amber Rose,2016-09-19,Q456943,0,0,0,0.0
2885,Babyface,2016-09-19,Q344983,2,1,1,0.5
2886,Calvin Johnson Jr.,2016-09-19,,0,0,0,0.0
2887,Jake T. Austin,2016-09-19,Q312521,0,0,0,0.0
2888,James Hinchcliffe,2016-09-19,Q1360560,0,0,0,0.0
2889,Jana Kramer,2016-09-19,Q263670,0,0,0,0.0
2890,Laurie Hernandez,2016-09-19,Q15710550,1,1,0,1.0
2891,Marilu Henner,2016-09-19,Q270747,0,0,0,0.0
2892,Maureen McCormick,2016-09-19,Q454374,0,0,0,0.0
2893,Rick Perry,2016-09-19,Q215057,3,1,1,0.3333333333333333
2894,Ryan Lochte,2016-09-19,Q201517,0,0,0,0.0
2895,Terra Jole,2016-09-19,Q18340461,0,0,0,0.0
2896,Vanilla Ice,2016-09-19,Q313578,5,5,5,1.0
2897,Amber Rose,2016-09-26,Q456943,0,0,0,0.0
2898,Babyface,2016-09-26,Q344983,2,1,1,0.5
2899,Calvin Johnson Jr.,2016-09-26,,0,0,0,0.0
2900,Jake T. Austin,2016-09-26,Q312521,0,0,0,0.0
2901,James Hinchcliffe,2016-09-26,Q1360560,0,0,0,0.0
2902,Jana Kramer,2016-09-26,Q263670,0,0,0,0.0
2903,Laurie Hernandez,2016-09-26,Q15710550,1,1,0,1.0
2904,Marilu Henner,2016-09-26,Q270747,0,0,0,0.0
2905,Maureen McCormick,2016-09-26,Q454374,0,0,0,0.0
2906,Rick Perry,2016-09-26,Q215057,3,1,1,0.3333333333333333
2907,Ryan Lochte,2016-09-26,Q201517,0,0,0,0.0
2908,Terra Jole,2016-09-26,Q18340461,0,0,0,0.0
2909,Vanilla Ice,2016-09-26,Q313578,5,5,5,1.0
2910,Amber Rose,2016-10-03,Q456943,0,0,0,0.0
2911,Babyface,2016-10-03,Q344983,2,1,1,0.5
2912,Calvin Johnson Jr.,2016-10-03,,0,0,0,0.0
2913,Jake T. Austin,2016-10-03,Q312521,0,0,0,0.0
2914,James Hinchcliffe,2016-10-03,Q1360560,0,0,0,0.0
2915,Jana Kramer,2016-10-03,Q263670,0,0,0,0.0
2916,Laurie Hernandez,2016-10-03,Q15710550,1,1,0,1.0
2917,Marilu Henner,2016-10-03,Q270747,0,0,0,0.0
2918,Maureen McCormick,2016-10-03,Q454374,0,0,0,0.0
2919,Rick Perry,2016-10-03,Q215057,3,1,1,0.3333333333333333
2920,Ryan Lochte,2016-10-03,Q201517,0,0,0,0.0
2921,Terra Jole,2016-10-03,Q18340461,0,0,0,0.0
2922,Vanilla Ice,2016-10-03,Q313578,5,5,5,1.0
2923,Amber Rose,2016-10-10,Q456943,0,0,0,0.0
2924,Babyface,2016-10-10,Q344983,2,1,1,0.5
2925,Calvin Johnson Jr.,2016-10-10,,0,0,0,0.0
2926,Jake T. Austin,2016-10-10,Q312521,0,0,0,0.0
2927,James Hinchcliffe,2016-10-10,Q1360560,0,0,0,0.0
2928,Jana Kramer,2016-10-10,Q263670,0,0,0,0.0
2929,Laurie Hernandez,2016-10-10,Q15710550,1,1,0,1.0
2930,Marilu Henner,2016-10-10,Q270747,0,0,0,0.0
2931,Maureen McCormick,2016-10-10,Q454374,0,0,0,0.0
2932,Rick Perry,2016-10-10,Q215057,3,1,1,0.3333333333333333
2933,Ryan Lochte,2016-10-10,Q201517,0,0,0,0.0
2934,Terra Jole,2016-10-10,Q18340461,0,0,0,0.0
2935,Vanilla Ice,2016-10-10,Q313578,5,5,5,1.0
2936,Amber Rose,2016-10-17,Q456943,0,0,0,0.0
2937,Babyface,2016-10-17,Q344983,2,1,1,0.5
2938,Calvin Johnson Jr.,2016-10-17,,0,0,0,0.0
2939,Jake T. Austin,2016-10-17,Q312521,0,0,0,0.0
2940,James Hinchcliffe,2016-10-17,Q1360560,0,0,0,0.0
2941,Jana Kramer,2016-10-17,Q263670,0,0,0,0.0
2942,Laurie Hernandez,2016-10-17,Q15710550,1,1,0,1.0
2943,Marilu Henner,2016-10-17,Q270747,0,0,0,0.0
2944,Maureen McCormick,2016-10-17,Q454374,0,0,0,0.0
2945,Rick Perry,2016-10-17,Q215057,3,1,1,0.3333333333333333
2946,Ryan Lochte,2016-10-17,Q201517,0,0,0,0.0
2947,Terra Jole,2016-10-17,Q18340461,0,0,0,0.0
2948,Vanilla Ice,2016-10-17,Q313578,5,5,5,1.0
2949,Amber Rose,2016-10-24,Q456943,0,0,0,0.0
2950,Babyface,2016-10-24,Q344983,2,1,1,0.5
2951,Calvin Johnson Jr.,2016-10-24,,0,0,0,0.0
2952,Jake T. Austin,2016-10-24,Q312521,0,0,0,0.0
2953,James Hinchcliffe,2016-10-24,Q1360560,0,0,0,0.0
2954,Jana Kramer,2016-10-24,Q263670,0,0,0,0.0
2955,Laurie Hernandez,2016-10-24,Q15710550,1,1,0,1.0
2956,Marilu Henner,2016-10-24,Q270747,0,0,0,0.0
2957,Maureen McCormick,2016-10-24,Q454374,0,0,0,0.0
2958,Rick Perry,2016-10-24,Q215057,3,1,1,0.3333333333333333
2959,Ryan Lochte,2016-10-24,Q201517,0,0,0,0.0
2960,Terra Jole,2016-10-24,Q18340461,0,0,0,0.0
2961,Vanilla Ice,2016-10-24,Q313578,5,5,5,1.0
2962,Amber Rose,2016-10-31,Q456943,0,0,0,0.0
2963,Babyface,2016-10-31,Q344983,2,1,1,0.5
2964,Calvin Johnson Jr.,2016-10-31,,0,0,0,0.0
2965,Jake T. Austin,2016-10-31,Q312521,0,0,0,0.0
2966,James Hinchcliffe,2016-10-31,Q1360560,0,0,0,0.0
2967,Jana Kramer,2016-10-31,Q263670,0,0,0,0.0
2968,Laurie Hernandez,2016-10-31,Q15710550,1,1,0,1.0
2969,Marilu Henner,2016-10-31,Q270747,0,0,0,0.0
2970,Maureen McCormick,2016-10-31,Q454374,0,0,0,0.0
2971,Rick Perry,2016-10-31,Q215057,3,1,1,0.3333333333333333
2972,Ryan Lochte,2016-10-31,Q201517,0,0,0,0.0
2973,Terra Jole,2016-10-31,Q18340461,0,0,0,0.0
2974,Vanilla Ice,2016-10-31,Q313578,5,5,5,1.0
2975,Amber Rose,2016-11-07,Q456943,0,0,0,0.0
2976,Babyface,2016-11-07,Q344983,2,1,1,0.5
2977,Calvin Johnson Jr.,2016-11-07,,0,0,0,0.0
2978,Jake T. Austin,2016-11-07,Q312521,0,0,0,0.0
2979,James Hinchcliffe,2016-11-07,Q1360560,0,0,0,0.0
2980,Jana Kramer,2016-11-07,Q263670,0,0,0,0.0
2981,Laurie Hernandez,2016-11-07,Q15710550,1,1,0,1.0
2982,Marilu Henner,2016-11-07,Q270747,0,0,0,0.0
2983,Maureen McCormick,2016-11-07,Q454374,0,0,0,0.0
2984,Rick Perry,2016-11-07,Q215057,3,1,1,0.3333333333333333
2985,Ryan Lochte,2016-11-07,Q201517,0,0,0,0.0
2986,Terra Jole,2016-11-07,Q18340461,0,0,0,0.0
2987,Vanilla Ice,2016-11-07,Q313578,5,5,5,1.0
2988,Amber Rose,2016-11-14,Q456943,0,0,0,0.0
2989,Babyface,2016-11-14,Q344983,2,1,1,0.5
2990,Calvin Johnson Jr.,2016-11-14,,0,0,0,0.0
2991,Jake T. Austin,2016-11-14,Q312521,0,0,0,0.0
2992,James Hinchcliffe,2016-11-14,Q1360560,0,0,0,0.0
2993,Jana Kramer,2016-11-14,Q263670,0,0,0,0.0
2994,Laurie Hernandez,2016-11-14,Q15710550,1,1,0,1.0
2995,Marilu Henner,2016-11-14,Q270747,0,0,0,0.0
2996,Maureen McCormick,2016-11-14,Q454374,0,0,0,0.0
2997,Rick Perry,2016-11-14,Q215057,3,1,1,0.3333333333333333
2998,Ryan Lochte,2016-11-14,Q201517,0,0,0,0.0
2999,Terra Jole,2016-11-14,Q18340461,0,0,0,0.0
3000,Vanilla Ice,2016-11-14,Q313578,5,5,5,1.0
3001,Amber Rose,2016-11-21,Q456943,0,0,0,0.0
3002,Babyface,2016-11-21,Q344983,2,1,1,0.5
3003,Calvin Johnson Jr.,2016-11-21,,0,0,0,0.0
3004,Jake T. Austin,2016-11-21,Q312521,0,0,0,0.0
3005,James Hinchcliffe,2016-11-21,Q1360560,0,0,0,0.0
3006,Jana Kramer,2016-11-21,Q263670,0,0,0,0.0
3007,Laurie Hernandez,2016-11-21,Q15710550,1,1,0,1.0
3008,Marilu Henner,2016-11-21,Q270747,0,0,0,0.0
3009,Maureen McCormick,2016-11-21,Q454374,0,0,0,0.0
3010,Rick Perry,2016-11-21,Q215057,3,1,1,0.3333333333333333
3011,Ryan Lochte,2016-11-21,Q201517,0,0,0,0.0
3012,Terra Jole,2016-11-21,Q18340461,0,0,0,0.0
3013,Vanilla Ice,2016-11-21,Q313578,5,5,5,1.0
3014,Bonner Bolton,2017-03-20,Q28976368,0,0,0,0.0
3015,Charo,2017-03-20,Q453949,0,0,0,0.0
3016,Chris Kattan,2017-03-20,Q741909,0,0,0,0.0
3017,David Ross,2017-03-20,Q111045274,0,0,0,0.0
3018,Erika Jayne,2017-03-20,Q867257,0,0,0,0.0
3019,Heather Morris,2017-03-20,Q107148555,0,0,0,0.0
3020,Mr. T,2017-03-20,Q295107,1,0,0,0.0
3021,Nancy Kerrigan,2017-03-20,Q239988,0,0,0,0.0
3022,Nick Viall,2017-03-20,Q29000519,0,0,0,0.0
3023,Normani,2017-03-20,Q126974536,0,0,0,0.0
3024,Rashad Jennings,2017-03-20,Q3930379,0,0,0,0.0
3025,Simone Biles,2017-03-20,Q7520267,7,6,2,0.8571428571428571
3026,Bonner Bolton,2017-03-27,Q28976368,0,0,0,0.0
3027,Charo,2017-03-27,Q453949,0,0,0,0.0
3028,Chris Kattan,2017-03-27,Q741909,0,0,0,0.0
3029,David Ross,2017-03-27,Q111045274,0,0,0,0.0
3030,Erika Jayne,2017-03-27,Q867257,0,0,0,0.0
3031,Heather Morris,2017-03-27,Q107148555,0,0,0,0.0
3032,Mr. T,2017-03-27,Q295107,1,0,0,0.0
3033,Nancy Kerrigan,2017-03-27,Q239988,0,0,0,0.0
3034,Nick Viall,2017-03-27,Q29000519,0,0,0,0.0
3035,Normani,2017-03-27,Q126974536,0,0,0,0.0
3036,Rashad Jennings,2017-03-27,Q3930379,0,0,0,0.0
3037,Simone Biles,2017-03-27,Q7520267,7,6,2,0.8571428571428571
3038,Bonner Bolton,2017-04-03,Q28976368,0,0,0,0.0
3039,Charo,2017-04-03,Q453949,0,0,0,0.0
3040,Chris Kattan,2017-04-03,Q741909,0,0,0,0.0
3041,David Ross,2017-04-03,Q111045274,0,0,0,0.0
3042,Erika Jayne,2017-04-03,Q867257,0,0,0,0.0
3043,Heather Morris,2017-04-03,Q107148555,0,0,0,0.0
3044,Mr. T,2017-04-03,Q295107,1,0,0,0.0
3045,Nancy Kerrigan,2017-04-03,Q239988,0,0,0,0.0
3046,Nick Viall,2017-04-03,Q29000519,0,0,0,0.0
3047,Normani,2017-04-03,Q126974536,0,0,0,0.0
3048,Rashad Jennings,2017-04-03,Q3930379,0,0,0,0.0
3049,Simone Biles,2017-04-03,Q7520267,7,6,2,0.8571428571428571
3050,Bonner Bolton,2017-04-10,Q28976368,0,0,0,0.0
3051,Charo,2017-04-10,Q453949,0,0,0,0.0
3052,Chris Kattan,2017-04-10,Q741909,0,0,0,0.0
3053,David Ross,2017-04-10,Q111045274,0,0,0,0.0
3054,Erika Jayne,2017-04-10,Q867257,0,0,0,0.0
3055,Heather Morris,2017-04-10,Q107148555,0,0,0,0.0
3056,Mr. T,2017-04-10,Q295107,1,0,0,0.0
3057,Nancy Kerrigan,2017-04-10,Q239988,0,0,0,0.0
3058,Nick Viall,2017-04-10,Q29000519,0,0,0,0.0
3059,Normani,2017-04-10,Q126974536,0,0,0,0.0
3060,Rashad Jennings,2017-04-10,Q3930379,0,0,0,0.0
3061,Simone Biles,2017-04-10,Q7520267,7,6,2,0.8571428571428571
3062,Bonner Bolton,2017-04-17,Q28976368,0,0,0,0.0
3063,Charo,2017-04-17,Q453949,0,0,0,0.0
3064,Chris Kattan,2017-04-17,Q741909,0,0,0,0.0
3065,David Ross,2017-04-17,Q111045274,0,0,0,0.0
3066,Erika Jayne,2017-04-17,Q867257,0,0,0,0.0
3067,Heather Morris,2017-04-17,Q107148555,0,0,0,0.0
3068,Mr. T,2017-04-17,Q295107,1,0,0,0.0
3069,Nancy Kerrigan,2017-04-17,Q239988,0,0,0,0.0
3070,Nick Viall,2017-04-17,Q29000519,0,0,0,0.0
3071,Normani,2017-04-17,Q126974536,0,0,0,0.0
3072,Rashad Jennings,2017-04-17,Q3930379,0,0,0,0.0
3073,Simone Biles,2017-04-17,Q7520267,7,6,2,0.8571428571428571
3074,Bonner Bolton,2017-04-24,Q28976368,0,0,0,0.0
3075,Charo,2017-04-24,Q453949,0,0,0,0.0
3076,Chris Kattan,2017-04-24,Q741909,0,0,0,0.0
3077,David Ross,2017-04-24,Q111045274,0,0,0,0.0
3078,Erika Jayne,2017-04-24,Q867257,0,0,0,0.0
3079,Heather Morris,2017-04-24,Q107148555,0,0,0,0.0
3080,Mr. T,2017-04-24,Q295107,1,0,0,0.0
3081,Nancy Kerrigan,2017-04-24,Q239988,0,0,0,0.0
3082,Nick Viall,2017-04-24,Q29000519,0,0,0,0.0
3083,Normani,2017-04-24,Q126974536,0,0,0,0.0
3084,Rashad Jennings,2017-04-24,Q3930379,0,0,0,0.0
3085,Simone Biles,2017-04-24,Q7520267,7,6,2,0.8571428571428571
3086,Bonner Bolton,2017-05-01,Q28976368,0,0,0,0.0
3087,Charo,2017-05-01,Q453949,0,0,0,0.0
3088,Chris Kattan,2017-05-01,Q741909,0,0,0,0.0
3089,David Ross,2017-05-01,Q111045274,0,0,0,0.0
3090,Erika Jayne,2017-05-01,Q867257,0,0,0,0.0
3091,Heather Morris,2017-05-01,Q107148555,0,0,0,0.0
3092,Mr. T,2017-05-01,Q295107,1,0,0,0.0
3093,Nancy Kerrigan,2017-05-01,Q239988,0,0,0,0.0
3094,Nick Viall,2017-05-01,Q29000519,0,0,0,0.0
3095,Normani,2017-05-01,Q126974536,0,0,0,0.0
3096,Rashad Jennings,2017-05-01,Q3930379,0,0,0,0.0
3097,Simone Biles,2017-05-01,Q7520267,7,6,2,0.8571428571428571
3098,Bonner Bolton,2017-05-08,Q28976368,0,0,0,0.0
3099,Charo,2017-05-08,Q453949,0,0,0,0.0
3100,Chris Kattan,2017-05-08,Q741909,0,0,0,0.0
3101,David Ross,2017-05-08,Q111045274,0,0,0,0.0
3102,Erika Jayne,2017-05-08,Q867257,0,0,0,0.0
3103,Heather Morris,2017-05-08,Q107148555,0,0,0,0.0
3104,Mr. T,2017-05-08,Q295107,1,0,0,0.0
3105,Nancy Kerrigan,2017-05-08,Q239988,0,0,0,0.0
3106,Nick Viall,2017-05-08,Q29000519,0,0,0,0.0
3107,Normani,2017-05-08,Q126974536,0,0,0,0.0
3108,Rashad Jennings,2017-05-08,Q3930379,0,0,0,0.0
3109,Simone Biles,2017-05-08,Q7520267,7,6,2,0.8571428571428571
3110,Bonner Bolton,2017-05-15,Q28976368,0,0,0,0.0
3111,Charo,2017-05-15,Q453949,0,0,0,0.0
3112,Chris Kattan,2017-05-15,Q741909,0,0,0,0.0
3113,David Ross,2017-05-15,Q111045274,0,0,0,0.0
3114,Erika Jayne,2017-05-15,Q867257,0,0,0,0.0
3115,Heather Morris,2017-05-15,Q107148555,0,0,0,0.0
3116,Mr. T,2017-05-15,Q295107,1,0,0,0.0
3117,Nancy Kerrigan,2017-05-15,Q239988,0,0,0,0.0
3118,Nick Viall,2017-05-15,Q29000519,0,0,0,0.0
3119,Normani,2017-05-15,Q126974536,0,0,0,0.0
3120,Rashad Jennings,2017-05-15,Q3930379,0,0,0,0.0
3121,Simone Biles,2017-05-15,Q7520267,7,6,2,0.8571428571428571
3122,Bonner Bolton,2017-05-22,Q28976368,0,0,0,0.0
3123,Charo,2017-05-22,Q453949,0,0,0,0.0
3124,Chris Kattan,2017-05-22,Q741909,0,0,0,0.0
3125,David Ross,2017-05-22,Q111045274,0,0,0,0.0
3126,Erika Jayne,2017-05-22,Q867257,0,0,0,0.0
3127,Heather Morris,2017-05-22,Q107148555,0,0,0,0.0
3128,Mr. T,2017-05-22,Q295107,1,0,0,0.0
3129,Nancy Kerrigan,2017-05-22,Q239988,0,0,0,0.0
3130,Nick Viall,2017-05-22,Q29000519,0,0,0,0.0
3131,Normani,2017-05-22,Q126974536,0,0,0,0.0
3132,Rashad Jennings,2017-05-22,Q3930379,0,0,0,0.0
3133,Simone Biles,2017-05-22,Q7520267,7,6,2,0.8571428571428571
3134,Bonner Bolton,,Q28976368,0,0,0,0.0
3135,Charo,,Q453949,0,0,0,0.0
3136,Chris Kattan,,Q741909,0,0,0,0.0
3137,David Ross,,Q111045274,0,0,0,0.0
3138,Erika Jayne,,Q867257,0,0,0,0.0
3139,Heather Morris,,Q107148555,0,0,0,0.0
3140,Mr. T,,Q295107,0,0,0,0.0
3141,Nancy Kerrigan,,Q239988,0,0,0,0.0
3142,Nick Viall,,Q29000519,0,0,0,0.0
3143,Normani,,Q126974536,0,0,0,0.0
3144,Rashad Jennings,,Q3930379,0,0,0,0.0
3145,Simone Biles,,Q7520267,0,0,0,0.0
3146,Barbara Corcoran,2017-09-18,Q4858830,0,0,0,0.0
3147,Debbie Gibson,2017-09-18,Q233817,0,0,0,0.0
3148,Derek Fisher,2017-09-18,Q105670147,0,0,0,0.0
3149,Drew Scott,2017-09-18,Q108052859,0,0,0,0.0
3150,Frankie Muniz,2017-09-18,Q310275,0,0,0,0.0
3151,Jordan Fisher,2017-09-18,Q19955856,0,0,0,0.0
3152,Lindsey Stirling,2017-09-18,Q128667,4,2,2,0.5
3153,Nick Lachey,2017-09-18,Q356109,0,0,0,0.0
3154,Nikki Bella,2017-09-18,Q3876871,2,0,0,0.0
3155,Sasha Pieterse,2017-09-18,Q238712,0,0,0,0.0
3156,Terrell Owens,2017-09-18,Q1395269,1,0,0,0.0
3157,Vanessa Lachey,2017-09-18,Q270638,0,0,0,0.0
3158,Victoria Arlen,2017-09-18,Q7926560,0,0,0,0.0
3159,Barbara Corcoran,2017-09-25,Q4858830,0,0,0,0.0
3160,Debbie Gibson,2017-09-25,Q233817,0,0,0,0.0
3161,Derek Fisher,2017-09-25,Q105670147,0,0,0,0.0
3162,Drew Scott,2017-09-25,Q108052859,0,0,0,0.0
3163,Frankie Muniz,2017-09-25,Q310275,0,0,0,0.0
3164,Jordan Fisher,2017-09-25,Q19955856,0,0,0,0.0
3165,Lindsey Stirling,2017-09-25,Q128667,4,2,2,0.5
3166,Nick Lachey,2017-09-25,Q356109,0,0,0,0.0
3167,Nikki Bella,2017-09-25,Q3876871,2,0,0,0.0
3168,Sasha Pieterse,2017-09-25,Q238712,0,0,0,0.0
3169,Terrell Owens,2017-09-25,Q1395269,1,0,0,0.0
3170,Vanessa Lachey,2017-09-25,Q270638,0,0,0,0.0
3171,Victoria Arlen,2017-09-25,Q7926560,0,0,0,0.0
3172,Barbara Corcoran,2017-10-02,Q4858830,0,0,0,0.0
3173,Debbie Gibson,2017-10-02,Q233817,0,0,0,0.0
3174,Derek Fisher,2017-10-02,Q105670147,0,0,0,0.0
3175,Drew Scott,2017-10-02,Q108052859,0,0,0,0.0
3176,Frankie Muniz,2017-10-02,Q310275,0,0,0,0.0
3177,Jordan Fisher,2017-10-02,Q19955856,0,0,0,0.0
3178,Lindsey Stirling,2017-10-02,Q128667,4,2,2,0.5
3179,Nick Lachey,2017-10-02,Q356109,0,0,0,0.0
3180,Nikki Bella,2017-10-02,Q3876871,2,0,0,0.0
3181,Sasha Pieterse,2017-10-02,Q238712,0,0,0,0.0
3182,Terrell Owens,2017-10-02,Q1395269,1,0,0,0.0
3183,Vanessa Lachey,2017-10-02,Q270638,0,0,0,0.0
3184,Victoria Arlen,2017-10-02,Q7926560,0,0,0,0.0
3185,Barbara Corcoran,2017-10-09,Q4858830,0,0,0,0.0
3186,Debbie Gibson,2017-10-09,Q233817,0,0,0,0.0
3187,Derek Fisher,2017-10-09,Q105670147,0,0,0,0.0
3188,Drew Scott,2017-10-09,Q108052859,0,0,0,0.0
3189,Frankie Muniz,2017-10-09,Q310275,0,0,0,0.0
3190,Jordan Fisher,2017-10-09,Q19955856,0,0,0,0.0
3191,Lindsey Stirling,2017-10-09,Q128667,4,2,2,0.5
3192,Nick Lachey,2017-10-09,Q356109,0,0,0,0.0
3193,Nikki Bella,2017-10-09,Q3876871,2,0,0,0.0
3194,Sasha Pieterse,2017-10-09,Q238712,0,0,0,0.0
3195,Terrell Owens,2017-10-09,Q1395269,1,0,0,0.0
3196,Vanessa Lachey,2017-10-09,Q270638,0,0,0,0.0
3197,Victoria Arlen,2017-10-09,Q7926560,0,0,0,0.0
3198,Barbara Corcoran,2017-10-16,Q4858830,0,0,0,0.0
3199,Debbie Gibson,2017-10-16,Q233817,0,0,0,0.0
3200,Derek Fisher,2017-10-16,Q105670147,0,0,0,0.0
3201,Drew Scott,2017-10-16,Q108052859,0,0,0,0.0
3202,Frankie Muniz,2017-10-16,Q310275,0,0,0,0.0
3203,Jordan Fisher,2017-10-16,Q19955856,0,0,0,0.0
3204,Lindsey Stirling,2017-10-16,Q128667,4,2,2,0.5
3205,Nick Lachey,2017-10-16,Q356109,0,0,0,0.0
3206,Nikki Bella,2017-10-16,Q3876871,2,0,0,0.0
3207,Sasha Pieterse,2017-10-16,Q238712,0,0,0,0.0
3208,Terrell Owens,2017-10-16,Q1395269,1,0,0,0.0
3209,Vanessa Lachey,2017-10-16,Q270638,0,0,0,0.0
3210,Victoria Arlen,2017-10-16,Q7926560,0,0,0,0.0
3211,Barbara Corcoran,2017-10-23,Q4858830,0,0,0,0.0
3212,Debbie Gibson,2017-10-23,Q233817,0,0,0,0.0
3213,Derek Fisher,2017-10-23,Q105670147,0,0,0,0.0
3214,Drew Scott,2017-10-23,Q108052859,0,0,0,0.0
3215,Frankie Muniz,2017-10-23,Q310275,0,0,0,0.0
3216,Jordan Fisher,2017-10-23,Q19955856,0,0,0,0.0
3217,Lindsey Stirling,2017-10-23,Q128667,4,2,2,0.5
3218,Nick Lachey,2017-10-23,Q356109,0,0,0,0.0
3219,Nikki Bella,2017-10-23,Q3876871,2,0,0,0.0
3220,Sasha Pieterse,2017-10-23,Q238712,0,0,0,0.0
3221,Terrell Owens,2017-10-23,Q1395269,1,0,0,0.0
3222,Vanessa Lachey,2017-10-23,Q270638,0,0,0,0.0
3223,Victoria Arlen,2017-10-23,Q7926560,0,0,0,0.0
3224,Barbara Corcoran,2017-10-30,Q4858830,0,0,0,0.0
3225,Debbie Gibson,2017-10-30,Q233817,0,0,0,0.0
3226,Derek Fisher,2017-10-30,Q105670147,0,0,0,0.0
3227,Drew Scott,2017-10-30,Q108052859,0,0,0,0.0
3228,Frankie Muniz,2017-10-30,Q310275,0,0,0,0.0
3229,Jordan Fisher,2017-10-30,Q19955856,0,0,0,0.0
3230,Lindsey Stirling,2017-10-30,Q128667,4,2,2,0.5
3231,Nick Lachey,2017-10-30,Q356109,0,0,0,0.0
3232,Nikki Bella,2017-10-30,Q3876871,2,0,0,0.0
3233,Sasha Pieterse,2017-10-30,Q238712,0,0,0,0.0
3234,Terrell Owens,2017-10-30,Q1395269,1,0,0,0.0
3235,Vanessa Lachey,2017-10-30,Q270638,0,0,0,0.0
3236,Victoria Arlen,2017-10-30,Q7926560,0,0,0,0.0
3237,Barbara Corcoran,2017-11-06,Q4858830,0,0,0,0.0
3238,Debbie Gibson,2017-11-06,Q233817,0,0,0,0.0
3239,Derek Fisher,2017-11-06,Q105670147,0,0,0,0.0
3240,Drew Scott,2017-11-06,Q108052859,0,0,0,0.0
3241,Frankie Muniz,2017-11-06,Q310275,0,0,0,0.0
3242,Jordan Fisher,2017-11-06,Q19955856,0,0,0,0.0
3243,Lindsey Stirling,2017-11-06,Q128667,4,2,2,0.5
3244,Nick Lachey,2017-11-06,Q356109,0,0,0,0.0
3245,Nikki Bella,2017-11-06,Q3876871,2,0,0,0.0
3246,Sasha Pieterse,2017-11-06,Q238712,0,0,0,0.0
3247,Terrell Owens,2017-11-06,Q1395269,1,0,0,0.0
3248,Vanessa Lachey,2017-11-06,Q270638,0,0,0,0.0
3249,Victoria Arlen,2017-11-06,Q7926560,0,0,0,0.0
3250,Barbara Corcoran,2017-11-13,Q4858830,0,0,0,0.0
3251,Debbie Gibson,2017-11-13,Q233817,0,0,0,0.0
3252,Derek Fisher,2017-11-13,Q105670147,0,0,0,0.0
3253,Drew Scott,2017-11-13,Q108052859,0,0,0,0.0
3254,Frankie Muniz,2017-11-13,Q310275,0,0,0,0.0
3255,Jordan Fisher,2017-11-13,Q19955856,0,0,0,0.0
3256,Lindsey Stirling,2017-11-13,Q128667,4,2,2,0.5
3257,Nick Lachey,2017-11-13,Q356109,0,0,0,0.0
3258,Nikki Bella,2017-11-13,Q3876871,2,0,0,0.0
3259,Sasha Pieterse,2017-11-13,Q238712,0,0,0,0.0
3260,Terrell Owens,2017-11-13,Q1395269,1,0,0,0.0
3261,Vanessa Lachey,2017-11-13,Q270638,0,0,0,0.0
3262,Victoria Arlen,2017-11-13,Q7926560,0,0,0,0.0
3263,Barbara Corcoran,2017-11-20,Q4858830,0,0,0,0.0
3264,Debbie Gibson,2017-11-20,Q233817,0,0,0,0.0
3265,Derek Fisher,2017-11-20,Q105670147,0,0,0,0.0
3266,Drew Scott,2017-11-20,Q108052859,0,0,0,0.0
3267,Frankie Muniz,2017-11-20,Q310275,0,0,0,0.0
3268,Jordan Fisher,2017-11-20,Q19955856,0,0,0,0.0
3269,Lindsey Stirling,2017-11-20,Q128667,4,2,2,0.5
3270,Nick Lachey,2017-11-20,Q356109,0,0,0,0.0
3271,Nikki Bella,2017-11-20,Q3876871,2,0,0,0.0
3272,Sasha Pieterse,2017-11-20,Q238712,0,0,0,0.0
3273,Terrell Owens,2017-11-20,Q1395269,1,0,0,0.0
3274,Vanessa Lachey,2017-11-20,Q270638,0,0,0,0.0
3275,Victoria Arlen,2017-11-20,Q7926560,0,0,0,0.0
3276,Barbara Corcoran,,Q4858830,0,0,0,0.0
3277,Debbie Gibson,,Q233817,0,0,0,0.0
3278,Derek Fisher,,Q105670147,0,0,0,0.0
3279,Drew Scott,,Q108052859,0,0,0,0.0
3280,Frankie Muniz,,Q310275,0,0,0,0.0
3281,Jordan Fisher,,Q19955856,0,0,0,0.0
3282,Lindsey Stirling,,Q128667,0,0,0,0.0
3283,Nick Lachey,,Q356109,0,0,0,0.0
3284,Nikki Bella,,Q3876871,0,0,0,0.0
3285,Sasha Pieterse,,Q238712,0,0,0,0.0
3286,Terrell Owens,,Q1395269,0,0,0,0.0
3287,Vanessa Lachey,,Q270638,0,0,0,0.0
3288,Victoria Arlen,,Q7926560,0,0,0,0.0
3289,Adam Rippon,2018-04-30,Q350722,1,1,1,1.0
3290,Arike Ogunbowale,2018-04-30,Q51858305,2,2,2,1.0
3291,Chris Mazdzer,2018-04-30,Q937658,0,0,0,0.0
3292,Jamie Anderson,2018-04-30,Q108540337,0,0,0,0.0
3293,Jennie Finch Daigle,2018-04-30,Q2406028,1,1,1,1.0
3294,Johnny Damon,2018-04-30,Q25720,0,0,0,0.0
3295,Josh Norman,2018-04-30,Q3810322,0,0,0,0.0
3296,Kareem Abdul-Jabbar,2018-04-30,Q179051,30,30,30,1.0
3297,Mirai Nagasu,2018-04-30,Q628161,0,0,0,0.0
3298,Tonya Harding,2018-04-30,Q236278,0,0,0,0.0
3299,Adam Rippon,2018-05-07,Q350722,1,1,1,1.0
3300,Arike Ogunbowale,2018-05-07,Q51858305,2,2,2,1.0
3301,Chris Mazdzer,2018-05-07,Q937658,0,0,0,0.0
3302,Jamie Anderson,2018-05-07,Q108540337,0,0,0,0.0
3303,Jennie Finch Daigle,2018-05-07,Q2406028,1,1,1,1.0
3304,Johnny Damon,2018-05-07,Q25720,0,0,0,0.0
3305,Josh Norman,2018-05-07,Q3810322,0,0,0,0.0
3306,Kareem Abdul-Jabbar,2018-05-07,Q179051,30,30,30,1.0
3307,Mirai Nagasu,2018-05-07,Q628161,0,0,0,0.0
3308,Tonya Harding,2018-05-07,Q236278,0,0,0,0.0
3309,Adam Rippon,2018-05-14,Q350722,1,1,1,1.0
3310,Arike Ogunbowale,2018-05-14,Q51858305,2,2,2,1.0
3311,Chris Mazdzer,2018-05-14,Q937658,0,0,0,0.0
3312,Jamie Anderson,2018-05-14,Q108540337,0,0,0,0.0
3313,Jennie Finch Daigle,2018-05-14,Q2406028,1,1,1,1.0
3314,Johnny Damon,2018-05-14,Q25720,0,0,0,0.0
3315,Josh Norman,2018-05-14,Q3810322,0,0,0,0.0
3316,Kareem Abdul-Jabbar,2018-05-14,Q179051,30,30,30,1.0
3317,Mirai Nagasu,2018-05-14,Q628161,0,0,0,0.0
3318,Tonya Harding,2018-05-14,Q236278,0,0,0,0.0
3319,Adam Rippon,2018-05-21,Q350722,1,1,1,1.0
3320,Arike Ogunbowale,2018-05-21,Q51858305,2,2,2,1.0
3321,Chris Mazdzer,2018-05-21,Q937658,0,0,0,0.0
3322,Jamie Anderson,2018-05-21,Q108540337,0,0,0,0.0
3323,Jennie Finch Daigle,2018-05-21,Q2406028,1,1,1,1.0
3324,Johnny Damon,2018-05-21,Q25720,0,0,0,0.0
3325,Josh Norman,2018-05-21,Q3810322,0,0,0,0.0
3326,Kareem Abdul-Jabbar,2018-05-21,Q179051,30,30,30,1.0
3327,Mirai Nagasu,2018-05-21,Q628161,0,0,0,0.0
3328,Tonya Harding,2018-05-21,Q236278,0,0,0,0.0
3329,Adam Rippon,,Q350722,0,0,0,0.0
3330,Arike Ogunbowale,,Q51858305,0,0,0,0.0
3331,Chris Mazdzer,,Q937658,0,0,0,0.0
3332,Jamie Anderson,,Q108540337,0,0,0,0.0
3333,Jennie Finch Daigle,,Q2406028,0,0,0,0.0
3334,Johnny Damon,,Q25720,0,0,0,0.0
3335,Josh Norman,,Q3810322,0,0,0,0.0
3336,Kareem Abdul-Jabbar,,Q179051,0,0,0,0.0
3337,Mirai Nagasu,,Q628161,0,0,0,0.0
3338,Tonya Harding,,Q236278,0,0,0,0.0
3339,Adam Rippon,,Q350722,0,0,0,0.0
3340,Arike Ogunbowale,,Q51858305,0,0,0,0.0
3341,Chris Mazdzer,,Q937658,0,0,0,0.0
3342,Jamie Anderson,,Q108540337,0,0,0,0.0
3343,Jennie Finch Daigle,,Q2406028,0,0,0,0.0
3344,Johnny Damon,,Q25720,0,0,0,0.0
3345,Josh Norman,,Q3810322,0,0,0,0.0
3346,Kareem Abdul-Jabbar,,Q179051,0,0,0,0.0
3347,Mirai Nagasu,,Q628161,0,0,0,0.0
3348,Tonya Harding,,Q236278,0,0,0,0.0
3349,Adam Rippon,,Q350722,0,0,0,0.0
3350,Arike Ogunbowale,,Q51858305,0,0,0,0.0
3351,Chris Mazdzer,,Q937658,0,0,0,0.0
3352,Jamie Anderson,,Q108540337,0,0,0,0.0
3353,Jennie Finch Daigle,,Q2406028,0,0,0,0.0
3354,Johnny Damon,,Q25720,0,0,0,0.0
3355,Josh Norman,,Q3810322,0,0,0,0.0
3356,Kareem Abdul-Jabbar,,Q179051,0,0,0,0.0
3357,Mirai Nagasu,,Q628161,0,0,0,0.0
3358,Tonya Harding,,Q236278,0,0,0,0.0
3359,Adam Rippon,,Q350722,0,0,0,0.0
3360,Arike Ogunbowale,,Q51858305,0,0,0,0.0
3361,Chris Mazdzer,,Q937658,0,0,0,0.0
3362,Jamie Anderson,,Q108540337,0,0,0,0.0
3363,Jennie Finch Daigle,,Q2406028,0,0,0,0.0
3364,Johnny Damon,,Q25720,0,0,0,0.0
3365,Josh Norman,,Q3810322,0,0,0,0.0
3366,Kareem Abdul-Jabbar,,Q179051,0,0,0,0.0
3367,Mirai Nagasu,,Q628161,0,0,0,0.0
3368,Tonya Harding,,Q236278,0,0,0,0.0
3369,Adam Rippon,,Q350722,0,0,0,0.0
3370,Arike Ogunbowale,,Q51858305,0,0,0,0.0
3371,Chris Mazdzer,,Q937658,0,0,0,0.0
3372,Jamie Anderson,,Q108540337,0,0,0,0.0
3373,Jennie Finch Daigle,,Q2406028,0,0,0,0.0
3374,Johnny Damon,,Q25720,0,0,0,0.0
3375,Josh Norman,,Q3810322,0,0,0,0.0
3376,Kareem Abdul-Jabbar,,Q179051,0,0,0,0.0
3377,Mirai Nagasu,,Q628161,0,0,0,0.0
3378,Tonya Harding,,Q236278,0,0,0,0.0
3379,Adam Rippon,,Q350722,0,0,0,0.0
3380,Arike Ogunbowale,,Q51858305,0,0,0,0.0
3381,Chris Mazdzer,,Q937658,0,0,0,0.0
3382,Jamie Anderson,,Q108540337,0,0,0,0.0
3383,Jennie Finch Daigle,,Q2406028,0,0,0,0.0
3384,Johnny Damon,,Q25720,0,0,0,0.0
3385,Josh Norman,,Q3810322,0,0,0,0.0
3386,Kareem Abdul-Jabbar,,Q179051,0,0,0,0.0
3387,Mirai Nagasu,,Q628161,0,0,0,0.0
3388,Tonya Harding,,Q236278,0,0,0,0.0
3389,Adam Rippon,,Q350722,0,0,0,0.0
3390,Arike Ogunbowale,,Q51858305,0,0,0,0.0
3391,Chris Mazdzer,,Q937658,0,0,0,0.0
3392,Jamie Anderson,,Q108540337,0,0,0,0.0
3393,Jennie Finch Daigle,,Q2406028,0,0,0,0.0
3394,Johnny Damon,,Q25720,0,0,0,0.0
3395,Josh Norman,,Q3810322,0,0,0,0.0
3396,Kareem Abdul-Jabbar,,Q179051,0,0,0,0.0
3397,Mirai Nagasu,,Q628161,0,0,0,0.0
3398,Tonya Harding,,Q236278,0,0,0,0.0
3399,Alexis Ren,2018-09-24,Q18637906,0,0,0,0.0
3400,Bobby Bones,2018-09-24,Q17385667,0,0,0,0.0
3401,Danelle Umstead,2018-09-24,Q5215881,0,0,0,0.0
3402,DeMarcus Ware,2018-09-24,Q2761454,0,0,0,0.0
3403,Evanna Lynch,2018-09-24,Q211730,0,0,0,0.0
3404,Joe Amabile,2018-09-24,Q102993171,0,0,0,0.0
3405,John Schneider,2018-09-24,Q286642,0,0,0,0.0
3406,Juan Pablo Di Pace,2018-09-24,Q6300659,0,0,0,0.0
3407,Mary Lou Retton,2018-09-24,Q235975,2,2,2,1.0
3408,Milo Manheim,2018-09-24,Q47540917,0,0,0,0.0
3409,Nancy McKeon,2018-09-24,Q2779246,0,0,0,0.0
3410,Nikki Glaser,2018-09-24,Q7035226,0,0,0,0.0
3411,Tinashe,2018-09-24,Q434745,0,0,0,0.0
3412,Alexis Ren,2018-10-01,Q18637906,0,0,0,0.0
3413,Bobby Bones,2018-10-01,Q17385667,0,0,0,0.0
3414,Danelle Umstead,2018-10-01,Q5215881,0,0,0,0.0
3415,DeMarcus Ware,2018-10-01,Q2761454,0,0,0,0.0
3416,Evanna Lynch,2018-10-01,Q211730,0,0,0,0.0
3417,Joe Amabile,2018-10-01,Q102993171,0,0,0,0.0
3418,John Schneider,2018-10-01,Q286642,0,0,0,0.0
3419,Juan Pablo Di Pace,2018-10-01,Q6300659,0,0,0,0.0
3420,Mary Lou Retton,2018-10-01,Q235975,2,2,2,1.0
3421,Milo Manheim,2018-10-01,Q47540917,0,0,0,0.0
3422,Nancy McKeon,2018-10-01,Q2779246,0,0,0,0.0
3423,Nikki Glaser,2018-10-01,Q7035226,0,0,0,0.0
3424,Tinashe,2018-10-01,Q434745,0,0,0,0.0
3425,Alexis Ren,2018-10-08,Q18637906,0,0,0,0.0
3426,Bobby Bones,2018-10-08,Q17385667,0,0,0,0.0
3427,Danelle Umstead,2018-10-08,Q5215881,0,0,0,0.0
3428,DeMarcus Ware,2018-10-08,Q2761454,0,0,0,0.0
3429,Evanna Lynch,2018-10-08,Q211730,0,0,0,0.0
3430,Joe Amabile,2018-10-08,Q102993171,0,0,0,0.0
3431,John Schneider,2018-10-08,Q286642,0,0,0,0.0
3432,Juan Pablo Di Pace,2018-10-08,Q6300659,0,0,0,0.0
3433,Mary Lou Retton,2018-10-08,Q235975,2,2,2,1.0
3434,Milo Manheim,2018-10-08,Q47540917,0,0,0,0.0
3435,Nancy McKeon,2018-10-08,Q2779246,0,0,0,0.0
3436,Nikki Glaser,2018-10-08,Q7035226,0,0,0,0.0
3437,Tinashe,2018-10-08,Q434745,0,0,0,0.0
3438,Alexis Ren,2018-10-15,Q18637906,0,0,0,0.0
3439,Bobby Bones,2018-10-15,Q17385667,0,0,0,0.0
3440,Danelle Umstead,2018-10-15,Q5215881,0,0,0,0.0
3441,DeMarcus Ware,2018-10-15,Q2761454,0,0,0,0.0
3442,Evanna Lynch,2018-10-15,Q211730,0,0,0,0.0
3443,Joe Amabile,2018-10-15,Q102993171,0,0,0,0.0
3444,John Schneider,2018-10-15,Q286642,0,0,0,0.0
3445,Juan Pablo Di Pace,2018-10-15,Q6300659,0,0,0,0.0
3446,Mary Lou Retton,2018-10-15,Q235975,2,2,2,1.0
3447,Milo Manheim,2018-10-15,Q47540917,0,0,0,0.0
3448,Nancy McKeon,2018-10-15,Q2779246,0,0,0,0.0
3449,Nikki Glaser,2018-10-15,Q7035226,0,0,0,0.0
3450,Tinashe,2018-10-15,Q434745,0,0,0,0.0
3451,Alexis Ren,2018-10-22,Q18637906,0,0,0,0.0
3452,Bobby Bones,2018-10-22,Q17385667,0,0,0,0.0
3453,Danelle Umstead,2018-10-22,Q5215881,0,0,0,0.0
3454,DeMarcus Ware,2018-10-22,Q2761454,0,0,0,0.0
3455,Evanna Lynch,2018-10-22,Q211730,0,0,0,0.0
3456,Joe Amabile,2018-10-22,Q102993171,0,0,0,0.0
3457,John Schneider,2018-10-22,Q286642,0,0,0,0.0
3458,Juan Pablo Di Pace,2018-10-22,Q6300659,0,0,0,0.0
3459,Mary Lou Retton,2018-10-22,Q235975,2,2,2,1.0
3460,Milo Manheim,2018-10-22,Q47540917,0,0,0,0.0
3461,Nancy McKeon,2018-10-22,Q2779246,0,0,0,0.0
3462,Nikki Glaser,2018-10-22,Q7035226,0,0,0,0.0
3463,Tinashe,2018-10-22,Q434745,0,0,0,0.0
3464,Alexis Ren,2018-10-29,Q18637906,0,0,0,0.0
3465,Bobby Bones,2018-10-29,Q17385667,0,0,0,0.0
3466,Danelle Umstead,2018-10-29,Q5215881,0,0,0,0.0
3467,DeMarcus Ware,2018-10-29,Q2761454,0,0,0,0.0
3468,Evanna Lynch,2018-10-29,Q211730,0,0,0,0.0
3469,Joe Amabile,2018-10-29,Q102993171,0,0,0,0.0
3470,John Schneider,2018-10-29,Q286642,0,0,0,0.0
3471,Juan Pablo Di Pace,2018-10-29,Q6300659,0,0,0,0.0
3472,Mary Lou Retton,2018-10-29,Q235975,2,2,2,1.0
3473,Milo Manheim,2018-10-29,Q47540917,0,0,0,0.0
3474,Nancy McKeon,2018-10-29,Q2779246,0,0,0,0.0
3475,Nikki Glaser,2018-10-29,Q7035226,0,0,0,0.0
3476,Tinashe,2018-10-29,Q434745,0,0,0,0.0
3477,Alexis Ren,2018-11-05,Q18637906,0,0,0,0.0
3478,Bobby Bones,2018-11-05,Q17385667,0,0,0,0.0
3479,Danelle Umstead,2018-11-05,Q5215881,0,0,0,0.0
3480,DeMarcus Ware,2018-11-05,Q2761454,0,0,0,0.0
3481,Evanna Lynch,2018-11-05,Q211730,0,0,0,0.0
3482,Joe Amabile,2018-11-05,Q102993171,0,0,0,0.0
3483,John Schneider,2018-11-05,Q286642,0,0,0,0.0
3484,Juan Pablo Di Pace,2018-11-05,Q6300659,0,0,0,0.0
3485,Mary Lou Retton,2018-11-05,Q235975,2,2,2,1.0
3486,Milo Manheim,2018-11-05,Q47540917,0,0,0,0.0
3487,Nancy McKeon,2018-11-05,Q2779246,0,0,0,0.0
3488,Nikki Glaser,2018-11-05,Q7035226,0,0,0,0.0
3489,Tinashe,2018-11-05,Q434745,0,0,0,0.0
3490,Alexis Ren,2018-11-12,Q18637906,0,0,0,0.0
3491,Bobby Bones,2018-11-12,Q17385667,0,0,0,0.0
3492,Danelle Umstead,2018-11-12,Q5215881,0,0,0,0.0
3493,DeMarcus Ware,2018-11-12,Q2761454,0,0,0,0.0
3494,Evanna Lynch,2018-11-12,Q211730,0,0,0,0.0
3495,Joe Amabile,2018-11-12,Q102993171,0,0,0,0.0
3496,John Schneider,2018-11-12,Q286642,0,0,0,0.0
3497,Juan Pablo Di Pace,2018-11-12,Q6300659,0,0,0,0.0
3498,Mary Lou Retton,2018-11-12,Q235975,2,2,2,1.0
3499,Milo Manheim,2018-11-12,Q47540917,0,0,0,0.0
3500,Nancy McKeon,2018-11-12,Q2779246,0,0,0,0.0
3501,Nikki Glaser,2018-11-12,Q7035226,0,0,0,0.0
3502,Tinashe,2018-11-12,Q434745,0,0,0,0.0
3503,Alexis Ren,2018-11-19,Q18637906,0,0,0,0.0
3504,Bobby Bones,2018-11-19,Q17385667,0,0,0,0.0
3505,Danelle Umstead,2018-11-19,Q5215881,0,0,0,0.0
3506,DeMarcus Ware,2018-11-19,Q2761454,0,0,0,0.0
3507,Evanna Lynch,2018-11-19,Q211730,0,0,0,0.0
3508,Joe Amabile,2018-11-19,Q102993171,0,0,0,0.0
3509,John Schneider,2018-11-19,Q286642,0,0,0,0.0
3510,Juan Pablo Di Pace,2018-11-19,Q6300659,0,0,0,0.0
3511,Mary Lou Retton,2018-11-19,Q235975,2,2,2,1.0
3512,Milo Manheim,2018-11-19,Q47540917,0,0,0,0.0
3513,Nancy McKeon,2018-11-19,Q2779246,0,0,0,0.0
3514,Nikki Glaser,2018-11-19,Q7035226,0,0,0,0.0
3515,Tinashe,2018-11-19,Q434745,0,0,0,0.0
3516,Alexis Ren,,Q18637906,0,0,0,0.0
3517,Bobby Bones,,Q17385667,0,0,0,0.0
3518,Danelle Umstead,,Q5215881,0,0,0,0.0
3519,DeMarcus Ware,,Q2761454,0,0,0,0.0
3520,Evanna Lynch,,Q211730,0,0,0,0.0
3521,Joe Amabile,,Q102993171,0,0,0,0.0
3522,John Schneider,,Q286642,0,0,0,0.0
3523,Juan Pablo Di Pace,,Q6300659,0,0,0,0.0
3524,Mary Lou Retton,,Q235975,0,0,0,0.0
3525,Milo Manheim,,Q47540917,0,0,0,0.0
3526,Nancy McKeon,,Q2779246,0,0,0,0.0
3527,Nikki Glaser,,Q7035226,0,0,0,0.0
3528,Tinashe,,Q434745,0,0,0,0.0
3529,Alexis Ren,,Q18637906,0,0,0,0.0
3530,Bobby Bones,,Q17385667,0,0,0,0.0
3531,Danelle Umstead,,Q5215881,0,0,0,0.0
3532,DeMarcus Ware,,Q2761454,0,0,0,0.0
3533,Evanna Lynch,,Q211730,0,0,0,0.0
3534,Joe Amabile,,Q102993171,0,0,0,0.0
3535,John Schneider,,Q286642,0,0,0,0.0
3536,Juan Pablo Di Pace,,Q6300659,0,0,0,0.0
3537,Mary Lou Retton,,Q235975,0,0,0,0.0
3538,Milo Manheim,,Q47540917,0,0,0,0.0
3539,Nancy McKeon,,Q2779246,0,0,0,0.0
3540,Nikki Glaser,,Q7035226,0,0,0,0.0
3541,Tinashe,,Q434745,0,0,0,0.0
3542,Ally Brooke,2019-09-16,Q22965780,0,0,0,0.0
3543,Hannah Brown,2019-09-16,Q89158989,0,0,0,0.0
3544,James Van Der Beek,2019-09-16,Q313392,0,0,0,0.0
3545,Karamo Brown,2019-09-16,Q44870529,0,0,0,0.0
3546,Kate Flannery,2019-09-16,Q3028200,0,0,0,0.0
3547,Kel Mitchell,2019-09-16,Q2657882,0,0,0,0.0
3548,Lamar Odom,2019-09-16,Q296403,0,0,0,0.0
3549,Lauren Alaina,2019-09-16,Q271796,0,0,0,0.0
3550,Mary Wilson,2019-09-16,Q2302368,0,0,0,0.0
3551,Ray Lewis,2019-09-16,Q44428,1,0,0,0.0
3552,Sailor Brinkley-Cook,2019-09-16,Q22996290,0,0,0,0.0
3553,Sean Spicer,2019-09-16,Q27829251,0,0,0,0.0
3554,Ally Brooke,2019-09-23,Q22965780,0,0,0,0.0
3555,Hannah Brown,2019-09-23,Q89158989,0,0,0,0.0
3556,James Van Der Beek,2019-09-23,Q313392,0,0,0,0.0
3557,Karamo Brown,2019-09-23,Q44870529,0,0,0,0.0
3558,Kate Flannery,2019-09-23,Q3028200,0,0,0,0.0
3559,Kel Mitchell,2019-09-23,Q2657882,0,0,0,0.0
3560,Lamar Odom,2019-09-23,Q296403,0,0,0,0.0
3561,Lauren Alaina,2019-09-23,Q271796,0,0,0,0.0
3562,Mary Wilson,2019-09-23,Q2302368,0,0,0,0.0
3563,Ray Lewis,2019-09-23,Q44428,1,0,0,0.0
3564,Sailor Brinkley-Cook,2019-09-23,Q22996290,0,0,0,0.0
3565,Sean Spicer,2019-09-23,Q27829251,0,0,0,0.0
3566,Ally Brooke,2019-09-30,Q22965780,0,0,0,0.0
3567,Hannah Brown,2019-09-30,Q89158989,0,0,0,0.0
3568,James Van Der Beek,2019-09-30,Q313392,0,0,0,0.0
3569,Karamo Brown,2019-09-30,Q44870529,0,0,0,0.0
3570,Kate Flannery,2019-09-30,Q3028200,0,0,0,0.0
3571,Kel Mitchell,2019-09-30,Q2657882,0,0,0,0.0
3572,Lamar Odom,2019-09-30,Q296403,0,0,0,0.0
3573,Lauren Alaina,2019-09-30,Q271796,0,0,0,0.0
3574,Mary Wilson,2019-09-30,Q2302368,0,0,0,0.0
3575,Ray Lewis,2019-09-30,Q44428,1,0,0,0.0
3576,Sailor Brinkley-Cook,2019-09-30,Q22996290,0,0,0,0.0
3577,Sean Spicer,2019-09-30,Q27829251,0,0,0,0.0
3578,Ally Brooke,2019-10-07,Q22965780,0,0,0,0.0
3579,Hannah Brown,2019-10-07,Q89158989,0,0,0,0.0
3580,James Van Der Beek,2019-10-07,Q313392,0,0,0,0.0
3581,Karamo Brown,2019-10-07,Q44870529,0,0,0,0.0
3582,Kate Flannery,2019-10-07,Q3028200,0,0,0,0.0
3583,Kel Mitchell,2019-10-07,Q2657882,0,0,0,0.0
3584,Lamar Odom,2019-10-07,Q296403,0,0,0,0.0
3585,Lauren Alaina,2019-10-07,Q271796,0,0,0,0.0
3586,Mary Wilson,2019-10-07,Q2302368,0,0,0,0.0
3587,Ray Lewis,2019-10-07,Q44428,1,0,0,0.0
3588,Sailor Brinkley-Cook,2019-10-07,Q22996290,0,0,0,0.0
3589,Sean Spicer,2019-10-07,Q27829251,0,0,0,0.0
3590,Ally Brooke,2019-10-14,Q22965780,0,0,0,0.0
3591,Hannah Brown,2019-10-14,Q89158989,0,0,0,0.0
3592,James Van Der Beek,2019-10-14,Q313392,0,0,0,0.0
3593,Karamo Brown,2019-10-14,Q44870529,0,0,0,0.0
3594,Kate Flannery,2019-10-14,Q3028200,0,0,0,0.0
3595,Kel Mitchell,2019-10-14,Q2657882,0,0,0,0.0
3596,Lamar Odom,2019-10-14,Q296403,0,0,0,0.0
3597,Lauren Alaina,2019-10-14,Q271796,0,0,0,0.0
3598,Mary Wilson,2019-10-14,Q2302368,0,0,0,0.0
3599,Ray Lewis,2019-10-14,Q44428,1,0,0,0.0
3600,Sailor Brinkley-Cook,2019-10-14,Q22996290,0,0,0,0.0
3601,Sean Spicer,2019-10-14,Q27829251,0,0,0,0.0
3602,Ally Brooke,2019-10-21,Q22965780,0,0,0,0.0
3603,Hannah Brown,2019-10-21,Q89158989,0,0,0,0.0
3604,James Van Der Beek,2019-10-21,Q313392,0,0,0,0.0
3605,Karamo Brown,2019-10-21,Q44870529,0,0,0,0.0
3606,Kate Flannery,2019-10-21,Q3028200,0,0,0,0.0
3607,Kel Mitchell,2019-10-21,Q2657882,0,0,0,0.0
3608,Lamar Odom,2019-10-21,Q296403,0,0,0,0.0
3609,Lauren Alaina,2019-10-21,Q271796,0,0,0,0.0
3610,Mary Wilson,2019-10-21,Q2302368,0,0,0,0.0
3611,Ray Lewis,2019-10-21,Q44428,1,0,0,0.0
3612,Sailor Brinkley-Cook,2019-10-21,Q22996290,0,0,0,0.0
3613,Sean Spicer,2019-10-21,Q27829251,0,0,0,0.0
3614,Ally Brooke,2019-10-28,Q22965780,0,0,0,0.0
3615,Hannah Brown,2019-10-28,Q89158989,0,0,0,0.0
3616,James Van Der Beek,2019-10-28,Q313392,0,0,0,0.0
3617,Karamo Brown,2019-10-28,Q44870529,0,0,0,0.0
3618,Kate Flannery,2019-10-28,Q3028200,0,0,0,0.0
3619,Kel Mitchell,2019-10-28,Q2657882,0,0,0,0.0
3620,Lamar Odom,2019-10-28,Q296403,0,0,0,0.0
3621,Lauren Alaina,2019-10-28,Q271796,0,0,0,0.0
3622,Mary Wilson,2019-10-28,Q2302368,0,0,0,0.0
3623,Ray Lewis,2019-10-28,Q44428,1,0,0,0.0
3624,Sailor Brinkley-Cook,2019-10-28,Q22996290,0,0,0,0.0
3625,Sean Spicer,2019-10-28,Q27829251,0,0,0,0.0
3626,Ally Brooke,2019-11-04,Q22965780,0,0,0,0.0
3627,Hannah Brown,2019-11-04,Q89158989,0,0,0,0.0
3628,James Van Der Beek,2019-11-04,Q313392,0,0,0,0.0
3629,Karamo Brown,2019-11-04,Q44870529,0,0,0,0.0
3630,Kate Flannery,2019-11-04,Q3028200,0,0,0,0.0
3631,Kel Mitchell,2019-11-04,Q2657882,0,0,0,0.0
3632,Lamar Odom,2019-11-04,Q296403,0,0,0,0.0
3633,Lauren Alaina,2019-11-04,Q271796,0,0,0,0.0
3634,Mary Wilson,2019-11-04,Q2302368,0,0,0,0.0
3635,Ray Lewis,2019-11-04,Q44428,1,0,0,0.0
3636,Sailor Brinkley-Cook,2019-11-04,Q22996290,0,0,0,0.0
3637,Sean Spicer,2019-11-04,Q27829251,0,0,0,0.0
3638,Ally Brooke,2019-11-11,Q22965780,0,0,0,0.0
3639,Hannah Brown,2019-11-11,Q89158989,0,0,0,0.0
3640,James Van Der Beek,2019-11-11,Q313392,0,0,0,0.0
3641,Karamo Brown,2019-11-11,Q44870529,0,0,0,0.0
3642,Kate Flannery,2019-11-11,Q3028200,0,0,0,0.0
3643,Kel Mitchell,2019-11-11,Q2657882,0,0,0,0.0
3644,Lamar Odom,2019-11-11,Q296403,0,0,0,0.0
3645,Lauren Alaina,2019-11-11,Q271796,0,0,0,0.0
3646,Mary Wilson,2019-11-11,Q2302368,0,0,0,0.0
3647,Ray Lewis,2019-11-11,Q44428,1,0,0,0.0
3648,Sailor Brinkley-Cook,2019-11-11,Q22996290,0,0,0,0.0
3649,Sean Spicer,2019-11-11,Q27829251,0,0,0,0.0
3650,Ally Brooke,2019-11-18,Q22965780,0,0,0,0.0
3651,Hannah Brown,2019-11-18,Q89158989,0,0,0,0.0
3652,James Van Der Beek,2019-11-18,Q313392,0,0,0,0.0
3653,Karamo Brown,2019-11-18,Q44870529,0,0,0,0.0
3654,Kate Flannery,2019-11-18,Q3028200,0,0,0,0.0
3655,Kel Mitchell,2019-11-18,Q2657882,0,0,0,0.0
3656,Lamar Odom,2019-11-18,Q296403,0,0,0,0.0
3657,Lauren Alaina,2019-11-18,Q271796,0,0,0,0.0
3658,Mary Wilson,2019-11-18,Q2302368,0,0,0,0.0
3659,Ray Lewis,2019-11-18,Q44428,1,0,0,0.0
3660,Sailor Brinkley-Cook,2019-11-18,Q22996290,0,0,0,0.0
3661,Sean Spicer,2019-11-18,Q27829251,0,0,0,0.0
3662,Ally Brooke,2019-11-25,Q22965780,0,0,0,0.0
3663,Hannah Brown,2019-11-25,Q89158989,0,0,0,0.0
3664,James Van Der Beek,2019-11-25,Q313392,0,0,0,0.0
3665,Karamo Brown,2019-11-25,Q44870529,0,0,0,0.0
3666,Kate Flannery,2019-11-25,Q3028200,0,0,0,0.0
3667,Kel Mitchell,2019-11-25,Q2657882,0,0,0,0.0
3668,Lamar Odom,2019-11-25,Q296403,0,0,0,0.0
3669,Lauren Alaina,2019-11-25,Q271796,0,0,0,0.0
3670,Mary Wilson,2019-11-25,Q2302368,0,0,0,0.0
3671,Ray Lewis,2019-11-25,Q44428,1,0,0,0.0
3672,Sailor Brinkley-Cook,2019-11-25,Q22996290,0,0,0,0.0
3673,Sean Spicer,2019-11-25,Q27829251,0,0,0,0.0
3674,AJ McLean,2020-09-14,Q313408,0,0,0,0.0
3675,Anne Heche,2020-09-14,Q234610,6,6,6,1.0
3676,Carole Baskin,2020-09-14,Q88495947,0,0,0,0.0
3677,Charles Oakley,2020-09-14,Q608514,3,3,3,1.0
3678,Chrishell Stause,2020-09-14,Q5108579,0,0,0,0.0
3679,Jeannie Mai,2020-09-14,Q3176267,0,0,0,0.0
3680,Jesse Metcalfe,2020-09-14,Q317740,0,0,0,0.0
3681,Johnny Weir,2020-09-14,Q352193,0,0,0,0.0
3682,Justina Machado,2020-09-14,Q270382,0,0,0,0.0
3683,Kaitlyn Bristowe,2020-09-14,Q20090345,0,0,0,0.0
3684,Monica Aldama,2020-09-14,Q83688538,0,0,0,0.0
3685,Nelly,2020-09-14,Q1749410,0,0,0,0.0
3686,Nev Schulman,2020-09-14,Q15142015,0,0,0,0.0
3687,Skai Jackson,2020-09-14,Q297724,0,0,0,0.0
3688,Veron Davis,2020-09-14,,0,0,0,0.0
3689,AJ McLean,2020-09-22,Q313408,0,0,0,0.0
3690,Anne Heche,2020-09-22,Q234610,6,6,6,1.0
3691,Carole Baskin,2020-09-22,Q88495947,0,0,0,0.0
3692,Charles Oakley,2020-09-22,Q608514,3,3,3,1.0
3693,Chrishell Stause,2020-09-22,Q5108579,0,0,0,0.0
3694,Jeannie Mai,2020-09-22,Q3176267,0,0,0,0.0
3695,Jesse Metcalfe,2020-09-22,Q317740,0,0,0,0.0
3696,Johnny Weir,2020-09-22,Q352193,0,0,0,0.0
3697,Justina Machado,2020-09-22,Q270382,0,0,0,0.0
3698,Kaitlyn Bristowe,2020-09-22,Q20090345,0,0,0,0.0
3699,Monica Aldama,2020-09-22,Q83688538,0,0,0,0.0
3700,Nelly,2020-09-22,Q1749410,0,0,0,0.0
3701,Nev Schulman,2020-09-22,Q15142015,0,0,0,0.0
3702,Skai Jackson,2020-09-22,Q297724,0,0,0,0.0
3703,Veron Davis,2020-09-22,,0,0,0,0.0
3704,AJ McLean,2020-09-28,Q313408,0,0,0,0.0
3705,Anne Heche,2020-09-28,Q234610,6,6,6,1.0
3706,Carole Baskin,2020-09-28,Q88495947,0,0,0,0.0
3707,Charles Oakley,2020-09-28,Q608514,3,3,3,1.0
3708,Chrishell Stause,2020-09-28,Q5108579,0,0,0,0.0
3709,Jeannie Mai,2020-09-28,Q3176267,0,0,0,0.0
3710,Jesse Metcalfe,2020-09-28,Q317740,0,0,0,0.0
3711,Johnny Weir,2020-09-28,Q352193,0,0,0,0.0
3712,Justina Machado,2020-09-28,Q270382,0,0,0,0.0
3713,Kaitlyn Bristowe,2020-09-28,Q20090345,0,0,0,0.0
3714,Monica Aldama,2020-09-28,Q83688538,0,0,0,0.0
3715,Nelly,2020-09-28,Q1749410,0,0,0,0.0
3716,Nev Schulman,2020-09-28,Q15142015,0,0,0,0.0
3717,Skai Jackson,2020-09-28,Q297724,0,0,0,0.0
3718,Veron Davis,2020-09-28,,0,0,0,0.0
3719,AJ McLean,2020-10-05,Q313408,0,0,0,0.0
3720,Anne Heche,2020-10-05,Q234610,6,6,6,1.0
3721,Carole Baskin,2020-10-05,Q88495947,0,0,0,0.0
3722,Charles Oakley,2020-10-05,Q608514,3,3,3,1.0
3723,Chrishell Stause,2020-10-05,Q5108579,0,0,0,0.0
3724,Jeannie Mai,2020-10-05,Q3176267,0,0,0,0.0
3725,Jesse Metcalfe,2020-10-05,Q317740,0,0,0,0.0
3726,Johnny Weir,2020-10-05,Q352193,0,0,0,0.0
3727,Justina Machado,2020-10-05,Q270382,0,0,0,0.0
3728,Kaitlyn Bristowe,2020-10-05,Q20090345,0,0,0,0.0
3729,Monica Aldama,2020-10-05,Q83688538,0,0,0,0.0
3730,Nelly,2020-10-05,Q1749410,0,0,0,0.0
3731,Nev Schulman,2020-10-05,Q15142015,0,0,0,0.0
3732,Skai Jackson,2020-10-05,Q297724,0,0,0,0.0
3733,Veron Davis,2020-10-05,,0,0,0,0.0
3734,AJ McLean,2020-10-12,Q313408,0,0,0,0.0
3735,Anne Heche,2020-10-12,Q234610,6,6,6,1.0
3736,Carole Baskin,2020-10-12,Q88495947,0,0,0,0.0
3737,Charles Oakley,2020-10-12,Q608514,3,3,3,1.0
3738,Chrishell Stause,2020-10-12,Q5108579,0,0,0,0.0
3739,Jeannie Mai,2020-10-12,Q3176267,0,0,0,0.0
3740,Jesse Metcalfe,2020-10-12,Q317740,0,0,0,0.0
3741,Johnny Weir,2020-10-12,Q352193,0,0,0,0.0
3742,Justina Machado,2020-10-12,Q270382,0,0,0,0.0
3743,Kaitlyn Bristowe,2020-10-12,Q20090345,0,0,0,0.0
3744,Monica Aldama,2020-10-12,Q83688538,0,0,0,0.0
3745,Nelly,2020-10-12,Q1749410,0,0,0,0.0
3746,Nev Schulman,2020-10-12,Q15142015,0,0,0,0.0
3747,Skai Jackson,2020-10-12,Q297724,0,0,0,0.0
3748,Veron Davis,2020-10-12,,0,0,0,0.0
3749,AJ McLean,2020-10-19,Q313408,0,0,0,0.0
3750,Anne Heche,2020-10-19,Q234610,6,6,6,1.0
3751,Carole Baskin,2020-10-19,Q88495947,0,0,0,0.0
3752,Charles Oakley,2020-10-19,Q608514,3,3,3,1.0
3753,Chrishell Stause,2020-10-19,Q5108579,0,0,0,0.0
3754,Jeannie Mai,2020-10-19,Q3176267,0,0,0,0.0
3755,Jesse Metcalfe,2020-10-19,Q317740,0,0,0,0.0
3756,Johnny Weir,2020-10-19,Q352193,0,0,0,0.0
3757,Justina Machado,2020-10-19,Q270382,0,0,0,0.0
3758,Kaitlyn Bristowe,2020-10-19,Q20090345,0,0,0,0.0
3759,Monica Aldama,2020-10-19,Q83688538,0,0,0,0.0
3760,Nelly,2020-10-19,Q1749410,0,0,0,0.0
3761,Nev Schulman,2020-10-19,Q15142015,0,0,0,0.0
3762,Skai Jackson,2020-10-19,Q297724,0,0,0,0.0
3763,Veron Davis,2020-10-19,,0,0,0,0.0
3764,AJ McLean,2020-10-26,Q313408,0,0,0,0.0
3765,Anne Heche,2020-10-26,Q234610,6,6,6,1.0
3766,Carole Baskin,2020-10-26,Q88495947,0,0,0,0.0
3767,Charles Oakley,2020-10-26,Q608514,3,3,3,1.0
3768,Chrishell Stause,2020-10-26,Q5108579,0,0,0,0.0
3769,Jeannie Mai,2020-10-26,Q3176267,0,0,0,0.0
3770,Jesse Metcalfe,2020-10-26,Q317740,0,0,0,0.0
3771,Johnny Weir,2020-10-26,Q352193,0,0,0,0.0
3772,Justina Machado,2020-10-26,Q270382,0,0,0,0.0
3773,Kaitlyn Bristowe,2020-10-26,Q20090345,0,0,0,0.0
3774,Monica Aldama,2020-10-26,Q83688538,0,0,0,0.0
3775,Nelly,2020-10-26,Q1749410,0,0,0,0.0
3776,Nev Schulman,2020-10-26,Q15142015,0,0,0,0.0
3777,Skai Jackson,2020-10-26,Q297724,0,0,0,0.0
3778,Veron Davis,2020-10-26,,0,0,0,0.0
3779,AJ McLean,2020-11-02,Q313408,0,0,0,0.0
3780,Anne Heche,2020-11-02,Q234610,6,6,6,1.0
3781,Carole Baskin,2020-11-02,Q88495947,0,0,0,0.0
3782,Charles Oakley,2020-11-02,Q608514,3,3,3,1.0
3783,Chrishell Stause,2020-11-02,Q5108579,0,0,0,0.0
3784,Jeannie Mai,2020-11-02,Q3176267,0,0,0,0.0
3785,Jesse Metcalfe,2020-11-02,Q317740,0,0,0,0.0
3786,Johnny Weir,2020-11-02,Q352193,0,0,0,0.0
3787,Justina Machado,2020-11-02,Q270382,0,0,0,0.0
3788,Kaitlyn Bristowe,2020-11-02,Q20090345,0,0,0,0.0
3789,Monica Aldama,2020-11-02,Q83688538,0,0,0,0.0
3790,Nelly,2020-11-02,Q1749410,0,0,0,0.0
3791,Nev Schulman,2020-11-02,Q15142015,0,0,0,0.0
3792,Skai Jackson,2020-11-02,Q297724,0,0,0,0.0
3793,Veron Davis,2020-11-02,,0,0,0,0.0
3794,AJ McLean,2020-11-09,Q313408,0,0,0,0.0
3795,Anne Heche,2020-11-09,Q234610,6,6,6,1.0
3796,Carole Baskin,2020-11-09,Q88495947,0,0,0,0.0
3797,Charles Oakley,2020-11-09,Q608514,3,3,3,1.0
3798,Chrishell Stause,2020-11-09,Q5108579,0,0,0,0.0
3799,Jeannie Mai,2020-11-09,Q3176267,0,0,0,0.0
3800,Jesse Metcalfe,2020-11-09,Q317740,0,0,0,0.0
3801,Johnny Weir,2020-11-09,Q352193,0,0,0,0.0
3802,Justina Machado,2020-11-09,Q270382,0,0,0,0.0
3803,Kaitlyn Bristowe,2020-11-09,Q20090345,0,0,0,0.0
3804,Monica Aldama,2020-11-09,Q83688538,0,0,0,0.0
3805,Nelly,2020-11-09,Q1749410,0,0,0,0.0
3806,Nev Schulman,2020-11-09,Q15142015,0,0,0,0.0
3807,Skai Jackson,2020-11-09,Q297724,0,0,0,0.0
3808,Veron Davis,2020-11-09,,0,0,0,0.0
3809,AJ McLean,2020-11-16,Q313408,0,0,0,0.0
3810,Anne Heche,2020-11-16,Q234610,6,6,6,1.0
3811,Carole Baskin,2020-11-16,Q88495947,0,0,0,0.0
3812,Charles Oakley,2020-11-16,Q608514,3,3,3,1.0
3813,Chrishell Stause,2020-11-16,Q5108579,0,0,0,0.0
3814,Jeannie Mai,2020-11-16,Q3176267,0,0,0,0.0
3815,Jesse Metcalfe,2020-11-16,Q317740,0,0,0,0.0
3816,Johnny Weir,2020-11-16,Q352193,0,0,0,0.0
3817,Justina Machado,2020-11-16,Q270382,0,0,0,0.0
3818,Kaitlyn Bristowe,2020-11-16,Q20090345,0,0,0,0.0
3819,Monica Aldama,2020-11-16,Q83688538,0,0,0,0.0
3820,Nelly,2020-11-16,Q1749410,0,0,0,0.0
3821,Nev Schulman,2020-11-16,Q15142015,0,0,0,0.0
3822,Skai Jackson,2020-11-16,Q297724,0,0,0,0.0
3823,Veron Davis,2020-11-16,,0,0,0,0.0
3824,AJ McLean,2020-11-23,Q313408,0,0,0,0.0
3825,Anne Heche,2020-11-23,Q234610,6,6,6,1.0
3826,Carole Baskin,2020-11-23,Q88495947,0,0,0,0.0
3827,Charles Oakley,2020-11-23,Q608514,3,3,3,1.0
3828,Chrishell Stause,2020-11-23,Q5108579,0,0,0,0.0
3829,Jeannie Mai,2020-11-23,Q3176267,0,0,0,0.0
3830,Jesse Metcalfe,2020-11-23,Q317740,0,0,0,0.0
3831,Johnny Weir,2020-11-23,Q352193,0,0,0,0.0
3832,Justina Machado,2020-11-23,Q270382,0,0,0,0.0
3833,Kaitlyn Bristowe,2020-11-23,Q20090345,0,0,0,0.0
3834,Monica Aldama,2020-11-23,Q83688538,0,0,0,0.0
3835,Nelly,2020-11-23,Q1749410,0,0,0,0.0
3836,Nev Schulman,2020-11-23,Q15142015,0,0,0,0.0
3837,Skai Jackson,2020-11-23,Q297724,0,0,0,0.0
3838,Veron Davis,2020-11-23,,0,0,0,0.0
3839,Amanda Kloots,2021-09-20,Q102193042,0,0,0,0.0
3840,Brian Austin Green,2021-09-20,Q313311,0,0,0,0.0
3841,Christine Chiu,2021-09-20,Q105491159,0,0,0,0.0
3842,Cody Rigsby,2021-09-20,Q109670980,0,0,0,0.0
3843,Iman Shumpert,2021-09-20,Q716081,0,0,0,0.0
3844,Jimmie Allen,2021-09-20,Q55584464,0,0,0,0.0
3845,JoJo Siwa,2021-09-20,Q24174947,0,0,0,0.0
3846,Kenya Moore,2021-09-20,Q447710,0,0,0,0.0
3847,Martin Kove,2021-09-20,Q508795,0,0,0,0.0
3848,Matt James,2021-09-20,Q116496896,0,0,0,0.0
3849,Melanie C,2021-09-20,Q151830,0,0,0,0.0
3850,Melora Hardin,2021-09-20,Q269901,0,0,0,0.0
3851,"Mike ""The Miz"" Mizanin",2021-09-20,Q44379,0,0,0,0.0
3852,Olivia Jade,2021-09-20,Q62065482,0,0,0,0.0
3853,Suni Lee,2021-09-20,Q59484397,1,1,1,1.0
3854,Amanda Kloots,2021-09-27,Q102193042,0,0,0,0.0
3855,Brian Austin Green,2021-09-27,Q313311,0,0,0,0.0
3856,Christine Chiu,2021-09-27,Q105491159,0,0,0,0.0
3857,Cody Rigsby,2021-09-27,Q109670980,0,0,0,0.0
3858,Iman Shumpert,2021-09-27,Q716081,0,0,0,0.0
3859,Jimmie Allen,2021-09-27,Q55584464,0,0,0,0.0
3860,JoJo Siwa,2021-09-27,Q24174947,0,0,0,0.0
3861,Kenya Moore,2021-09-27,Q447710,0,0,0,0.0
3862,Martin Kove,2021-09-27,Q508795,0,0,0,0.0
3863,Matt James,2021-09-27,Q116496896,0,0,0,0.0
3864,Melanie C,2021-09-27,Q151830,0,0,0,0.0
3865,Melora Hardin,2021-09-27,Q269901,0,0,0,0.0
3866,"Mike ""The Miz"" Mizanin",2021-09-27,Q44379,0,0,0,0.0
3867,Olivia Jade,2021-09-27,Q62065482,0,0,0,0.0
3868,Suni Lee,2021-09-27,Q59484397,1,1,1,1.0
3869,Amanda Kloots,2021-10-04,Q102193042,0,0,0,0.0
3870,Brian Austin Green,2021-10-04,Q313311,0,0,0,0.0
3871,Christine Chiu,2021-10-04,Q105491159,0,0,0,0.0
3872,Cody Rigsby,2021-10-04,Q109670980,0,0,0,0.0
3873,Iman Shumpert,2021-10-04,Q716081,0,0,0,0.0
3874,Jimmie Allen,2021-10-04,Q55584464,0,0,0,0.0
3875,JoJo Siwa,2021-10-04,Q24174947,0,0,0,0.0
3876,Kenya Moore,2021-10-04,Q447710,0,0,0,0.0
3877,Martin Kove,2021-10-04,Q508795,0,0,0,0.0
3878,Matt James,2021-10-04,Q116496896,0,0,0,0.0
3879,Melanie C,2021-10-04,Q151830,0,0,0,0.0
3880,Melora Hardin,2021-10-04,Q269901,0,0,0,0.0
3881,"Mike ""The Miz"" Mizanin",2021-10-04,Q44379,0,0,0,0.0
3882,Olivia Jade,2021-10-04,Q62065482,0,0,0,0.0
3883,Suni Lee,2021-10-04,Q59484397,1,1,1,1.0
3884,Amanda Kloots,2021-10-11,Q102193042,0,0,0,0.0
3885,Brian Austin Green,2021-10-11,Q313311,0,0,0,0.0
3886,Christine Chiu,2021-10-11,Q105491159,0,0,0,0.0
3887,Cody Rigsby,2021-10-11,Q109670980,0,0,0,0.0
3888,Iman Shumpert,2021-10-11,Q716081,0,0,0,0.0
3889,Jimmie Allen,2021-10-11,Q55584464,0,0,0,0.0
3890,JoJo Siwa,2021-10-11,Q24174947,0,0,0,0.0
3891,Kenya Moore,2021-10-11,Q447710,0,0,0,0.0
3892,Martin Kove,2021-10-11,Q508795,0,0,0,0.0
3893,Matt James,2021-10-11,Q116496896,0,0,0,0.0
3894,Melanie C,2021-10-11,Q151830,0,0,0,0.0
3895,Melora Hardin,2021-10-11,Q269901,0,0,0,0.0
3896,"Mike ""The Miz"" Mizanin",2021-10-11,Q44379,0,0,0,0.0
3897,Olivia Jade,2021-10-11,Q62065482,0,0,0,0.0
3898,Suni Lee,2021-10-11,Q59484397,1,1,1,1.0
3899,Amanda Kloots,2021-10-18,Q102193042,0,0,0,0.0
3900,Brian Austin Green,2021-10-18,Q313311,0,0,0,0.0
3901,Christine Chiu,2021-10-18,Q105491159,0,0,0,0.0
3902,Cody Rigsby,2021-10-18,Q109670980,0,0,0,0.0
3903,Iman Shumpert,2021-10-18,Q716081,0,0,0,0.0
3904,Jimmie Allen,2021-10-18,Q55584464,0,0,0,0.0
3905,JoJo Siwa,2021-10-18,Q24174947,0,0,0,0.0
3906,Kenya Moore,2021-10-18,Q447710,0,0,0,0.0
3907,Martin Kove,2021-10-18,Q508795,0,0,0,0.0
3908,Matt James,2021-10-18,Q116496896,0,0,0,0.0
3909,Melanie C,2021-10-18,Q151830,0,0,0,0.0
3910,Melora Hardin,2021-10-18,Q269901,0,0,0,0.0
3911,"Mike ""The Miz"" Mizanin",2021-10-18,Q44379,0,0,0,0.0
3912,Olivia Jade,2021-10-18,Q62065482,0,0,0,0.0
3913,Suni Lee,2021-10-18,Q59484397,1,1,1,1.0
3914,Amanda Kloots,2021-10-25,Q102193042,0,0,0,0.0
3915,Brian Austin Green,2021-10-25,Q313311,0,0,0,0.0
3916,Christine Chiu,2021-10-25,Q105491159,0,0,0,0.0
3917,Cody Rigsby,2021-10-25,Q109670980,0,0,0,0.0
3918,Iman Shumpert,2021-10-25,Q716081,0,0,0,0.0
3919,Jimmie Allen,2021-10-25,Q55584464,0,0,0,0.0
3920,JoJo Siwa,2021-10-25,Q24174947,0,0,0,0.0
3921,Kenya Moore,2021-10-25,Q447710,0,0,0,0.0
3922,Martin Kove,2021-10-25,Q508795,0,0,0,0.0
3923,Matt James,2021-10-25,Q116496896,0,0,0,0.0
3924,Melanie C,2021-10-25,Q151830,0,0,0,0.0
3925,Melora Hardin,2021-10-25,Q269901,0,0,0,0.0
3926,"Mike ""The Miz"" Mizanin",2021-10-25,Q44379,0,0,0,0.0
3927,Olivia Jade,2021-10-25,Q62065482,0,0,0,0.0
3928,Suni Lee,2021-10-25,Q59484397,1,1,1,1.0
3929,Amanda Kloots,2021-11-01,Q102193042,0,0,0,0.0
3930,Brian Austin Green,2021-11-01,Q313311,0,0,0,0.0
3931,Christine Chiu,2021-11-01,Q105491159,0,0,0,0.0
3932,Cody Rigsby,2021-11-01,Q109670980,0,0,0,0.0
3933,Iman Shumpert,2021-11-01,Q716081,0,0,0,0.0
3934,Jimmie Allen,2021-11-01,Q55584464,0,0,0,0.0
3935,JoJo Siwa,2021-11-01,Q24174947,0,0,0,0.0
3936,Kenya Moore,2021-11-01,Q447710,0,0,0,0.0
3937,Martin Kove,2021-11-01,Q508795,0,0,0,0.0
3938,Matt James,2021-11-01,Q116496896,0,0,0,0.0
3939,Melanie C,2021-11-01,Q151830,0,0,0,0.0
3940,Melora Hardin,2021-11-01,Q269901,0,0,0,0.0
3941,"Mike ""The Miz"" Mizanin",2021-11-01,Q44379,0,0,0,0.0
3942,Olivia Jade,2021-11-01,Q62065482,0,0,0,0.0
3943,Suni Lee,2021-11-01,Q59484397,1,1,1,1.0
3944,Amanda Kloots,2021-11-08,Q102193042,0,0,0,0.0
3945,Brian Austin Green,2021-11-08,Q313311,0,0,0,0.0
3946,Christine Chiu,2021-11-08,Q105491159,0,0,0,0.0
3947,Cody Rigsby,2021-11-08,Q109670980,0,0,0,0.0
3948,Iman Shumpert,2021-11-08,Q716081,0,0,0,0.0
3949,Jimmie Allen,2021-11-08,Q55584464,0,0,0,0.0
3950,JoJo Siwa,2021-11-08,Q24174947,0,0,0,0.0
3951,Kenya Moore,2021-11-08,Q447710,0,0,0,0.0
3952,Martin Kove,2021-11-08,Q508795,0,0,0,0.0
3953,Matt James,2021-11-08,Q116496896,0,0,0,0.0
3954,Melanie C,2021-11-08,Q151830,0,0,0,0.0
3955,Melora Hardin,2021-11-08,Q269901,0,0,0,0.0
3956,"Mike ""The Miz"" Mizanin",2021-11-08,Q44379,0,0,0,0.0
3957,Olivia Jade,2021-11-08,Q62065482,0,0,0,0.0
3958,Suni Lee,2021-11-08,Q59484397,1,1,1,1.0
3959,Amanda Kloots,2021-11-15,Q102193042,0,0,0,0.0
3960,Brian Austin Green,2021-11-15,Q313311,0,0,0,0.0
3961,Christine Chiu,2021-11-15,Q105491159,0,0,0,0.0
3962,Cody Rigsby,2021-11-15,Q109670980,0,0,0,0.0
3963,Iman Shumpert,2021-11-15,Q716081,0,0,0,0.0
3964,Jimmie Allen,2021-11-15,Q55584464,0,0,0,0.0
3965,JoJo Siwa,2021-11-15,Q24174947,0,0,0,0.0
3966,Kenya Moore,2021-11-15,Q447710,0,0,0,0.0
3967,Martin Kove,2021-11-15,Q508795,0,0,0,0.0
3968,Matt James,2021-11-15,Q116496896,0,0,0,0.0
3969,Melanie C,2021-11-15,Q151830,0,0,0,0.0
3970,Melora Hardin,2021-11-15,Q269901,0,0,0,0.0
3971,"Mike ""The Miz"" Mizanin",2021-11-15,Q44379,0,0,0,0.0
3972,Olivia Jade,2021-11-15,Q62065482,0,0,0,0.0
3973,Suni Lee,2021-11-15,Q59484397,1,1,1,1.0
3974,Amanda Kloots,2021-11-22,Q102193042,0,0,0,0.0
3975,Brian Austin Green,2021-11-22,Q313311,0,0,0,0.0
3976,Christine Chiu,2021-11-22,Q105491159,0,0,0,0.0
3977,Cody Rigsby,2021-11-22,Q109670980,0,0,0,0.0
3978,Iman Shumpert,2021-11-22,Q716081,0,0,0,0.0
3979,Jimmie Allen,2021-11-22,Q55584464,0,0,0,0.0
3980,JoJo Siwa,2021-11-22,Q24174947,0,0,0,0.0
3981,Kenya Moore,2021-11-22,Q447710,0,0,0,0.0
3982,Martin Kove,2021-11-22,Q508795,0,0,0,0.0
3983,Matt James,2021-11-22,Q116496896,0,0,0,0.0
3984,Melanie C,2021-11-22,Q151830,0,0,0,0.0
3985,Melora Hardin,2021-11-22,Q269901,0,0,0,0.0
3986,"Mike ""The Miz"" Mizanin",2021-11-22,Q44379,0,0,0,0.0
3987,Olivia Jade,2021-11-22,Q62065482,0,0,0,0.0
3988,Suni Lee,2021-11-22,Q59484397,1,1,1,1.0
3989,Amanda Kloots,,Q102193042,0,0,0,0.0
3990,Brian Austin Green,,Q313311,0,0,0,0.0
3991,Christine Chiu,,Q105491159,0,0,0,0.0
3992,Cody Rigsby,,Q109670980,0,0,0,0.0
3993,Iman Shumpert,,Q716081,0,0,0,0.0
3994,Jimmie Allen,,Q55584464,0,0,0,0.0
3995,JoJo Siwa,,Q24174947,0,0,0,0.0
3996,Kenya Moore,,Q447710,0,0,0,0.0
3997,Martin Kove,,Q508795,0,0,0,0.0
3998,Matt James,,Q116496896,0,0,0,0.0
3999,Melanie C,,Q151830,0,0,0,0.0
4000,Melora Hardin,,Q269901,0,0,0,0.0
4001,"Mike ""The Miz"" Mizanin",,Q44379,0,0,0,0.0
4002,Olivia Jade,,Q62065482,0,0,0,0.0
4003,Suni Lee,,Q59484397,0,0,0,0.0
4004,Charli D'Amelio,2022-09-19,Q83648587,1,1,1,1.0
4005,Cheryl Ladd,2022-09-19,Q218884,0,0,0,0.0
4006,Daniel Durant,2022-09-19,Q22046533,1,1,1,1.0
4007,Gabby Windey,2022-09-19,Q111171299,0,0,0,0.0
4008,Heidi D'Amelio,2022-09-19,Q100791818,0,0,0,0.0
4009,Jason Lewis,2022-09-19,Q27322,0,0,0,0.0
4010,Jessie James Decker,2022-09-19,Q436276,0,0,0,0.0
4011,Jordin Sparks,2022-09-19,Q215300,4,4,4,1.0
4012,Joseph Baena,2022-09-19,Q23800185,0,0,0,0.0
4013,Sam Champion,2022-09-19,Q114992664,0,0,0,0.0
4014,Selma Blair,2022-09-19,Q264748,1,1,1,1.0
4015,Shangela,2022-09-19,Q7488379,0,0,0,0.0
4016,Teresa Giudice,2022-09-19,Q7702149,0,0,0,0.0
4017,Trevor Donovan,2022-09-19,Q716071,0,0,0,0.0
4018,Vinny Guadagnino,2022-09-19,Q4013318,0,0,0,0.0
4019,Wayne Brady,2022-09-19,Q1397155,2,1,0,0.5
4020,Charli D'Amelio,2022-09-26,Q83648587,1,1,1,1.0
4021,Cheryl Ladd,2022-09-26,Q218884,0,0,0,0.0
4022,Daniel Durant,2022-09-26,Q22046533,1,1,1,1.0
4023,Gabby Windey,2022-09-26,Q111171299,0,0,0,0.0
4024,Heidi D'Amelio,2022-09-26,Q100791818,0,0,0,0.0
4025,Jason Lewis,2022-09-26,Q27322,0,0,0,0.0
4026,Jessie James Decker,2022-09-26,Q436276,0,0,0,0.0
4027,Jordin Sparks,2022-09-26,Q215300,4,4,4,1.0
4028,Joseph Baena,2022-09-26,Q23800185,0,0,0,0.0
4029,Sam Champion,2022-09-26,Q114992664,0,0,0,0.0
4030,Selma Blair,2022-09-26,Q264748,1,1,1,1.0
4031,Shangela,2022-09-26,Q7488379,0,0,0,0.0
4032,Teresa Giudice,2022-09-26,Q7702149,0,0,0,0.0
4033,Trevor Donovan,2022-09-26,Q716071,0,0,0,0.0
4034,Vinny Guadagnino,2022-09-26,Q4013318,0,0,0,0.0
4035,Wayne Brady,2022-09-26,Q1397155,2,1,0,0.5
4036,Charli D'Amelio,2022-10-03,Q83648587,1,1,1,1.0
4037,Cheryl Ladd,2022-10-03,Q218884,0,0,0,0.0
4038,Daniel Durant,2022-10-03,Q22046533,1,1,1,1.0
4039,Gabby Windey,2022-10-03,Q111171299,0,0,0,0.0
4040,Heidi D'Amelio,2022-10-03,Q100791818,0,0,0,0.0
4041,Jason Lewis,2022-10-03,Q27322,0,0,0,0.0
4042,Jessie James Decker,2022-10-03,Q436276,0,0,0,0.0
4043,Jordin Sparks,2022-10-03,Q215300,4,4,4,1.0
4044,Joseph Baena,2022-10-03,Q23800185,0,0,0,0.0
4045,Sam Champion,2022-10-03,Q114992664,0,0,0,0.0
4046,Selma Blair,2022-10-03,Q264748,1,1,1,1.0
4047,Shangela,2022-10-03,Q7488379,0,0,0,0.0
4048,Teresa Giudice,2022-10-03,Q7702149,0,0,0,0.0
4049,Trevor Donovan,2022-10-03,Q716071,0,0,0,0.0
4050,Vinny Guadagnino,2022-10-03,Q4013318,0,0,0,0.0
4051,Wayne Brady,2022-10-03,Q1397155,2,1,0,0.5
4052,Charli D'Amelio,2022-10-10,Q83648587,1,1,1,1.0
4053,Cheryl Ladd,2022-10-10,Q218884,0,0,0,0.0
4054,Daniel Durant,2022-10-10,Q22046533,1,1,1,1.0
4055,Gabby Windey,2022-10-10,Q111171299,0,0,0,0.0
4056,Heidi D'Amelio,2022-10-10,Q100791818,0,0,0,0.0
4057,Jason Lewis,2022-10-10,Q27322,0,0,0,0.0
4058,Jessie James Decker,2022-10-10,Q436276,0,0,0,0.0
4059,Jordin Sparks,2022-10-10,Q215300,4,4,4,1.0
4060,Joseph Baena,2022-10-10,Q23800185,0,0,0,0.0
4061,Sam Champion,2022-10-10,Q114992664,0,0,0,0.0
4062,Selma Blair,2022-10-10,Q264748,1,1,1,1.0
4063,Shangela,2022-10-10,Q7488379,0,0,0,0.0
4064,Teresa Giudice,2022-10-10,Q7702149,0,0,0,0.0
4065,Trevor Donovan,2022-10-10,Q716071,0,0,0,0.0
4066,Vinny Guadagnino,2022-10-10,Q4013318,0,0,0,0.0
4067,Wayne Brady,2022-10-10,Q1397155,2,1,0,0.5
4068,Charli D'Amelio,2022-10-17,Q83648587,1,1,1,1.0
4069,Cheryl Ladd,2022-10-17,Q218884,0,0,0,0.0
4070,Daniel Durant,2022-10-17,Q22046533,1,1,1,1.0
4071,Gabby Windey,2022-10-17,Q111171299,0,0,0,0.0
4072,Heidi D'Amelio,2022-10-17,Q100791818,0,0,0,0.0
4073,Jason Lewis,2022-10-17,Q27322,0,0,0,0.0
4074,Jessie James Decker,2022-10-17,Q436276,0,0,0,0.0
4075,Jordin Sparks,2022-10-17,Q215300,4,4,4,1.0
4076,Joseph Baena,2022-10-17,Q23800185,0,0,0,0.0
4077,Sam Champion,2022-10-17,Q114992664,0,0,0,0.0
4078,Selma Blair,2022-10-17,Q264748,1,1,1,1.0
4079,Shangela,2022-10-17,Q7488379,0,0,0,0.0
4080,Teresa Giudice,2022-10-17,Q7702149,0,0,0,0.0
4081,Trevor Donovan,2022-10-17,Q716071,0,0,0,0.0
4082,Vinny Guadagnino,2022-10-17,Q4013318,0,0,0,0.0
4083,Wayne Brady,2022-10-17,Q1397155,2,1,0,0.5
4084,Charli D'Amelio,2022-10-24,Q83648587,1,1,1,1.0
4085,Cheryl Ladd,2022-10-24,Q218884,0,0,0,0.0
4086,Daniel Durant,2022-10-24,Q22046533,1,1,1,1.0
4087,Gabby Windey,2022-10-24,Q111171299,0,0,0,0.0
4088,Heidi D'Amelio,2022-10-24,Q100791818,0,0,0,0.0
4089,Jason Lewis,2022-10-24,Q27322,0,0,0,0.0
4090,Jessie James Decker,2022-10-24,Q436276,0,0,0,0.0
4091,Jordin Sparks,2022-10-24,Q215300,4,4,4,1.0
4092,Joseph Baena,2022-10-24,Q23800185,0,0,0,0.0
4093,Sam Champion,2022-10-24,Q114992664,0,0,0,0.0
4094,Selma Blair,2022-10-24,Q264748,1,1,1,1.0
4095,Shangela,2022-10-24,Q7488379,0,0,0,0.0
4096,Teresa Giudice,2022-10-24,Q7702149,0,0,0,0.0
4097,Trevor Donovan,2022-10-24,Q716071,0,0,0,0.0
4098,Vinny Guadagnino,2022-10-24,Q4013318,0,0,0,0.0
4099,Wayne Brady,2022-10-24,Q1397155,2,1,0,0.5
4100,Charli D'Amelio,2022-10-31,Q83648587,1,1,1,1.0
4101,Cheryl Ladd,2022-10-31,Q218884,0,0,0,0.0
4102,Daniel Durant,2022-10-31,Q22046533,1,1,1,1.0
4103,Gabby Windey,2022-10-31,Q111171299,0,0,0,0.0
4104,Heidi D'Amelio,2022-10-31,Q100791818,0,0,0,0.0
4105,Jason Lewis,2022-10-31,Q27322,0,0,0,0.0
4106,Jessie James Decker,2022-10-31,Q436276,0,0,0,0.0
4107,Jordin Sparks,2022-10-31,Q215300,4,4,4,1.0
4108,Joseph Baena,2022-10-31,Q23800185,0,0,0,0.0
4109,Sam Champion,2022-10-31,Q114992664,0,0,0,0.0
4110,Selma Blair,2022-10-31,Q264748,1,1,1,1.0
4111,Shangela,2022-10-31,Q7488379,0,0,0,0.0
4112,Teresa Giudice,2022-10-31,Q7702149,0,0,0,0.0
4113,Trevor Donovan,2022-10-31,Q716071,0,0,0,0.0
4114,Vinny Guadagnino,2022-10-31,Q4013318,0,0,0,0.0
4115,Wayne Brady,2022-10-31,Q1397155,2,1,0,0.5
4116,Charli D'Amelio,2022-11-07,Q83648587,1,1,1,1.0
4117,Cheryl Ladd,2022-11-07,Q218884,0,0,0,0.0
4118,Daniel Durant,2022-11-07,Q22046533,1,1,1,1.0
4119,Gabby Windey,2022-11-07,Q111171299,0,0,0,0.0
4120,Heidi D'Amelio,2022-11-07,Q100791818,0,0,0,0.0
4121,Jason Lewis,2022-11-07,Q27322,0,0,0,0.0
4122,Jessie James Decker,2022-11-07,Q436276,0,0,0,0.0
4123,Jordin Sparks,2022-11-07,Q215300,4,4,4,1.0
4124,Joseph Baena,2022-11-07,Q23800185,0,0,0,0.0
4125,Sam Champion,2022-11-07,Q114992664,0,0,0,0.0
4126,Selma Blair,2022-11-07,Q264748,1,1,1,1.0
4127,Shangela,2022-11-07,Q7488379,0,0,0,0.0
4128,Teresa Giudice,2022-11-07,Q7702149,0,0,0,0.0
4129,Trevor Donovan,2022-11-07,Q716071,0,0,0,0.0
4130,Vinny Guadagnino,2022-11-07,Q4013318,0,0,0,0.0
4131,Wayne Brady,2022-11-07,Q1397155,2,1,0,0.5
4132,Charli D'Amelio,2022-11-14,Q83648587,1,1,1,1.0
4133,Cheryl Ladd,2022-11-14,Q218884,0,0,0,0.0
4134,Daniel Durant,2022-11-14,Q22046533,1,1,1,1.0
4135,Gabby Windey,2022-11-14,Q111171299,0,0,0,0.0
4136,Heidi D'Amelio,2022-11-14,Q100791818,0,0,0,0.0
4137,Jason Lewis,2022-11-14,Q27322,0,0,0,0.0
4138,Jessie James Decker,2022-11-14,Q436276,0,0,0,0.0
4139,Jordin Sparks,2022-11-14,Q215300,4,4,4,1.0
4140,Joseph Baena,2022-11-14,Q23800185,0,0,0,0.0
4141,Sam Champion,2022-11-14,Q114992664,0,0,0,0.0
4142,Selma Blair,2022-11-14,Q264748,1,1,1,1.0
4143,Shangela,2022-11-14,Q7488379,0,0,0,0.0
4144,Teresa Giudice,2022-11-14,Q7702149,0,0,0,0.0
4145,Trevor Donovan,2022-11-14,Q716071,0,0,0,0.0
4146,Vinny Guadagnino,2022-11-14,Q4013318,0,0,0,0.0
4147,Wayne Brady,2022-11-14,Q1397155,2,1,0,0.5
4148,Charli D'Amelio,2022-11-21,Q83648587,1,1,1,1.0
4149,Cheryl Ladd,2022-11-21,Q218884,0,0,0,0.0
4150,Daniel Durant,2022-11-21,Q22046533,1,1,1,1.0
4151,Gabby Windey,2022-11-21,Q111171299,0,0,0,0.0
4152,Heidi D'Amelio,2022-11-21,Q100791818,0,0,0,0.0
4153,Jason Lewis,2022-11-21,Q27322,0,0,0,0.0
4154,Jessie James Decker,2022-11-21,Q436276,0,0,0,0.0
4155,Jordin Sparks,2022-11-21,Q215300,4,4,4,1.0
4156,Joseph Baena,2022-11-21,Q23800185,0,0,0,0.0
4157,Sam Champion,2022-11-21,Q114992664,0,0,0,0.0
4158,Selma Blair,2022-11-21,Q264748,1,1,1,1.0
4159,Shangela,2022-11-21,Q7488379,0,0,0,0.0
4160,Teresa Giudice,2022-11-21,Q7702149,0,0,0,0.0
4161,Trevor Donovan,2022-11-21,Q716071,0,0,0,0.0
4162,Vinny Guadagnino,2022-11-21,Q4013318,0,0,0,0.0
4163,Wayne Brady,2022-11-21,Q1397155,2,1,0,0.5
4164,Charli D'Amelio,,Q83648587,0,0,0,0.0
4165,Cheryl Ladd,,Q218884,0,0,0,0.0
4166,Daniel Durant,,Q22046533,0,0,0,0.0
4167,Gabby Windey,,Q111171299,0,0,0,0.0
4168,Heidi D'Amelio,,Q100791818,0,0,0,0.0
4169,Jason Lewis,,Q27322,0,0,0,0.0
4170,Jessie James Decker,,Q436276,0,0,0,0.0
4171,Jordin Sparks,,Q215300,0,0,0,0.0
4172,Joseph Baena,,Q23800185,0,0,0,0.0
4173,Sam Champion,,Q114992664,0,0,0,0.0
4174,Selma Blair,,Q264748,0,0,0,0.0
4175,Shangela,,Q7488379,0,0,0,0.0
4176,Teresa Giudice,,Q7702149,0,0,0,0.0
4177,Trevor Donovan,,Q716071,0,0,0,0.0
4178,Vinny Guadagnino,,Q4013318,0,0,0,0.0
4179,Wayne Brady,,Q1397155,0,0,0,0.0
4180,Adrian Peterson,2023-09-26,Q100899846,0,0,0,0.0
4181,Alyson Hannigan,2023-09-26,Q199927,4,4,4,1.0
4182,Ariana Madix,2023-09-26,Q64852987,0,0,0,0.0
4183,Barry Williams,2023-09-26,Q121299255,0,0,0,0.0
4184,Charity Lawson,2023-09-26,Q117138689,0,0,0,0.0
4185,Harry Jowsey,2023-09-26,Q124809467,0,0,0,0.0
4186,Jamie Lynn Spears,2023-09-26,Q55497,0,0,0,0.0
4187,Jason Mraz,2023-09-26,Q192515,7,6,6,0.8571428571428571
4188,Lele Pons,2023-09-26,Q12297196,3,3,3,1.0
4189,Matt Walsh,2023-09-26,Q2278533,0,0,0,0.0
4190,Mauricio Umansky,2023-09-26,Q22078255,0,0,0,0.0
4191,Mira Sorvino,2023-09-26,Q212026,1,1,1,1.0
4192,Tyson Beckford,2023-09-26,Q738212,0,0,0,0.0
4193,Xochitl Gomez,2023-09-26,Q102427314,2,2,2,1.0
4194,Adrian Peterson,2023-10-03,Q100899846,0,0,0,0.0
4195,Alyson Hannigan,2023-10-03,Q199927,4,4,4,1.0
4196,Ariana Madix,2023-10-03,Q64852987,0,0,0,0.0
4197,Barry Williams,2023-10-03,Q121299255,0,0,0,0.0
4198,Charity Lawson,2023-10-03,Q117138689,0,0,0,0.0
4199,Harry Jowsey,2023-10-03,Q124809467,0,0,0,0.0
4200,Jamie Lynn Spears,2023-10-03,Q55497,0,0,0,0.0
4201,Jason Mraz,2023-10-03,Q192515,7,6,6,0.8571428571428571
4202,Lele Pons,2023-10-03,Q12297196,3,3,3,1.0
4203,Matt Walsh,2023-10-03,Q2278533,0,0,0,0.0
4204,Mauricio Umansky,2023-10-03,Q22078255,0,0,0,0.0
4205,Mira Sorvino,2023-10-03,Q212026,1,1,1,1.0
4206,Tyson Beckford,2023-10-03,Q738212,0,0,0,0.0
4207,Xochitl Gomez,2023-10-03,Q102427314,2,2,2,1.0
4208,Adrian Peterson,2023-10-10,Q100899846,0,0,0,0.0
4209,Alyson Hannigan,2023-10-10,Q199927,4,4,4,1.0
4210,Ariana Madix,2023-10-10,Q64852987,0,0,0,0.0
4211,Barry Williams,2023-10-10,Q121299255,0,0,0,0.0
4212,Charity Lawson,2023-10-10,Q117138689,0,0,0,0.0
4213,Harry Jowsey,2023-10-10,Q124809467,0,0,0,0.0
4214,Jamie Lynn Spears,2023-10-10,Q55497,0,0,0,0.0
4215,Jason Mraz,2023-10-10,Q192515,7,6,6,0.8571428571428571
4216,Lele Pons,2023-10-10,Q12297196,3,3,3,1.0
4217,Matt Walsh,2023-10-10,Q2278533,0,0,0,0.0
4218,Mauricio Umansky,2023-10-10,Q22078255,0,0,0,0.0
4219,Mira Sorvino,2023-10-10,Q212026,1,1,1,1.0
4220,Tyson Beckford,2023-10-10,Q738212,0,0,0,0.0
4221,Xochitl Gomez,2023-10-10,Q102427314,2,2,2,1.0
4222,Adrian Peterson,2023-10-17,Q100899846,0,0,0,0.0
4223,Alyson Hannigan,2023-10-17,Q199927,4,4,4,1.0
4224,Ariana Madix,2023-10-17,Q64852987,0,0,0,0.0
4225,Barry Williams,2023-10-17,Q121299255,0,0,0,0.0
4226,Charity Lawson,2023-10-17,Q117138689,0,0,0,0.0
4227,Harry Jowsey,2023-10-17,Q124809467,0,0,0,0.0
4228,Jamie Lynn Spears,2023-10-17,Q55497,0,0,0,0.0
4229,Jason Mraz,2023-10-17,Q192515,7,6,6,0.8571428571428571
4230,Lele Pons,2023-10-17,Q12297196,3,3,3,1.0
4231,Matt Walsh,2023-10-17,Q2278533,0,0,0,0.0
4232,Mauricio Umansky,2023-10-17,Q22078255,0,0,0,0.0
4233,Mira Sorvino,2023-10-17,Q212026,1,1,1,1.0
4234,Tyson Beckford,2023-10-17,Q738212,0,0,0,0.0
4235,Xochitl Gomez,2023-10-17,Q102427314,2,2,2,1.0
4236,Adrian Peterson,2023-10-24,Q100899846,0,0,0,0.0
4237,Alyson Hannigan,2023-10-24,Q199927,4,4,4,1.0
4238,Ariana Madix,2023-10-24,Q64852987,0,0,0,0.0
4239,Barry Williams,2023-10-24,Q121299255,0,0,0,0.0
4240,Charity Lawson,2023-10-24,Q117138689,0,0,0,0.0
4241,Harry Jowsey,2023-10-24,Q124809467,0,0,0,0.0
4242,Jamie Lynn Spears,2023-10-24,Q55497,0,0,0,0.0
4243,Jason Mraz,2023-10-24,Q192515,7,6,6,0.8571428571428571
4244,Lele Pons,2023-10-24,Q12297196,3,3,3,1.0
4245,Matt Walsh,2023-10-24,Q2278533,0,0,0,0.0
4246,Mauricio Umansky,2023-10-24,Q22078255,0,0,0,0.0
4247,Mira Sorvino,2023-10-24,Q212026,1,1,1,1.0
4248,Tyson Beckford,2023-10-24,Q738212,0,0,0,0.0
4249,Xochitl Gomez,2023-10-24,Q102427314,2,2,2,1.0
4250,Adrian Peterson,2023-10-31,Q100899846,0,0,0,0.0
4251,Alyson Hannigan,2023-10-31,Q199927,4,4,4,1.0
4252,Ariana Madix,2023-10-31,Q64852987,0,0,0,0.0
4253,Barry Williams,2023-10-31,Q121299255,0,0,0,0.0
4254,Charity Lawson,2023-10-31,Q117138689,0,0,0,0.0
4255,Harry Jowsey,2023-10-31,Q124809467,0,0,0,0.0
4256,Jamie Lynn Spears,2023-10-31,Q55497,0,0,0,0.0
4257,Jason Mraz,2023-10-31,Q192515,7,6,6,0.8571428571428571
4258,Lele Pons,2023-10-31,Q12297196,3,3,3,1.0
4259,Matt Walsh,2023-10-31,Q2278533,0,0,0,0.0
4260,Mauricio Umansky,2023-10-31,Q22078255,0,0,0,0.0
4261,Mira Sorvino,2023-10-31,Q212026,1,1,1,1.0
4262,Tyson Beckford,2023-10-31,Q738212,0,0,0,0.0
4263,Xochitl Gomez,2023-10-31,Q102427314,2,2,2,1.0
4264,Adrian Peterson,2023-11-07,Q100899846,0,0,0,0.0
4265,Alyson Hannigan,2023-11-07,Q199927,4,4,4,1.0
4266,Ariana Madix,2023-11-07,Q64852987,0,0,0,0.0
4267,Barry Williams,2023-11-07,Q121299255,0,0,0,0.0
4268,Charity Lawson,2023-11-07,Q117138689,0,0,0,0.0
4269,Harry Jowsey,2023-11-07,Q124809467,0,0,0,0.0
4270,Jamie Lynn Spears,2023-11-07,Q55497,0,0,0,0.0
4271,Jason Mraz,2023-11-07,Q192515,7,6,6,0.8571428571428571
4272,Lele Pons,2023-11-07,Q12297196,3,3,3,1.0
4273,Matt Walsh,2023-11-07,Q2278533,0,0,0,0.0
4274,Mauricio Umansky,2023-11-07,Q22078255,0,0,0,0.0
4275,Mira Sorvino,2023-11-07,Q212026,1,1,1,1.0
4276,Tyson Beckford,2023-11-07,Q738212,0,0,0,0.0
4277,Xochitl Gomez,2023-11-07,Q102427314,2,2,2,1.0
4278,Adrian Peterson,2023-11-14,Q100899846,0,0,0,0.0
4279,Alyson Hannigan,2023-11-14,Q199927,4,4,4,1.0
4280,Ariana Madix,2023-11-14,Q64852987,0,0,0,0.0
4281,Barry Williams,2023-11-14,Q121299255,0,0,0,0.0
4282,Charity Lawson,2023-11-14,Q117138689,0,0,0,0.0
4283,Harry Jowsey,2023-11-14,Q124809467,0,0,0,0.0
4284,Jamie Lynn Spears,2023-11-14,Q55497,0,0,0,0.0
4285,Jason Mraz,2023-11-14,Q192515,7,6,6,0.8571428571428571
4286,Lele Pons,2023-11-14,Q12297196,3,3,3,1.0
4287,Matt Walsh,2023-11-14,Q2278533,0,0,0,0.0
4288,Mauricio Umansky,2023-11-14,Q22078255,0,0,0,0.0
4289,Mira Sorvino,2023-11-14,Q212026,1,1,1,1.0
4290,Tyson Beckford,2023-11-14,Q738212,0,0,0,0.0
4291,Xochitl Gomez,2023-11-14,Q102427314,2,2,2,1.0
4292,Adrian Peterson,2023-11-21,Q100899846,0,0,0,0.0
4293,Alyson Hannigan,2023-11-21,Q199927,4,4,4,1.0
4294,Ariana Madix,2023-11-21,Q64852987,0,0,0,0.0
4295,Barry Williams,2023-11-21,Q121299255,0,0,0,0.0
4296,Charity Lawson,2023-11-21,Q117138689,0,0,0,0.0
4297,Harry Jowsey,2023-11-21,Q124809467,0,0,0,0.0
4298,Jamie Lynn Spears,2023-11-21,Q55497,0,0,0,0.0
4299,Jason Mraz,2023-11-21,Q192515,7,6,6,0.8571428571428571
4300,Lele Pons,2023-11-21,Q12297196,3,3,3,1.0
4301,Matt Walsh,2023-11-21,Q2278533,0,0,0,0.0
4302,Mauricio Umansky,2023-11-21,Q22078255,0,0,0,0.0
4303,Mira Sorvino,2023-11-21,Q212026,1,1,1,1.0
4304,Tyson Beckford,2023-11-21,Q738212,0,0,0,0.0
4305,Xochitl Gomez,2023-11-21,Q102427314,2,2,2,1.0
4306,Adrian Peterson,2023-11-28,Q100899846,0,0,0,0.0
4307,Alyson Hannigan,2023-11-28,Q199927,4,4,4,1.0
4308,Ariana Madix,2023-11-28,Q64852987,0,0,0,0.0
4309,Barry Williams,2023-11-28,Q121299255,0,0,0,0.0
4310,Charity Lawson,2023-11-28,Q117138689,0,0,0,0.0
4311,Harry Jowsey,2023-11-28,Q124809467,0,0,0,0.0
4312,Jamie Lynn Spears,2023-11-28,Q55497,0,0,0,0.0
4313,Jason Mraz,2023-11-28,Q192515,7,6,6,0.8571428571428571
4314,Lele Pons,2023-11-28,Q12297196,3,3,3,1.0
4315,Matt Walsh,2023-11-28,Q2278533,0,0,0,0.0
4316,Mauricio Umansky,2023-11-28,Q22078255,0,0,0,0.0
4317,Mira Sorvino,2023-11-28,Q212026,1,1,1,1.0
4318,Tyson Beckford,2023-11-28,Q738212,0,0,0,0.0
4319,Xochitl Gomez,2023-11-28,Q102427314,2,2,2,1.0
4320,Adrian Peterson,2023-12-05,Q100899846,0,0,0,0.0
4321,Alyson Hannigan,2023-12-05,Q199927,4,4,4,1.0
4322,Ariana Madix,2023-12-05,Q64852987,0,0,0,0.0
4323,Barry Williams,2023-12-05,Q121299255,0,0,0,0.0
4324,Charity Lawson,2023-12-05,Q117138689,0,0,0,0.0
4325,Harry Jowsey,2023-12-05,Q124809467,0,0,0,0.0
4326,Jamie Lynn Spears,2023-12-05,Q55497,0,0,0,0.0
4327,Jason Mraz,2023-12-05,Q192515,7,6,6,0.8571428571428571
4328,Lele Pons,2023-12-05,Q12297196,3,3,3,1.0
4329,Matt Walsh,2023-12-05,Q2278533,0,0,0,0.0
4330,Mauricio Umansky,2023-12-05,Q22078255,0,0,0,0.0
4331,Mira Sorvino,2023-12-05,Q212026,1,1,1,1.0
4332,Tyson Beckford,2023-12-05,Q738212,0,0,0,0.0
4333,Xochitl Gomez,2023-12-05,Q102427314,2,2,2,1.0
4334,Anna Delvey,2024-09-17,Q55080956,0,0,0,0.0
4335,Brooks Nader,2024-09-17,Q118558462,0,0,0,0.0
4336,Chandler Kinney,2024-09-17,Q22670597,0,0,0,0.0
4337,Danny Amendola,2024-09-17,Q3702263,0,0,0,0.0
4338,Dwight Howard,2024-09-17,Q25278,14,14,13,1.0
4339,Eric Roberts,2024-09-17,Q207969,1,1,1,1.0
4340,Ilona Maher,2024-09-17,Q106086464,0,0,0,0.0
4341,Jenn Tran,2024-09-17,Q125150795,0,0,0,0.0
4342,Joey Graziadei,2024-09-17,Q123469653,0,0,0,0.0
4343,Phaedra Parks,2024-09-17,Q23417034,0,0,0,0.0
4344,Reginald VelJohnson,2024-09-17,Q470153,0,0,0,0.0
4345,Stephen Nedoroscik,2024-09-17,Q107328953,0,0,0,0.0
4346,Tori Spelling,2024-09-17,Q229050,1,1,1,1.0
4347,Anna Delvey,2024-09-24,Q55080956,0,0,0,0.0
4348,Brooks Nader,2024-09-24,Q118558462,0,0,0,0.0
4349,Chandler Kinney,2024-09-24,Q22670597,0,0,0,0.0
4350,Danny Amendola,2024-09-24,Q3702263,0,0,0,0.0
4351,Dwight Howard,2024-09-24,Q25278,14,14,13,1.0
4352,Eric Roberts,2024-09-24,Q207969,1,1,1,1.0
4353,Ilona Maher,2024-09-24,Q106086464,0,0,0,0.0
4354,Jenn Tran,2024-09-24,Q125150795,0,0,0,0.0
4355,Joey Graziadei,2024-09-24,Q123469653,0,0,0,0.0
4356,Phaedra Parks,2024-09-24,Q23417034,0,0,0,0.0
4357,Reginald VelJohnson,2024-09-24,Q470153,0,0,0,0.0
4358,Stephen Nedoroscik,2024-09-24,Q107328953,0,0,0,0.0
4359,Tori Spelling,2024-09-24,Q229050,1,1,1,1.0
4360,Anna Delvey,2024-10-07,Q55080956,0,0,0,0.0
4361,Brooks Nader,2024-10-07,Q118558462,0,0,0,0.0
4362,Chandler Kinney,2024-10-07,Q22670597,0,0,0,0.0
4363,Danny Amendola,2024-10-07,Q3702263,0,0,0,0.0
4364,Dwight Howard,2024-10-07,Q25278,14,14,13,1.0
4365,Eric Roberts,2024-10-07,Q207969,1,1,1,1.0
4366,Ilona Maher,2024-10-07,Q106086464,0,0,0,0.0
4367,Jenn Tran,2024-10-07,Q125150795,0,0,0,0.0
4368,Joey Graziadei,2024-10-07,Q123469653,0,0,0,0.0
4369,Phaedra Parks,2024-10-07,Q23417034,0,0,0,0.0
4370,Reginald VelJohnson,2024-10-07,Q470153,0,0,0,0.0
4371,Stephen Nedoroscik,2024-10-07,Q107328953,0,0,0,0.0
4372,Tori Spelling,2024-10-07,Q229050,1,1,1,1.0
4373,Anna Delvey,2024-10-15,Q55080956,0,0,0,0.0
4374,Brooks Nader,2024-10-15,Q118558462,0,0,0,0.0
4375,Chandler Kinney,2024-10-15,Q22670597,0,0,0,0.0
4376,Danny Amendola,2024-10-15,Q3702263,0,0,0,0.0
4377,Dwight Howard,2024-10-15,Q25278,14,14,13,1.0
4378,Eric Roberts,2024-10-15,Q207969,1,1,1,1.0
4379,Ilona Maher,2024-10-15,Q106086464,0,0,0,0.0
4380,Jenn Tran,2024-10-15,Q125150795,0,0,0,0.0
4381,Joey Graziadei,2024-10-15,Q123469653,0,0,0,0.0
4382,Phaedra Parks,2024-10-15,Q23417034,0,0,0,0.0
4383,Reginald VelJohnson,2024-10-15,Q470153,0,0,0,0.0
4384,Stephen Nedoroscik,2024-10-15,Q107328953,0,0,0,0.0
4385,Tori Spelling,2024-10-15,Q229050,1,1,1,1.0
4386,Anna Delvey,2024-10-22,Q55080956,0,0,0,0.0
4387,Brooks Nader,2024-10-22,Q118558462,0,0,0,0.0
4388,Chandler Kinney,2024-10-22,Q22670597,0,0,0,0.0
4389,Danny Amendola,2024-10-22,Q3702263,0,0,0,0.0
4390,Dwight Howard,2024-10-22,Q25278,14,14,13,1.0
4391,Eric Roberts,2024-10-22,Q207969,1,1,1,1.0
4392,Ilona Maher,2024-10-22,Q106086464,0,0,0,0.0
4393,Jenn Tran,2024-10-22,Q125150795,0,0,0,0.0
4394,Joey Graziadei,2024-10-22,Q123469653,0,0,0,0.0
4395,Phaedra Parks,2024-10-22,Q23417034,0,0,0,0.0
4396,Reginald VelJohnson,2024-10-22,Q470153,0,0,0,0.0
4397,Stephen Nedoroscik,2024-10-22,Q107328953,0,0,0,0.0
4398,Tori Spelling,2024-10-22,Q229050,1,1,1,1.0
4399,Anna Delvey,2024-10-29,Q55080956,0,0,0,0.0
4400,Brooks Nader,2024-10-29,Q118558462,0,0,0,0.0
4401,Chandler Kinney,2024-10-29,Q22670597,0,0,0,0.0
4402,Danny Amendola,2024-10-29,Q3702263,0,0,0,0.0
4403,Dwight Howard,2024-10-29,Q25278,14,14,13,1.0
4404,Eric Roberts,2024-10-29,Q207969,1,1,1,1.0
4405,Ilona Maher,2024-10-29,Q106086464,0,0,0,0.0
4406,Jenn Tran,2024-10-29,Q125150795,0,0,0,0.0
4407,Joey Graziadei,2024-10-29,Q123469653,0,0,0,0.0
4408,Phaedra Parks,2024-10-29,Q23417034,0,0,0,0.0
4409,Reginald VelJohnson,2024-10-29,Q470153,0,0,0,0.0
4410,Stephen Nedoroscik,2024-10-29,Q107328953,0,0,0,0.0
4411,Tori Spelling,2024-10-29,Q229050,1,1,1,1.0
4412,Anna Delvey,2024-11-12,Q55080956,0,0,0,0.0
4413,Brooks Nader,2024-11-12,Q118558462,0,0,0,0.0
4414,Chandler Kinney,2024-11-12,Q22670597,0,0,0,0.0
4415,Danny Amendola,2024-11-12,Q3702263,0,0,0,0.0
4416,Dwight Howard,2024-11-12,Q25278,14,14,13,1.0
4417,Eric Roberts,2024-11-12,Q207969,1,1,1,1.0
4418,Ilona Maher,2024-11-12,Q106086464,0,0,0,0.0
4419,Jenn Tran,2024-11-12,Q125150795,0,0,0,0.0
4420,Joey Graziadei,2024-11-12,Q123469653,0,0,0,0.0
4421,Phaedra Parks,2024-11-12,Q23417034,0,0,0,0.0
4422,Reginald VelJohnson,2024-11-12,Q470153,0,0,0,0.0
4423,Stephen Nedoroscik,2024-11-12,Q107328953,0,0,0,0.0
4424,Tori Spelling,2024-11-12,Q229050,1,1,1,1.0
4425,Anna Delvey,2024-11-19,Q55080956,0,0,0,0.0
4426,Brooks Nader,2024-11-19,Q118558462,0,0,0,0.0
4427,Chandler Kinney,2024-11-19,Q22670597,0,0,0,0.0
4428,Danny Amendola,2024-11-19,Q3702263,0,0,0,0.0
4429,Dwight Howard,2024-11-19,Q25278,14,14,13,1.0
4430,Eric Roberts,2024-11-19,Q207969,1,1,1,1.0
4431,Ilona Maher,2024-11-19,Q106086464,0,0,0,0.0
4432,Jenn Tran,2024-11-19,Q125150795,0,0,0,0.0
4433,Joey Graziadei,2024-11-19,Q123469653,0,0,0,0.0
4434,Phaedra Parks,2024-11-19,Q23417034,0,0,0,0.0
4435,Reginald VelJohnson,2024-11-19,Q470153,0,0,0,0.0
4436,Stephen Nedoroscik,2024-11-19,Q107328953,0,0,0,0.0
4437,Tori Spelling,2024-11-19,Q229050,1,1,1,1.0
4438,Anna Delvey,2024-11-26,Q55080956,0,0,0,0.0
4439,Brooks Nader,2024-11-26,Q118558462,0,0,0,0.0
4440,Chandler Kinney,2024-11-26,Q22670597,0,0,0,0.0
4441,Danny Amendola,2024-11-26,Q3702263,0,0,0,0.0
4442,Dwight Howard,2024-11-26,Q25278,14,14,13,1.0
4443,Eric Roberts,2024-11-26,Q207969,1,1,1,1.0
4444,Ilona Maher,2024-11-26,Q106086464,0,0,0,0.0
4445,Jenn Tran,2024-11-26,Q125150795,0,0,0,0.0
4446,Joey Graziadei,2024-11-26,Q123469653,0,0,0,0.0
4447,Phaedra Parks,2024-11-26,Q23417034,0,0,0,0.0
4448,Reginald VelJohnson,2024-11-26,Q470153,0,0,0,0.0
4449,Stephen Nedoroscik,2024-11-26,Q107328953,0,0,0,0.0
4450,Tori Spelling,2024-11-26,Q229050,1,1,1,1.0
4451,Anna Delvey,,Q55080956,0,0,0,0.0
4452,Brooks Nader,,Q118558462,0,0,0,0.0
4453,Chandler Kinney,,Q22670597,0,0,0,0.0
4454,Danny Amendola,,Q3702263,0,0,0,0.0
4455,Dwight Howard,,Q25278,0,0,0,0.0
4456,Eric Roberts,,Q207969,0,0,0,0.0
4457,Ilona Maher,,Q106086464,0,0,0,0.0
4458,Jenn Tran,,Q125150795,0,0,0,0.0
4459,Joey Graziadei,,Q123469653,0,0,0,0.0
4460,Phaedra Parks,,Q23417034,0,0,0,0.0
4461,Reginald VelJohnson,,Q470153,0,0,0,0.0
4462,Stephen Nedoroscik,,Q107328953,0,0,0,0.0
4463,Tori Spelling,,Q229050,0,0,0,0.0
4464,Anna Delvey,,Q55080956,0,0,0,0.0
4465,Brooks Nader,,Q118558462,0,0,0,0.0
4466,Chandler Kinney,,Q22670597,0,0,0,0.0
4467,Danny Amendola,,Q3702263,0,0,0,0.0
4468,Dwight Howard,,Q25278,0,0,0,0.0
4469,Eric Roberts,,Q207969,0,0,0,0.0
4470,Ilona Maher,,Q106086464,0,0,0,0.0
4471,Jenn Tran,,Q125150795,0,0,0,0.0
4472,Joey Graziadei,,Q123469653,0,0,0,0.0
4473,Phaedra Parks,,Q23417034,0,0,0,0.0
4474,Reginald VelJohnson,,Q470153,0,0,0,0.0
4475,Stephen Nedoroscik,,Q107328953,0,0,0,0.0
4476,Tori Spelling,,Q229050,0,0,0,0.0
4477,Alix Earle,2025-09-17,Q121422393,0,0,0,0.0
4478,Andy Richter,2025-09-17,Q497851,0,0,0,0.0
4479,Baron Davis,2025-09-17,Q313486,0,0,0,0.0
4480,Corey Feldman,2025-09-17,Q375419,1,1,1,1.0
4481,Danielle Fishel,2025-09-17,Q129208,0,0,0,0.0
4482,Dylan Efron,2025-09-17,Q104902550,0,0,0,0.0
4483,Elaine Hendrix,2025-09-17,Q271620,0,0,0,0.0
4484,Hilaria Baldwin,2025-09-17,Q24702913,0,0,0,0.0
4485,Jen Affleck,2025-09-17,Q130278045,0,0,0,0.0
4486,Jordan Chiles,2025-09-17,Q17486476,0,0,0,0.0
4487,Lauren Jauregui,2025-09-17,Q18921974,0,0,0,0.0
4488,Robert Irwin,2025-09-17,Q7345814,2,1,1,0.5
4489,Scott Hoying,2025-09-17,Q23009146,0,0,0,0.0
4490,Whitney Leavitt,2025-09-17,Q130278036,0,0,0,0.0
4491,Alix Earle,2025-09-23,Q121422393,0,0,0,0.0
4492,Andy Richter,2025-09-23,Q497851,0,0,0,0.0
4493,Baron Davis,2025-09-23,Q313486,0,0,0,0.0
4494,Corey Feldman,2025-09-23,Q375419,1,1,1,1.0
4495,Danielle Fishel,2025-09-23,Q129208,0,0,0,0.0
4496,Dylan Efron,2025-09-23,Q104902550,0,0,0,0.0
4497,Elaine Hendrix,2025-09-23,Q271620,0,0,0,0.0
4498,Hilaria Baldwin,2025-09-23,Q24702913,0,0,0,0.0
4499,Jen Affleck,2025-09-23,Q130278045,0,0,0,0.0
4500,Jordan Chiles,2025-09-23,Q17486476,0,0,0,0.0
4501,Lauren Jauregui,2025-09-23,Q18921974,0,0,0,0.0
4502,Robert Irwin,2025-09-23,Q7345814,2,1,1,0.5
4503,Scott Hoying,2025-09-23,Q23009146,0,0,0,0.0
4504,Whitney Leavitt,2025-09-23,Q130278036,0,0,0,0.0
4505,Alix Earle,2025-09-30,Q121422393,0,0,0,0.0
4506,Andy Richter,2025-09-30,Q497851,0,0,0,0.0
4507,Baron Davis,2025-09-30,Q313486,0,0,0,0.0
4508,Corey Feldman,2025-09-30,Q375419,1,1,1,1.0
4509,Danielle Fishel,2025-09-30,Q129208,0,0,0,0.0
4510,Dylan Efron,2025-09-30,Q104902550,0,0,0,0.0
4511,Elaine Hendrix,2025-09-30,Q271620,0,0,0,0.0
4512,Hilaria Baldwin,2025-09-30,Q24702913,0,0,0,0.0
4513,Jen Affleck,2025-09-30,Q130278045,0,0,0,0.0
4514,Jordan Chiles,2025-09-30,Q17486476,0,0,0,0.0
4515,Lauren Jauregui,2025-09-30,Q18921974,0,0,0,0.0
4516,Robert Irwin,2025-09-30,Q7345814,2,1,1,0.5
4517,Scott Hoying,2025-09-30,Q23009146,0,0,0,0.0
4518,Whitney Leavitt,2025-09-30,Q130278036,0,0,0,0.0
4519,Alix Earle,2025-10-07,Q121422393,0,0,0,0.0
4520,Andy Richter,2025-10-07,Q497851,0,0,0,0.0
4521,Baron Davis,2025-10-07,Q313486,0,0,0,0.0
4522,Corey Feldman,2025-10-07,Q375419,1,1,1,1.0
4523,Danielle Fishel,2025-10-07,Q129208,0,0,0,0.0
4524,Dylan Efron,2025-10-07,Q104902550,0,0,0,0.0
4525,Elaine Hendrix,2025-10-07,Q271620,0,0,0,0.0
4526,Hilaria Baldwin,2025-10-07,Q24702913,0,0,0,0.0
4527,Jen Affleck,2025-10-07,Q130278045,0,0,0,0.0
4528,Jordan Chiles,2025-10-07,Q17486476,0,0,0,0.0
4529,Lauren Jauregui,2025-10-07,Q18921974,0,0,0,0.0
4530,Robert Irwin,2025-10-07,Q7345814,2,1,1,0.5
4531,Scott Hoying,2025-10-07,Q23009146,0,0,0,0.0
4532,Whitney Leavitt,2025-10-07,Q130278036,0,0,0,0.0
4533,Alix Earle,2025-10-14,Q121422393,0,0,0,0.0
4534,Andy Richter,2025-10-14,Q497851,0,0,0,0.0
4535,Baron Davis,2025-10-14,Q313486,0,0,0,0.0
4536,Corey Feldman,2025-10-14,Q375419,1,1,1,1.0
4537,Danielle Fishel,2025-10-14,Q129208,0,0,0,0.0
4538,Dylan Efron,2025-10-14,Q104902550,0,0,0,0.0
4539,Elaine Hendrix,2025-10-14,Q271620,0,0,0,0.0
4540,Hilaria Baldwin,2025-10-14,Q24702913,0,0,0,0.0
4541,Jen Affleck,2025-10-14,Q130278045,0,0,0,0.0
4542,Jordan Chiles,2025-10-14,Q17486476,0,0,0,0.0
4543,Lauren Jauregui,2025-10-14,Q18921974,0,0,0,0.0
4544,Robert Irwin,2025-10-14,Q7345814,2,1,1,0.5
4545,Scott Hoying,2025-10-14,Q23009146,0,0,0,0.0
4546,Whitney Leavitt,2025-10-14,Q130278036,0,0,0,0.0
4547,Alix Earle,2025-10-21,Q121422393,0,0,0,0.0
4548,Andy Richter,2025-10-21,Q497851,0,0,0,0.0
4549,Baron Davis,2025-10-21,Q313486,0,0,0,0.0
4550,Corey Feldman,2025-10-21,Q375419,1,1,1,1.0
4551,Danielle Fishel,2025-10-21,Q129208,0,0,0,0.0
4552,Dylan Efron,2025-10-21,Q104902550,0,0,0,0.0
4553,Elaine Hendrix,2025-10-21,Q271620,0,0,0,0.0
4554,Hilaria Baldwin,2025-10-21,Q24702913,0,0,0,0.0
4555,Jen Affleck,2025-10-21,Q130278045,0,0,0,0.0
4556,Jordan Chiles,2025-10-21,Q17486476,0,0,0,0.0
4557,Lauren Jauregui,2025-10-21,Q18921974,0,0,0,0.0
4558,Robert Irwin,2025-10-21,Q7345814,2,1,1,0.5
4559,Scott Hoying,2025-10-21,Q23009146,0,0,0,0.0
4560,Whitney Leavitt,2025-10-21,Q130278036,0,0,0,0.0
4561,Alix Earle,2025-10-28,Q121422393,0,0,0,0.0
4562,Andy Richter,2025-10-28,Q497851,0,0,0,0.0
4563,Baron Davis,2025-10-28,Q313486,0,0,0,0.0
4564,Corey Feldman,2025-10-28,Q375419,1,1,1,1.0
4565,Danielle Fishel,2025-10-28,Q129208,0,0,0,0.0
4566,Dylan Efron,2025-10-28,Q104902550,0,0,0,0.0
4567,Elaine Hendrix,2025-10-28,Q271620,0,0,0,0.0
4568,Hilaria Baldwin,2025-10-28,Q24702913,0,0,0,0.0
4569,Jen Affleck,2025-10-28,Q130278045,0,0,0,0.0
4570,Jordan Chiles,2025-10-28,Q17486476,0,0,0,0.0
4571,Lauren Jauregui,2025-10-28,Q18921974,0,0,0,0.0
4572,Robert Irwin,2025-10-28,Q7345814,2,1,1,0.5
4573,Scott Hoying,2025-10-28,Q23009146,0,0,0,0.0
4574,Whitney Leavitt,2025-10-28,Q130278036,0,0,0,0.0
4575,Alix Earle,2025-11-04,Q121422393,0,0,0,0.0
4576,Andy Richter,2025-11-04,Q497851,0,0,0,0.0
4577,Baron Davis,2025-11-04,Q313486,0,0,0,0.0
4578,Corey Feldman,2025-11-04,Q375419,1,1,1,1.0
4579,Danielle Fishel,2025-11-04,Q129208,0,0,0,0.0
4580,Dylan Efron,2025-11-04,Q104902550,0,0,0,0.0
4581,Elaine Hendrix,2025-11-04,Q271620,0,0,0,0.0
4582,Hilaria Baldwin,2025-11-04,Q24702913,0,0,0,0.0
4583,Jen Affleck,2025-11-04,Q130278045,0,0,0,0.0
4584,Jordan Chiles,2025-11-04,Q17486476,0,0,0,0.0
4585,Lauren Jauregui,2025-11-04,Q18921974,0,0,0,0.0
4586,Robert Irwin,2025-11-04,Q7345814,2,1,1,0.5
4587,Scott Hoying,2025-11-04,Q23009146,0,0,0,0.0
4588,Whitney Leavitt,2025-11-04,Q130278036,0,0,0,0.0
4589,Alix Earle,2025-11-11,Q121422393,0,0,0,0.0
4590,Andy Richter,2025-11-11,Q497851,0,0,0,0.0
4591,Baron Davis,2025-11-11,Q313486,0,0,0,0.0
4592,Corey Feldman,2025-11-11,Q375419,1,1,1,1.0
4593,Danielle Fishel,2025-11-11,Q129208,0,0,0,0.0
4594,Dylan Efron,2025-11-11,Q104902550,0,0,0,0.0
4595,Elaine Hendrix,2025-11-11,Q271620,0,0,0,0.0
4596,Hilaria Baldwin,2025-11-11,Q24702913,0,0,0,0.0
4597,Jen Affleck,2025-11-11,Q130278045,0,0,0,0.0
4598,Jordan Chiles,2025-11-11,Q17486476,0,0,0,0.0
4599,Lauren Jauregui,2025-11-11,Q18921974,0,0,0,0.0
4600,Robert Irwin,2025-11-11,Q7345814,2,1,1,0.5
4601,Scott Hoying,2025-11-11,Q23009146,0,0,0,0.0
4602,Whitney Leavitt,2025-11-11,Q130278036,0,0,0,0.0
4603,Alix Earle,2025-11-18,Q121422393,0,0,0,0.0
4604,Andy Richter,2025-11-18,Q497851,0,0,0,0.0
4605,Baron Davis,2025-11-18,Q313486,0,0,0,0.0
4606,Corey Feldman,2025-11-18,Q375419,1,1,1,1.0
4607,Danielle Fishel,2025-11-18,Q129208,0,0,0,0.0
4608,Dylan Efron,2025-11-18,Q104902550,0,0,0,0.0
4609,Elaine Hendrix,2025-11-18,Q271620,0,0,0,0.0
4610,Hilaria Baldwin,2025-11-18,Q24702913,0,0,0,0.0
4611,Jen Affleck,2025-11-18,Q130278045,0,0,0,0.0
4612,Jordan Chiles,2025-11-18,Q17486476,0,0,0,0.0
4613,Lauren Jauregui,2025-11-18,Q18921974,0,0,0,0.0
4614,Robert Irwin,2025-11-18,Q7345814,2,1,1,0.5
4615,Scott Hoying,2025-11-18,Q23009146,0,0,0,0.0
4616,Whitney Leavitt,2025-11-18,Q130278036,0,0,0,0.0
4617,Alix Earle,2025-11-25,Q121422393,0,0,0,0.0
4618,Andy Richter,2025-11-25,Q497851,0,0,0,0.0
4619,Baron Davis,2025-11-25,Q313486,0,0,0,0.0
4620,Corey Feldman,2025-11-25,Q375419,1,1,1,1.0
4621,Danielle Fishel,2025-11-25,Q129208,0,0,0,0.0
4622,Dylan Efron,2025-11-25,Q104902550,0,0,0,0.0
4623,Elaine Hendrix,2025-11-25,Q271620,0,0,0,0.0
4624,Hilaria Baldwin,2025-11-25,Q24702913,0,0,0,0.0
4625,Jen Affleck,2025-11-25,Q130278045,0,0,0,0.0
4626,Jordan Chiles,2025-11-25,Q17486476,0,0,0,0.0
4627,Lauren Jauregui,2025-11-25,Q18921974,0,0,0,0.0
4628,Robert Irwin,2025-11-25,Q7345814,2,1,1,0.5
4629,Scott Hoying,2025-11-25,Q23009146,0,0,0,0.0
4630,Whitney Leavitt,2025-11-25,Q130278036,0,0,0,0.0
